Accession,Dataset,split_1,split_2,split_3,split_4,split_5,split_6,split_7,split_8,split_9,split_10
ENCFF001QZQ,/experiments/ENCSR000AAA/,0,1,0,0,0,0,0,1,0,1
ENCFF001RAM,/experiments/ENCSR000AAA/,0,1,0,0,0,0,0,1,0,1
ENCFF001QZK,/experiments/ENCSR000AAB/,0,0,0,0,0,1,0,0,0,0
ENCFF001RAI,/experiments/ENCSR000AAB/,0,0,0,0,0,1,0,0,0,0
ENCFF001QZS,/experiments/ENCSR000AAC/,0,0,0,1,0,1,0,1,0,0
ENCFF001RAO,/experiments/ENCSR000AAC/,0,0,0,1,0,1,0,1,0,0
ENCFF001RBO,/experiments/ENCSR000AAD/,0,1,0,0,0,0,0,0,0,0
ENCFF001RAC,/experiments/ENCSR000AAD/,0,1,0,0,0,0,0,0,0,0
ENCFF001RAS,/experiments/ENCSR000AAE/,1,0,0,0,0,0,1,0,0,0
ENCFF001RAG,/experiments/ENCSR000AAE/,1,0,0,0,0,0,1,0,0,0
ENCFF001RBK,/experiments/ENCSR000AAF/,0,0,0,0,0,0,0,0,0,0
ENCFF001RAA,/experiments/ENCSR000AAF/,0,0,0,0,0,0,0,0,0,0
ENCFF001QZY,/experiments/ENCSR000AAG/,1,0,0,0,0,0,0,0,0,1
ENCFF001RCG,/experiments/ENCSR000AAG/,1,0,0,0,0,0,0,0,0,1
ENCFF001RAE,/experiments/ENCSR000AAH/,0,0,0,0,0,1,0,1,0,0
ENCFF001RBM,/experiments/ENCSR000AAH/,0,0,0,0,0,1,0,1,0,0
ENCFF001RAQ,/experiments/ENCSR000AAI/,0,0,0,0,1,0,1,1,0,0
ENCFF001QZG,/experiments/ENCSR000AAI/,0,0,0,0,1,0,1,1,0,0
ENCFF001RAY,/experiments/ENCSR000AAJ/,0,0,0,1,0,1,0,0,1,0
ENCFF001RBQ,/experiments/ENCSR000AAJ/,0,0,0,1,0,1,0,0,1,0
ENCFF001RAW,/experiments/ENCSR000AAK/,0,0,0,0,0,0,0,1,0,0
ENCFF001RBE,/experiments/ENCSR000AAK/,0,0,0,0,0,0,0,1,0,0
ENCFF001QZI,/experiments/ENCSR000AAL/,0,0,0,0,0,0,0,0,0,0
ENCFF001QZE,/experiments/ENCSR000AAL/,0,0,0,0,0,0,0,0,0,0
ENCFF001RCE,/experiments/ENCSR000AAM/,0,0,0,0,1,0,0,0,0,0
ENCFF001QZU,/experiments/ENCSR000AAM/,0,0,0,0,1,0,0,0,0,0
ENCFF001RDO,/experiments/ENCSR000AAN/,0,0,0,0,1,0,0,1,0,0
ENCFF001RCA,/experiments/ENCSR000AAN/,0,0,0,0,1,0,0,1,0,0
ENCFF001QZO,/experiments/ENCSR000AAO/,1,1,0,0,0,0,1,1,0,1
ENCFF001RBI,/experiments/ENCSR000AAO/,1,1,0,0,0,0,1,1,0,1
ENCFF001RBW,/experiments/ENCSR000AAP/,1,1,0,1,0,0,1,0,1,0
ENCFF001RBG,/experiments/ENCSR000AAP/,1,1,0,1,0,0,1,0,1,0
ENCFF001RAU,/experiments/ENCSR000AAQ/,1,0,0,0,1,0,0,0,1,1
ENCFF001QZC,/experiments/ENCSR000AAQ/,1,0,0,0,1,0,0,0,1,1
ENCFF001RBS,/experiments/ENCSR000AAR/,0,0,0,0,0,0,1,0,0,0
ENCFF001RAK,/experiments/ENCSR000AAR/,0,0,0,0,0,0,1,0,0,0
ENCFF001QZM,/experiments/ENCSR000AAS/,0,0,0,0,0,0,0,0,1,0
ENCFF001RDQ,/experiments/ENCSR000AAS/,0,0,0,0,0,0,0,0,1,0
ENCFF001RBC,/experiments/ENCSR000AAT/,0,1,1,0,0,0,0,1,0,1
ENCFF001QZW,/experiments/ENCSR000AAT/,0,1,1,0,0,0,0,1,0,1
ENCFF001RBY,/experiments/ENCSR000AAU/,0,0,0,0,0,0,0,0,0,0
ENCFF001RBU,/experiments/ENCSR000AAU/,0,0,0,0,0,0,0,0,0,0
ENCFF001RCC,/experiments/ENCSR000AAV/,1,0,0,0,0,0,0,0,0,0
ENCFF001RBA,/experiments/ENCSR000AAV/,1,0,0,0,0,0,0,0,0,0
ENCFF001RFB,/experiments/ENCSR000AEC/,0,0,0,1,0,0,0,0,0,0
ENCFF001RFH,/experiments/ENCSR000AEC/,0,0,0,1,0,0,0,0,0,0
ENCFF001REI,/experiments/ENCSR000AED/,0,0,0,1,0,0,0,0,0,0
ENCFF001REK,/experiments/ENCSR000AED/,0,0,0,1,0,0,0,0,0,0
ENCFF001RDI,/experiments/ENCSR000AEE/,0,0,1,0,0,0,0,1,0,0
ENCFF001RDH,/experiments/ENCSR000AEE/,0,0,1,0,0,0,0,1,0,0
ENCFF001RDG,/experiments/ENCSR000AEF/,0,1,0,0,0,0,0,0,1,0
ENCFF001RDF,/experiments/ENCSR000AEF/,0,1,0,0,0,0,0,0,1,0
ENCFF001RGK,/experiments/ENCSR000AEG/,0,0,0,0,1,0,0,0,1,0
ENCFF001RVS,/experiments/ENCSR000AEG/,0,0,0,0,1,0,0,0,1,0
ENCFF001RVT,/experiments/ENCSR000AEH/,0,0,0,0,0,0,0,0,0,0
ENCFF001RVX,/experiments/ENCSR000AEH/,0,0,0,0,0,0,0,0,0,0
ENCFF001RRJ,/experiments/ENCSR000AEH/,0,0,0,0,0,0,0,0,0,0
ENCFF001RGM,/experiments/ENCSR000AEH/,0,0,0,0,0,0,0,0,0,0
ENCFF001RGN,/experiments/ENCSR000AEH/,0,0,0,0,0,0,0,0,0,0
ENCFF001RFD,/experiments/ENCSR000AEL/,0,0,0,1,1,0,0,0,1,0
ENCFF001RFF,/experiments/ENCSR000AEL/,0,0,0,1,1,0,0,0,1,0
ENCFF001RED,/experiments/ENCSR000AEM/,0,0,0,1,0,0,0,0,0,0
ENCFF001REG,/experiments/ENCSR000AEM/,0,0,0,1,0,0,0,0,0,0
ENCFF001RDC,/experiments/ENCSR000AEN/,0,0,0,0,0,1,0,1,0,0
ENCFF001RDB,/experiments/ENCSR000AEN/,0,0,0,0,0,1,0,1,0,0
ENCFF001RDD,/experiments/ENCSR000AEO/,0,0,1,0,0,0,0,0,1,0
ENCFF001RDE,/experiments/ENCSR000AEO/,0,0,1,0,0,0,0,0,1,0
ENCFF001RQT,/experiments/ENCSR000AEP/,0,0,0,1,0,0,0,1,0,0
ENCFF001RGD,/experiments/ENCSR000AEP/,0,0,0,1,0,0,0,1,0,0
ENCFF001RVV,/experiments/ENCSR000AEP/,0,0,0,1,0,0,0,1,0,0
ENCFF001RWD,/experiments/ENCSR000AEP/,0,0,0,1,0,0,0,1,0,0
ENCFF001RGA,/experiments/ENCSR000AEQ/,0,0,1,0,1,1,0,0,0,1
ENCFF001RWF,/experiments/ENCSR000AEQ/,0,0,1,0,1,1,0,0,0,1
ENCFF001RWE,/experiments/ENCSR000AEQ/,0,0,1,0,1,1,0,0,0,1
ENCFF001RFX,/experiments/ENCSR000AEQ/,0,0,1,0,1,1,0,0,0,1
ENCFF001RTY,/experiments/ENCSR000AEU/,0,0,0,0,0,0,0,0,0,0
ENCFF001RUA,/experiments/ENCSR000AEU/,0,0,0,0,0,0,0,0,0,0
ENCFF001ROX,/experiments/ENCSR000AEV/,1,0,0,1,0,0,0,1,0,0
ENCFF001RND,/experiments/ENCSR000AEV/,1,0,0,1,0,0,0,1,0,0
ENCFF001ROL,/experiments/ENCSR000AEW/,0,0,0,0,0,0,0,0,0,0
ENCFF001RPH,/experiments/ENCSR000AEW/,0,0,0,0,0,0,0,0,0,0
ENCFF001RNZ,/experiments/ENCSR000AEX/,0,0,0,1,0,0,0,0,0,0
ENCFF001RMZ,/experiments/ENCSR000AEX/,0,0,0,1,0,0,0,0,0,0
ENCFF001RNV,/experiments/ENCSR000AEY/,0,0,1,0,0,0,1,1,0,1
ENCFF001ROV,/experiments/ENCSR000AEY/,0,0,1,0,0,0,1,1,0,1
ENCFF001RPB,/experiments/ENCSR000AEZ/,0,0,1,0,0,0,1,0,1,0
ENCFF001RMX,/experiments/ENCSR000AEZ/,0,0,1,0,0,0,1,0,1,0
ENCFF001RPJ,/experiments/ENCSR000AFA/,0,0,1,0,0,1,0,0,1,0
ENCFF001ROZ,/experiments/ENCSR000AFA/,0,0,1,0,0,1,0,0,1,0
ENCFF001RNR,/experiments/ENCSR000AFB/,0,0,0,0,0,1,0,0,1,0
ENCFF001RNX,/experiments/ENCSR000AFB/,0,0,0,0,0,1,0,0,1,0
ENCFF001RNP,/experiments/ENCSR000AFC/,0,0,1,0,0,0,0,0,0,0
ENCFF002BUM,/experiments/ENCSR000AFC/,0,0,1,0,0,0,0,0,0,0
ENCFF002BUL,/experiments/ENCSR000AFC/,0,0,1,0,0,0,0,0,0,0
ENCFF001ROR,/experiments/ENCSR000AFC/,0,0,1,0,0,0,0,0,0,0
ENCFF001RNN,/experiments/ENCSR000AFD/,1,0,0,0,1,0,0,0,0,0
ENCFF001RPP,/experiments/ENCSR000AFD/,1,0,0,0,1,0,0,0,0,0
ENCFF001ROB,/experiments/ENCSR000AFE/,0,0,1,1,0,0,1,1,0,0
ENCFF001RPN,/experiments/ENCSR000AFE/,0,0,1,1,0,0,1,1,0,0
ENCFF001ROH,/experiments/ENCSR000AFF/,0,0,0,0,1,0,0,0,0,0
ENCFF001RPF,/experiments/ENCSR000AFF/,0,0,0,0,1,0,0,0,0,0
ENCFF001RPT,/experiments/ENCSR000AFG/,1,0,1,1,0,0,0,0,0,0
ENCFF001RPL,/experiments/ENCSR000AFG/,1,0,1,1,0,0,0,0,0,0
ENCFF001RNB,/experiments/ENCSR000AFH/,0,1,0,0,0,0,0,0,0,0
ENCFF001RPD,/experiments/ENCSR000AFH/,0,1,0,0,0,0,0,0,0,0
ENCFF001RNF,/experiments/ENCSR000AFI/,0,0,0,1,0,1,1,0,0,0
ENCFF001ROP,/experiments/ENCSR000AFI/,0,0,0,1,0,1,1,0,0,0
ENCFF001RNJ,/experiments/ENCSR000AFJ/,1,0,0,0,0,1,0,0,0,0
ENCFF001RPR,/experiments/ENCSR000AFJ/,1,0,0,0,0,1,0,0,0,0
ENCFF001RNL,/experiments/ENCSR000AFK/,0,0,1,0,1,0,0,1,0,0
ENCFF001ROD,/experiments/ENCSR000AFK/,0,0,1,0,1,0,0,1,0,0
ENCFF001ROF,/experiments/ENCSR000AFL/,0,0,1,1,0,1,0,1,0,0
ENCFF001RON,/experiments/ENCSR000AFL/,0,0,1,1,0,1,0,1,0,0
ENCFF001SBH,/experiments/ENCSR000AFM/,0,0,1,0,0,0,1,0,0,1
ENCFF001SBJ,/experiments/ENCSR000AFM/,0,0,1,0,0,0,1,0,0,1
ENCFF001ROT,/experiments/ENCSR000AFN/,1,1,0,0,0,0,1,0,1,0
ENCFF001RNH,/experiments/ENCSR000AFN/,1,1,0,0,0,0,1,0,1,0
ENCFF001RNT,/experiments/ENCSR000AFO/,0,1,1,0,0,0,0,1,0,0
ENCFF001ROJ,/experiments/ENCSR000AFO/,0,1,1,0,0,0,0,1,0,0
ENCFF001RTS,/experiments/ENCSR000AHH/,0,0,0,0,0,0,0,1,0,0
ENCFF001ICI,/experiments/ENCSR000AHX/,0,0,0,0,0,0,0,1,0,1
ENCFF001IDZ,/experiments/ENCSR000AHY/,0,0,1,0,0,0,0,0,0,0
ENCFF001ICK,/experiments/ENCSR000AHZ/,0,0,0,0,0,0,1,0,0,1
ENCFF001ICW,/experiments/ENCSR000AIA/,0,0,0,0,1,1,1,1,0,0
ENCFF002BHL,/experiments/ENCSR000AJD/,0,0,0,1,0,0,0,0,0,0
ENCFF002BHN,/experiments/ENCSR000AJD/,0,0,0,1,0,0,0,0,0,0
ENCFF001RTD,/experiments/ENCSR000AJU/,0,0,0,0,0,0,1,0,0,1
ENCFF001RTN,/experiments/ENCSR000AJU/,0,0,0,0,0,0,1,0,0,1
ENCFF001RTF,/experiments/ENCSR000AJV/,0,0,0,0,0,1,0,0,1,1
ENCFF001RTJ,/experiments/ENCSR000AJV/,0,0,0,0,0,1,0,0,1,1
ENCFF000MOI,/experiments/ENCSR000BXV/,0,0,0,0,0,0,0,0,0,0
ENCFF000MOD,/experiments/ENCSR000BXV/,0,0,0,0,0,0,0,0,0,0
ENCFF000MQG,/experiments/ENCSR000BXW/,0,0,0,1,1,0,1,0,0,0
ENCFF000MQC,/experiments/ENCSR000BXW/,0,0,0,1,1,0,1,0,0,0
ENCFF000MQA,/experiments/ENCSR000BXW/,0,0,0,1,1,0,1,0,0,0
ENCFF000MQB,/experiments/ENCSR000BXW/,0,0,0,1,1,0,1,0,0,0
ENCFF000MSU,/experiments/ENCSR000BXX/,0,0,0,0,1,1,0,0,1,0
ENCFF000MSY,/experiments/ENCSR000BXX/,0,0,0,0,1,1,0,0,1,0
ENCFF000MOR,/experiments/ENCSR000BXY/,0,1,0,1,0,0,0,0,1,0
ENCFF000MOW,/experiments/ENCSR000BXY/,0,1,0,1,0,0,0,0,1,0
ENCFF000MRJ,/experiments/ENCSR000BXZ/,0,0,0,0,0,1,0,0,0,1
ENCFF000MRU,/experiments/ENCSR000BXZ/,0,0,0,0,0,1,0,0,0,1
ENCFF000MRV,/experiments/ENCSR000BYA/,1,1,0,0,1,0,0,0,0,0
ENCFF000MSA,/experiments/ENCSR000BYA/,1,1,0,0,1,0,0,0,0,0
ENCFF000MSI,/experiments/ENCSR000BYB/,0,0,1,1,0,0,0,0,1,0
ENCFF000MSD,/experiments/ENCSR000BYB/,0,0,1,1,0,0,0,0,1,0
ENCFF000MSN,/experiments/ENCSR000BYC/,0,0,0,1,0,0,0,0,1,0
ENCFF000MSV,/experiments/ENCSR000BYC/,0,0,0,1,0,0,0,0,1,0
ENCFF000MUJ,/experiments/ENCSR000BYD/,0,0,0,0,1,0,0,0,0,1
ENCFF000MUI,/experiments/ENCSR000BYD/,0,0,0,0,1,0,0,0,0,1
ENCFF000MUZ,/experiments/ENCSR000BYE/,0,1,1,0,0,0,0,0,0,0
ENCFF000MVA,/experiments/ENCSR000BYE/,0,1,1,0,0,0,0,0,0,0
ENCFF000MVD,/experiments/ENCSR000BYF/,1,0,0,1,0,0,1,1,0,0
ENCFF000MVM,/experiments/ENCSR000BYF/,1,0,0,1,0,0,1,1,0,0
ENCFF000MVN,/experiments/ENCSR000BYG/,0,1,0,0,1,0,0,0,0,1
ENCFF000MVL,/experiments/ENCSR000BYG/,0,1,0,0,1,0,0,0,0,1
ENCFF000MPB,/experiments/ENCSR000BYH/,0,0,1,0,0,1,1,0,0,0
ENCFF000MPA,/experiments/ENCSR000BYH/,0,0,1,0,0,1,1,0,0,0
ENCFF000MPU,/experiments/ENCSR000BYI/,0,0,0,0,1,0,0,0,0,1
ENCFF000MPL,/experiments/ENCSR000BYI/,0,0,0,0,1,0,0,0,0,1
ENCFF000MPT,/experiments/ENCSR000BYJ/,0,0,0,0,0,1,0,0,0,0
ENCFF000MPS,/experiments/ENCSR000BYJ/,0,0,0,0,0,1,0,0,0,0
ENCFF000MQX,/experiments/ENCSR000BYK/,0,0,1,0,0,1,0,0,1,0
ENCFF000MRA,/experiments/ENCSR000BYK/,0,0,1,0,0,1,0,0,1,0
ENCFF000MUF,/experiments/ENCSR000BYL/,0,1,0,0,0,0,0,0,1,0
ENCFF000MUC,/experiments/ENCSR000BYL/,0,1,0,0,0,0,0,0,1,0
ENCFF000MTI,/experiments/ENCSR000BYM/,0,0,1,0,0,0,0,0,0,0
ENCFF000MTJ,/experiments/ENCSR000BYM/,0,0,1,0,0,0,0,0,0,0
ENCFF000MTP,/experiments/ENCSR000BYN/,0,0,0,1,0,0,1,0,0,0
ENCFF000MTO,/experiments/ENCSR000BYN/,0,0,0,1,0,0,1,0,0,0
ENCFF000MVZ,/experiments/ENCSR000BYO/,0,0,0,0,0,0,0,0,0,1
ENCFF000MVX,/experiments/ENCSR000BYO/,0,0,0,0,0,0,0,0,0,1
ENCFF001IPR,/experiments/ENCSR000BYP/,0,0,1,0,0,1,0,0,0,0
ENCFF001IPV,/experiments/ENCSR000BYP/,0,0,1,0,0,1,0,0,0,0
ENCFF001IPT,/experiments/ENCSR000BYP/,0,0,1,0,0,1,0,0,0,0
ENCFF001IPS,/experiments/ENCSR000BYP/,0,0,1,0,0,1,0,0,0,0
ENCFF001IPQ,/experiments/ENCSR000BYP/,0,0,1,0,0,1,0,0,0,0
ENCFF001IPU,/experiments/ENCSR000BYP/,0,0,1,0,0,1,0,0,0,0
ENCFF001IVT,/experiments/ENCSR000BYQ/,0,1,0,0,0,1,0,0,0,0
ENCFF001IVU,/experiments/ENCSR000BYQ/,0,1,0,0,0,1,0,0,0,0
ENCFF001IVV,/experiments/ENCSR000BYQ/,0,1,0,0,0,1,0,0,0,0
ENCFF001IVS,/experiments/ENCSR000BYQ/,0,1,0,0,0,1,0,0,0,0
ENCFF001IXB,/experiments/ENCSR000BYR/,0,1,0,0,1,0,0,0,0,0
ENCFF001IXA,/experiments/ENCSR000BYR/,0,1,0,0,1,0,0,0,0,0
ENCFF001IWY,/experiments/ENCSR000BYR/,0,1,0,0,1,0,0,0,0,0
ENCFF001IXC,/experiments/ENCSR000BYR/,0,1,0,0,1,0,0,0,0,0
ENCFF001IWZ,/experiments/ENCSR000BYR/,0,1,0,0,1,0,0,0,0,0
ENCFF001IWX,/experiments/ENCSR000BYR/,0,1,0,0,1,0,0,0,0,0
ENCFF001JAN,/experiments/ENCSR000BYS/,1,1,0,1,0,0,0,0,0,0
ENCFF001JAO,/experiments/ENCSR000BYS/,1,1,0,1,0,0,0,0,0,0
ENCFF001JAR,/experiments/ENCSR000BYS/,1,1,0,1,0,0,0,0,0,0
ENCFF001JAS,/experiments/ENCSR000BYS/,1,1,0,1,0,0,0,0,0,0
ENCFF001JAP,/experiments/ENCSR000BYS/,1,1,0,1,0,0,0,0,0,0
ENCFF001JAQ,/experiments/ENCSR000BYS/,1,1,0,1,0,0,0,0,0,0
ENCFF001JEX,/experiments/ENCSR000BYT/,1,0,1,0,0,0,0,1,0,0
ENCFF001JFA,/experiments/ENCSR000BYT/,1,0,1,0,0,0,0,1,0,0
ENCFF001JEY,/experiments/ENCSR000BYT/,1,0,1,0,0,0,0,1,0,0
ENCFF001JEZ,/experiments/ENCSR000BYT/,1,0,1,0,0,0,0,1,0,0
ENCFF001JNL,/experiments/ENCSR000BYU/,0,0,1,0,1,0,0,0,0,0
ENCFF001JNM,/experiments/ENCSR000BYU/,0,0,1,0,1,0,0,0,0,0
ENCFF001JNJ,/experiments/ENCSR000BYU/,0,0,1,0,1,0,0,0,0,0
ENCFF001JNK,/experiments/ENCSR000BYU/,0,0,1,0,1,0,0,0,0,0
ENCFF001JNH,/experiments/ENCSR000BYU/,0,0,1,0,1,0,0,0,0,0
ENCFF001JNI,/experiments/ENCSR000BYU/,0,0,1,0,1,0,0,0,0,0
ENCFF001JRH,/experiments/ENCSR000BYV/,0,0,1,0,0,1,0,0,0,0
ENCFF001JRE,/experiments/ENCSR000BYV/,0,0,1,0,0,1,0,0,0,0
ENCFF001JRG,/experiments/ENCSR000BYV/,0,0,1,0,0,1,0,0,0,0
ENCFF001JRI,/experiments/ENCSR000BYV/,0,0,1,0,0,1,0,0,0,0
ENCFF001JRF,/experiments/ENCSR000BYV/,0,0,1,0,0,1,0,0,0,0
ENCFF001JRD,/experiments/ENCSR000BYV/,0,0,1,0,0,1,0,0,0,0
ENCFF001JPX,/experiments/ENCSR000BYW/,0,0,0,0,0,1,0,0,0,1
ENCFF001JPY,/experiments/ENCSR000BYW/,0,0,0,0,0,1,0,0,0,1
ENCFF001JPZ,/experiments/ENCSR000BYW/,0,0,0,0,0,1,0,0,0,1
ENCFF001JQA,/experiments/ENCSR000BYW/,0,0,0,0,0,1,0,0,0,1
ENCFF001IJF,/experiments/ENCSR000BYX/,0,1,0,0,1,0,0,0,1,0
ENCFF001IJI,/experiments/ENCSR000BYX/,0,1,0,0,1,0,0,0,1,0
ENCFF001IJG,/experiments/ENCSR000BYX/,0,1,0,0,1,0,0,0,1,0
ENCFF001IJJ,/experiments/ENCSR000BYX/,0,1,0,0,1,0,0,0,1,0
ENCFF001IJK,/experiments/ENCSR000BYX/,0,1,0,0,1,0,0,0,1,0
ENCFF001IJH,/experiments/ENCSR000BYX/,0,1,0,0,1,0,0,0,1,0
ENCFF001ISF,/experiments/ENCSR000BYY/,0,1,1,0,0,1,0,1,0,0
ENCFF001ISA,/experiments/ENCSR000BYY/,0,1,1,0,0,1,0,1,0,0
ENCFF001ISD,/experiments/ENCSR000BYY/,0,1,1,0,0,1,0,1,0,0
ENCFF001ISC,/experiments/ENCSR000BYY/,0,1,1,0,0,1,0,1,0,0
ENCFF001ISB,/experiments/ENCSR000BYY/,0,1,1,0,0,1,0,1,0,0
ENCFF001IRZ,/experiments/ENCSR000BYY/,0,1,1,0,0,1,0,1,0,0
ENCFF001ISE,/experiments/ENCSR000BYY/,0,1,1,0,0,1,0,1,0,0
ENCFF001IUN,/experiments/ENCSR000BYZ/,0,1,0,0,0,0,0,0,1,0
ENCFF001IUO,/experiments/ENCSR000BYZ/,0,1,0,0,0,0,0,0,1,0
ENCFF001IUL,/experiments/ENCSR000BYZ/,0,1,0,0,0,0,0,0,1,0
ENCFF001IUM,/experiments/ENCSR000BYZ/,0,1,0,0,0,0,0,0,1,0
ENCFF001IYI,/experiments/ENCSR000BZA/,0,0,0,0,0,0,0,0,0,0
ENCFF001IYJ,/experiments/ENCSR000BZA/,0,0,0,0,0,0,0,0,0,0
ENCFF001IYL,/experiments/ENCSR000BZA/,0,0,0,0,0,0,0,0,0,0
ENCFF001IYK,/experiments/ENCSR000BZA/,0,0,0,0,0,0,0,0,0,0
ENCFF001JGJ,/experiments/ENCSR000BZB/,0,0,0,1,0,0,1,0,0,0
ENCFF001JGH,/experiments/ENCSR000BZB/,0,0,0,1,0,0,1,0,0,0
ENCFF001JGE,/experiments/ENCSR000BZB/,0,0,0,1,0,0,1,0,0,0
ENCFF001JGF,/experiments/ENCSR000BZB/,0,0,0,1,0,0,1,0,0,0
ENCFF001JGG,/experiments/ENCSR000BZB/,0,0,0,1,0,0,1,0,0,0
ENCFF001JGI,/experiments/ENCSR000BZB/,0,0,0,1,0,0,1,0,0,0
ENCFF001JHU,/experiments/ENCSR000BZC/,0,0,0,0,0,1,0,0,0,0
ENCFF001JHS,/experiments/ENCSR000BZC/,0,0,0,0,0,1,0,0,0,0
ENCFF001JHT,/experiments/ENCSR000BZC/,0,0,0,0,0,1,0,0,0,0
ENCFF001JHR,/experiments/ENCSR000BZC/,0,0,0,0,0,1,0,0,0,0
ENCFF001JHV,/experiments/ENCSR000BZC/,0,0,0,0,0,1,0,0,0,0
ENCFF001JHX,/experiments/ENCSR000BZC/,0,0,0,0,0,1,0,0,0,0
ENCFF001JHO,/experiments/ENCSR000BZC/,0,0,0,0,0,1,0,0,0,0
ENCFF001JHY,/experiments/ENCSR000BZC/,0,0,0,0,0,1,0,0,0,0
ENCFF001JHW,/experiments/ENCSR000BZC/,0,0,0,0,0,1,0,0,0,0
ENCFF001JHQ,/experiments/ENCSR000BZC/,0,0,0,0,0,1,0,0,0,0
ENCFF001JLT,/experiments/ENCSR000BZD/,0,0,1,1,0,0,1,0,0,0
ENCFF001JLU,/experiments/ENCSR000BZD/,0,0,1,1,0,0,1,0,0,0
ENCFF001JLQ,/experiments/ENCSR000BZD/,0,0,1,1,0,0,1,0,0,0
ENCFF001JLM,/experiments/ENCSR000BZD/,0,0,1,1,0,0,1,0,0,0
ENCFF001JLO,/experiments/ENCSR000BZD/,0,0,1,1,0,0,1,0,0,0
ENCFF001JLP,/experiments/ENCSR000BZD/,0,0,1,1,0,0,1,0,0,0
ENCFF001JLR,/experiments/ENCSR000BZD/,0,0,1,1,0,0,1,0,0,0
ENCFF001JLN,/experiments/ENCSR000BZD/,0,0,1,1,0,0,1,0,0,0
ENCFF001JLL,/experiments/ENCSR000BZD/,0,0,1,1,0,0,1,0,0,0
ENCFF001JLS,/experiments/ENCSR000BZD/,0,0,1,1,0,0,1,0,0,0
ENCFF001JOQ,/experiments/ENCSR000BZE/,0,1,0,0,0,1,0,0,1,0
ENCFF001JOO,/experiments/ENCSR000BZE/,0,1,0,0,0,1,0,0,1,0
ENCFF001JOR,/experiments/ENCSR000BZE/,0,1,0,0,0,1,0,0,1,0
ENCFF001JON,/experiments/ENCSR000BZE/,0,1,0,0,0,1,0,0,1,0
ENCFF001JOP,/experiments/ENCSR000BZE/,0,1,0,0,0,1,0,0,1,0
ENCFF001JOS,/experiments/ENCSR000BZE/,0,1,0,0,0,1,0,0,1,0
ENCFF001JKI,/experiments/ENCSR000BZF/,1,0,1,0,0,0,0,0,0,0
ENCFF001JKF,/experiments/ENCSR000BZF/,1,0,1,0,0,0,0,0,0,0
ENCFF001JKG,/experiments/ENCSR000BZF/,1,0,1,0,0,0,0,0,0,0
ENCFF001JKH,/experiments/ENCSR000BZF/,1,0,1,0,0,0,0,0,0,0
ENCFF001INH,/experiments/ENCSR000BZG/,0,0,1,0,0,0,0,1,0,0
ENCFF001ING,/experiments/ENCSR000BZG/,0,0,1,0,0,0,0,1,0,0
ENCFF001JBY,/experiments/ENCSR000BZH/,0,0,0,0,0,0,0,0,0,0
ENCFF001JCV,/experiments/ENCSR000BZH/,0,0,0,0,0,0,0,0,0,0
ENCFF001JDO,/experiments/ENCSR000BZI/,0,1,1,0,0,0,0,0,0,1
ENCFF001JDP,/experiments/ENCSR000BZI/,0,1,1,0,0,0,0,0,0,1
ENCFF001JTM,/experiments/ENCSR000BZJ/,0,0,0,0,0,0,0,0,0,0
ENCFF001JTI,/experiments/ENCSR000BZJ/,0,0,0,0,0,0,0,0,0,0
ENCFF001IOG,/experiments/ENCSR000BZK/,0,1,0,0,0,0,0,0,1,0
ENCFF001IOO,/experiments/ENCSR000BZK/,0,1,0,0,0,0,0,0,1,0
ENCFF001IQT,/experiments/ENCSR000BZL/,0,1,0,0,1,0,0,0,1,1
ENCFF001IOY,/experiments/ENCSR000BZL/,0,1,0,0,1,0,0,0,1,1
ENCFF001IMG,/experiments/ENCSR000BZM/,1,1,1,0,0,0,0,0,0,0
ENCFF001IMH,/experiments/ENCSR000BZM/,1,1,1,0,0,0,0,0,0,0
ENCFF001JAF,/experiments/ENCSR000BZN/,0,0,0,0,0,0,0,0,0,0
ENCFF001JAE,/experiments/ENCSR000BZN/,0,0,0,0,0,0,0,0,0,0
ENCFF001JEO,/experiments/ENCSR000BZO/,0,0,0,0,0,0,0,1,0,0
ENCFF001JEP,/experiments/ENCSR000BZO/,0,0,0,0,0,0,0,1,0,0
ENCFF001JJW,/experiments/ENCSR000BZP/,0,0,1,1,0,0,1,0,1,0
ENCFF001JJX,/experiments/ENCSR000BZP/,0,0,1,1,0,0,1,0,1,0
ENCFF001ILH,/experiments/ENCSR000BZQ/,0,0,0,0,0,0,0,0,0,0
ENCFF001ILI,/experiments/ENCSR000BZQ/,0,0,0,0,0,0,0,0,0,0
ENCFF001IRS,/experiments/ENCSR000BZR/,0,1,0,0,1,0,0,0,0,0
ENCFF001IRR,/experiments/ENCSR000BZR/,0,1,0,0,1,0,0,0,0,0
ENCFF001ITW,/experiments/ENCSR000BZS/,0,0,0,0,0,1,0,0,1,0
ENCFF001IUD,/experiments/ENCSR000BZS/,0,0,0,0,0,1,0,0,1,0
ENCFF000LTG,/experiments/ENCSR000BZU/,0,1,1,0,1,0,1,1,0,0
ENCFF000LSY,/experiments/ENCSR000BZV/,0,0,0,1,0,0,0,0,1,0
ENCFF001LBA,/experiments/ENCSR000CGT/,0,0,0,0,1,0,0,0,1,0
ENCFF001LAZ,/experiments/ENCSR000CGT/,0,0,0,0,1,0,0,0,1,0
ENCFF001LCA,/experiments/ENCSR000CGU/,0,0,0,0,1,0,1,0,1,0
ENCFF001LCC,/experiments/ENCSR000CGU/,0,0,0,0,1,0,1,0,1,0
ENCFF001LDS,/experiments/ENCSR000CGV/,0,0,1,0,0,0,0,0,1,0
ENCFF001LDT,/experiments/ENCSR000CGV/,0,0,1,0,0,0,0,0,1,0
ENCFF001LEX,/experiments/ENCSR000CGW/,0,1,0,0,0,0,0,0,0,0
ENCFF001LEU,/experiments/ENCSR000CGW/,0,1,0,0,0,0,0,0,0,0
ENCFF001LBR,/experiments/ENCSR000CGX/,0,0,0,0,0,0,0,0,0,0
ENCFF001LBM,/experiments/ENCSR000CGX/,0,0,0,0,0,0,0,0,0,0
ENCFF001LBT,/experiments/ENCSR000CGY/,0,1,0,0,0,0,0,1,0,0
ENCFF001LBX,/experiments/ENCSR000CGY/,0,1,0,0,0,0,0,1,0,0
ENCFF001LCD,/experiments/ENCSR000CGZ/,0,0,0,0,1,1,0,0,0,1
ENCFF001LCE,/experiments/ENCSR000CGZ/,0,0,0,0,1,1,0,0,0,1
ENCFF001LCM,/experiments/ENCSR000CHA/,0,0,0,1,0,0,0,1,0,0
ENCFF001LCN,/experiments/ENCSR000CHA/,0,0,0,1,0,0,0,1,0,0
ENCFF001LDC,/experiments/ENCSR000CHB/,1,0,0,0,0,1,0,0,0,0
ENCFF001LCY,/experiments/ENCSR000CHB/,1,0,0,0,0,1,0,0,0,0
ENCFF001LDL,/experiments/ENCSR000CHC/,0,1,0,0,0,1,0,1,0,0
ENCFF001LDK,/experiments/ENCSR000CHC/,0,1,0,0,0,1,0,1,0,0
ENCFF001LEQ,/experiments/ENCSR000CHD/,0,0,1,0,0,0,0,0,0,0
ENCFF001LEO,/experiments/ENCSR000CHD/,0,0,1,0,0,0,0,0,0,0
ENCFF001LDR,/experiments/ENCSR000CHE/,1,1,0,0,1,0,0,1,0,0
ENCFF001LDQ,/experiments/ENCSR000CHE/,1,1,0,0,1,0,0,1,0,0
ENCFF001LCR,/experiments/ENCSR000CHF/,1,0,0,0,0,0,0,0,0,0
ENCFF001LCV,/experiments/ENCSR000CHF/,1,0,0,0,0,0,0,0,0,0
ENCFF001LFV,/experiments/ENCSR000CHG/,0,0,1,0,1,0,1,0,0,0
ENCFF001LFW,/experiments/ENCSR000CHG/,0,0,1,0,1,0,1,0,0,0
ENCFF001LFH,/experiments/ENCSR000CHH/,0,1,0,0,0,0,0,1,0,0
ENCFF001LFB,/experiments/ENCSR000CHH/,0,1,0,0,0,0,0,1,0,0
ENCFF001LFA,/experiments/ENCSR000CHI/,0,0,0,0,0,0,0,0,0,0
ENCFF001LFE,/experiments/ENCSR000CHI/,0,0,0,0,0,0,0,0,0,0
ENCFF001LDD,/experiments/ENCSR000CHJ/,0,0,0,0,0,1,1,0,0,1
ENCFF001LDB,/experiments/ENCSR000CHJ/,0,0,0,0,0,1,1,0,0,1
ENCFF001LFM,/experiments/ENCSR000CHK/,0,0,0,1,0,0,0,0,0,0
ENCFF001LFN,/experiments/ENCSR000CHK/,0,0,0,1,0,0,0,0,0,0
ENCFF001LEC,/experiments/ENCSR000CHL/,0,0,0,0,0,1,0,0,0,0
ENCFF001LED,/experiments/ENCSR000CHL/,0,0,0,0,0,1,0,0,0,0
ENCFF001LEJ,/experiments/ENCSR000CHM/,0,0,0,0,0,1,1,0,0,0
ENCFF001LEI,/experiments/ENCSR000CHM/,0,0,0,0,0,1,1,0,0,0
ENCFF001LAT,/experiments/ENCSR000CHN/,0,0,0,0,1,0,0,0,1,0
ENCFF001LAU,/experiments/ENCSR000CHN/,0,0,0,0,1,0,0,0,1,0
ENCFF001LBG,/experiments/ENCSR000CHO/,1,0,1,0,1,1,1,0,0,0
ENCFF001LBL,/experiments/ENCSR000CHO/,1,0,1,0,1,1,1,0,0,0
ENCFF001MFP,/experiments/ENCSR000CHR/,1,0,0,0,0,0,0,0,0,1
ENCFF001MFQ,/experiments/ENCSR000CHR/,1,0,0,0,0,0,0,0,0,1
ENCFF001MGC,/experiments/ENCSR000CHS/,0,1,0,0,0,0,0,1,0,1
ENCFF001MGD,/experiments/ENCSR000CHS/,0,1,0,0,0,0,0,1,0,1
ENCFF001MGJ,/experiments/ENCSR000CHT/,0,0,0,1,0,0,0,0,1,0
ENCFF001MGN,/experiments/ENCSR000CHT/,0,0,0,1,0,0,0,0,1,0
ENCFF001MGV,/experiments/ENCSR000CHU/,0,0,0,0,0,0,0,0,1,0
ENCFF001MGX,/experiments/ENCSR000CHU/,0,0,0,0,0,0,0,0,1,0
ENCFF001MHL,/experiments/ENCSR000CHV/,0,0,1,0,0,1,0,0,1,0
ENCFF001MHN,/experiments/ENCSR000CHV/,0,0,1,0,0,1,0,0,1,0
ENCFF001MID,/experiments/ENCSR000CHW/,0,0,1,1,0,0,1,0,1,0
ENCFF001MIA,/experiments/ENCSR000CHW/,0,0,1,1,0,0,1,0,1,0
ENCFF001MJO,/experiments/ENCSR000CHX/,0,0,0,0,0,1,0,0,0,0
ENCFF001MJP,/experiments/ENCSR000CHX/,0,0,0,0,0,1,0,0,0,0
ENCFF001MKA,/experiments/ENCSR000CHY/,0,0,1,0,0,0,0,0,0,0
ENCFF001MJW,/experiments/ENCSR000CHY/,0,0,1,0,0,0,0,0,0,0
ENCFF001MJG,/experiments/ENCSR000CHZ/,1,0,0,0,0,0,1,0,0,0
ENCFF001MJI,/experiments/ENCSR000CHZ/,1,0,0,0,0,0,1,0,0,0
ENCFF001MIK,/experiments/ENCSR000CIA/,0,1,0,0,0,0,0,1,0,0
ENCFF001MIN,/experiments/ENCSR000CIA/,0,1,0,0,0,0,0,1,0,0
ENCFF001MIX,/experiments/ENCSR000CIB/,0,0,0,0,1,1,0,0,0,0
ENCFF001MIY,/experiments/ENCSR000CIB/,0,0,0,0,1,1,0,0,0,0
ENCFF001MKH,/experiments/ENCSR000CIC/,0,0,0,1,0,1,0,0,0,1
ENCFF001MKE,/experiments/ENCSR000CIC/,0,0,0,1,0,1,0,0,0,1
ENCFF001MKV,/experiments/ENCSR000CID/,0,0,0,0,1,0,0,0,1,0
ENCFF001MKT,/experiments/ENCSR000CID/,0,0,0,0,1,0,0,0,1,0
ENCFF001MKS,/experiments/ENCSR000CIE/,1,0,0,0,0,0,1,0,1,0
ENCFF001MKU,/experiments/ENCSR000CIE/,1,0,0,0,0,0,1,0,1,0
ENCFF001MLO,/experiments/ENCSR000CIF/,0,0,0,0,0,0,0,1,0,0
ENCFF001MLK,/experiments/ENCSR000CIF/,0,0,0,0,0,0,0,1,0,0
ENCFF001MHD,/experiments/ENCSR000CIG/,0,0,0,0,0,0,1,0,0,0
ENCFF001MGT,/experiments/ENCSR000CIG/,0,0,0,0,0,0,1,0,0,0
ENCFF001MHK,/experiments/ENCSR000CIH/,0,0,0,0,0,0,1,0,0,0
ENCFF001MHP,/experiments/ENCSR000CIH/,0,0,0,0,0,0,1,0,0,0
ENCFF001QLL,/experiments/ENCSR000CLI/,0,0,0,0,0,0,0,0,0,1
ENCFF001QLJ,/experiments/ENCSR000CLI/,0,0,0,0,0,0,0,0,0,1
ENCFF001QLN,/experiments/ENCSR000CLI/,0,0,0,0,0,0,0,0,0,1
ENCFF001QLP,/experiments/ENCSR000CLI/,0,0,0,0,0,0,0,0,0,1
ENCFF001QLM,/experiments/ENCSR000CLI/,0,0,0,0,0,0,0,0,0,1
ENCFF001QLK,/experiments/ENCSR000CLI/,0,0,0,0,0,0,0,0,0,1
ENCFF001QLQ,/experiments/ENCSR000CLI/,0,0,0,0,0,0,0,0,0,1
ENCFF001QLO,/experiments/ENCSR000CLI/,0,0,0,0,0,0,0,0,0,1
ENCFF001QMA,/experiments/ENCSR000CLJ/,1,0,0,0,0,0,0,0,1,0
ENCFF001QLZ,/experiments/ENCSR000CLJ/,1,0,0,0,0,0,0,0,1,0
ENCFF001QNK,/experiments/ENCSR000CLJ/,1,0,0,0,0,0,0,0,1,0
ENCFF001QMI,/experiments/ENCSR000CLK/,0,0,0,0,0,0,0,0,0,0
ENCFF001QMH,/experiments/ENCSR000CLK/,0,0,0,0,0,0,0,0,0,0
ENCFF001QPO,/experiments/ENCSR000CLL/,0,0,0,0,0,0,0,0,0,1
ENCFF001QOL,/experiments/ENCSR000CLM/,0,0,0,0,0,0,0,0,0,1
ENCFF001QOK,/experiments/ENCSR000CLM/,0,0,0,0,0,0,0,0,0,1
ENCFF001QQP,/experiments/ENCSR000CLN/,1,0,1,0,0,0,0,1,0,1
ENCFF001QQQ,/experiments/ENCSR000CLN/,1,0,1,0,0,0,0,1,0,1
ENCFF001QQE,/experiments/ENCSR000CLO/,0,1,1,0,0,0,0,0,0,0
ENCFF001QQL,/experiments/ENCSR000CLO/,0,1,1,0,0,0,0,0,0,0
ENCFF001QQD,/experiments/ENCSR000CLO/,0,1,1,0,0,0,0,0,0,0
ENCFF001QQF,/experiments/ENCSR000CLO/,0,1,1,0,0,0,0,0,0,0
ENCFF001QQK,/experiments/ENCSR000CLO/,0,1,1,0,0,0,0,0,0,0
ENCFF001QQC,/experiments/ENCSR000CLO/,0,1,1,0,0,0,0,0,0,0
ENCFF001QRQ,/experiments/ENCSR000CLP/,0,0,0,0,1,0,0,0,1,0
ENCFF001QRT,/experiments/ENCSR000CLP/,0,0,0,0,1,0,0,0,1,0
ENCFF001QRS,/experiments/ENCSR000CLP/,0,0,0,0,1,0,0,0,1,0
ENCFF001QRR,/experiments/ENCSR000CLP/,0,0,0,0,1,0,0,0,1,0
ENCFF001QWD,/experiments/ENCSR000CLR/,0,0,0,1,0,0,0,1,0,0
ENCFF001QWF,/experiments/ENCSR000CLR/,0,0,0,1,0,0,0,1,0,0
ENCFF001QWB,/experiments/ENCSR000CLR/,0,0,0,1,0,0,0,1,0,0
ENCFF001QWE,/experiments/ENCSR000CLR/,0,0,0,1,0,0,0,1,0,0
ENCFF001QWQ,/experiments/ENCSR000CLT/,0,0,0,1,0,1,0,0,0,0
ENCFF001QWP,/experiments/ENCSR000CLT/,0,0,0,1,0,1,0,0,0,0
ENCFF001QWS,/experiments/ENCSR000CLT/,0,0,0,1,0,1,0,0,0,0
ENCFF001QWR,/experiments/ENCSR000CLT/,0,0,0,1,0,1,0,0,0,0
ENCFF001QIU,/experiments/ENCSR000CLU/,0,0,0,0,0,0,0,0,0,0
ENCFF001QIW,/experiments/ENCSR000CLU/,0,0,0,0,0,0,0,0,0,0
ENCFF001QIV,/experiments/ENCSR000CLU/,0,0,0,0,0,0,0,0,0,0
ENCFF001QIT,/experiments/ENCSR000CLU/,0,0,0,0,0,0,0,0,0,0
ENCFF001QJK,/experiments/ENCSR000CLV/,0,0,0,0,0,1,0,0,1,0
ENCFF001QJJ,/experiments/ENCSR000CLV/,0,0,0,0,0,1,0,0,1,0
ENCFF001QJF,/experiments/ENCSR000CLV/,0,0,0,0,0,1,0,0,1,0
ENCFF001QKU,/experiments/ENCSR000CLV/,0,0,0,0,0,1,0,0,1,0
ENCFF001QJI,/experiments/ENCSR000CLV/,0,0,0,0,0,1,0,0,1,0
ENCFF001QJG,/experiments/ENCSR000CLV/,0,0,0,0,0,1,0,0,1,0
ENCFF001QJH,/experiments/ENCSR000CLV/,0,0,0,0,0,1,0,0,1,0
ENCFF001QSV,/experiments/ENCSR000CLW/,0,0,0,1,0,0,0,1,0,1
ENCFF001QSM,/experiments/ENCSR000CLW/,0,0,0,1,0,0,0,1,0,1
ENCFF001QSO,/experiments/ENCSR000CLX/,0,0,0,0,0,0,0,0,0,0
ENCFF001QSR,/experiments/ENCSR000CLX/,0,0,0,0,0,0,0,0,0,0
ENCFF001QSQ,/experiments/ENCSR000CLX/,0,0,0,0,0,0,0,0,0,0
ENCFF001QSS,/experiments/ENCSR000CLX/,0,0,0,0,0,0,0,0,0,0
ENCFF001QTX,/experiments/ENCSR000CLX/,0,0,0,0,0,0,0,0,0,0
ENCFF001QSP,/experiments/ENCSR000CLX/,0,0,0,0,0,0,0,0,0,0
ENCFF001QSN,/experiments/ENCSR000CLX/,0,0,0,0,0,0,0,0,0,0
ENCFF001QJT,/experiments/ENCSR000CLY/,0,1,0,0,1,0,0,0,0,0
ENCFF001QJR,/experiments/ENCSR000CLY/,0,1,0,0,1,0,0,0,0,0
ENCFF001QJS,/experiments/ENCSR000CLY/,0,1,0,0,1,0,0,0,0,0
ENCFF001QJP,/experiments/ENCSR000CLY/,0,1,0,0,1,0,0,0,0,0
ENCFF001QJU,/experiments/ENCSR000CLY/,0,1,0,0,1,0,0,0,0,0
ENCFF001QJQ,/experiments/ENCSR000CLY/,0,1,0,0,1,0,0,0,0,0
ENCFF001QKH,/experiments/ENCSR000CLZ/,0,0,0,0,0,0,0,0,1,1
ENCFF001QKQ,/experiments/ENCSR000CLZ/,0,0,0,0,0,0,0,0,1,1
ENCFF001QKF,/experiments/ENCSR000CLZ/,0,0,0,0,0,0,0,0,1,1
ENCFF001QKR,/experiments/ENCSR000CLZ/,0,0,0,0,0,0,0,0,1,1
ENCFF001QLA,/experiments/ENCSR000CLZ/,0,0,0,0,0,0,0,0,1,1
ENCFF001QKM,/experiments/ENCSR000CLZ/,0,0,0,0,0,0,0,0,1,1
ENCFF001QKE,/experiments/ENCSR000CLZ/,0,0,0,0,0,0,0,0,1,1
ENCFF001QKX,/experiments/ENCSR000CLZ/,0,0,0,0,0,0,0,0,1,1
ENCFF001QKC,/experiments/ENCSR000CLZ/,0,0,0,0,0,0,0,0,1,1
ENCFF001QKV,/experiments/ENCSR000CLZ/,0,0,0,0,0,0,0,0,1,1
ENCFF001QKD,/experiments/ENCSR000CLZ/,0,0,0,0,0,0,0,0,1,1
ENCFF001QKY,/experiments/ENCSR000CLZ/,0,0,0,0,0,0,0,0,1,1
ENCFF001QKO,/experiments/ENCSR000CLZ/,0,0,0,0,0,0,0,0,1,1
ENCFF001QKN,/experiments/ENCSR000CLZ/,0,0,0,0,0,0,0,0,1,1
ENCFF001QKI,/experiments/ENCSR000CLZ/,0,0,0,0,0,0,0,0,1,1
ENCFF001QKG,/experiments/ENCSR000CLZ/,0,0,0,0,0,0,0,0,1,1
ENCFF001QKT,/experiments/ENCSR000CLZ/,0,0,0,0,0,0,0,0,1,1
ENCFF001QKJ,/experiments/ENCSR000CLZ/,0,0,0,0,0,0,0,0,1,1
ENCFF001QKS,/experiments/ENCSR000CLZ/,0,0,0,0,0,0,0,0,1,1
ENCFF001QKK,/experiments/ENCSR000CLZ/,0,0,0,0,0,0,0,0,1,1
ENCFF001QKW,/experiments/ENCSR000CLZ/,0,0,0,0,0,0,0,0,1,1
ENCFF001QKP,/experiments/ENCSR000CLZ/,0,0,0,0,0,0,0,0,1,1
ENCFF001QKZ,/experiments/ENCSR000CLZ/,0,0,0,0,0,0,0,0,1,1
ENCFF001QKL,/experiments/ENCSR000CLZ/,0,0,0,0,0,0,0,0,1,1
ENCFF001QNG,/experiments/ENCSR000CMA/,0,0,0,0,1,0,0,0,0,0
ENCFF001QMV,/experiments/ENCSR000CMA/,0,0,0,0,1,0,0,0,0,0
ENCFF001QMZ,/experiments/ENCSR000CMA/,0,0,0,0,1,0,0,0,0,0
ENCFF001QNA,/experiments/ENCSR000CMA/,0,0,0,0,1,0,0,0,0,0
ENCFF001QND,/experiments/ENCSR000CMA/,0,0,0,0,1,0,0,0,0,0
ENCFF001QNE,/experiments/ENCSR000CMA/,0,0,0,0,1,0,0,0,0,0
ENCFF001QMW,/experiments/ENCSR000CMA/,0,0,0,0,1,0,0,0,0,0
ENCFF001QNB,/experiments/ENCSR000CMA/,0,0,0,0,1,0,0,0,0,0
ENCFF001QMQ,/experiments/ENCSR000CMA/,0,0,0,0,1,0,0,0,0,0
ENCFF001QNH,/experiments/ENCSR000CMA/,0,0,0,0,1,0,0,0,0,0
ENCFF001QMX,/experiments/ENCSR000CMA/,0,0,0,0,1,0,0,0,0,0
ENCFF001QMU,/experiments/ENCSR000CMA/,0,0,0,0,1,0,0,0,0,0
ENCFF001QMT,/experiments/ENCSR000CMA/,0,0,0,0,1,0,0,0,0,0
ENCFF001QMP,/experiments/ENCSR000CMA/,0,0,0,0,1,0,0,0,0,0
ENCFF001QNC,/experiments/ENCSR000CMA/,0,0,0,0,1,0,0,0,0,0
ENCFF001QMS,/experiments/ENCSR000CMA/,0,0,0,0,1,0,0,0,0,0
ENCFF001QMR,/experiments/ENCSR000CMA/,0,0,0,0,1,0,0,0,0,0
ENCFF001QNF,/experiments/ENCSR000CMA/,0,0,0,0,1,0,0,0,0,0
ENCFF001QNX,/experiments/ENCSR000CMB/,0,0,0,1,0,1,0,0,0,0
ENCFF001QNR,/experiments/ENCSR000CMB/,0,0,0,1,0,1,0,0,0,0
ENCFF001QNZ,/experiments/ENCSR000CMB/,0,0,0,1,0,1,0,0,0,0
ENCFF001QOA,/experiments/ENCSR000CMB/,0,0,0,1,0,1,0,0,0,0
ENCFF001QNY,/experiments/ENCSR000CMB/,0,0,0,1,0,1,0,0,0,0
ENCFF001QNS,/experiments/ENCSR000CMB/,0,0,0,1,0,1,0,0,0,0
ENCFF001QOB,/experiments/ENCSR000CMB/,0,0,0,1,0,1,0,0,0,0
ENCFF001QNW,/experiments/ENCSR000CMB/,0,0,0,1,0,1,0,0,0,0
ENCFF001QNQ,/experiments/ENCSR000CMB/,0,0,0,1,0,1,0,0,0,0
ENCFF001QNV,/experiments/ENCSR000CMB/,0,0,0,1,0,1,0,0,0,0
ENCFF001QNT,/experiments/ENCSR000CMB/,0,0,0,1,0,1,0,0,0,0
ENCFF001QNU,/experiments/ENCSR000CMB/,0,0,0,1,0,1,0,0,0,0
ENCFF001QPF,/experiments/ENCSR000CMC/,1,0,0,0,0,0,0,0,0,1
ENCFF001QPD,/experiments/ENCSR000CMC/,1,0,0,0,0,0,0,0,0,1
ENCFF001QPA,/experiments/ENCSR000CMC/,1,0,0,0,0,0,0,0,0,1
ENCFF001QOX,/experiments/ENCSR000CMC/,1,0,0,0,0,0,0,0,0,1
ENCFF001QOY,/experiments/ENCSR000CMC/,1,0,0,0,0,0,0,0,0,1
ENCFF001QPK,/experiments/ENCSR000CMC/,1,0,0,0,0,0,0,0,0,1
ENCFF001QPH,/experiments/ENCSR000CMC/,1,0,0,0,0,0,0,0,0,1
ENCFF001QPB,/experiments/ENCSR000CMC/,1,0,0,0,0,0,0,0,0,1
ENCFF001QPJ,/experiments/ENCSR000CMC/,1,0,0,0,0,0,0,0,0,1
ENCFF001QPL,/experiments/ENCSR000CMC/,1,0,0,0,0,0,0,0,0,1
ENCFF001QPG,/experiments/ENCSR000CMC/,1,0,0,0,0,0,0,0,0,1
ENCFF001QOU,/experiments/ENCSR000CMC/,1,0,0,0,0,0,0,0,0,1
ENCFF001QOW,/experiments/ENCSR000CMC/,1,0,0,0,0,0,0,0,0,1
ENCFF001QPE,/experiments/ENCSR000CMC/,1,0,0,0,0,0,0,0,0,1
ENCFF001QOV,/experiments/ENCSR000CMC/,1,0,0,0,0,0,0,0,0,1
ENCFF001QPI,/experiments/ENCSR000CMC/,1,0,0,0,0,0,0,0,0,1
ENCFF001QPC,/experiments/ENCSR000CMC/,1,0,0,0,0,0,0,0,0,1
ENCFF001QOZ,/experiments/ENCSR000CMC/,1,0,0,0,0,0,0,0,0,1
ENCFF001QRI,/experiments/ENCSR000CMD/,0,0,0,0,1,0,1,0,0,1
ENCFF001QRG,/experiments/ENCSR000CMD/,0,0,0,0,1,0,1,0,0,1
ENCFF001QRH,/experiments/ENCSR000CMD/,0,0,0,0,1,0,1,0,0,1
ENCFF001QRE,/experiments/ENCSR000CMD/,0,0,0,0,1,0,1,0,0,1
ENCFF001QRD,/experiments/ENCSR000CMD/,0,0,0,0,1,0,1,0,0,1
ENCFF001QRF,/experiments/ENCSR000CMD/,0,0,0,0,1,0,1,0,0,1
ENCFF001QTR,/experiments/ENCSR000CME/,0,0,0,0,0,0,1,0,0,1
ENCFF001QTN,/experiments/ENCSR000CME/,0,0,0,0,0,0,1,0,0,1
ENCFF001QTL,/experiments/ENCSR000CME/,0,0,0,0,0,0,1,0,0,1
ENCFF001QTQ,/experiments/ENCSR000CME/,0,0,0,0,0,0,1,0,0,1
ENCFF001QTG,/experiments/ENCSR000CME/,0,0,0,0,0,0,1,0,0,1
ENCFF001QTC,/experiments/ENCSR000CME/,0,0,0,0,0,0,1,0,0,1
ENCFF001QTK,/experiments/ENCSR000CME/,0,0,0,0,0,0,1,0,0,1
ENCFF001QTM,/experiments/ENCSR000CME/,0,0,0,0,0,0,1,0,0,1
ENCFF001QTF,/experiments/ENCSR000CME/,0,0,0,0,0,0,1,0,0,1
ENCFF001QTS,/experiments/ENCSR000CME/,0,0,0,0,0,0,1,0,0,1
ENCFF001QTI,/experiments/ENCSR000CME/,0,0,0,0,0,0,1,0,0,1
ENCFF001QTP,/experiments/ENCSR000CME/,0,0,0,0,0,0,1,0,0,1
ENCFF001QTT,/experiments/ENCSR000CME/,0,0,0,0,0,0,1,0,0,1
ENCFF001QTE,/experiments/ENCSR000CME/,0,0,0,0,0,0,1,0,0,1
ENCFF001QTO,/experiments/ENCSR000CME/,0,0,0,0,0,0,1,0,0,1
ENCFF001QTJ,/experiments/ENCSR000CME/,0,0,0,0,0,0,1,0,0,1
ENCFF001QTD,/experiments/ENCSR000CME/,0,0,0,0,0,0,1,0,0,1
ENCFF001QTH,/experiments/ENCSR000CME/,0,0,0,0,0,0,1,0,0,1
ENCFF001QTZ,/experiments/ENCSR000CMF/,1,0,0,0,0,0,0,0,0,0
ENCFF001QUE,/experiments/ENCSR000CMF/,1,0,0,0,0,0,0,0,0,0
ENCFF001QUB,/experiments/ENCSR000CMF/,1,0,0,0,0,0,0,0,0,0
ENCFF001QUC,/experiments/ENCSR000CMF/,1,0,0,0,0,0,0,0,0,0
ENCFF001QUA,/experiments/ENCSR000CMF/,1,0,0,0,0,0,0,0,0,0
ENCFF001QUD,/experiments/ENCSR000CMF/,1,0,0,0,0,0,0,0,0,0
ENCFF001QVP,/experiments/ENCSR000CMG/,1,0,1,0,0,0,0,0,1,0
ENCFF001QVU,/experiments/ENCSR000CMG/,1,0,1,0,0,0,0,0,1,0
ENCFF001QVT,/experiments/ENCSR000CMG/,1,0,1,0,0,0,0,0,1,0
ENCFF001QVS,/experiments/ENCSR000CMG/,1,0,1,0,0,0,0,0,1,0
ENCFF001QVR,/experiments/ENCSR000CMG/,1,0,1,0,0,0,0,0,1,0
ENCFF001QVQ,/experiments/ENCSR000CMG/,1,0,1,0,0,0,0,0,1,0
ENCFF001QUR,/experiments/ENCSR000CMH/,0,0,0,0,0,0,0,1,0,0
ENCFF001QVE,/experiments/ENCSR000CMH/,0,0,0,0,0,0,0,1,0,0
ENCFF001QVF,/experiments/ENCSR000CMH/,0,0,0,0,0,0,0,1,0,0
ENCFF001QUN,/experiments/ENCSR000CMH/,0,0,0,0,0,0,0,1,0,0
ENCFF001QUT,/experiments/ENCSR000CMH/,0,0,0,0,0,0,0,1,0,0
ENCFF001QUS,/experiments/ENCSR000CMH/,0,0,0,0,0,0,0,1,0,0
ENCFF001QVJ,/experiments/ENCSR000CMH/,0,0,0,0,0,0,0,1,0,0
ENCFF001QVD,/experiments/ENCSR000CMH/,0,0,0,0,0,0,0,1,0,0
ENCFF001QUM,/experiments/ENCSR000CMH/,0,0,0,0,0,0,0,1,0,0
ENCFF001QUW,/experiments/ENCSR000CMH/,0,0,0,0,0,0,0,1,0,0
ENCFF001QVK,/experiments/ENCSR000CMH/,0,0,0,0,0,0,0,1,0,0
ENCFF001QUQ,/experiments/ENCSR000CMH/,0,0,0,0,0,0,0,1,0,0
ENCFF001QUL,/experiments/ENCSR000CMH/,0,0,0,0,0,0,0,1,0,0
ENCFF001QUP,/experiments/ENCSR000CMH/,0,0,0,0,0,0,0,1,0,0
ENCFF001QVC,/experiments/ENCSR000CMH/,0,0,0,0,0,0,0,1,0,0
ENCFF001QUO,/experiments/ENCSR000CMH/,0,0,0,0,0,0,0,1,0,0
ENCFF001QVI,/experiments/ENCSR000CMH/,0,0,0,0,0,0,0,1,0,0
ENCFF001QUU,/experiments/ENCSR000CMH/,0,0,0,0,0,0,0,1,0,0
ENCFF001QUY,/experiments/ENCSR000CMH/,0,0,0,0,0,0,0,1,0,0
ENCFF001QVG,/experiments/ENCSR000CMH/,0,0,0,0,0,0,0,1,0,0
ENCFF001QUV,/experiments/ENCSR000CMH/,0,0,0,0,0,0,0,1,0,0
ENCFF001QUX,/experiments/ENCSR000CMH/,0,0,0,0,0,0,0,1,0,0
ENCFF001QUZ,/experiments/ENCSR000CMH/,0,0,0,0,0,0,0,1,0,0
ENCFF001QVH,/experiments/ENCSR000CMH/,0,0,0,0,0,0,0,1,0,0
ENCFF001QQY,/experiments/ENCSR000CMI/,0,0,0,0,0,0,0,0,0,0
ENCFF001QQZ,/experiments/ENCSR000CMI/,0,0,0,0,0,0,0,0,0,0
ENCFF001QQU,/experiments/ENCSR000CMI/,0,0,0,0,0,0,0,0,0,0
ENCFF001QQW,/experiments/ENCSR000CMI/,0,0,0,0,0,0,0,0,0,0
ENCFF001QQX,/experiments/ENCSR000CMI/,0,0,0,0,0,0,0,0,0,0
ENCFF001QQV,/experiments/ENCSR000CMI/,0,0,0,0,0,0,0,0,0,0
ENCFF000HJP,/experiments/ENCSR000COK/,0,0,0,0,0,1,0,0,1,0
ENCFF000HJF,/experiments/ENCSR000COK/,0,0,0,0,0,1,0,0,1,0
ENCFF000EYQ,/experiments/ENCSR000COL/,0,0,1,0,0,0,0,1,0,0
ENCFF000EYK,/experiments/ENCSR000COL/,0,0,1,0,0,0,0,1,0,0
ENCFF000HGR,/experiments/ENCSR000COM/,0,0,0,0,1,1,0,0,1,0
ENCFF000HGH,/experiments/ENCSR000COM/,0,0,0,0,1,1,0,0,1,0
ENCFF000EJJ,/experiments/ENCSR000CON/,0,0,0,0,0,0,0,1,0,1
ENCFF000EJW,/experiments/ENCSR000CON/,0,0,0,0,0,0,0,1,0,1
ENCFF000ENY,/experiments/ENCSR000COO/,0,0,0,0,0,0,0,0,1,0
ENCFF000ENZ,/experiments/ENCSR000COO/,0,0,0,0,0,0,0,0,1,0
ENCFF000EQK,/experiments/ENCSR000COP/,0,0,0,0,0,0,0,0,0,0
ENCFF000EQS,/experiments/ENCSR000COP/,0,0,0,0,0,0,0,0,0,0
ENCFF000EWJ,/experiments/ENCSR000COQ/,1,1,0,0,0,0,0,0,0,0
ENCFF000EWW,/experiments/ENCSR000COQ/,1,1,0,0,0,0,0,0,0,0
ENCFF000EZH,/experiments/ENCSR000COR/,0,0,0,0,0,0,0,0,0,1
ENCFF000EZF,/experiments/ENCSR000COR/,0,0,0,0,0,0,0,0,0,1
ENCFF000FEU,/experiments/ENCSR000COU/,0,0,1,0,0,1,0,0,0,0
ENCFF000FET,/experiments/ENCSR000COU/,0,0,1,0,0,1,0,0,0,0
ENCFF000FHG,/experiments/ENCSR000COV/,0,0,0,0,1,0,1,1,0,0
ENCFF000FJF,/experiments/ENCSR000COW/,0,0,0,0,0,0,0,0,0,1
ENCFF000GDZ,/experiments/ENCSR000COX/,0,0,0,0,0,0,0,0,0,0
ENCFF000GPP,/experiments/ENCSR000COY/,1,0,0,0,0,0,0,0,1,0
ENCFF000GPC,/experiments/ENCSR000COY/,1,0,0,0,0,0,0,0,1,0
ENCFF000GSA,/experiments/ENCSR000COZ/,0,0,0,0,0,0,0,0,0,0
ENCFF000GRN,/experiments/ENCSR000COZ/,0,0,0,0,0,0,0,0,0,0
ENCFF000GUJ,/experiments/ENCSR000CPA/,0,0,0,0,0,0,0,0,0,0
ENCFF000GTX,/experiments/ENCSR000CPA/,0,0,0,0,0,0,0,0,0,0
ENCFF000GWS,/experiments/ENCSR000CPB/,0,1,0,0,0,0,0,0,0,0
ENCFF000GWF,/experiments/ENCSR000CPB/,0,1,0,0,0,0,0,0,0,0
ENCFF000GAH,/experiments/ENCSR000CPC/,0,0,1,0,0,1,0,0,0,0
ENCFF000GAF,/experiments/ENCSR000CPC/,0,0,1,0,0,1,0,0,0,0
ENCFF000FVT,/experiments/ENCSR000CPE/,0,0,0,0,0,0,0,1,0,0
ENCFF000FVI,/experiments/ENCSR000CPE/,0,0,0,0,0,0,0,1,0,0
ENCFF000FYG,/experiments/ENCSR000CPF/,0,0,0,0,0,0,0,0,1,0
ENCFF000FXU,/experiments/ENCSR000CPF/,0,0,0,0,0,0,0,0,1,0
ENCFF000HFF,/experiments/ENCSR000CPH/,0,0,0,0,0,0,0,0,0,1
ENCFF000HFH,/experiments/ENCSR000CPH/,0,0,0,0,0,0,0,0,0,1
ENCFF000IFF,/experiments/ENCSR000CPJ/,1,0,0,0,0,0,1,0,0,1
ENCFF000IFI,/experiments/ENCSR000CPJ/,1,0,0,0,0,0,1,0,0,1
ENCFF000IDC,/experiments/ENCSR000CPK/,0,0,0,0,0,0,1,0,0,0
ENCFF000IDF,/experiments/ENCSR000CPK/,0,0,0,0,0,0,1,0,0,0
ENCFF000HZR,/experiments/ENCSR000CPL/,1,0,0,0,0,0,0,0,0,0
ENCFF000IAH,/experiments/ENCSR000CPL/,1,0,0,0,0,0,0,0,0,0
ENCFF000HZQ,/experiments/ENCSR000CPL/,1,0,0,0,0,0,0,0,0,0
ENCFF000IJZ,/experiments/ENCSR000CPM/,1,0,0,0,1,1,0,1,0,0
ENCFF000IKA,/experiments/ENCSR000CPM/,1,0,0,0,1,1,0,1,0,0
ENCFF000IQR,/experiments/ENCSR000CPN/,0,0,1,0,0,1,0,0,0,0
ENCFF000IQQ,/experiments/ENCSR000CPN/,0,0,1,0,0,1,0,0,0,0
ENCFF000FCG,/experiments/ENCSR000CPO/,1,0,1,1,0,1,1,0,0,0
ENCFF000FCH,/experiments/ENCSR000CPO/,1,0,1,1,0,1,1,0,0,0
ENCFF000FQW,/experiments/ENCSR000CPP/,0,1,0,0,0,0,0,1,0,1
ENCFF000FQK,/experiments/ENCSR000CPP/,0,1,0,0,0,0,0,1,0,1
ENCFF000FSU,/experiments/ENCSR000CPQ/,0,1,0,0,1,1,0,0,0,1
ENCFF000FTB,/experiments/ENCSR000CPQ/,0,1,0,0,1,1,0,0,0,1
ENCFF000FOM,/experiments/ENCSR000CPR/,0,0,0,0,0,0,0,1,0,0
ENCFF000FOK,/experiments/ENCSR000CPR/,0,0,0,0,0,0,0,1,0,0
ENCFF000HOD,/experiments/ENCSR000CPS/,0,1,0,1,0,0,0,0,0,1
ENCFF000HOC,/experiments/ENCSR000CPS/,0,1,0,1,0,0,0,0,0,1
ENCFF000HQR,/experiments/ENCSR000CPT/,1,0,0,0,0,0,0,0,1,1
ENCFF000HQQ,/experiments/ENCSR000CPT/,1,0,0,0,0,0,0,0,1,1
ENCFF000HGU,/experiments/ENCSR000CPY/,0,0,1,0,0,0,0,0,0,0
ENCFF000HGG,/experiments/ENCSR000CPY/,0,0,1,0,0,0,0,0,0,0
ENCFF000HKL,/experiments/ENCSR000CPZ/,0,0,0,0,1,1,0,1,0,0
ENCFF000HKJ,/experiments/ENCSR000CPZ/,0,0,0,0,1,1,0,1,0,0
ENCFF000HLS,/experiments/ENCSR000CQA/,1,0,1,0,0,0,0,1,0,0
ENCFF000HLP,/experiments/ENCSR000CQA/,1,0,1,0,0,0,0,1,0,0
ENCFF000HAZ,/experiments/ENCSR000CTK/,0,0,0,1,0,0,0,0,0,0
ENCFF000HBA,/experiments/ENCSR000CTK/,0,0,0,1,0,0,0,0,0,0
ENCFF000EKW,/experiments/ENCSR000CTL/,0,0,0,0,0,0,0,1,0,0
ENCFF000ELC,/experiments/ENCSR000CTL/,0,0,0,0,0,0,0,1,0,0
ENCFF000EMA,/experiments/ENCSR000CTM/,1,0,0,0,1,0,0,0,1,0
ENCFF000ELQ,/experiments/ENCSR000CTM/,1,0,0,0,1,0,0,0,1,0
ENCFF000HCI,/experiments/ENCSR000CTN/,0,0,0,1,0,0,0,1,0,0
ENCFF000HCB,/experiments/ENCSR000CTN/,0,0,0,1,0,0,0,1,0,0
ENCFF000HTE,/experiments/ENCSR000CTO/,0,0,0,0,0,0,1,0,1,0
ENCFF000HTD,/experiments/ENCSR000CTO/,0,0,0,0,0,0,1,0,1,0
ENCFF000HDD,/experiments/ENCSR000CTP/,0,0,0,0,0,0,0,0,1,0
ENCFF000HDE,/experiments/ENCSR000CTP/,0,0,0,0,0,0,0,0,1,0
ENCFF000GZX,/experiments/ENCSR000CTQ/,0,0,0,0,0,0,0,0,0,0
ENCFF000GZY,/experiments/ENCSR000CTQ/,0,0,0,0,0,0,0,0,0,0
ENCFF000INN,/experiments/ENCSR000CTR/,0,0,0,0,0,0,0,0,0,0
ENCFF000INM,/experiments/ENCSR000CTR/,0,0,0,0,0,0,0,0,0,0
ENCFF000IOD,/experiments/ENCSR000CTS/,0,1,0,0,0,1,1,0,0,0
ENCFF000IOP,/experiments/ENCSR000CTS/,0,1,0,0,0,1,1,0,0,0
ENCFF000IMA,/experiments/ENCSR000CTT/,0,0,0,0,0,0,0,0,0,0
ENCFF000IMC,/experiments/ENCSR000CTT/,0,0,0,0,0,0,0,0,0,0
ENCFF000HSC,/experiments/ENCSR000CTU/,0,0,0,0,0,0,0,1,0,0
ENCFF000HSB,/experiments/ENCSR000CTU/,0,0,0,0,0,0,0,1,0,0
ENCFF000ESM,/experiments/ENCSR000CTV/,0,1,0,0,0,1,0,0,0,0
ENCFF000ESO,/experiments/ENCSR000CTV/,0,1,0,0,0,1,0,0,0,0
ENCFF000ESP,/experiments/ENCSR000CTV/,0,1,0,0,0,1,0,0,0,0
ENCFF000ESR,/experiments/ENCSR000CTV/,0,1,0,0,0,1,0,0,0,0
ENCFF000ESQ,/experiments/ENCSR000CTV/,0,1,0,0,0,1,0,0,0,0
ENCFF000ESN,/experiments/ENCSR000CTV/,0,1,0,0,0,1,0,0,0,0
ENCFF000GKZ,/experiments/ENCSR000CTX/,1,0,1,0,0,0,0,0,0,1
ENCFF000GKX,/experiments/ENCSR000CTX/,1,0,1,0,0,0,0,0,0,1
ENCFF000GFU,/experiments/ENCSR000CTZ/,1,0,0,0,0,0,0,0,0,0
ENCFF000GGR,/experiments/ENCSR000CTZ/,1,0,0,0,0,0,0,0,0,0
ENCFF000EUS,/experiments/ENCSR000CUA/,0,1,0,0,1,0,0,1,0,0
ENCFF000GBT,/experiments/ENCSR000CUB/,1,0,0,0,1,0,0,0,0,1
ENCFF000GBQ,/experiments/ENCSR000CUB/,1,0,0,0,1,0,0,0,0,1
ENCFF000HUX,/experiments/ENCSR000CUC/,0,0,0,0,0,0,0,0,0,0
ENCFF000HUY,/experiments/ENCSR000CUC/,0,0,0,0,0,0,0,0,0,0
ENCFF000HUW,/experiments/ENCSR000CUC/,0,0,0,0,0,0,0,0,0,0
ENCFF000HUU,/experiments/ENCSR000CUC/,0,0,0,0,0,0,0,0,0,0
ENCFF000HUV,/experiments/ENCSR000CUC/,0,0,0,0,0,0,0,0,0,0
ENCFF000HUZ,/experiments/ENCSR000CUC/,0,0,0,0,0,0,0,0,0,0
ENCFF000GHA,/experiments/ENCSR000CUD/,0,0,0,0,0,0,0,0,0,1
ENCFF000GHX,/experiments/ENCSR000CUD/,0,0,0,0,0,0,0,0,0,1
ENCFF000FLO,/experiments/ENCSR000CUE/,1,0,0,0,0,0,0,1,0,0
ENCFF000FMM,/experiments/ENCSR000CUE/,1,0,0,0,0,0,0,1,0,0
ENCFF000GJC,/experiments/ENCSR000CUF/,1,0,0,0,0,0,0,0,0,0
ENCFF000GKC,/experiments/ENCSR000CUF/,1,0,0,0,0,0,0,0,0,0
ENCFF000GNC,/experiments/ENCSR000CUG/,1,0,0,0,0,0,1,0,0,1
ENCFF000GNB,/experiments/ENCSR000CUG/,1,0,0,0,0,0,1,0,0,1
ENCFF000HWI,/experiments/ENCSR000CUH/,0,0,0,0,0,1,0,0,1,0
ENCFF000HXB,/experiments/ENCSR000CUH/,0,0,0,0,0,1,0,0,1,0
ENCFF000ILE,/experiments/ENCSR000CUI/,0,1,0,0,0,0,0,0,0,0
ENCFF000ILQ,/experiments/ENCSR000CUI/,0,1,0,0,0,0,0,0,0,0
ENCFF000FKI,/experiments/ENCSR000CUJ/,0,1,1,0,1,0,0,0,0,0
ENCFF000FJX,/experiments/ENCSR000CUJ/,0,1,1,0,1,0,0,0,0,0
ENCFF000FLI,/experiments/ENCSR000CUK/,0,0,0,0,0,0,0,0,0,0
ENCFF000FKR,/experiments/ENCSR000CUK/,0,0,0,0,0,0,0,0,0,0
ENCFF000GXV,/experiments/ENCSR000CUL/,0,0,1,0,0,1,0,0,0,1
ENCFF000GXC,/experiments/ENCSR000CUL/,0,0,1,0,0,1,0,0,0,1
ENCFF000GYE,/experiments/ENCSR000CUM/,0,0,0,0,1,0,0,0,0,0
ENCFF000GZD,/experiments/ENCSR000CUM/,0,0,0,0,1,0,0,0,0,0
ENCFF000GET,/experiments/ENCSR000CUN/,0,0,1,0,1,0,1,1,0,0
ENCFF000GIC,/experiments/ENCSR000CUO/,0,0,0,0,0,0,0,0,0,0
ENCFF000GIV,/experiments/ENCSR000CUO/,0,0,0,0,0,0,0,0,0,0
ENCFF000GLZ,/experiments/ENCSR000CUP/,0,0,0,1,0,1,0,0,0,0
ENCFF000GMA,/experiments/ENCSR000CUP/,0,0,0,1,0,1,0,0,0,0
ENCFF000IGU,/experiments/ENCSR000CUQ/,0,0,0,0,0,0,0,0,0,1
ENCFF000IGA,/experiments/ENCSR000CUQ/,0,0,0,0,0,0,0,0,0,1
ENCFF000IHC,/experiments/ENCSR000CUR/,0,0,0,1,0,0,0,0,1,0
ENCFF000IHY,/experiments/ENCSR000CUR/,0,0,0,1,0,0,0,0,1,0
ENCFF000GFD,/experiments/ENCSR000CUS/,1,0,0,0,0,0,1,0,1,0
ENCFF000GFB,/experiments/ENCSR000CUT/,1,1,1,0,0,0,0,1,0,0
ENCFF000GFS,/experiments/ENCSR000CUT/,1,1,1,0,0,0,0,1,0,0
ENCFF000EZZ,/experiments/ENCSR000CVT/,0,0,1,0,0,1,0,0,1,0
ENCFF000FAG,/experiments/ENCSR000CVT/,0,0,1,0,0,1,0,0,1,0
ENCFF001NDA,/experiments/ENCSR000CWC/,1,1,0,0,0,0,1,0,0,0
ENCFF001NDE,/experiments/ENCSR000CWC/,1,1,0,0,0,0,1,0,0,0
ENCFF001NDC,/experiments/ENCSR000CWC/,1,1,0,0,0,0,1,0,0,0
ENCFF001NDD,/experiments/ENCSR000CWC/,1,1,0,0,0,0,1,0,0,0
ENCFF001NCQ,/experiments/ENCSR000CWD/,0,0,0,1,0,0,0,0,0,1
ENCFF001NCP,/experiments/ENCSR000CWD/,0,0,0,1,0,0,0,0,0,1
ENCFF001NCR,/experiments/ENCSR000CWD/,0,0,0,1,0,0,0,0,0,1
ENCFF001NCS,/experiments/ENCSR000CWD/,0,0,0,1,0,0,0,0,0,1
ENCFF001NEC,/experiments/ENCSR000CWE/,0,0,0,0,0,0,0,1,0,0
ENCFF001NDZ,/experiments/ENCSR000CWE/,0,0,0,0,0,0,0,1,0,0
ENCFF001NED,/experiments/ENCSR000CWE/,0,0,0,0,0,0,0,1,0,0
ENCFF001NEA,/experiments/ENCSR000CWE/,0,0,0,0,0,0,0,1,0,0
ENCFF001NDN,/experiments/ENCSR000CWF/,1,0,0,0,0,1,0,0,0,0
ENCFF001NDO,/experiments/ENCSR000CWF/,1,0,0,0,0,1,0,0,0,0
ENCFF001NDQ,/experiments/ENCSR000CWF/,1,0,0,0,0,1,0,0,0,0
ENCFF001NDP,/experiments/ENCSR000CWF/,1,0,0,0,0,1,0,0,0,0
ENCFF000VPM,/experiments/ENCSR000CWG/,0,0,0,0,1,0,0,0,1,1
ENCFF000VPB,/experiments/ENCSR000CWH/,0,0,0,0,1,0,1,0,1,0
ENCFF000VOR,/experiments/ENCSR000CWI/,0,0,0,1,0,1,0,0,0,0
ENCFF000VOI,/experiments/ENCSR000CWJ/,0,0,0,0,0,0,0,1,0,0
ENCFF000DCT,/experiments/ENCSR000CWK/,0,0,0,1,1,0,0,0,0,1
ENCFF000DBQ,/experiments/ENCSR000CWK/,0,0,0,1,1,0,0,0,0,1
ENCFF000DBP,/experiments/ENCSR000CWK/,0,0,0,1,1,0,0,0,0,1
ENCFF000DDT,/experiments/ENCSR000CWL/,0,0,0,1,1,0,1,0,0,0
ENCFF000DDU,/experiments/ENCSR000CWL/,0,0,0,1,1,0,1,0,0,0
ENCFF000DDK,/experiments/ENCSR000CWL/,0,0,0,1,1,0,1,0,0,0
ENCFF000DDS,/experiments/ENCSR000CWL/,0,0,0,1,1,0,1,0,0,0
ENCFF000DDL,/experiments/ENCSR000CWL/,0,0,0,1,1,0,1,0,0,0
ENCFF000DKX,/experiments/ENCSR000CWM/,1,1,0,0,0,0,1,0,0,0
ENCFF000DKU,/experiments/ENCSR000CWM/,1,1,0,0,0,0,1,0,0,0
ENCFF000DKV,/experiments/ENCSR000CWM/,1,1,0,0,0,0,1,0,0,0
ENCFF000DKT,/experiments/ENCSR000CWM/,1,1,0,0,0,0,1,0,0,0
ENCFF000DKW,/experiments/ENCSR000CWM/,1,1,0,0,0,0,1,0,0,0
ENCFF000DKY,/experiments/ENCSR000CWM/,1,1,0,0,0,0,1,0,0,0
ENCFF000DRT,/experiments/ENCSR000CWN/,0,0,0,1,0,0,0,0,0,1
ENCFF000DRV,/experiments/ENCSR000CWN/,0,0,0,1,0,0,0,0,0,1
ENCFF000DRS,/experiments/ENCSR000CWN/,0,0,0,1,0,0,0,0,0,1
ENCFF000DRU,/experiments/ENCSR000CWN/,0,0,0,1,0,0,0,0,0,1
ENCFF000DZT,/experiments/ENCSR000CWO/,1,0,0,0,0,0,1,0,1,0
ENCFF000DZV,/experiments/ENCSR000CWO/,1,0,0,0,0,0,1,0,1,0
ENCFF000DZU,/experiments/ENCSR000CWO/,1,0,0,0,0,0,1,0,1,0
ENCFF000DZG,/experiments/ENCSR000CWP/,0,0,1,0,1,0,0,0,0,0
ENCFF000DZI,/experiments/ENCSR000CWP/,0,0,1,0,1,0,0,0,0,0
ENCFF000DZH,/experiments/ENCSR000CWP/,0,0,1,0,1,0,0,0,0,0
ENCFF000EBI,/experiments/ENCSR000CWQ/,0,0,0,0,1,0,0,0,0,0
ENCFF000EBF,/experiments/ENCSR000CWQ/,0,0,0,0,1,0,0,0,0,0
ENCFF000EBE,/experiments/ENCSR000CWQ/,0,0,0,0,1,0,0,0,0,0
ENCFF000EBK,/experiments/ENCSR000CWQ/,0,0,0,0,1,0,0,0,0,0
ENCFF000EBH,/experiments/ENCSR000CWQ/,0,0,0,0,1,0,0,0,0,0
ENCFF000EBJ,/experiments/ENCSR000CWQ/,0,0,0,0,1,0,0,0,0,0
ENCFF000EBG,/experiments/ENCSR000CWQ/,0,0,0,0,1,0,0,0,0,0
ENCFF000EFV,/experiments/ENCSR000CWR/,1,1,0,0,0,0,0,0,0,1
ENCFF000EFX,/experiments/ENCSR000CWR/,1,1,0,0,0,0,0,0,0,1
ENCFF000EFW,/experiments/ENCSR000CWR/,1,1,0,0,0,0,0,0,0,1
ENCFF000EFY,/experiments/ENCSR000CWR/,1,1,0,0,0,0,0,0,0,1
ENCFF000CXX,/experiments/ENCSR000EYN/,0,0,0,0,0,0,0,0,0,0
ENCFF000CXY,/experiments/ENCSR000EYN/,0,0,0,0,0,0,0,0,0,0
ENCFF000CXW,/experiments/ENCSR000EYN/,0,0,0,0,0,0,0,0,0,0
ENCFF000CYF,/experiments/ENCSR000EYN/,0,0,0,0,0,0,0,0,0,0
ENCFF000CYK,/experiments/ENCSR000EYN/,0,0,0,0,0,0,0,0,0,0
ENCFF000CYI,/experiments/ENCSR000EYN/,0,0,0,0,0,0,0,0,0,0
ENCFF000CXV,/experiments/ENCSR000EYN/,0,0,0,0,0,0,0,0,0,0
ENCFF000CYG,/experiments/ENCSR000EYN/,0,0,0,0,0,0,0,0,0,0
ENCFF000CYH,/experiments/ENCSR000EYN/,0,0,0,0,0,0,0,0,0,0
ENCFF000DWT,/experiments/ENCSR000EYO/,0,1,0,0,0,0,1,0,0,0
ENCFF000DWU,/experiments/ENCSR000EYO/,0,1,0,0,0,0,1,0,0,0
ENCFF000DXD,/experiments/ENCSR000EYO/,0,1,0,0,0,0,1,0,0,0
ENCFF000DWV,/experiments/ENCSR000EYO/,0,1,0,0,0,0,1,0,0,0
ENCFF000DXC,/experiments/ENCSR000EYO/,0,1,0,0,0,0,1,0,0,0
ENCFF000DWW,/experiments/ENCSR000EYO/,0,1,0,0,0,0,1,0,0,0
ENCFF000DXE,/experiments/ENCSR000EYO/,0,1,0,0,0,0,1,0,0,0
ENCFF000DXF,/experiments/ENCSR000EYO/,0,1,0,0,0,0,1,0,0,0
ENCFF000DWX,/experiments/ENCSR000EYO/,0,1,0,0,0,0,1,0,0,0
ENCFF000DGR,/experiments/ENCSR000EYP/,0,1,0,1,0,0,1,1,0,0
ENCFF000DGU,/experiments/ENCSR000EYP/,0,1,0,1,0,0,1,1,0,0
ENCFF000DGT,/experiments/ENCSR000EYP/,0,1,0,1,0,0,1,1,0,0
ENCFF000DGX,/experiments/ENCSR000EYP/,0,1,0,1,0,0,1,1,0,0
ENCFF000DGW,/experiments/ENCSR000EYP/,0,1,0,1,0,0,1,1,0,0
ENCFF000DGV,/experiments/ENCSR000EYP/,0,1,0,1,0,0,1,1,0,0
ENCFF000DGY,/experiments/ENCSR000EYP/,0,1,0,1,0,0,1,1,0,0
ENCFF000DGS,/experiments/ENCSR000EYP/,0,1,0,1,0,0,1,1,0,0
ENCFF000DNH,/experiments/ENCSR000EYQ/,0,0,0,0,0,0,0,0,0,0
ENCFF000DNK,/experiments/ENCSR000EYQ/,0,0,0,0,0,0,0,0,0,0
ENCFF000DNJ,/experiments/ENCSR000EYQ/,0,0,0,0,0,0,0,0,0,0
ENCFF000DNL,/experiments/ENCSR000EYQ/,0,0,0,0,0,0,0,0,0,0
ENCFF000DNG,/experiments/ENCSR000EYQ/,0,0,0,0,0,0,0,0,0,0
ENCFF000DNI,/experiments/ENCSR000EYQ/,0,0,0,0,0,0,0,0,0,0
ENCFF000DQA,/experiments/ENCSR000EYR/,0,0,0,0,0,0,0,0,1,0
ENCFF000DPX,/experiments/ENCSR000EYR/,0,0,0,0,0,0,0,0,1,0
ENCFF000DPU,/experiments/ENCSR000EYR/,0,0,0,0,0,0,0,0,1,0
ENCFF000DPV,/experiments/ENCSR000EYR/,0,0,0,0,0,0,0,0,1,0
ENCFF000DPW,/experiments/ENCSR000EYR/,0,0,0,0,0,0,0,0,1,0
ENCFF000DPZ,/experiments/ENCSR000EYR/,0,0,0,0,0,0,0,0,1,0
ENCFF000DPY,/experiments/ENCSR000EYR/,0,0,0,0,0,0,0,0,1,0
ENCFF000DUC,/experiments/ENCSR000EYS/,0,0,0,0,0,0,0,1,0,0
ENCFF000DUE,/experiments/ENCSR000EYS/,0,0,0,0,0,0,0,1,0,0
ENCFF000DUF,/experiments/ENCSR000EYS/,0,0,0,0,0,0,0,1,0,0
ENCFF000DUD,/experiments/ENCSR000EYS/,0,0,0,0,0,0,0,1,0,0
ENCFF000DUG,/experiments/ENCSR000EYS/,0,0,0,0,0,0,0,1,0,0
ENCFF000EEB,/experiments/ENCSR000EYT/,1,1,0,0,1,0,0,1,0,0
ENCFF000EED,/experiments/ENCSR000EYT/,1,1,0,0,1,0,0,1,0,0
ENCFF000EEE,/experiments/ENCSR000EYT/,1,1,0,0,1,0,0,1,0,0
ENCFF000EEC,/experiments/ENCSR000EYT/,1,1,0,0,1,0,0,1,0,0
ENCFF000EEA,/experiments/ENCSR000EYT/,1,1,0,0,1,0,0,1,0,0
ENCFF590LNP,/experiments/ENCSR000OCV/,0,0,0,0,1,0,1,0,0,0
ENCFF642YTY,/experiments/ENCSR000OCV/,0,0,0,0,1,0,1,0,0,0
ENCFF002DMD,/experiments/ENCSR001HHK/,0,0,0,0,0,0,1,0,0,0
ENCFF002DLR,/experiments/ENCSR001HHK/,0,0,0,0,0,0,1,0,0,0
ENCFF108FYW,/experiments/ENCSR001QSI/,0,0,0,1,0,0,0,0,0,0
ENCFF541KUW,/experiments/ENCSR001UXR/,0,1,0,0,1,0,0,1,0,0
ENCFF576OBS,/experiments/ENCSR001UXR/,0,1,0,0,1,0,0,1,0,0
ENCFF409SDV,/experiments/ENCSR002CTR/,0,0,0,0,0,0,0,0,0,0
ENCFF023WJA,/experiments/ENCSR002CTR/,0,0,0,0,0,0,0,0,0,0
ENCFF103SIG,/experiments/ENCSR002CTR/,0,0,0,0,0,0,0,0,0,0
ENCFF348FKC,/experiments/ENCSR003BTD/,0,1,0,0,0,0,0,0,0,0
ENCFF360KCH,/experiments/ENCSR003BTD/,0,1,0,0,0,0,0,0,0,0
ENCFF581SPK,/experiments/ENCSR004XCU/,0,0,0,1,1,1,1,0,0,0
ENCFF895DPO,/experiments/ENCSR004XCU/,0,0,0,1,1,1,1,0,0,0
ENCFF375YBR,/experiments/ENCSR006EBD/,0,0,1,0,0,0,0,0,1,1
ENCFF978QUK,/experiments/ENCSR006EBD/,0,0,1,0,0,0,0,0,1,1
ENCFF481CFU,/experiments/ENCSR007NGM/,0,0,0,0,0,1,0,0,0,0
ENCFF555BQD,/experiments/ENCSR007NGM/,0,0,0,0,0,1,0,0,0,0
ENCFF366CUG,/experiments/ENCSR007NGM/,0,0,0,0,0,1,0,0,0,0
ENCFF242SVY,/experiments/ENCSR007NGM/,0,0,0,0,0,1,0,0,0,0
ENCFF064PRP,/experiments/ENCSR007OKF/,1,0,1,1,0,0,0,0,0,0
ENCFF230IEF,/experiments/ENCSR007SVQ/,0,0,0,0,0,0,0,0,0,0
ENCFF819JGD,/experiments/ENCSR008YAY/,0,0,1,0,0,0,0,0,0,1
ENCFF609WDV,/experiments/ENCSR008YAY/,0,0,1,0,0,0,0,0,0,1
ENCFF966VVA,/experiments/ENCSR008YAY/,0,0,1,0,0,0,0,0,0,1
ENCFF103SQR,/experiments/ENCSR008YAY/,0,0,1,0,0,0,0,0,0,1
ENCFF886UAF,/experiments/ENCSR008YAY/,0,0,1,0,0,0,0,0,0,1
ENCFF569ELL,/experiments/ENCSR008YAY/,0,0,1,0,0,0,0,0,0,1
ENCFF458EUS,/experiments/ENCSR008YAY/,0,0,1,0,0,0,0,0,0,1
ENCFF538TFM,/experiments/ENCSR008YAY/,0,0,1,0,0,0,0,0,0,1
ENCFF970LRH,/experiments/ENCSR008YAY/,0,0,1,0,0,0,0,0,0,1
ENCFF855UFX,/experiments/ENCSR008YAY/,0,0,1,0,0,0,0,0,0,1
ENCFF953WBM,/experiments/ENCSR008YAY/,0,0,1,0,0,0,0,0,0,1
ENCFF806XNV,/experiments/ENCSR008YAY/,0,0,1,0,0,0,0,0,0,1
ENCFF627XGF,/experiments/ENCSR008YAY/,0,0,1,0,0,0,0,0,0,1
ENCFF126WDH,/experiments/ENCSR008YAY/,0,0,1,0,0,0,0,0,0,1
ENCFF384NQC,/experiments/ENCSR010HIU/,0,0,0,0,0,1,0,0,0,0
ENCFF588NKA,/experiments/ENCSR011VQI/,0,0,0,1,0,0,0,0,0,0
ENCFF522IKA,/experiments/ENCSR011VQI/,0,0,0,1,0,0,0,0,0,0
ENCFF081JSL,/experiments/ENCSR012UFU/,0,0,0,0,0,0,1,0,0,0
ENCFF460YNS,/experiments/ENCSR013HWB/,1,1,0,1,0,1,0,0,0,1
ENCFF859IDO,/experiments/ENCSR015EMF/,0,1,1,0,0,0,0,1,0,0
ENCFF932WWE,/experiments/ENCSR015PUN/,0,0,1,0,0,0,0,0,1,0
ENCFF304KZC,/experiments/ENCSR015SAL/,0,0,1,1,0,0,0,0,1,1
ENCFF569WLJ,/experiments/ENCSR015SAT/,1,0,0,0,0,0,0,0,1,0
ENCFF116IGV,/experiments/ENCSR015SAT/,1,0,0,0,0,0,0,0,1,0
ENCFF700EWM,/experiments/ENCSR017JEG/,0,0,0,0,0,0,0,0,0,1
ENCFF336BOI,/experiments/ENCSR017JEG/,0,0,0,0,0,0,0,0,0,1
ENCFF104CQE,/experiments/ENCSR017JEG/,0,0,0,0,0,0,0,0,0,1
ENCFF863UFD,/experiments/ENCSR017JEG/,0,0,0,0,0,0,0,0,0,1
ENCFF735XLW,/experiments/ENCSR018YHY/,1,1,0,0,0,0,0,0,0,0
ENCFF511XGS,/experiments/ENCSR018YHY/,1,1,0,0,0,0,0,0,0,0
ENCFF781GOS,/experiments/ENCSR018YHY/,1,1,0,0,0,0,0,0,0,0
ENCFF033KFZ,/experiments/ENCSR018YHY/,1,1,0,0,0,0,0,0,0,0
ENCFF654QPE,/experiments/ENCSR018YHY/,1,1,0,0,0,0,0,0,0,0
ENCFF659BYL,/experiments/ENCSR019ICB/,1,0,0,0,0,0,0,0,0,1
ENCFF878ZZH,/experiments/ENCSR019MXZ/,0,1,0,1,0,0,0,0,0,0
ENCFF943VGE,/experiments/ENCSR019MXZ/,0,1,0,1,0,0,0,0,0,0
ENCFF019VGV,/experiments/ENCSR020DGG/,0,1,0,0,1,0,0,0,0,0
ENCFF358SEO,/experiments/ENCSR020DGG/,0,1,0,0,1,0,0,0,0,0
ENCFF586VFP,/experiments/ENCSR020DGG/,0,1,0,0,1,0,0,0,0,0
ENCFF637ZYL,/experiments/ENCSR020DGG/,0,1,0,0,1,0,0,0,0,0
ENCFF026VXO,/experiments/ENCSR020YQE/,0,0,0,0,0,0,0,0,0,0
ENCFF109CFC,/experiments/ENCSR020YQE/,0,0,0,0,0,0,0,0,0,0
ENCFF446LHV,/experiments/ENCSR022BYE/,1,0,1,0,0,0,1,0,1,0
ENCFF946MIY,/experiments/ENCSR022MON/,0,0,0,0,0,0,0,0,0,0
ENCFF533GEZ,/experiments/ENCSR022MON/,0,0,0,0,0,0,0,0,0,0
ENCFF216DGZ,/experiments/ENCSR023VVO/,0,0,0,1,0,0,0,1,0,0
ENCFF277ETM,/experiments/ENCSR023VVO/,0,0,0,1,0,0,0,1,0,0
ENCFF162SWD,/experiments/ENCSR023VVO/,0,0,0,1,0,0,0,1,0,0
ENCFF861BZO,/experiments/ENCSR023VVO/,0,0,0,1,0,0,0,1,0,0
ENCFF072VKD,/experiments/ENCSR023ZXN/,0,0,0,0,0,0,0,0,0,0
ENCFF086TFZ,/experiments/ENCSR023ZXN/,0,0,0,0,0,0,0,0,0,0
ENCFF513IHO,/experiments/ENCSR025BZY/,0,0,0,0,0,0,1,0,0,0
ENCFF197OUM,/experiments/ENCSR025JRA/,1,0,0,0,0,0,0,1,0,0
ENCFF894SHM,/experiments/ENCSR025JRA/,1,0,0,0,0,0,0,1,0,0
ENCFF447GUA,/experiments/ENCSR027EJD/,0,1,0,0,0,1,0,0,1,0
ENCFF334XFS,/experiments/ENCSR027FCH/,0,0,0,1,0,0,0,0,0,0
ENCFF689ZLL,/experiments/ENCSR027FCH/,0,0,0,1,0,0,0,0,0,0
ENCFF024WIO,/experiments/ENCSR027VRF/,1,0,0,0,0,0,0,0,1,0
ENCFF490TMA,/experiments/ENCSR029FTY/,0,0,0,1,0,0,0,0,0,0
ENCFF959BUF,/experiments/ENCSR029KNZ/,0,1,0,0,1,0,0,0,0,0
ENCFF140UYT,/experiments/ENCSR029KNZ/,0,1,0,0,1,0,0,0,0,0
ENCFF959CWA,/experiments/ENCSR029TSM/,0,1,0,0,0,0,0,0,1,0
ENCFF955YCX,/experiments/ENCSR029TSM/,0,1,0,0,0,0,0,0,1,0
ENCFF321NRW,/experiments/ENCSR029TSM/,0,1,0,0,0,0,0,0,1,0
ENCFF727EPG,/experiments/ENCSR029TSM/,0,1,0,0,0,0,0,0,1,0
ENCFF689RQK,/experiments/ENCSR029TSM/,0,1,0,0,0,0,0,0,1,0
ENCFF898CAY,/experiments/ENCSR029TSM/,0,1,0,0,0,0,0,0,1,0
ENCFF517EJZ,/experiments/ENCSR029TSM/,0,1,0,0,0,0,0,0,1,0
ENCFF716NXU,/experiments/ENCSR029TSM/,0,1,0,0,0,0,0,0,1,0
ENCFF278JAU,/experiments/ENCSR029TSM/,0,1,0,0,0,0,0,0,1,0
ENCFF689UNV,/experiments/ENCSR029TSM/,0,1,0,0,0,0,0,0,1,0
ENCFF609WRW,/experiments/ENCSR029TSM/,0,1,0,0,0,0,0,0,1,0
ENCFF637PIP,/experiments/ENCSR029TSM/,0,1,0,0,0,0,0,0,1,0
ENCFF041PJP,/experiments/ENCSR029TSM/,0,1,0,0,0,0,0,0,1,0
ENCFF070YMI,/experiments/ENCSR029TSM/,0,1,0,0,0,0,0,0,1,0
ENCFF307TQM,/experiments/ENCSR033XWU/,1,0,0,0,0,0,0,1,0,0
ENCFF161JQW,/experiments/ENCSR033XWU/,1,0,0,0,0,0,0,1,0,0
ENCFF739KYL,/experiments/ENCSR034DEZ/,0,0,0,0,0,0,0,0,1,0
ENCFF412ZMK,/experiments/ENCSR034DEZ/,0,0,0,0,0,0,0,0,1,0
ENCFF532UKS,/experiments/ENCSR034MGF/,0,0,0,0,0,0,0,0,0,0
ENCFF274ESJ,/experiments/ENCSR034MGF/,0,0,0,0,0,0,0,0,0,0
ENCFF013HYW,/experiments/ENCSR034MGF/,0,0,0,0,0,0,0,0,0,0
ENCFF578CTE,/experiments/ENCSR034RPU/,1,0,0,0,0,0,0,0,0,0
ENCFF911ELB,/experiments/ENCSR034RPU/,1,0,0,0,0,0,0,0,0,0
ENCFF002FAC,/experiments/ENCSR035DLJ/,0,0,0,0,1,1,0,0,0,0
ENCFF002FAA,/experiments/ENCSR035DLJ/,0,0,0,0,1,1,0,0,0,0
ENCFF610XMR,/experiments/ENCSR035SKV/,0,0,0,0,0,0,0,1,0,0
ENCFF352YRE,/experiments/ENCSR036SUN/,0,0,0,0,0,0,0,0,0,0
ENCFF006TGD,/experiments/ENCSR038QZA/,0,0,1,0,0,0,0,0,1,0
ENCFF080SFE,/experiments/ENCSR038WEK/,0,1,0,0,1,0,0,0,0,1
ENCFF254KDQ,/experiments/ENCSR038WEK/,0,1,0,0,1,0,0,0,0,1
ENCFF728LAM,/experiments/ENCSR039ADS/,1,0,0,0,0,1,0,0,1,0
ENCFF503BOB,/experiments/ENCSR039ADS/,1,0,0,0,0,1,0,0,1,0
ENCFF657LQI,/experiments/ENCSR039ADS/,1,0,0,0,0,1,0,0,1,0
ENCFF800SJE,/experiments/ENCSR039ADS/,1,0,0,0,0,1,0,0,1,0
ENCFF702UVT,/experiments/ENCSR039ICU/,0,1,0,0,0,1,0,0,0,0
ENCFF686JRI,/experiments/ENCSR039ICU/,0,1,0,0,0,1,0,0,0,0
ENCFF347YHE,/experiments/ENCSR039ICU/,0,1,0,0,0,1,0,0,0,0
ENCFF711YJG,/experiments/ENCSR039ICU/,0,1,0,0,0,1,0,0,0,0
ENCFF545LHI,/experiments/ENCSR039ICU/,0,1,0,0,0,1,0,0,0,0
ENCFF069OPJ,/experiments/ENCSR039ICU/,0,1,0,0,0,1,0,0,0,0
ENCFF409SVL,/experiments/ENCSR039ICU/,0,1,0,0,0,1,0,0,0,0
ENCFF065WJH,/experiments/ENCSR039ICU/,0,1,0,0,0,1,0,0,0,0
ENCFF830JBH,/experiments/ENCSR039ICU/,0,1,0,0,0,1,0,0,0,0
ENCFF654AAB,/experiments/ENCSR039ICU/,0,1,0,0,0,1,0,0,0,0
ENCFF640WDO,/experiments/ENCSR039ICU/,0,1,0,0,0,1,0,0,0,0
ENCFF663VNX,/experiments/ENCSR039ICU/,0,1,0,0,0,1,0,0,0,0
ENCFF547PTO,/experiments/ENCSR039ICU/,0,1,0,0,0,1,0,0,0,0
ENCFF583ZAG,/experiments/ENCSR039JPA/,0,0,0,1,0,0,0,0,0,0
ENCFF141YUD,/experiments/ENCSR040LSC/,1,1,0,0,1,0,0,0,1,0
ENCFF939QLN,/experiments/ENCSR040LSC/,1,1,0,0,1,0,0,0,1,0
ENCFF561CZI,/experiments/ENCSR040LSC/,1,1,0,0,1,0,0,0,1,0
ENCFF505YPK,/experiments/ENCSR040LSC/,1,1,0,0,1,0,0,0,1,0
ENCFF696TTO,/experiments/ENCSR040LSC/,1,1,0,0,1,0,0,0,1,0
ENCFF531JWM,/experiments/ENCSR040LSC/,1,1,0,0,1,0,0,0,1,0
ENCFF163GEC,/experiments/ENCSR040LSC/,1,1,0,0,1,0,0,0,1,0
ENCFF045YRV,/experiments/ENCSR040LSC/,1,1,0,0,1,0,0,0,1,0
ENCFF254TFB,/experiments/ENCSR040LSC/,1,1,0,0,1,0,0,0,1,0
ENCFF228CMT,/experiments/ENCSR040LSC/,1,1,0,0,1,0,0,0,1,0
ENCFF572SQL,/experiments/ENCSR040LSC/,1,1,0,0,1,0,0,0,1,0
ENCFF840DKD,/experiments/ENCSR040LSC/,1,1,0,0,1,0,0,0,1,0
ENCFF683WFA,/experiments/ENCSR040LSC/,1,1,0,0,1,0,0,0,1,0
ENCFF210BVU,/experiments/ENCSR040LSC/,1,1,0,0,1,0,0,0,1,0
ENCFF687GPO,/experiments/ENCSR040LSC/,1,1,0,0,1,0,0,0,1,0
ENCFF537DSI,/experiments/ENCSR040LSC/,1,1,0,0,1,0,0,0,1,0
ENCFF242MZE,/experiments/ENCSR040LSC/,1,1,0,0,1,0,0,0,1,0
ENCFF903KDM,/experiments/ENCSR040LSC/,1,1,0,0,1,0,0,0,1,0
ENCFF437QAE,/experiments/ENCSR040LSC/,1,1,0,0,1,0,0,0,1,0
ENCFF907KCF,/experiments/ENCSR040LSC/,1,1,0,0,1,0,0,0,1,0
ENCFF136TYP,/experiments/ENCSR040LSC/,1,1,0,0,1,0,0,0,1,0
ENCFF234ZAX,/experiments/ENCSR040YBR/,0,0,0,1,1,0,0,0,0,0
ENCFF716GIG,/experiments/ENCSR040YBR/,0,0,0,1,1,0,0,0,0,0
ENCFF017FUT,/experiments/ENCSR042GYH/,0,0,0,0,0,0,0,0,1,0
ENCFF984ZEZ,/experiments/ENCSR042SVA/,0,0,1,0,1,0,0,1,0,0
ENCFF953ZDW,/experiments/ENCSR043RSE/,0,0,0,0,0,1,0,0,0,0
ENCFF527HRM,/experiments/ENCSR044JAQ/,0,0,0,0,0,0,0,1,0,0
ENCFF155XBJ,/experiments/ENCSR045GTF/,0,0,0,0,0,0,0,0,0,0
ENCFF150VSG,/experiments/ENCSR045GTF/,0,0,0,0,0,0,0,0,0,0
ENCFF419GVS,/experiments/ENCSR046XHI/,0,1,1,0,1,0,0,1,0,0
ENCFF975AUW,/experiments/ENCSR047LLJ/,0,1,0,0,0,0,0,0,1,0
ENCFF029JFZ,/experiments/ENCSR048LHL/,0,0,0,0,0,0,1,1,0,0
ENCFF581XVX,/experiments/ENCSR048LHL/,0,0,0,0,0,0,1,1,0,0
ENCFF254UZT,/experiments/ENCSR048LHL/,0,0,0,0,0,0,1,1,0,0
ENCFF051QOB,/experiments/ENCSR048LHL/,0,0,0,0,0,0,1,1,0,0
ENCFF615CXV,/experiments/ENCSR048LHL/,0,0,0,0,0,0,1,1,0,0
ENCFF405TRT,/experiments/ENCSR049UJU/,0,1,0,0,0,0,0,0,0,1
ENCFF220DJN,/experiments/ENCSR049UJU/,0,1,0,0,0,0,0,0,0,1
ENCFF229IFK,/experiments/ENCSR049UJU/,0,1,0,0,0,0,0,0,0,1
ENCFF676BDY,/experiments/ENCSR049UJU/,0,1,0,0,0,0,0,0,0,1
ENCFF548JWS,/experiments/ENCSR052FJA/,0,0,1,1,0,0,1,1,0,0
ENCFF199QMY,/experiments/ENCSR052FJA/,0,0,1,1,0,0,1,1,0,0
ENCFF225SGI,/experiments/ENCSR052LON/,1,0,1,0,0,0,0,0,1,0
ENCFF118VAL,/experiments/ENCSR052SDT/,0,0,0,1,0,0,0,0,0,0
ENCFF478FUY,/experiments/ENCSR052SDT/,0,0,0,1,0,0,0,0,0,0
ENCFF444HVB,/experiments/ENCSR056HPM/,0,1,0,0,0,0,0,1,0,1
ENCFF283UHD,/experiments/ENCSR056HPM/,0,1,0,0,0,0,0,1,0,1
ENCFF110AQJ,/experiments/ENCSR056TWA/,0,0,1,0,0,0,0,1,0,0
ENCFF197GMS,/experiments/ENCSR056TWA/,0,0,1,0,0,0,0,1,0,0
ENCFF889TPH,/experiments/ENCSR056TWA/,0,0,1,0,0,0,0,1,0,0
ENCFF209SUS,/experiments/ENCSR056TWA/,0,0,1,0,0,0,0,1,0,0
ENCFF882ZOI,/experiments/ENCSR056TWA/,0,0,1,0,0,0,0,1,0,0
ENCFF750YCP,/experiments/ENCSR056TWA/,0,0,1,0,0,0,0,1,0,0
ENCFF909TIF,/experiments/ENCSR056TWA/,0,0,1,0,0,0,0,1,0,0
ENCFF474TBF,/experiments/ENCSR056TWA/,0,0,1,0,0,0,0,1,0,0
ENCFF304IMK,/experiments/ENCSR056TWA/,0,0,1,0,0,0,0,1,0,0
ENCFF652IAG,/experiments/ENCSR056TWA/,0,0,1,0,0,0,0,1,0,0
ENCFF110GAY,/experiments/ENCSR056TWA/,0,0,1,0,0,0,0,1,0,0
ENCFF107SBL,/experiments/ENCSR056TWA/,0,0,1,0,0,0,0,1,0,0
ENCFF252KFX,/experiments/ENCSR058OSL/,0,0,1,1,0,0,0,0,0,0
ENCFF710WZN,/experiments/ENCSR058OSL/,0,0,1,1,0,0,0,0,0,0
ENCFF380LXU,/experiments/ENCSR059NPM/,1,0,1,0,0,0,0,0,1,0
ENCFF656DRS,/experiments/ENCSR059NPM/,1,0,1,0,0,0,0,0,1,0
ENCFF320CXH,/experiments/ENCSR059NPM/,1,0,1,0,0,0,0,0,1,0
ENCFF343MIX,/experiments/ENCSR059NPM/,1,0,1,0,0,0,0,0,1,0
ENCFF953POL,/experiments/ENCSR059NPM/,1,0,1,0,0,0,0,0,1,0
ENCFF411KCB,/experiments/ENCSR059NPM/,1,0,1,0,0,0,0,0,1,0
ENCFF476JSK,/experiments/ENCSR059NPM/,1,0,1,0,0,0,0,0,1,0
ENCFF584OOK,/experiments/ENCSR059NPM/,1,0,1,0,0,0,0,0,1,0
ENCFF088SVK,/experiments/ENCSR059NPM/,1,0,1,0,0,0,0,0,1,0
ENCFF536ZVF,/experiments/ENCSR059NPM/,1,0,1,0,0,0,0,0,1,0
ENCFF749XRU,/experiments/ENCSR059NPM/,1,0,1,0,0,0,0,0,1,0
ENCFF960QTC,/experiments/ENCSR059NPM/,1,0,1,0,0,0,0,0,1,0
ENCFF004AEL,/experiments/ENCSR059NPM/,1,0,1,0,0,0,0,0,1,0
ENCFF057FFG,/experiments/ENCSR059NPM/,1,0,1,0,0,0,0,0,1,0
ENCFF120SMK,/experiments/ENCSR060ATH/,0,0,0,0,0,0,0,0,0,0
ENCFF487OHM,/experiments/ENCSR060ATH/,0,0,0,0,0,0,0,0,0,0
ENCFF243LBQ,/experiments/ENCSR060ATH/,0,0,0,0,0,0,0,0,0,0
ENCFF872SFD,/experiments/ENCSR060ATH/,0,0,0,0,0,0,0,0,0,0
ENCFF751QWY,/experiments/ENCSR060ATH/,0,0,0,0,0,0,0,0,0,0
ENCFF390ZZH,/experiments/ENCSR060ATH/,0,0,0,0,0,0,0,0,0,0
ENCFF397MUI,/experiments/ENCSR060ATH/,0,0,0,0,0,0,0,0,0,0
ENCFF037GFB,/experiments/ENCSR060ATH/,0,0,0,0,0,0,0,0,0,0
ENCFF581RIR,/experiments/ENCSR060ATH/,0,0,0,0,0,0,0,0,0,0
ENCFF080REY,/experiments/ENCSR060ATH/,0,0,0,0,0,0,0,0,0,0
ENCFF408FFP,/experiments/ENCSR060ATH/,0,0,0,0,0,0,0,0,0,0
ENCFF497GLK,/experiments/ENCSR060ATH/,0,0,0,0,0,0,0,0,0,0
ENCFF670KYT,/experiments/ENCSR061HMO/,0,0,0,0,0,0,0,0,1,0
ENCFF561OCY,/experiments/ENCSR061RDC/,1,0,0,0,1,0,0,1,0,1
ENCFF802YBN,/experiments/ENCSR061SFU/,0,0,1,0,0,1,0,0,0,0
ENCFF417ZEN,/experiments/ENCSR061SFU/,0,0,1,0,0,1,0,0,0,0
ENCFF447PJB,/experiments/ENCSR062FHL/,0,0,1,0,0,1,0,0,0,0
ENCFF966UCK,/experiments/ENCSR062FHL/,0,0,1,0,0,1,0,0,0,0
ENCFF654QAE,/experiments/ENCSR062VTB/,1,0,1,0,0,1,0,0,0,0
ENCFF266SYA,/experiments/ENCSR062VTB/,1,0,1,0,0,1,0,0,0,0
ENCFF064GDU,/experiments/ENCSR066FZL/,1,0,0,0,0,1,0,0,0,1
ENCFF408CEC,/experiments/ENCSR067GOC/,1,0,0,0,0,0,0,0,0,1
ENCFF028JQU,/experiments/ENCSR067UNX/,0,0,0,0,0,0,0,0,0,0
ENCFF365ZYO,/experiments/ENCSR067UNX/,0,0,0,0,0,0,0,0,0,0
ENCFF715OSA,/experiments/ENCSR069CMT/,0,0,0,0,1,0,1,1,0,0
ENCFF570KYE,/experiments/ENCSR069PIG/,0,0,0,0,0,0,1,1,0,0
ENCFF051JGE,/experiments/ENCSR069PIG/,0,0,0,0,0,0,1,1,0,0
ENCFF143PHU,/experiments/ENCSR069PIG/,0,0,0,0,0,0,1,1,0,0
ENCFF161SDE,/experiments/ENCSR070IYV/,0,0,0,0,1,1,0,0,0,0
ENCFF449PVO,/experiments/ENCSR070IYV/,0,0,0,0,1,1,0,0,0,0
ENCFF899FFD,/experiments/ENCSR070IYV/,0,0,0,0,1,1,0,0,0,0
ENCFF411ZQE,/experiments/ENCSR070IYV/,0,0,0,0,1,1,0,0,0,0
ENCFF727AVD,/experiments/ENCSR071DYD/,0,1,0,0,1,0,0,1,0,0
ENCFF468EIW,/experiments/ENCSR071ZLM/,1,0,0,0,0,0,0,0,0,0
ENCFF044VER,/experiments/ENCSR071ZMO/,0,0,0,0,1,1,0,1,0,0
ENCFF912LIX,/experiments/ENCSR071ZMO/,0,0,0,0,1,1,0,1,0,0
ENCFF690PCA,/experiments/ENCSR073XFZ/,0,0,0,0,1,0,0,0,0,0
ENCFF347RNQ,/experiments/ENCSR073XFZ/,0,0,0,0,1,0,0,0,0,0
ENCFF994CGB,/experiments/ENCSR074APH/,0,0,1,0,0,0,0,0,0,0
ENCFF501IWR,/experiments/ENCSR074FTH/,0,0,1,0,0,0,1,1,0,0
ENCFF612SPC,/experiments/ENCSR074OSI/,0,0,0,0,0,0,1,0,0,0
ENCFF879XYI,/experiments/ENCSR074OSI/,0,0,0,0,0,0,1,0,0,0
ENCFF563CZW,/experiments/ENCSR074OSI/,0,0,0,0,0,0,1,0,0,0
ENCFF538AIM,/experiments/ENCSR074WOD/,0,0,0,0,0,0,0,0,0,0
ENCFF407JTK,/experiments/ENCSR074WOD/,0,0,0,0,0,0,0,0,0,0
ENCFF752FXA,/experiments/ENCSR075ZTG/,0,1,0,1,0,0,0,0,0,0
ENCFF000DAI,/experiments/ENCSR077AZT/,0,0,0,0,0,0,0,1,0,0
ENCFF000DAG,/experiments/ENCSR077AZT/,0,0,0,0,0,0,0,1,0,0
ENCFF000DAH,/experiments/ENCSR077AZT/,0,0,0,0,0,0,0,1,0,0
ENCFF226ECV,/experiments/ENCSR077EAM/,0,0,1,0,0,0,0,0,1,0
ENCFF094GNI,/experiments/ENCSR078WNY/,0,1,1,0,0,0,1,0,0,0
ENCFF686EWL,/experiments/ENCSR080COL/,0,1,0,0,0,0,0,0,0,0
ENCFF221JNS,/experiments/ENCSR080COL/,0,1,0,0,0,0,0,0,0,0
ENCFF972IVS,/experiments/ENCSR080COL/,0,1,0,0,0,0,0,0,0,0
ENCFF849GVQ,/experiments/ENCSR080COL/,0,1,0,0,0,0,0,0,0,0
ENCFF533CLY,/experiments/ENCSR080COL/,0,1,0,0,0,0,0,0,0,0
ENCFF784LWT,/experiments/ENCSR080COL/,0,1,0,0,0,0,0,0,0,0
ENCFF133PEB,/experiments/ENCSR080COL/,0,1,0,0,0,0,0,0,0,0
ENCFF783MLO,/experiments/ENCSR080COL/,0,1,0,0,0,0,0,0,0,0
ENCFF773VFS,/experiments/ENCSR080COL/,0,1,0,0,0,0,0,0,0,0
ENCFF884TJE,/experiments/ENCSR080COL/,0,1,0,0,0,0,0,0,0,0
ENCFF931IVO,/experiments/ENCSR080EVZ/,0,0,0,0,0,0,1,0,1,0
ENCFF114DRT,/experiments/ENCSR080EVZ/,0,0,0,0,0,0,1,0,1,0
ENCFF741UDQ,/experiments/ENCSR080HPT/,0,1,0,0,0,0,0,1,0,0
ENCFF092DJV,/experiments/ENCSR080VMJ/,0,0,0,1,0,0,1,0,0,0
ENCFF891QNQ,/experiments/ENCSR082XSF/,1,0,1,0,0,0,0,0,1,0
ENCFF446LMP,/experiments/ENCSR083OKX/,0,0,0,0,0,0,0,0,0,0
ENCFF361MLD,/experiments/ENCSR083OKX/,0,0,0,0,0,0,0,0,0,0
ENCFF071TOB,/experiments/ENCSR084JIA/,0,0,0,0,0,0,0,0,0,0
ENCFF885AJK,/experiments/ENCSR085AJX/,1,1,1,0,0,1,0,1,0,0
ENCFF221NAP,/experiments/ENCSR085AJX/,1,1,1,0,0,1,0,1,0,0
ENCFF187OKV,/experiments/ENCSR085HNI/,0,0,1,0,0,0,0,0,0,0
ENCFF650JAM,/experiments/ENCSR085HNI/,0,0,1,0,0,0,0,0,0,0
ENCFF344FCT,/experiments/ENCSR085TSA/,0,0,1,1,1,0,0,0,1,0
ENCFF298QKO,/experiments/ENCSR085TSA/,0,0,1,1,1,0,0,0,1,0
ENCFF678IQL,/experiments/ENCSR086DZF/,0,0,0,0,0,0,0,0,1,1
ENCFF643XFK,/experiments/ENCSR086MHH/,0,1,0,0,0,0,0,0,0,0
ENCFF714CKE,/experiments/ENCSR086MHH/,0,1,0,0,0,0,0,0,0,0
ENCFF120KJF,/experiments/ENCSR090RYJ/,0,0,0,0,1,0,1,0,1,1
ENCFF260KJY,/experiments/ENCSR092BBW/,0,0,0,1,1,0,0,0,0,0
ENCFF248ELC,/experiments/ENCSR092BBW/,0,0,0,1,1,0,0,0,0,0
ENCFF720MPJ,/experiments/ENCSR092BBW/,0,0,0,1,1,0,0,0,0,0
ENCFF349AIG,/experiments/ENCSR092BBW/,0,0,0,1,1,0,0,0,0,0
ENCFF940SNP,/experiments/ENCSR092CNB/,0,0,0,0,0,0,0,0,0,1
ENCFF175QGQ,/experiments/ENCSR092KKW/,0,0,1,0,0,0,0,0,0,1
ENCFF978EQI,/experiments/ENCSR093SMP/,0,0,0,0,0,0,0,0,1,1
ENCFF596QWT,/experiments/ENCSR093SMP/,0,0,0,0,0,0,0,0,1,1
ENCFF678UYJ,/experiments/ENCSR094GVZ/,0,0,0,0,0,0,0,0,0,0
ENCFF096QFW,/experiments/ENCSR094RGI/,0,0,1,0,0,0,0,0,0,0
ENCFF847WBD,/experiments/ENCSR094RQC/,0,0,0,0,0,1,0,0,1,1
ENCFF478UAS,/experiments/ENCSR094RQC/,0,0,0,0,0,1,0,0,1,1
ENCFF767QVV,/experiments/ENCSR094VRQ/,0,0,0,0,0,1,0,0,0,0
ENCFF964WZW,/experiments/ENCSR095TCB/,0,0,0,0,0,0,0,0,0,0
ENCFF962FIU,/experiments/ENCSR095TCB/,0,0,0,0,0,0,0,0,0,0
ENCFF592WZB,/experiments/ENCSR095VGF/,0,0,0,0,0,0,1,0,1,0
ENCFF705HQV,/experiments/ENCSR095VGF/,0,0,0,0,0,0,1,0,1,0
ENCFF115LZR,/experiments/ENCSR096LTX/,0,0,0,0,0,0,1,1,0,0
ENCFF986WFE,/experiments/ENCSR096STK/,0,0,0,1,0,1,0,0,1,0
ENCFF746XUK,/experiments/ENCSR096STK/,0,0,0,1,0,1,0,0,1,0
ENCFF584CMS,/experiments/ENCSR096STK/,0,0,0,1,0,1,0,0,1,0
ENCFF528MAS,/experiments/ENCSR096STK/,0,0,0,1,0,1,0,0,1,0
ENCFF074AOI,/experiments/ENCSR096UGR/,0,0,0,0,0,0,0,0,0,0
ENCFF654CDM,/experiments/ENCSR096UGR/,0,0,0,0,0,0,0,0,0,0
ENCFF038OLY,/experiments/ENCSR096USV/,0,1,0,0,0,0,0,0,0,0
ENCFF546NFA,/experiments/ENCSR096YLM/,0,1,0,0,0,0,0,0,0,0
ENCFF628HZS,/experiments/ENCSR098BUF/,0,0,1,0,1,1,0,0,1,0
ENCFF109EVR,/experiments/ENCSR100JNS/,0,0,1,0,1,0,0,0,0,0
ENCFF386HOV,/experiments/ENCSR100JNS/,0,0,1,0,1,0,0,0,0,0
ENCFF584LJW,/experiments/ENCSR100SIL/,1,0,0,0,0,0,0,0,0,0
ENCFF282COO,/experiments/ENCSR100SIL/,1,0,0,0,0,0,0,0,0,0
ENCFF615KNP,/experiments/ENCSR100VUY/,0,0,0,0,1,0,0,0,0,0
ENCFF706AIR,/experiments/ENCSR100VUY/,0,0,0,0,1,0,0,0,0,0
ENCFF395AIV,/experiments/ENCSR102NWB/,1,0,0,0,1,1,0,0,0,0
ENCFF841MRF,/experiments/ENCSR102TQN/,0,0,1,0,0,1,0,0,1,0
ENCFF341FLH,/experiments/ENCSR102TQN/,0,0,1,0,0,1,0,0,1,0
ENCFF839FRY,/experiments/ENCSR102TQN/,0,0,1,0,0,1,0,0,1,0
ENCFF423RAH,/experiments/ENCSR102TQN/,0,0,1,0,0,1,0,0,1,0
ENCFF938RBR,/experiments/ENCSR102TQN/,0,0,1,0,0,1,0,0,1,0
ENCFF095KTS,/experiments/ENCSR102TQN/,0,0,1,0,0,1,0,0,1,0
ENCFF813YTM,/experiments/ENCSR102TQN/,0,0,1,0,0,1,0,0,1,0
ENCFF095FCF,/experiments/ENCSR102TQN/,0,0,1,0,0,1,0,0,1,0
ENCFF728WJB,/experiments/ENCSR102ZZC/,1,0,0,1,1,0,0,0,0,0
ENCFF716YKR,/experiments/ENCSR102ZZC/,1,0,0,1,1,0,0,0,0,0
ENCFF844YYQ,/experiments/ENCSR105NQB/,0,0,0,1,0,0,0,0,1,0
ENCFF693PSV,/experiments/ENCSR105NQB/,0,0,0,1,0,0,0,0,1,0
ENCFF884ZSS,/experiments/ENCSR106SZN/,1,0,0,0,1,0,1,1,0,0
ENCFF363PDR,/experiments/ENCSR107TKJ/,0,0,0,0,1,1,1,0,0,0
ENCFF338DAA,/experiments/ENCSR107TKJ/,0,0,0,0,1,1,1,0,0,0
ENCFF779MMO,/experiments/ENCSR107TKJ/,0,0,0,0,1,1,1,0,0,0
ENCFF421DHQ,/experiments/ENCSR107TKJ/,0,0,0,0,1,1,1,0,0,0
ENCFF427YDU,/experiments/ENCSR107TKJ/,0,0,0,0,1,1,1,0,0,0
ENCFF647KBV,/experiments/ENCSR107TKJ/,0,0,0,0,1,1,1,0,0,0
ENCFF796TQV,/experiments/ENCSR107TKJ/,0,0,0,0,1,1,1,0,0,0
ENCFF834TET,/experiments/ENCSR107TKJ/,0,0,0,0,1,1,1,0,0,0
ENCFF077YZF,/experiments/ENCSR107TKJ/,0,0,0,0,1,1,1,0,0,0
ENCFF456GLS,/experiments/ENCSR107TKJ/,0,0,0,0,1,1,1,0,0,0
ENCFF969DGM,/experiments/ENCSR108MAU/,0,0,1,1,0,0,0,0,0,0
ENCFF059OKV,/experiments/ENCSR108XUM/,0,1,0,1,0,1,1,0,0,1
ENCFF002DKF,/experiments/ENCSR109IQO/,0,0,0,0,1,0,0,0,0,0
ENCFF002DKA,/experiments/ENCSR109IQO/,0,0,0,0,1,0,0,0,0,0
ENCFF753GPU,/experiments/ENCSR110BDY/,0,0,1,1,0,0,0,0,0,0
ENCFF353STY,/experiments/ENCSR110BDY/,0,0,1,1,0,0,0,0,0,0
ENCFF861GBL,/experiments/ENCSR111PSY/,0,0,1,0,1,0,0,0,0,0
ENCFF846KNE,/experiments/ENCSR111PSY/,0,0,1,0,1,0,0,0,0,0
ENCFF896IIZ,/experiments/ENCSR112SFD/,0,0,0,1,1,0,0,0,0,0
ENCFF206EGD,/experiments/ENCSR112SFD/,0,0,0,1,1,0,0,0,0,0
ENCFF102AMK,/experiments/ENCSR112SFD/,0,0,0,1,1,0,0,0,0,0
ENCFF524EDD,/experiments/ENCSR112SFD/,0,0,0,1,1,0,0,0,0,0
ENCFF005NBP,/experiments/ENCSR112SFD/,0,0,0,1,1,0,0,0,0,0
ENCFF415KCJ,/experiments/ENCSR112SFD/,0,0,0,1,1,0,0,0,0,0
ENCFF533NLR,/experiments/ENCSR112SFD/,0,0,0,1,1,0,0,0,0,0
ENCFF308LTO,/experiments/ENCSR112SFD/,0,0,0,1,1,0,0,0,0,0
ENCFF064PBF,/experiments/ENCSR112SFD/,0,0,0,1,1,0,0,0,0,0
ENCFF554PUC,/experiments/ENCSR112SFD/,0,0,0,1,1,0,0,0,0,0
ENCFF075MGH,/experiments/ENCSR112SFD/,0,0,0,1,1,0,0,0,0,0
ENCFF734FHF,/experiments/ENCSR112SFD/,0,0,0,1,1,0,0,0,0,0
ENCFF144XDA,/experiments/ENCSR113CCF/,0,1,1,0,0,1,0,1,0,0
ENCFF806NMJ,/experiments/ENCSR113CCF/,0,1,1,0,0,1,0,1,0,0
ENCFF208XMO,/experiments/ENCSR113HQM/,0,1,0,0,0,0,0,0,1,1
ENCFF325VFU,/experiments/ENCSR114LNC/,0,0,0,1,0,0,1,0,0,0
ENCFF012CTX,/experiments/ENCSR114LNC/,0,0,0,1,0,0,1,0,0,0
ENCFF988OKV,/experiments/ENCSR115PIZ/,0,0,0,0,1,1,0,0,0,0
ENCFF089UOR,/experiments/ENCSR115PIZ/,0,0,0,0,1,1,0,0,0,0
ENCFF241GLU,/experiments/ENCSR115TWD/,0,0,1,1,0,0,1,0,0,0
ENCFF405VKS,/experiments/ENCSR115TWD/,0,0,1,1,0,0,1,0,0,0
ENCFF541NUM,/experiments/ENCSR118TVR/,0,0,1,1,0,0,0,1,0,0
ENCFF479JTM,/experiments/ENCSR118TVR/,0,0,1,1,0,0,0,1,0,0
ENCFF396DVW,/experiments/ENCSR120NEA/,0,1,0,0,0,0,0,0,1,0
ENCFF089WMB,/experiments/ENCSR121HYR/,0,0,0,0,0,1,1,1,0,0
ENCFF888LGA,/experiments/ENCSR121HYR/,0,0,0,0,0,1,1,1,0,0
ENCFF383KNO,/experiments/ENCSR123ZCX/,0,0,0,0,0,1,0,0,0,0
ENCFF678AWY,/experiments/ENCSR124KOZ/,0,0,0,0,0,0,0,1,0,1
ENCFF443CPP,/experiments/ENCSR124KOZ/,0,0,0,0,0,0,0,1,0,1
ENCFF404PYQ,/experiments/ENCSR125BYY/,0,0,0,0,0,0,1,0,0,0
ENCFF852ZDB,/experiments/ENCSR125BYY/,0,0,0,0,0,0,1,0,0,0
ENCFF589REP,/experiments/ENCSR125BYY/,0,0,0,0,0,0,1,0,0,0
ENCFF186RYS,/experiments/ENCSR125BYY/,0,0,0,0,0,0,1,0,0,0
ENCFF392TDB,/experiments/ENCSR125BYY/,0,0,0,0,0,0,1,0,0,0
ENCFF121OLG,/experiments/ENCSR125BYY/,0,0,0,0,0,0,1,0,0,0
ENCFF711WAC,/experiments/ENCSR125BYY/,0,0,0,0,0,0,1,0,0,0
ENCFF214IUN,/experiments/ENCSR125BYY/,0,0,0,0,0,0,1,0,0,0
ENCFF121BYS,/experiments/ENCSR125BYY/,0,0,0,0,0,0,1,0,0,0
ENCFF775BPV,/experiments/ENCSR125BYY/,0,0,0,0,0,0,1,0,0,0
ENCFF051PTY,/experiments/ENCSR125BYY/,0,0,0,0,0,0,1,0,0,0
ENCFF670CXH,/experiments/ENCSR125BYY/,0,0,0,0,0,0,1,0,0,0
ENCFF832ENU,/experiments/ENCSR125NGM/,0,0,0,0,0,0,0,0,0,0
ENCFF139JYD,/experiments/ENCSR125NGM/,0,0,0,0,0,0,0,0,0,0
ENCFF357ZVF,/experiments/ENCSR128CYL/,0,1,1,0,1,0,0,1,0,1
ENCFF776AIM,/experiments/ENCSR128CYL/,0,1,1,0,1,0,0,1,0,1
ENCFF065TCZ,/experiments/ENCSR128FBT/,0,1,0,0,0,0,1,0,1,0
ENCFF747XPP,/experiments/ENCSR128FBT/,0,1,0,0,0,0,1,0,1,0
ENCFF426ZEY,/experiments/ENCSR128KAW/,0,0,0,0,1,0,0,0,0,0
ENCFF162OXQ,/experiments/ENCSR128KAW/,0,0,0,0,1,0,0,0,0,0
ENCFF160XZY,/experiments/ENCSR128KAW/,0,0,0,0,1,0,0,0,0,0
ENCFF251WZA,/experiments/ENCSR129DEA/,1,0,0,0,0,0,0,0,0,0
ENCFF923VUD,/experiments/ENCSR129DEA/,1,0,0,0,0,0,0,0,0,0
ENCFF433PKC,/experiments/ENCSR129KCJ/,0,0,0,0,0,0,0,0,1,0
ENCFF911WYB,/experiments/ENCSR129KCJ/,0,0,0,0,0,0,0,0,1,0
ENCFF363HPJ,/experiments/ENCSR129VBC/,0,0,1,0,1,1,0,0,0,0
ENCFF851BVE,/experiments/ENCSR129VBC/,0,0,1,0,1,1,0,0,0,0
ENCFF299SJE,/experiments/ENCSR129VBC/,0,0,1,0,1,1,0,0,0,0
ENCFF659KKW,/experiments/ENCSR129VBC/,0,0,1,0,1,1,0,0,0,0
ENCFF605ZSW,/experiments/ENCSR129VBC/,0,0,1,0,1,1,0,0,0,0
ENCFF017EOP,/experiments/ENCSR129VBC/,0,0,1,0,1,1,0,0,0,0
ENCFF767NOF,/experiments/ENCSR130TZW/,0,1,0,1,0,0,0,0,0,1
ENCFF737KMP,/experiments/ENCSR131FDP/,1,1,0,0,0,1,0,0,0,0
ENCFF641MEN,/experiments/ENCSR132VGJ/,1,0,0,0,0,0,0,1,0,0
ENCFF245ZOR,/experiments/ENCSR133LMN/,1,0,0,0,0,0,0,0,0,0
ENCFF704WWK,/experiments/ENCSR133LMN/,1,0,0,0,0,0,0,0,0,0
ENCFF693VEH,/experiments/ENCSR133PLR/,0,0,0,0,0,1,0,0,0,0
ENCFF048FGD,/experiments/ENCSR133SAI/,1,0,0,0,0,0,1,0,0,1
ENCFF502ANK,/experiments/ENCSR133SAI/,1,0,0,0,0,0,1,0,0,1
ENCFF734EBF,/experiments/ENCSR135IAL/,1,1,0,0,0,1,1,1,0,0
ENCFF002DKG,/experiments/ENCSR136WGP/,0,1,0,0,0,1,0,0,1,0
ENCFF002DHR,/experiments/ENCSR136WGP/,0,1,0,0,0,1,0,0,1,0
ENCFF151HLO,/experiments/ENCSR137GMB/,0,0,0,0,0,1,1,1,0,0
ENCFF814YLU,/experiments/ENCSR137GMB/,0,0,0,0,0,1,1,1,0,0
ENCFF622WUG,/experiments/ENCSR138MMB/,1,0,1,1,0,0,1,0,1,0
ENCFF372SLD,/experiments/ENCSR140DCD/,0,0,0,0,1,1,0,1,0,0
ENCFF882DLG,/experiments/ENCSR140DCD/,0,0,0,0,1,1,0,1,0,0
ENCFF272WGJ,/experiments/ENCSR140QWR/,0,0,0,0,0,0,0,0,1,0
ENCFF931NMQ,/experiments/ENCSR140QWR/,0,0,0,0,0,0,0,0,1,0
ENCFF948BDY,/experiments/ENCSR140QWR/,0,0,0,0,0,0,0,0,1,0
ENCFF698XCB,/experiments/ENCSR140QWR/,0,0,0,0,0,0,0,0,1,0
ENCFF798TFC,/experiments/ENCSR140QWR/,0,0,0,0,0,0,0,0,1,0
ENCFF450CUC,/experiments/ENCSR140QWR/,0,0,0,0,0,0,0,0,1,0
ENCFF944RHJ,/experiments/ENCSR140QWR/,0,0,0,0,0,0,0,0,1,0
ENCFF248XZC,/experiments/ENCSR140QWR/,0,0,0,0,0,0,0,0,1,0
ENCFF027QGO,/experiments/ENCSR140QWR/,0,0,0,0,0,0,0,0,1,0
ENCFF512LAN,/experiments/ENCSR140QWR/,0,0,0,0,0,0,0,0,1,0
ENCFF818ZJQ,/experiments/ENCSR140QWR/,0,0,0,0,0,0,0,0,1,0
ENCFF068KDU,/experiments/ENCSR140QWR/,0,0,0,0,0,0,0,0,1,0
ENCFF803ZUN,/experiments/ENCSR140QWR/,0,0,0,0,0,0,0,0,1,0
ENCFF640RWH,/experiments/ENCSR140QWR/,0,0,0,0,0,0,0,0,1,0
ENCFF504PGI,/experiments/ENCSR140QWR/,0,0,0,0,0,0,0,0,1,0
ENCFF562MVN,/experiments/ENCSR140QWR/,0,0,0,0,0,0,0,0,1,0
ENCFF255XDN,/experiments/ENCSR140QWR/,0,0,0,0,0,0,0,0,1,0
ENCFF585CYT,/experiments/ENCSR140QWR/,0,0,0,0,0,0,0,0,1,0
ENCFF310HAL,/experiments/ENCSR140QWR/,0,0,0,0,0,0,0,0,1,0
ENCFF260BJB,/experiments/ENCSR140QWR/,0,0,0,0,0,0,0,0,1,0
ENCFF080BTV,/experiments/ENCSR140QWR/,0,0,0,0,0,0,0,0,1,0
ENCFF726EJA,/experiments/ENCSR144UVO/,0,0,0,0,1,0,1,0,0,0
ENCFF610CFP,/experiments/ENCSR144UVO/,0,0,0,0,1,0,1,0,0,0
ENCFF988LSJ,/experiments/ENCSR144UVO/,0,0,0,0,1,0,1,0,0,0
ENCFF124HXV,/experiments/ENCSR146GSS/,0,0,1,1,0,0,0,0,1,0
ENCFF704XUO,/experiments/ENCSR146GSS/,0,0,1,1,0,0,0,0,1,0
ENCFF176RQH,/experiments/ENCSR146LBD/,0,0,0,0,0,0,0,1,0,0
ENCFF947BAG,/experiments/ENCSR146PLL/,0,0,0,0,0,0,0,0,0,0
ENCFF585GDV,/experiments/ENCSR146ZKR/,0,0,0,0,0,0,0,0,1,0
ENCFF009FJF,/experiments/ENCSR146ZKR/,0,0,0,0,0,0,0,0,1,0
ENCFF239HQW,/experiments/ENCSR146ZKR/,0,0,0,0,0,0,0,0,1,0
ENCFF696FZH,/experiments/ENCSR146ZKR/,0,0,0,0,0,0,0,0,1,0
ENCFF010GMG,/experiments/ENCSR146ZKR/,0,0,0,0,0,0,0,0,1,0
ENCFF701RJG,/experiments/ENCSR146ZKR/,0,0,0,0,0,0,0,0,1,0
ENCFF438IFL,/experiments/ENCSR146ZKR/,0,0,0,0,0,0,0,0,1,0
ENCFF511HYT,/experiments/ENCSR146ZKR/,0,0,0,0,0,0,0,0,1,0
ENCFF850IKZ,/experiments/ENCSR146ZKR/,0,0,0,0,0,0,0,0,1,0
ENCFF861IXM,/experiments/ENCSR146ZKR/,0,0,0,0,0,0,0,0,1,0
ENCFF850NQK,/experiments/ENCSR146ZKR/,0,0,0,0,0,0,0,0,1,0
ENCFF817UJE,/experiments/ENCSR146ZKR/,0,0,0,0,0,0,0,0,1,0
ENCFF817TDB,/experiments/ENCSR146ZKR/,0,0,0,0,0,0,0,0,1,0
ENCFF125WYG,/experiments/ENCSR146ZLV/,1,0,0,0,0,1,0,0,0,0
ENCFF918GUY,/experiments/ENCSR146ZSP/,0,0,0,0,0,0,0,0,0,0
ENCFF482GFQ,/experiments/ENCSR146ZSP/,0,0,0,0,0,0,0,0,0,0
ENCFF385PRM,/experiments/ENCSR146ZSP/,0,0,0,0,0,0,0,0,0,0
ENCFF483BWF,/experiments/ENCSR146ZSP/,0,0,0,0,0,0,0,0,0,0
ENCFF113VNY,/experiments/ENCSR146ZSP/,0,0,0,0,0,0,0,0,0,0
ENCFF971ALZ,/experiments/ENCSR146ZSP/,0,0,0,0,0,0,0,0,0,0
ENCFF180MTM,/experiments/ENCSR149AHS/,0,0,1,0,1,0,0,0,1,0
ENCFF063CEM,/experiments/ENCSR150CUE/,1,0,1,1,1,0,0,0,0,1
ENCFF500NCE,/experiments/ENCSR150CUE/,1,0,1,1,1,0,0,0,0,1
ENCFF676PFC,/experiments/ENCSR150CUE/,1,0,1,1,1,0,0,0,0,1
ENCFF878OGG,/experiments/ENCSR150CUE/,1,0,1,1,1,0,0,0,0,1
ENCFF796HDN,/experiments/ENCSR150JIX/,0,0,1,1,0,0,0,0,0,0
ENCFF463TUV,/experiments/ENCSR150QJY/,1,0,0,0,0,0,0,0,1,0
ENCFF986QPM,/experiments/ENCSR151FXS/,0,0,0,0,0,0,0,0,0,0
ENCFF020XWU,/experiments/ENCSR151FXS/,0,0,0,0,0,0,0,0,0,0
ENCFF662UOH,/experiments/ENCSR151NGC/,0,0,1,0,0,1,0,0,0,0
ENCFF667IFB,/experiments/ENCSR151NGC/,0,0,1,0,0,1,0,0,0,0
ENCFF670CEF,/experiments/ENCSR152BBF/,0,0,0,0,0,0,0,0,1,0
ENCFF144HUJ,/experiments/ENCSR152FDX/,0,1,0,0,0,0,0,0,0,0
ENCFF111XOI,/experiments/ENCSR152FDX/,0,1,0,0,0,0,0,0,0,0
ENCFF759WDO,/experiments/ENCSR153YLH/,0,0,0,0,0,0,0,1,0,0
ENCFF223SMG,/experiments/ENCSR153YLH/,0,0,0,0,0,0,0,1,0,0
ENCFF603QSQ,/experiments/ENCSR153YLH/,0,0,0,0,0,0,0,1,0,0
ENCFF394AUR,/experiments/ENCSR153YLH/,0,0,0,0,0,0,0,1,0,0
ENCFF106RLX,/experiments/ENCSR153YLH/,0,0,0,0,0,0,0,1,0,0
ENCFF680OWA,/experiments/ENCSR153YLH/,0,0,0,0,0,0,0,1,0,0
ENCFF781XUM,/experiments/ENCSR153YLH/,0,0,0,0,0,0,0,1,0,0
ENCFF936DQW,/experiments/ENCSR153YLH/,0,0,0,0,0,0,0,1,0,0
ENCFF453MPR,/experiments/ENCSR153YLH/,0,0,0,0,0,0,0,1,0,0
ENCFF080DNG,/experiments/ENCSR153YLH/,0,0,0,0,0,0,0,1,0,0
ENCFF974XWJ,/experiments/ENCSR153YLH/,0,0,0,0,0,0,0,1,0,0
ENCFF593TQB,/experiments/ENCSR153YLH/,0,0,0,0,0,0,0,1,0,0
ENCFF310WDZ,/experiments/ENCSR153YLH/,0,0,0,0,0,0,0,1,0,0
ENCFF655KBW,/experiments/ENCSR153YLH/,0,0,0,0,0,0,0,1,0,0
ENCFF840EFC,/experiments/ENCSR153YLH/,0,0,0,0,0,0,0,1,0,0
ENCFF022ACG,/experiments/ENCSR153YLH/,0,0,0,0,0,0,0,1,0,0
ENCFF848LWJ,/experiments/ENCSR153YLH/,0,0,0,0,0,0,0,1,0,0
ENCFF308WGP,/experiments/ENCSR153YLH/,0,0,0,0,0,0,0,1,0,0
ENCFF658NHH,/experiments/ENCSR153YLH/,0,0,0,0,0,0,0,1,0,0
ENCFF996AOW,/experiments/ENCSR153YLH/,0,0,0,0,0,0,0,1,0,0
ENCFF221ZQB,/experiments/ENCSR153YLH/,0,0,0,0,0,0,0,1,0,0
ENCFF466JVX,/experiments/ENCSR154PNU/,0,0,0,1,0,0,1,0,0,0
ENCFF695DUV,/experiments/ENCSR154TDP/,0,0,0,0,0,0,1,0,0,0
ENCFF990TNJ,/experiments/ENCSR154TDP/,0,0,0,0,0,0,1,0,0,0
ENCFF863XZT,/experiments/ENCSR154TDP/,0,0,0,0,0,0,1,0,0,0
ENCFF468HRQ,/experiments/ENCSR154TDP/,0,0,0,0,0,0,1,0,0,0
ENCFF903UKR,/experiments/ENCSR155ZTO/,0,0,0,1,1,0,0,0,0,0
ENCFF243MWJ,/experiments/ENCSR155ZTO/,0,0,0,1,1,0,0,0,0,0
ENCFF224GAD,/experiments/ENCSR155ZTO/,0,0,0,1,1,0,0,0,0,0
ENCFF992NFR,/experiments/ENCSR155ZTO/,0,0,0,1,1,0,0,0,0,0
ENCFF254MLV,/experiments/ENCSR155ZTO/,0,0,0,1,1,0,0,0,0,0
ENCFF422ATU,/experiments/ENCSR156DUX/,0,0,0,0,0,0,0,0,0,0
ENCFF273TLO,/experiments/ENCSR156DUX/,0,0,0,0,0,0,0,0,0,0
ENCFF792XYG,/experiments/ENCSR156DUX/,0,0,0,0,0,0,0,0,0,0
ENCFF027IIP,/experiments/ENCSR156DUX/,0,0,0,0,0,0,0,0,0,0
ENCFF400XLQ,/experiments/ENCSR156DUX/,0,0,0,0,0,0,0,0,0,0
ENCFF789LUC,/experiments/ENCSR156DUX/,0,0,0,0,0,0,0,0,0,0
ENCFF896MQK,/experiments/ENCSR156DUX/,0,0,0,0,0,0,0,0,0,0
ENCFF388VPC,/experiments/ENCSR158IHB/,0,0,0,0,0,1,0,0,0,0
ENCFF923TZD,/experiments/ENCSR158KFO/,0,0,0,0,0,0,0,0,0,0
ENCFF625ADV,/experiments/ENCSR158VWD/,0,0,1,0,0,0,0,0,0,0
ENCFF027RRZ,/experiments/ENCSR158WTT/,0,1,0,0,0,1,0,1,0,1
ENCFF581KUX,/experiments/ENCSR158WTT/,0,1,0,0,0,1,0,1,0,1
ENCFF115LWP,/experiments/ENCSR158WTT/,0,1,0,0,0,1,0,1,0,1
ENCFF033ZUH,/experiments/ENCSR158WTT/,0,1,0,0,0,1,0,1,0,1
ENCFF410KEZ,/experiments/ENCSR158XIJ/,0,0,0,0,0,0,1,0,0,0
ENCFF745HSV,/experiments/ENCSR159CPE/,0,0,0,0,0,1,0,0,0,0
ENCFF494YXM,/experiments/ENCSR159CPE/,0,0,0,0,0,1,0,0,0,0
ENCFF934ULS,/experiments/ENCSR159CPE/,0,0,0,0,0,1,0,0,0,0
ENCFF074HUJ,/experiments/ENCSR159CPE/,0,0,0,0,0,1,0,0,0,0
ENCFF910ESY,/experiments/ENCSR159CPE/,0,0,0,0,0,1,0,0,0,0
ENCFF160HKC,/experiments/ENCSR159CPE/,0,0,0,0,0,1,0,0,0,0
ENCFF196PBF,/experiments/ENCSR159CPE/,0,0,0,0,0,1,0,0,0,0
ENCFF698LQF,/experiments/ENCSR159CPE/,0,0,0,0,0,1,0,0,0,0
ENCFF881UBL,/experiments/ENCSR159CPE/,0,0,0,0,0,1,0,0,0,0
ENCFF234MZC,/experiments/ENCSR159CPE/,0,0,0,0,0,1,0,0,0,0
ENCFF040EEJ,/experiments/ENCSR159CPE/,0,0,0,0,0,1,0,0,0,0
ENCFF639RWJ,/experiments/ENCSR159CPE/,0,0,0,0,0,1,0,0,0,0
ENCFF924VRI,/experiments/ENCSR159CPE/,0,0,0,0,0,1,0,0,0,0
ENCFF092YWY,/experiments/ENCSR159CPE/,0,0,0,0,0,1,0,0,0,0
ENCFF913CFN,/experiments/ENCSR159CPE/,0,0,0,0,0,1,0,0,0,0
ENCFF540XSD,/experiments/ENCSR159CPE/,0,0,0,0,0,1,0,0,0,0
ENCFF881TID,/experiments/ENCSR159CPE/,0,0,0,0,0,1,0,0,0,0
ENCFF794FBC,/experiments/ENCSR159CPE/,0,0,0,0,0,1,0,0,0,0
ENCFF727WWV,/experiments/ENCSR159CPE/,0,0,0,0,0,1,0,0,0,0
ENCFF581WWO,/experiments/ENCSR159CPE/,0,0,0,0,0,1,0,0,0,0
ENCFF136POG,/experiments/ENCSR159CPE/,0,0,0,0,0,1,0,0,0,0
ENCFF954UXK,/experiments/ENCSR159UIB/,1,0,0,0,0,1,0,1,0,1
ENCFF896COV,/experiments/ENCSR160IIN/,0,0,0,0,1,0,0,0,1,1
ENCFF329ACL,/experiments/ENCSR160IIN/,0,0,0,0,1,0,0,0,1,1
ENCFF251LNG,/experiments/ENCSR160IIN/,0,0,0,0,1,0,0,0,1,1
ENCFF493PDU,/experiments/ENCSR160UAZ/,0,0,0,0,1,1,0,0,0,1
ENCFF661UEI,/experiments/ENCSR161RSX/,0,0,0,0,1,0,0,0,0,0
ENCFF689CYC,/experiments/ENCSR161RSX/,0,0,0,0,1,0,0,0,0,0
ENCFF781QJD,/experiments/ENCSR162SPJ/,1,1,1,0,0,1,1,0,0,0
ENCFF871XHK,/experiments/ENCSR164BAZ/,0,0,0,0,0,0,0,0,1,0
ENCFF104UFH,/experiments/ENCSR164BAZ/,0,0,0,0,0,0,0,0,1,0
ENCFF245VCF,/experiments/ENCSR164OCT/,0,0,0,0,0,0,0,1,0,1
ENCFF761PVR,/experiments/ENCSR164OCT/,0,0,0,0,0,0,0,1,0,1
ENCFF820HXG,/experiments/ENCSR164XXE/,1,0,1,0,0,0,0,0,0,0
ENCFF497MIN,/experiments/ENCSR164XXE/,1,0,1,0,0,0,0,0,0,0
ENCFF922URO,/experiments/ENCSR164XXE/,1,0,1,0,0,0,0,0,0,0
ENCFF805OML,/experiments/ENCSR164XXE/,1,0,1,0,0,0,0,0,0,0
ENCFF212SUF,/experiments/ENCSR165EQJ/,0,0,1,0,0,0,1,0,0,1
ENCFF463MWI,/experiments/ENCSR165EQJ/,0,0,1,0,0,0,1,0,0,1
ENCFF611CPB,/experiments/ENCSR165GPK/,0,0,0,0,0,0,1,0,1,0
ENCFF093MKC,/experiments/ENCSR165GPK/,0,0,0,0,0,0,1,0,1,0
ENCFF285WWW,/experiments/ENCSR165QTZ/,0,0,0,0,0,0,0,0,0,0
ENCFF840RAF,/experiments/ENCSR166IFS/,0,1,0,0,0,0,0,1,0,1
ENCFF327CUT,/experiments/ENCSR166IFS/,0,1,0,0,0,0,0,1,0,1
ENCFF307SWC,/experiments/ENCSR166IFS/,0,1,0,0,0,0,0,1,0,1
ENCFF331FNA,/experiments/ENCSR166QLP/,0,1,0,1,0,0,0,0,0,0
ENCFF447UEE,/experiments/ENCSR166QLP/,0,1,0,1,0,0,0,0,0,0
ENCFF234LUQ,/experiments/ENCSR167IUG/,1,0,0,0,0,0,0,0,1,0
ENCFF858XAB,/experiments/ENCSR167NUS/,1,0,0,0,0,0,0,0,0,0
ENCFF243EFJ,/experiments/ENCSR168PXI/,0,0,0,0,0,0,0,0,0,0
ENCFF871VHX,/experiments/ENCSR168PXI/,0,0,0,0,0,0,0,0,0,0
ENCFF163JGI,/experiments/ENCSR168PXI/,0,0,0,0,0,0,0,0,0,0
ENCFF759BBO,/experiments/ENCSR168PXI/,0,0,0,0,0,0,0,0,0,0
ENCFF850WIJ,/experiments/ENCSR168PXI/,0,0,0,0,0,0,0,0,0,0
ENCFF903KTO,/experiments/ENCSR168PXI/,0,0,0,0,0,0,0,0,0,0
ENCFF113QSY,/experiments/ENCSR170KKZ/,0,0,0,0,1,0,0,0,0,0
ENCFF726JAO,/experiments/ENCSR170KKZ/,0,0,0,0,1,0,0,0,0,0
ENCFF933LCA,/experiments/ENCSR170SVO/,1,0,1,1,0,0,0,0,0,0
ENCFF996KVO,/experiments/ENCSR170SVO/,1,0,1,1,0,0,0,0,0,0
ENCFF769CTV,/experiments/ENCSR171CLQ/,0,0,0,0,0,0,0,0,0,1
ENCFF287KDR,/experiments/ENCSR171WZJ/,0,1,0,0,0,0,0,0,0,1
ENCFF600AGS,/experiments/ENCSR171WZJ/,0,1,0,0,0,0,0,0,0,1
ENCFF589MBR,/experiments/ENCSR171WZJ/,0,1,0,0,0,0,0,0,0,1
ENCFF229AIZ,/experiments/ENCSR171WZJ/,0,1,0,0,0,0,0,0,0,1
ENCFF672HUA,/experiments/ENCSR171WZJ/,0,1,0,0,0,0,0,0,0,1
ENCFF606EDP,/experiments/ENCSR171WZJ/,0,1,0,0,0,0,0,0,0,1
ENCFF126RJS,/experiments/ENCSR171WZJ/,0,1,0,0,0,0,0,0,0,1
ENCFF393UZV,/experiments/ENCSR171WZJ/,0,1,0,0,0,0,0,0,0,1
ENCFF363XWU,/experiments/ENCSR171WZJ/,0,1,0,0,0,0,0,0,0,1
ENCFF449WSS,/experiments/ENCSR171ZNI/,1,1,0,0,1,0,0,1,0,1
ENCFF510LAE,/experiments/ENCSR173MHB/,0,0,0,0,0,0,1,0,0,0
ENCFF694NRG,/experiments/ENCSR173MHB/,0,0,0,0,0,0,1,0,0,0
ENCFF143NRY,/experiments/ENCSR173PJN/,0,0,0,1,0,0,1,0,1,0
ENCFF798JOI,/experiments/ENCSR173PJN/,0,0,0,1,0,0,1,0,1,0
ENCFF367OPA,/experiments/ENCSR173PJN/,0,0,0,1,0,0,1,0,1,0
ENCFF929PSZ,/experiments/ENCSR173PJN/,0,0,0,1,0,0,1,0,1,0
ENCFF280FJO,/experiments/ENCSR174ESD/,1,0,0,0,0,0,0,0,0,0
ENCFF649RZG,/experiments/ENCSR175CNQ/,0,0,0,0,0,0,0,1,0,0
ENCFF199PMN,/experiments/ENCSR175CNQ/,0,0,0,0,0,0,0,1,0,0
ENCFF696ETL,/experiments/ENCSR176KEW/,0,0,0,1,0,0,1,0,1,0
ENCFF567KUC,/experiments/ENCSR176WMG/,0,0,0,0,0,0,0,0,0,0
ENCFF069IMZ,/experiments/ENCSR177CWW/,0,0,0,0,0,0,0,0,0,1
ENCFF442XPN,/experiments/ENCSR177XCG/,0,0,0,0,0,1,0,1,0,0
ENCFF054ZHO,/experiments/ENCSR177XCG/,0,0,0,0,0,1,0,1,0,0
ENCFF101BTX,/experiments/ENCSR178GUS/,0,0,0,0,0,1,1,0,0,0
ENCFF071QDU,/experiments/ENCSR178GUS/,0,0,0,0,0,1,1,0,0,0
ENCFF807MPL,/experiments/ENCSR178GUS/,0,0,0,0,0,1,1,0,0,0
ENCFF301EKO,/experiments/ENCSR178GUS/,0,0,0,0,0,1,1,0,0,0
ENCFF875NIU,/experiments/ENCSR178SNP/,0,0,0,0,0,0,0,0,0,0
ENCFF902XHK,/experiments/ENCSR181KQJ/,1,0,0,0,1,0,0,0,1,1
ENCFF533AUL,/experiments/ENCSR181KQJ/,1,0,0,0,1,0,0,0,1,1
ENCFF936SLY,/experiments/ENCSR181ZGR/,0,0,0,0,0,0,0,0,0,1
ENCFF713MNU,/experiments/ENCSR181ZGR/,0,0,0,0,0,0,0,0,0,1
ENCFF091UZU,/experiments/ENCSR182CBU/,0,0,0,0,0,0,0,0,0,0
ENCFF854BSK,/experiments/ENCSR184LTL/,1,0,0,0,0,0,1,1,0,0
ENCFF126IRS,/experiments/ENCSR185LWM/,0,0,0,0,0,0,0,0,1,0
ENCFF270GKY,/experiments/ENCSR185LWM/,0,0,0,0,0,0,0,0,1,0
ENCFF748SRJ,/experiments/ENCSR185LWM/,0,0,0,0,0,0,0,0,1,0
ENCFF460TCF,/experiments/ENCSR185LWM/,0,0,0,0,0,0,0,0,1,0
ENCFF480JIK,/experiments/ENCSR185TQB/,0,0,0,0,0,0,1,0,0,0
ENCFF455UMQ,/experiments/ENCSR194HVU/,0,0,0,0,0,0,0,1,0,0
ENCFF978PHK,/experiments/ENCSR195JRH/,0,1,0,0,0,0,0,0,0,1
ENCFF071VPR,/experiments/ENCSR195JRH/,0,1,0,0,0,0,0,0,0,1
ENCFF616EBA,/experiments/ENCSR195JXZ/,1,0,0,0,0,0,0,1,0,0
ENCFF745KTZ,/experiments/ENCSR195JXZ/,1,0,0,0,0,0,0,1,0,0
ENCFF142GVT,/experiments/ENCSR195JXZ/,1,0,0,0,0,0,0,1,0,0
ENCFF142DEE,/experiments/ENCSR195JXZ/,1,0,0,0,0,0,0,1,0,0
ENCFF641JYL,/experiments/ENCSR195JXZ/,1,0,0,0,0,0,0,1,0,0
ENCFF423SWT,/experiments/ENCSR195JXZ/,1,0,0,0,0,0,0,1,0,0
ENCFF551ZXB,/experiments/ENCSR195JXZ/,1,0,0,0,0,0,0,1,0,0
ENCFF671XPG,/experiments/ENCSR195JXZ/,1,0,0,0,0,0,0,1,0,0
ENCFF492MMP,/experiments/ENCSR195JXZ/,1,0,0,0,0,0,0,1,0,0
ENCFF200LOG,/experiments/ENCSR195JXZ/,1,0,0,0,0,0,0,1,0,0
ENCFF197NCG,/experiments/ENCSR195UUB/,0,0,0,0,0,0,0,0,0,0
ENCFF306ADU,/experiments/ENCSR195UUB/,0,0,0,0,0,0,0,0,0,0
ENCFF342GAL,/experiments/ENCSR195UUB/,0,0,0,0,0,0,0,0,0,0
ENCFF667KKO,/experiments/ENCSR195UUB/,0,0,0,0,0,0,0,0,0,0
ENCFF970FKA,/experiments/ENCSR196KBV/,0,0,0,0,0,0,0,0,0,0
ENCFF238NVY,/experiments/ENCSR197GCF/,0,0,0,0,0,0,0,0,0,0
ENCFF044MUT,/experiments/ENCSR198JTV/,0,0,0,0,0,0,0,1,0,0
ENCFF192HMZ,/experiments/ENCSR198JTV/,0,0,0,0,0,0,0,1,0,0
ENCFF240RDE,/experiments/ENCSR198QAJ/,1,0,0,0,0,0,0,1,0,1
ENCFF142YQX,/experiments/ENCSR198TKA/,0,0,0,0,0,1,0,0,1,0
ENCFF644UKX,/experiments/ENCSR198TKA/,0,0,0,0,0,1,0,0,1,0
ENCFF686KMX,/experiments/ENCSR201FJT/,0,0,0,1,1,1,0,0,0,0
ENCFF134HVE,/experiments/ENCSR201FJT/,0,0,0,1,1,1,0,0,0,0
ENCFF394ODW,/experiments/ENCSR201WVA/,1,0,0,0,0,0,0,1,0,0
ENCFF005NLJ,/experiments/ENCSR201WVA/,1,0,0,0,0,0,0,1,0,0
ENCFF388ZFO,/experiments/ENCSR201XOZ/,0,0,0,0,0,0,0,0,0,0
ENCFF795GON,/experiments/ENCSR201XOZ/,0,0,0,0,0,0,0,0,0,0
ENCFF975BSP,/experiments/ENCSR202OWR/,0,1,0,0,0,0,0,0,0,0
ENCFF744GTI,/experiments/ENCSR203UYT/,0,0,0,0,1,0,0,1,0,1
ENCFF080RCY,/experiments/ENCSR203UYT/,0,0,0,0,1,0,0,1,0,1
ENCFF273DPB,/experiments/ENCSR203UYT/,0,0,0,0,1,0,0,1,0,1
ENCFF578KTH,/experiments/ENCSR203UYT/,0,0,0,0,1,0,0,1,0,1
ENCFF656LLR,/experiments/ENCSR203UYT/,0,0,0,0,1,0,0,1,0,1
ENCFF367GLI,/experiments/ENCSR203UYT/,0,0,0,0,1,0,0,1,0,1
ENCFF579ROX,/experiments/ENCSR203UYT/,0,0,0,0,1,0,0,1,0,1
ENCFF256AQJ,/experiments/ENCSR203UYT/,0,0,0,0,1,0,0,1,0,1
ENCFF993WUV,/experiments/ENCSR204XBB/,1,0,0,1,0,0,0,1,0,0
ENCFF804VPC,/experiments/ENCSR206KFV/,0,0,0,0,0,0,0,1,0,1
ENCFF859KFD,/experiments/ENCSR206KFV/,0,0,0,0,0,0,0,1,0,1
ENCFF958QLT,/experiments/ENCSR209TIR/,1,0,0,0,0,0,0,0,0,0
ENCFF541BAN,/experiments/ENCSR211CKX/,0,0,0,0,0,0,1,0,1,0
ENCFF391AJE,/experiments/ENCSR212AMA/,1,0,0,1,0,0,0,0,0,1
ENCFF593YDL,/experiments/ENCSR214NBT/,1,1,0,0,0,0,0,1,0,0
ENCFF597KYV,/experiments/ENCSR215KUO/,0,0,1,1,0,0,0,1,0,0
ENCFF040NYU,/experiments/ENCSR215KUO/,0,0,1,1,0,0,0,1,0,0
ENCFF161LEK,/experiments/ENCSR216KLZ/,1,0,0,0,0,0,0,0,1,0
ENCFF492PRP,/experiments/ENCSR216KLZ/,1,0,0,0,0,0,0,0,1,0
ENCFF235PJS,/experiments/ENCSR216NEG/,0,0,0,1,1,0,0,0,0,0
ENCFF184ELK,/experiments/ENCSR216NEG/,0,0,0,1,1,0,0,0,0,0
ENCFF780HRS,/experiments/ENCSR216NEG/,0,0,0,1,1,0,0,0,0,0
ENCFF682WAX,/experiments/ENCSR216NEG/,0,0,0,1,1,0,0,0,0,0
ENCFF089IMF,/experiments/ENCSR216RNR/,0,0,0,0,0,0,1,0,0,1
ENCFF780TUN,/experiments/ENCSR219DFA/,0,0,1,0,1,0,0,0,0,0
ENCFF621PKT,/experiments/ENCSR219DFA/,0,0,1,0,1,0,0,0,0,0
ENCFF023RRS,/experiments/ENCSR219DFA/,0,0,1,0,1,0,0,0,0,0
ENCFF221JIC,/experiments/ENCSR219DFA/,0,0,1,0,1,0,0,0,0,0
ENCFF907HVO,/experiments/ENCSR219DFA/,0,0,1,0,1,0,0,0,0,0
ENCFF347UAC,/experiments/ENCSR219DFA/,0,0,1,0,1,0,0,0,0,0
ENCFF114PSQ,/experiments/ENCSR219DFA/,0,0,1,0,1,0,0,0,0,0
ENCFF902GVX,/experiments/ENCSR219DFA/,0,0,1,0,1,0,0,0,0,0
ENCFF385MVU,/experiments/ENCSR219DFA/,0,0,1,0,1,0,0,0,0,0
ENCFF764EJV,/experiments/ENCSR219DFA/,0,0,1,0,1,0,0,0,0,0
ENCFF487DYP,/experiments/ENCSR219ZXZ/,1,0,0,0,1,1,0,1,0,1
ENCFF587VDB,/experiments/ENCSR219ZXZ/,1,0,0,0,1,1,0,1,0,1
ENCFF527HNS,/experiments/ENCSR222IGR/,1,0,0,0,1,0,0,1,0,0
ENCFF771CUA,/experiments/ENCSR223DWL/,0,0,0,0,1,1,1,1,0,1
ENCFF249VGK,/experiments/ENCSR223DWL/,0,0,0,0,1,1,1,1,0,1
ENCFF338LFG,/experiments/ENCSR224FMP/,0,0,1,0,0,0,1,0,1,0
ENCFF900AIQ,/experiments/ENCSR224FMP/,0,0,1,0,0,0,1,0,1,0
ENCFF094RHV,/experiments/ENCSR224FMP/,0,0,1,0,0,0,1,0,1,0
ENCFF983GRF,/experiments/ENCSR224FMP/,0,0,1,0,0,0,1,0,1,0
ENCFF172DMS,/experiments/ENCSR224FMP/,0,0,1,0,0,0,1,0,1,0
ENCFF673GRZ,/experiments/ENCSR224FMP/,0,0,1,0,0,0,1,0,1,0
ENCFF723QWN,/experiments/ENCSR224FMP/,0,0,1,0,0,0,1,0,1,0
ENCFF243TPB,/experiments/ENCSR224FMP/,0,0,1,0,0,0,1,0,1,0
ENCFF512XKX,/experiments/ENCSR224FMP/,0,0,1,0,0,0,1,0,1,0
ENCFF838BEV,/experiments/ENCSR224FMP/,0,0,1,0,0,0,1,0,1,0
ENCFF606XHA,/experiments/ENCSR224FMP/,0,0,1,0,0,0,1,0,1,0
ENCFF009AON,/experiments/ENCSR224FMP/,0,0,1,0,0,0,1,0,1,0
ENCFF623HYF,/experiments/ENCSR224PTG/,0,1,0,1,0,0,1,0,0,1
ENCFF071HUR,/experiments/ENCSR224PTG/,0,1,0,1,0,0,1,0,0,1
ENCFF827RJK,/experiments/ENCSR224PTG/,0,1,0,1,0,0,1,0,0,1
ENCFF750VHW,/experiments/ENCSR224PTG/,0,1,0,1,0,0,1,0,0,1
ENCFF906OKN,/experiments/ENCSR226KML/,1,0,0,0,0,0,0,0,0,0
ENCFF817RIH,/experiments/ENCSR227MWL/,1,0,0,0,0,0,0,0,1,0
ENCFF735ALJ,/experiments/ENCSR229JRA/,0,1,0,0,0,0,1,0,0,0
ENCFF558MIN,/experiments/ENCSR229LFK/,1,1,0,1,0,0,0,0,0,0
ENCFF751ZMF,/experiments/ENCSR230KVL/,0,0,0,1,0,0,0,0,0,0
ENCFF298JZG,/experiments/ENCSR231ICM/,1,0,0,0,1,1,0,0,0,0
ENCFF528CBF,/experiments/ENCSR232TFT/,0,0,0,0,0,0,0,0,0,0
ENCFF163LPQ,/experiments/ENCSR232TFT/,0,0,0,0,0,0,0,0,0,0
ENCFF090USB,/experiments/ENCSR232TFT/,0,0,0,0,0,0,0,0,0,0
ENCFF796NHQ,/experiments/ENCSR232TFT/,0,0,0,0,0,0,0,0,0,0
ENCFF996STG,/experiments/ENCSR232TFT/,0,0,0,0,0,0,0,0,0,0
ENCFF007RPT,/experiments/ENCSR232TFT/,0,0,0,0,0,0,0,0,0,0
ENCFF375EMG,/experiments/ENCSR232TFT/,0,0,0,0,0,0,0,0,0,0
ENCFF445BBH,/experiments/ENCSR232TFT/,0,0,0,0,0,0,0,0,0,0
ENCFF344ILW,/experiments/ENCSR232TFT/,0,0,0,0,0,0,0,0,0,0
ENCFF514JOV,/experiments/ENCSR232TFT/,0,0,0,0,0,0,0,0,0,0
ENCFF048IBL,/experiments/ENCSR232TFT/,0,0,0,0,0,0,0,0,0,0
ENCFF274WSX,/experiments/ENCSR232TFT/,0,0,0,0,0,0,0,0,0,0
ENCFF725RXU,/experiments/ENCSR232TFT/,0,0,0,0,0,0,0,0,0,0
ENCFF116MYR,/experiments/ENCSR232TFT/,0,0,0,0,0,0,0,0,0,0
ENCFF059IQN,/experiments/ENCSR232TFT/,0,0,0,0,0,0,0,0,0,0
ENCFF159OVE,/experiments/ENCSR232TFT/,0,0,0,0,0,0,0,0,0,0
ENCFF424DEO,/experiments/ENCSR233IJT/,0,1,0,0,0,0,0,0,0,1
ENCFF393GQZ,/experiments/ENCSR233IJT/,0,1,0,0,0,0,0,0,0,1
ENCFF107XDJ,/experiments/ENCSR233IVG/,0,0,0,0,0,0,0,0,0,0
ENCFF845ZME,/experiments/ENCSR234WEZ/,0,0,0,0,0,1,1,0,0,0
ENCFF354GJS,/experiments/ENCSR234WEZ/,0,0,0,0,0,1,1,0,0,0
ENCFF264JUW,/experiments/ENCSR234WEZ/,0,0,0,0,0,1,1,0,0,0
ENCFF681BAT,/experiments/ENCSR234WEZ/,0,0,0,0,0,1,1,0,0,0
ENCFF955DFH,/experiments/ENCSR234WEZ/,0,0,0,0,0,1,1,0,0,0
ENCFF471XKR,/experiments/ENCSR235PLU/,0,0,0,0,0,0,0,0,0,0
ENCFF170RHF,/experiments/ENCSR236OON/,0,1,0,1,1,0,0,0,1,1
ENCFF592VVB,/experiments/ENCSR236OON/,0,1,0,1,1,0,0,0,1,1
ENCFF216NUY,/experiments/ENCSR236URT/,1,1,0,0,0,0,0,0,0,1
ENCFF261UZT,/experiments/ENCSR236URT/,1,1,0,0,0,0,0,0,0,1
ENCFF090FUJ,/experiments/ENCSR236URT/,1,1,0,0,0,0,0,0,0,1
ENCFF106HJE,/experiments/ENCSR236URT/,1,1,0,0,0,0,0,0,0,1
ENCFF426QFT,/experiments/ENCSR236ZIE/,0,0,1,0,0,0,0,1,0,0
ENCFF106GQS,/experiments/ENCSR236ZIE/,0,0,1,0,0,0,0,1,0,0
ENCFF052WUB,/experiments/ENCSR238FNF/,0,1,0,0,0,1,0,0,1,1
ENCFF369YLA,/experiments/ENCSR238FNF/,0,1,0,0,0,1,0,0,1,1
ENCFF719MSG,/experiments/ENCSR238ZZD/,0,1,0,0,1,0,1,0,0,0
ENCFF337ZBN,/experiments/ENCSR238ZZD/,0,1,0,0,1,0,1,0,0,0
ENCFF683XJX,/experiments/ENCSR239BBI/,0,0,0,1,0,0,0,1,0,0
ENCFF888WFT,/experiments/ENCSR240JQW/,0,0,0,0,0,0,0,0,0,0
ENCFF105LEW,/experiments/ENCSR240JQW/,0,0,0,0,0,0,0,0,0,0
ENCFF738AUB,/experiments/ENCSR241EBI/,0,0,0,0,0,0,0,0,0,1
ENCFF935LAF,/experiments/ENCSR243UCH/,0,0,1,1,0,1,0,0,0,0
ENCFF712DGP,/experiments/ENCSR243UCH/,0,0,1,1,0,1,0,0,0,0
ENCFF945ICZ,/experiments/ENCSR243UCH/,0,0,1,1,0,1,0,0,0,0
ENCFF359GCY,/experiments/ENCSR243UCH/,0,0,1,1,0,1,0,0,0,0
ENCFF586FDS,/experiments/ENCSR244HHV/,0,0,0,0,0,0,0,0,0,0
ENCFF855DOB,/experiments/ENCSR244HHV/,0,0,0,0,0,0,0,0,0,0
ENCFF996KMK,/experiments/ENCSR244ISQ/,0,0,0,0,0,0,0,0,0,0
ENCFF939FVE,/experiments/ENCSR244ISQ/,0,0,0,0,0,0,0,0,0,0
ENCFF215BFI,/experiments/ENCSR245ATJ/,0,1,0,0,0,0,0,1,0,1
ENCFF241KIB,/experiments/ENCSR245ATJ/,0,1,0,0,0,0,0,1,0,1
ENCFF565YJQ,/experiments/ENCSR247IMK/,0,0,0,0,0,1,0,1,0,1
ENCFF389ZWR,/experiments/ENCSR247IMK/,0,0,0,0,0,1,0,1,0,1
ENCFF440IAL,/experiments/ENCSR247QSE/,0,0,0,0,0,1,0,1,0,0
ENCFF548HOL,/experiments/ENCSR247QSE/,0,0,0,0,0,1,0,1,0,0
ENCFF237HDL,/experiments/ENCSR247QSE/,0,0,0,0,0,1,0,1,0,0
ENCFF185TRT,/experiments/ENCSR247QSE/,0,0,0,0,0,1,0,1,0,0
ENCFF848UMJ,/experiments/ENCSR247QSE/,0,0,0,0,0,1,0,1,0,0
ENCFF552LXG,/experiments/ENCSR247QSE/,0,0,0,0,0,1,0,1,0,0
ENCFF948YKH,/experiments/ENCSR247QSE/,0,0,0,0,0,1,0,1,0,0
ENCFF726YTS,/experiments/ENCSR247QSE/,0,0,0,0,0,1,0,1,0,0
ENCFF140WZW,/experiments/ENCSR247QSE/,0,0,0,0,0,1,0,1,0,0
ENCFF485GFE,/experiments/ENCSR247QSE/,0,0,0,0,0,1,0,1,0,0
ENCFF756QJD,/experiments/ENCSR247QSE/,0,0,0,0,0,1,0,1,0,0
ENCFF066UDR,/experiments/ENCSR247QSE/,0,0,0,0,0,1,0,1,0,0
ENCFF597BNT,/experiments/ENCSR247QSE/,0,0,0,0,0,1,0,1,0,0
ENCFF443URE,/experiments/ENCSR247QSE/,0,0,0,0,0,1,0,1,0,0
ENCFF088PZI,/experiments/ENCSR247QSE/,0,0,0,0,0,1,0,1,0,0
ENCFF950FFF,/experiments/ENCSR247QSE/,0,0,0,0,0,1,0,1,0,0
ENCFF167EHX,/experiments/ENCSR247QSE/,0,0,0,0,0,1,0,1,0,0
ENCFF587HBC,/experiments/ENCSR247QSE/,0,0,0,0,0,1,0,1,0,0
ENCFF207RVA,/experiments/ENCSR247QSE/,0,0,0,0,0,1,0,1,0,0
ENCFF179HJV,/experiments/ENCSR247QSE/,0,0,0,0,0,1,0,1,0,0
ENCFF712EKU,/experiments/ENCSR247QSE/,0,0,0,0,0,1,0,1,0,0
ENCFF454ZUS,/experiments/ENCSR248KDJ/,0,1,1,0,1,0,0,0,0,0
ENCFF271OHB,/experiments/ENCSR248KDJ/,0,1,1,0,1,0,0,0,0,0
ENCFF849WWH,/experiments/ENCSR248XKS/,0,0,0,0,0,0,0,0,0,1
ENCFF955YPL,/experiments/ENCSR248XKS/,0,0,0,0,0,0,0,0,0,1
ENCFF101BDM,/experiments/ENCSR249EFE/,0,0,1,1,0,0,1,0,0,0
ENCFF775SSI,/experiments/ENCSR249EFE/,0,0,1,1,0,0,1,0,0,0
ENCFF195JLT,/experiments/ENCSR251XVY/,0,0,0,0,0,0,0,1,0,0
ENCFF023MKT,/experiments/ENCSR251XVY/,0,0,0,0,0,0,0,1,0,0
ENCFF811SIE,/experiments/ENCSR252IPQ/,0,0,0,0,0,0,0,1,0,0
ENCFF320ACJ,/experiments/ENCSR252UHW/,1,0,0,0,0,0,0,0,1,0
ENCFF002DLV,/experiments/ENCSR254JJM/,0,0,0,0,0,0,0,1,0,1
ENCFF002DHN,/experiments/ENCSR254JJM/,0,0,0,0,0,0,0,1,0,1
ENCFF993CAL,/experiments/ENCSR255NYQ/,1,0,0,0,0,0,0,0,0,1
ENCFF482SFO,/experiments/ENCSR255NYQ/,1,0,0,0,0,0,0,0,0,1
ENCFF024AVU,/experiments/ENCSR255OLH/,0,0,1,0,1,0,1,0,1,0
ENCFF509VND,/experiments/ENCSR255OLH/,0,0,1,0,1,0,1,0,1,0
ENCFF056UCN,/experiments/ENCSR255OLH/,0,0,1,0,1,0,1,0,1,0
ENCFF002FAG,/experiments/ENCSR255SDF/,1,0,0,0,0,0,0,1,0,0
ENCFF002FAI,/experiments/ENCSR255SDF/,1,0,0,0,0,0,0,1,0,0
ENCFF351JIL,/experiments/ENCSR255VBV/,0,0,0,0,1,0,0,0,0,1
ENCFF572LNM,/experiments/ENCSR255VBV/,0,0,0,0,1,0,0,0,0,1
ENCFF394GUJ,/experiments/ENCSR255VBV/,0,0,0,0,1,0,0,0,0,1
ENCFF346YSB,/experiments/ENCSR257FJF/,0,0,0,0,0,0,0,0,1,0
ENCFF903MSU,/experiments/ENCSR257FJF/,0,0,0,0,0,0,0,0,1,0
ENCFF404WDI,/experiments/ENCSR257NIR/,0,0,1,0,0,1,0,0,0,0
ENCFF806HEX,/experiments/ENCSR258ELN/,0,0,0,0,0,1,0,0,0,0
ENCFF112UDV,/experiments/ENCSR264IXQ/,0,0,1,1,0,0,0,0,0,0
ENCFF178TDS,/experiments/ENCSR264IXQ/,0,0,1,1,0,0,0,0,0,0
ENCFF484SKN,/experiments/ENCSR264LON/,1,1,0,1,0,0,0,0,0,0
ENCFF935FDG,/experiments/ENCSR264VJN/,0,1,0,1,0,0,0,0,0,1
ENCFF174YBW,/experiments/ENCSR264VJN/,0,1,0,1,0,0,0,0,0,1
ENCFF100YVR,/experiments/ENCSR265EHG/,0,0,0,0,0,0,0,1,0,0
ENCFF098SSN,/experiments/ENCSR265NZF/,0,0,0,0,0,0,0,1,0,0
ENCFF786ZKB,/experiments/ENCSR266ESZ/,0,1,0,1,0,1,0,0,0,1
ENCFF682XSC,/experiments/ENCSR266ESZ/,0,1,0,1,0,1,0,0,0,1
ENCFF102PZP,/experiments/ENCSR266LHQ/,0,0,0,0,0,0,1,1,0,0
ENCFF258ANH,/experiments/ENCSR266PVZ/,0,0,0,0,0,0,0,1,0,0
ENCFF525RWR,/experiments/ENCSR266SBI/,0,0,0,0,0,0,0,0,0,0
ENCFF742QEX,/experiments/ENCSR266SBI/,0,0,0,0,0,0,0,0,0,0
ENCFF498FDF,/experiments/ENCSR266XAJ/,0,0,0,1,0,0,0,1,0,0
ENCFF783SRR,/experiments/ENCSR266XAJ/,0,0,0,1,0,0,0,1,0,0
ENCFF962ARN,/experiments/ENCSR266XAJ/,0,0,0,1,0,0,0,1,0,0
ENCFF656DOO,/experiments/ENCSR267FRL/,0,0,0,0,0,1,0,0,0,0
ENCFF948FIY,/experiments/ENCSR267FRL/,0,0,0,0,0,1,0,0,0,0
ENCFF168WHQ,/experiments/ENCSR269GXO/,1,0,0,0,0,0,0,0,1,1
ENCFF544BEF,/experiments/ENCSR269GXO/,1,0,0,0,0,0,0,0,1,1
ENCFF334RGJ,/experiments/ENCSR269GXO/,1,0,0,0,0,0,0,0,1,1
ENCFF367BBB,/experiments/ENCSR269GXO/,1,0,0,0,0,0,0,0,1,1
ENCFF269UZL,/experiments/ENCSR269GXO/,1,0,0,0,0,0,0,0,1,1
ENCFF322RPT,/experiments/ENCSR270OKS/,1,1,0,0,0,0,0,0,1,0
ENCFF734ZAD,/experiments/ENCSR270OKS/,1,1,0,0,0,0,0,0,1,0
ENCFF975NCY,/experiments/ENCSR270SAI/,0,1,0,1,1,0,0,0,0,0
ENCFF943XKB,/experiments/ENCSR270SAI/,0,1,0,1,1,0,0,0,0,0
ENCFF854KNE,/experiments/ENCSR270SAI/,0,1,0,1,1,0,0,0,0,0
ENCFF284AEN,/experiments/ENCSR270SAI/,0,1,0,1,1,0,0,0,0,0
ENCFF000EDV,/experiments/ENCSR270XRV/,0,1,0,0,0,0,0,0,1,0
ENCFF478YRJ,/experiments/ENCSR272OBW/,1,0,1,0,0,0,0,1,0,0
ENCFF811ZQO,/experiments/ENCSR272OBW/,1,0,1,0,0,0,0,1,0,0
ENCFF275HRX,/experiments/ENCSR272OBW/,1,0,1,0,0,0,0,1,0,0
ENCFF999ZYF,/experiments/ENCSR272OBW/,1,0,1,0,0,0,0,1,0,0
ENCFF158HQO,/experiments/ENCSR272OBW/,1,0,1,0,0,0,0,1,0,0
ENCFF611OFH,/experiments/ENCSR272OBW/,1,0,1,0,0,0,0,1,0,0
ENCFF390AUP,/experiments/ENCSR272OBW/,1,0,1,0,0,0,0,1,0,0
ENCFF279EVY,/experiments/ENCSR272OBW/,1,0,1,0,0,0,0,1,0,0
ENCFF268ZHE,/experiments/ENCSR272OBW/,1,0,1,0,0,0,0,1,0,0
ENCFF505WKA,/experiments/ENCSR272OBW/,1,0,1,0,0,0,0,1,0,0
ENCFF640ENZ,/experiments/ENCSR272UNO/,0,0,0,0,0,0,0,0,0,0
ENCFF456MMS,/experiments/ENCSR274JRR/,1,0,0,1,0,0,1,1,0,0
ENCFF850ZLY,/experiments/ENCSR274JRR/,1,0,0,1,0,0,1,1,0,0
ENCFF961CHP,/experiments/ENCSR275JSL/,0,0,0,0,0,0,1,0,0,1
ENCFF948CNY,/experiments/ENCSR275SNI/,0,0,0,1,0,0,1,0,1,0
ENCFF390XNF,/experiments/ENCSR275SNI/,0,0,0,1,0,0,1,0,1,0
ENCFF378MAM,/experiments/ENCSR275ZLF/,0,0,0,1,0,1,0,0,1,1
ENCFF911BTP,/experiments/ENCSR276MMH/,0,0,0,1,0,1,0,1,0,0
ENCFF976PUJ,/experiments/ENCSR276MMH/,0,0,0,1,0,1,0,1,0,0
ENCFF810CMX,/experiments/ENCSR276QGJ/,0,0,0,0,0,0,0,0,0,0
ENCFF327MSM,/experiments/ENCSR277DPB/,0,0,0,0,0,0,0,0,0,0
ENCFF836JVX,/experiments/ENCSR277DPB/,0,0,0,0,0,0,0,0,0,0
ENCFF611FPK,/experiments/ENCSR277QAN/,0,0,1,0,0,0,0,0,0,0
ENCFF812LAI,/experiments/ENCSR278PZG/,0,0,0,0,1,1,0,0,0,0
ENCFF377OQI,/experiments/ENCSR278PZG/,0,0,0,0,1,1,0,0,0,0
ENCFF118YHP,/experiments/ENCSR278PZG/,0,0,0,0,1,1,0,0,0,0
ENCFF655CUI,/experiments/ENCSR278PZG/,0,0,0,0,1,1,0,0,0,0
ENCFF672WYO,/experiments/ENCSR278PZG/,0,0,0,0,1,1,0,0,0,0
ENCFF647RUH,/experiments/ENCSR278PZG/,0,0,0,0,1,1,0,0,0,0
ENCFF149DFF,/experiments/ENCSR278PZG/,0,0,0,0,1,1,0,0,0,0
ENCFF471JTQ,/experiments/ENCSR278TQR/,1,1,0,0,0,0,1,0,0,1
ENCFF011ZCZ,/experiments/ENCSR278UYN/,0,0,1,1,1,1,0,0,1,1
ENCFF082IPL,/experiments/ENCSR278UYN/,0,0,1,1,1,1,0,0,1,1
ENCFF229FTJ,/experiments/ENCSR278UYN/,0,0,1,1,1,1,0,0,1,1
ENCFF466ACW,/experiments/ENCSR278UYN/,0,0,1,1,1,1,0,0,1,1
ENCFF270ZFQ,/experiments/ENCSR278UYN/,0,0,1,1,1,1,0,0,1,1
ENCFF831RUH,/experiments/ENCSR278UYN/,0,0,1,1,1,1,0,0,1,1
ENCFF172MKI,/experiments/ENCSR278UYN/,0,0,1,1,1,1,0,0,1,1
ENCFF315STZ,/experiments/ENCSR278UYN/,0,0,1,1,1,1,0,0,1,1
ENCFF015WDK,/experiments/ENCSR278UYN/,0,0,1,1,1,1,0,0,1,1
ENCFF809AMQ,/experiments/ENCSR278UYN/,0,0,1,1,1,1,0,0,1,1
ENCFF235LKK,/experiments/ENCSR278UYN/,0,0,1,1,1,1,0,0,1,1
ENCFF854NRK,/experiments/ENCSR278UYN/,0,0,1,1,1,1,0,0,1,1
ENCFF954KQW,/experiments/ENCSR278UYN/,0,0,1,1,1,1,0,0,1,1
ENCFF481HLS,/experiments/ENCSR279VNR/,1,1,0,0,0,0,0,0,0,1
ENCFF525QIM,/experiments/ENCSR280DCZ/,0,0,0,0,0,1,0,0,0,0
ENCFF932SOZ,/experiments/ENCSR280DCZ/,0,0,0,0,0,1,0,0,0,0
ENCFF378GYG,/experiments/ENCSR282GZU/,0,1,0,0,0,0,0,1,0,0
ENCFF303BVO,/experiments/ENCSR282GZU/,0,1,0,0,0,0,0,1,0,0
ENCFF205GJI,/experiments/ENCSR282JJC/,0,1,0,1,1,1,0,0,0,0
ENCFF264DCN,/experiments/ENCSR282JJC/,0,1,0,1,1,1,0,0,0,0
ENCFF381JXP,/experiments/ENCSR282JJC/,0,1,0,1,1,1,0,0,0,0
ENCFF533JUU,/experiments/ENCSR282JJC/,0,1,0,1,1,1,0,0,0,0
ENCFF207OVG,/experiments/ENCSR282JJC/,0,1,0,1,1,1,0,0,0,0
ENCFF179WPT,/experiments/ENCSR282JJC/,0,1,0,1,1,1,0,0,0,0
ENCFF912RLS,/experiments/ENCSR282JJC/,0,1,0,1,1,1,0,0,0,0
ENCFF755FCM,/experiments/ENCSR282JJC/,0,1,0,1,1,1,0,0,0,0
ENCFF420RFN,/experiments/ENCSR282JJC/,0,1,0,1,1,1,0,0,0,0
ENCFF935XRF,/experiments/ENCSR282JJC/,0,1,0,1,1,1,0,0,0,0
ENCFF880FYC,/experiments/ENCSR282JJC/,0,1,0,1,1,1,0,0,0,0
ENCFF527VIY,/experiments/ENCSR282JJC/,0,1,0,1,1,1,0,0,0,0
ENCFF937GBW,/experiments/ENCSR282JJC/,0,1,0,1,1,1,0,0,0,0
ENCFF478FDA,/experiments/ENCSR282JJC/,0,1,0,1,1,1,0,0,0,0
ENCFF952JOG,/experiments/ENCSR282UMY/,1,0,1,0,0,1,0,0,0,1
ENCFF810MMJ,/experiments/ENCSR284AMY/,0,1,0,0,0,0,1,0,1,0
ENCFF677ULG,/experiments/ENCSR284AMY/,0,1,0,0,0,0,1,0,1,0
ENCFF956HCY,/experiments/ENCSR284AMY/,0,1,0,0,0,0,1,0,1,0
ENCFF635VBU,/experiments/ENCSR284AMY/,0,1,0,0,0,0,1,0,1,0
ENCFF646JUX,/experiments/ENCSR284YKY/,0,1,0,0,0,0,1,0,0,1
ENCFF418MSC,/experiments/ENCSR284YKY/,0,1,0,0,0,0,1,0,0,1
ENCFF548GUA,/experiments/ENCSR285WZV/,0,0,0,0,0,0,0,0,0,1
ENCFF706XOL,/experiments/ENCSR285WZV/,0,0,0,0,0,0,0,0,0,1
ENCFF800RTW,/experiments/ENCSR286KWP/,1,1,0,0,0,0,0,0,0,0
ENCFF701RUW,/experiments/ENCSR287DHQ/,0,1,0,0,0,1,0,0,1,1
ENCFF071SMN,/experiments/ENCSR287DHQ/,0,1,0,0,0,1,0,0,1,1
ENCFF933MOZ,/experiments/ENCSR288BJQ/,0,0,0,0,0,0,0,0,0,0
ENCFF862FYE,/experiments/ENCSR288BJQ/,0,0,0,0,0,0,0,0,0,0
ENCFF845NXM,/experiments/ENCSR288BJQ/,0,0,0,0,0,0,0,0,0,0
ENCFF442FJC,/experiments/ENCSR288BJQ/,0,0,0,0,0,0,0,0,0,0
ENCFF447GHB,/experiments/ENCSR288RRZ/,0,1,0,0,0,0,0,0,0,0
ENCFF908IZX,/experiments/ENCSR288RRZ/,0,1,0,0,0,0,0,0,0,0
ENCFF547BPL,/experiments/ENCSR288TLO/,0,0,0,1,0,1,1,1,0,1
ENCFF128KGA,/experiments/ENCSR288TLO/,0,0,0,1,0,1,1,1,0,1
ENCFF479YLJ,/experiments/ENCSR290IHM/,0,0,0,0,0,0,0,1,0,0
ENCFF553BSP,/experiments/ENCSR290RRR/,1,0,0,0,0,0,0,0,1,0
ENCFF775CBB,/experiments/ENCSR290RRR/,1,0,0,0,0,0,0,0,1,0
ENCFF417NAF,/experiments/ENCSR290RRR/,1,0,0,0,0,0,0,0,1,0
ENCFF352EXD,/experiments/ENCSR290RRR/,1,0,0,0,0,0,0,0,1,0
ENCFF470ZTS,/experiments/ENCSR291DJH/,1,0,0,0,0,0,0,1,0,0
ENCFF687XKK,/experiments/ENCSR291DJH/,1,0,0,0,0,0,0,1,0,0
ENCFF472BBU,/experiments/ENCSR291TRJ/,0,0,1,0,0,0,0,1,0,0
ENCFF577LNF,/experiments/ENCSR291TRJ/,0,0,1,0,0,0,0,1,0,0
ENCFF984JOP,/experiments/ENCSR291TRJ/,0,0,1,0,0,0,0,1,0,0
ENCFF789CJC,/experiments/ENCSR291TRJ/,0,0,1,0,0,0,0,1,0,0
ENCFF647TTU,/experiments/ENCSR292LSH/,0,0,0,0,0,0,1,0,0,0
ENCFF478KOR,/experiments/ENCSR292LSH/,0,0,0,0,0,0,1,0,0,0
ENCFF002BEF,/experiments/ENCSR292TAP/,1,0,1,0,0,0,0,0,1,0
ENCFF002BEB,/experiments/ENCSR292TAP/,1,0,1,0,0,0,0,0,1,0
ENCFF347WVW,/experiments/ENCSR292TYT/,0,0,0,0,0,1,0,0,0,1
ENCFF609ZVL,/experiments/ENCSR293FRO/,0,0,0,0,0,1,0,0,0,0
ENCFF603CDF,/experiments/ENCSR294AKN/,0,0,0,0,0,0,0,0,0,0
ENCFF146QRY,/experiments/ENCSR294AKN/,0,0,0,0,0,0,0,0,0,0
ENCFF335BVH,/experiments/ENCSR294NDO/,0,0,0,1,1,0,0,0,0,1
ENCFF852LNM,/experiments/ENCSR294NDO/,0,0,0,1,1,0,0,0,0,1
ENCFF306XSY,/experiments/ENCSR294NDO/,0,0,0,1,1,0,0,0,0,1
ENCFF301BEB,/experiments/ENCSR294NDO/,0,0,0,1,1,0,0,0,0,1
ENCFF928YDQ,/experiments/ENCSR294OOK/,0,0,0,1,0,0,0,1,0,0
ENCFF054EOL,/experiments/ENCSR294OOK/,0,0,0,1,0,0,0,1,0,0
ENCFF753HNF,/experiments/ENCSR294OOK/,0,0,0,1,0,0,0,1,0,0
ENCFF998BIQ,/experiments/ENCSR294OOK/,0,0,0,1,0,0,0,1,0,0
ENCFF267VBU,/experiments/ENCSR294OOK/,0,0,0,1,0,0,0,1,0,0
ENCFF949QCF,/experiments/ENCSR294OOK/,0,0,0,1,0,0,0,1,0,0
ENCFF149BQJ,/experiments/ENCSR294OOK/,0,0,0,1,0,0,0,1,0,0
ENCFF155GUC,/experiments/ENCSR294OOK/,0,0,0,1,0,0,0,1,0,0
ENCFF203EWG,/experiments/ENCSR294OOK/,0,0,0,1,0,0,0,1,0,0
ENCFF741PLM,/experiments/ENCSR294OOK/,0,0,0,1,0,0,0,1,0,0
ENCFF654BXL,/experiments/ENCSR295PZT/,0,0,0,0,1,0,0,0,0,1
ENCFF552NWL,/experiments/ENCSR295PZT/,0,0,0,0,1,0,0,0,0,1
ENCFF120DEX,/experiments/ENCSR295PZT/,0,0,0,0,1,0,0,0,0,1
ENCFF931DDH,/experiments/ENCSR295PZT/,0,0,0,0,1,0,0,0,0,1
ENCFF432ZLQ,/experiments/ENCSR295PZT/,0,0,0,0,1,0,0,0,0,1
ENCFF670YKO,/experiments/ENCSR295PZT/,0,0,0,0,1,0,0,0,0,1
ENCFF439OFV,/experiments/ENCSR295PZT/,0,0,0,0,1,0,0,0,0,1
ENCFF277XPM,/experiments/ENCSR295PZT/,0,0,0,0,1,0,0,0,0,1
ENCFF858CRT,/experiments/ENCSR295PZT/,0,0,0,0,1,0,0,0,0,1
ENCFF678USK,/experiments/ENCSR296LJV/,1,0,0,0,0,0,1,0,0,1
ENCFF878UMC,/experiments/ENCSR296PMS/,0,0,1,0,0,0,1,1,0,0
ENCFF859QAT,/experiments/ENCSR296RWI/,0,1,0,0,0,1,1,0,0,0
ENCFF963DMZ,/experiments/ENCSR297AZN/,0,0,0,0,0,0,0,1,0,0
ENCFF004TYC,/experiments/ENCSR297AZN/,0,0,0,0,0,0,0,1,0,0
ENCFF000CXI,/experiments/ENCSR297UBP/,0,0,1,0,0,1,0,0,0,0
ENCFF000CXH,/experiments/ENCSR297UBP/,0,0,1,0,0,1,0,0,0,0
ENCFF296VFB,/experiments/ENCSR299GYD/,0,0,0,1,1,0,0,0,1,0
ENCFF632LPV,/experiments/ENCSR299GYD/,0,0,0,1,1,0,0,0,1,0
ENCFF952BCB,/experiments/ENCSR300EHA/,0,0,0,0,0,0,0,0,0,0
ENCFF838YLT,/experiments/ENCSR300EHA/,0,0,0,0,0,0,0,0,0,0
ENCFF670FEL,/experiments/ENCSR300EHA/,0,0,0,0,0,0,0,0,0,0
ENCFF683CWD,/experiments/ENCSR300EHA/,0,0,0,0,0,0,0,0,0,0
ENCFF149JNK,/experiments/ENCSR300FPD/,1,0,0,0,0,0,0,0,0,1
ENCFF806IIX,/experiments/ENCSR300FPD/,1,0,0,0,0,0,0,0,0,1
ENCFF159UIU,/experiments/ENCSR300FPD/,1,0,0,0,0,0,0,0,0,1
ENCFF814YHH,/experiments/ENCSR300FPD/,1,0,0,0,0,0,0,0,0,1
ENCFF145DZD,/experiments/ENCSR300FPD/,1,0,0,0,0,0,0,0,0,1
ENCFF697AST,/experiments/ENCSR301QXH/,0,0,0,1,1,1,1,1,0,0
ENCFF609KQB,/experiments/ENCSR301QXH/,0,0,0,1,1,1,1,1,0,0
ENCFF657OJR,/experiments/ENCSR301QXH/,0,0,0,1,1,1,1,1,0,0
ENCFF364LFJ,/experiments/ENCSR301QXH/,0,0,0,1,1,1,1,1,0,0
ENCFF038EIF,/experiments/ENCSR303IRE/,1,1,1,0,0,1,0,0,1,0
ENCFF392PEA,/experiments/ENCSR303IRE/,1,1,1,0,0,1,0,0,1,0
ENCFF528EVC,/experiments/ENCSR304RDL/,0,0,0,1,0,0,1,0,1,0
ENCFF663SNC,/experiments/ENCSR304RDL/,0,0,0,1,0,0,1,0,1,0
ENCFF920CNZ,/experiments/ENCSR304RDL/,0,0,0,1,0,0,1,0,1,0
ENCFF320FJX,/experiments/ENCSR304RDL/,0,0,0,1,0,0,1,0,1,0
ENCFF520PYM,/experiments/ENCSR305NXN/,1,0,1,0,1,0,0,0,0,0
ENCFF592UZR,/experiments/ENCSR306IAW/,0,0,0,0,1,1,0,0,0,1
ENCFF821ASO,/experiments/ENCSR306IAW/,0,0,0,0,1,1,0,0,0,1
ENCFF497SYG,/experiments/ENCSR306IAW/,0,0,0,0,1,1,0,0,0,1
ENCFF820QDC,/experiments/ENCSR306IAW/,0,0,0,0,1,1,0,0,0,1
ENCFF570EMY,/experiments/ENCSR306JBO/,0,0,1,1,1,0,0,0,0,0
ENCFF788ZCR,/experiments/ENCSR306JBO/,0,0,1,1,1,0,0,0,0,0
ENCFF739QUZ,/experiments/ENCSR307BCA/,0,1,0,0,1,0,0,0,1,0
ENCFF348BYM,/experiments/ENCSR307BCA/,0,1,0,0,1,0,0,0,1,0
ENCFF051VXS,/experiments/ENCSR307BCA/,0,1,0,0,1,0,0,0,1,0
ENCFF327YJQ,/experiments/ENCSR307BCA/,0,1,0,0,1,0,0,0,1,0
ENCFF798AHD,/experiments/ENCSR307FAG/,0,0,1,0,0,0,0,0,1,0
ENCFF221FOL,/experiments/ENCSR307PVU/,1,0,0,0,0,0,0,0,0,0
ENCFF097DWN,/experiments/ENCSR307PVU/,1,0,0,0,0,0,0,0,0,0
ENCFF771VEB,/experiments/ENCSR307PVU/,1,0,0,0,0,0,0,0,0,0
ENCFF686VHU,/experiments/ENCSR307PVU/,1,0,0,0,0,0,0,0,0,0
ENCFF764WQH,/experiments/ENCSR307PVU/,1,0,0,0,0,0,0,0,0,0
ENCFF404AQE,/experiments/ENCSR307PZR/,0,1,0,0,0,0,0,0,0,0
ENCFF428VES,/experiments/ENCSR308XAR/,0,0,0,0,0,1,0,0,0,0
ENCFF215EBJ,/experiments/ENCSR308XAR/,0,0,0,0,0,1,0,0,0,0
ENCFF455DHP,/experiments/ENCSR309GVQ/,0,0,0,1,0,0,0,0,0,0
ENCFF002DKR,/experiments/ENCSR310FIS/,0,0,0,0,0,1,1,0,1,0
ENCFF002DKX,/experiments/ENCSR310FIS/,0,0,0,0,0,1,1,0,1,0
ENCFF177LXI,/experiments/ENCSR311OMP/,1,0,1,0,1,0,0,1,0,0
ENCFF358UHV,/experiments/ENCSR311OMP/,1,0,1,0,1,0,0,1,0,0
ENCFF789AOM,/experiments/ENCSR311OMP/,1,0,1,0,1,0,0,1,0,0
ENCFF014CMK,/experiments/ENCSR311OMP/,1,0,1,0,1,0,0,1,0,0
ENCFF454DOT,/experiments/ENCSR311OMP/,1,0,1,0,1,0,0,1,0,0
ENCFF222MKT,/experiments/ENCSR311OMP/,1,0,1,0,1,0,0,1,0,0
ENCFF264PYB,/experiments/ENCSR311OMP/,1,0,1,0,1,0,0,1,0,0
ENCFF932XKS,/experiments/ENCSR311OMP/,1,0,1,0,1,0,0,1,0,0
ENCFF695XIY,/experiments/ENCSR311OMP/,1,0,1,0,1,0,0,1,0,0
ENCFF357AGP,/experiments/ENCSR311OMP/,1,0,1,0,1,0,0,1,0,0
ENCFF719YBM,/experiments/ENCSR313COD/,0,0,0,0,1,0,0,0,0,0
ENCFF985BLV,/experiments/ENCSR314GIF/,0,0,0,0,0,0,0,0,1,0
ENCFF941QCZ,/experiments/ENCSR314GIF/,0,0,0,0,0,0,0,0,1,0
ENCFF283XKV,/experiments/ENCSR314GIF/,0,0,0,0,0,0,0,0,1,0
ENCFF289WHW,/experiments/ENCSR314GIF/,0,0,0,0,0,0,0,0,1,0
ENCFF106RGV,/experiments/ENCSR314GIF/,0,0,0,0,0,0,0,0,1,0
ENCFF795DLS,/experiments/ENCSR314GIF/,0,0,0,0,0,0,0,0,1,0
ENCFF868XLZ,/experiments/ENCSR314GIF/,0,0,0,0,0,0,0,0,1,0
ENCFF251TMY,/experiments/ENCSR314GIF/,0,0,0,0,0,0,0,0,1,0
ENCFF352VWM,/experiments/ENCSR314GIF/,0,0,0,0,0,0,0,0,1,0
ENCFF585YYC,/experiments/ENCSR314GIF/,0,0,0,0,0,0,0,0,1,0
ENCFF002DLL,/experiments/ENCSR314LXG/,0,0,1,0,0,0,1,1,0,1
ENCFF002DLT,/experiments/ENCSR314LXG/,0,0,1,0,0,0,1,1,0,1
ENCFF076NIE,/experiments/ENCSR317HKT/,0,0,1,0,1,0,0,0,0,0
ENCFF812IPI,/experiments/ENCSR317HKT/,0,0,1,0,1,0,0,0,0,0
ENCFF269DXG,/experiments/ENCSR317LMH/,1,1,0,0,0,0,0,0,0,0
ENCFF485HAW,/experiments/ENCSR318WUN/,1,0,0,0,0,0,0,0,0,1
ENCFF015XJT,/experiments/ENCSR319GRO/,0,0,1,0,1,1,0,1,0,0
ENCFF999RKA,/experiments/ENCSR319GRO/,0,0,1,0,1,1,0,1,0,0
ENCFF412VVJ,/experiments/ENCSR320AJD/,0,0,0,0,0,0,0,0,0,0
ENCFF002DID,/experiments/ENCSR320BRR/,0,0,0,0,0,0,0,1,0,0
ENCFF002DLX,/experiments/ENCSR320BRR/,0,0,0,0,0,0,0,1,0,0
ENCFF153XNS,/experiments/ENCSR320OTJ/,0,1,0,0,0,0,0,1,0,0
ENCFF431RAQ,/experiments/ENCSR321PGV/,0,0,0,0,0,0,1,0,0,1
ENCFF453MGJ,/experiments/ENCSR321ROU/,0,0,0,0,0,0,0,1,0,0
ENCFF199IRM,/experiments/ENCSR321WYK/,0,0,0,0,0,0,0,0,0,0
ENCFF860XMD,/experiments/ENCSR321WYK/,0,0,0,0,0,0,0,0,0,0
ENCFF038XGR,/experiments/ENCSR323GUF/,1,1,0,0,0,0,0,0,0,0
ENCFF290PHL,/experiments/ENCSR323YXV/,1,0,0,0,0,1,0,0,1,1
ENCFF605KXY,/experiments/ENCSR325BJP/,0,0,0,0,0,0,0,0,0,0
ENCFF399LOI,/experiments/ENCSR325BJP/,0,0,0,0,0,0,0,0,0,0
ENCFF754JBR,/experiments/ENCSR326PTW/,0,1,0,0,0,0,0,0,0,0
ENCFF741HRD,/experiments/ENCSR326PTW/,0,1,0,0,0,0,0,0,0,0
ENCFF584AMD,/experiments/ENCSR326PTW/,0,1,0,0,0,0,0,0,0,0
ENCFF193XIT,/experiments/ENCSR326PTW/,0,1,0,0,0,0,0,0,0,0
ENCFF149FEQ,/experiments/ENCSR328PVI/,0,0,1,0,0,0,0,1,0,0
ENCFF000DPG,/experiments/ENCSR329MHM/,0,1,0,0,0,0,0,0,1,0
ENCFF000DPK,/experiments/ENCSR329MHM/,0,1,0,0,0,0,0,0,1,0
ENCFF670VVN,/experiments/ENCSR330DDD/,1,0,0,0,1,0,0,1,0,1
ENCFF803OIY,/experiments/ENCSR330DDD/,1,0,0,0,1,0,0,1,0,1
ENCFF273CJD,/experiments/ENCSR330ILI/,0,0,0,0,0,0,0,0,0,0
ENCFF358UFZ,/experiments/ENCSR330ILI/,0,0,0,0,0,0,0,0,0,0
ENCFF970XZM,/experiments/ENCSR330ILI/,0,0,0,0,0,0,0,0,0,0
ENCFF844KCR,/experiments/ENCSR330ILI/,0,0,0,0,0,0,0,0,0,0
ENCFF645QUX,/experiments/ENCSR330ILI/,0,0,0,0,0,0,0,0,0,0
ENCFF982BLT,/experiments/ENCSR330ILI/,0,0,0,0,0,0,0,0,0,0
ENCFF883UYA,/experiments/ENCSR330ILI/,0,0,0,0,0,0,0,0,0,0
ENCFF472YPG,/experiments/ENCSR330ILI/,0,0,0,0,0,0,0,0,0,0
ENCFF960LQP,/experiments/ENCSR330ILI/,0,0,0,0,0,0,0,0,0,0
ENCFF212JFB,/experiments/ENCSR330ILI/,0,0,0,0,0,0,0,0,0,0
ENCFF876MJS,/experiments/ENCSR330ILI/,0,0,0,0,0,0,0,0,0,0
ENCFF262WAE,/experiments/ENCSR330ILI/,0,0,0,0,0,0,0,0,0,0
ENCFF403ORF,/experiments/ENCSR330ILI/,0,0,0,0,0,0,0,0,0,0
ENCFF946AGD,/experiments/ENCSR330ILI/,0,0,0,0,0,0,0,0,0,0
ENCFF994BOT,/experiments/ENCSR330ILI/,0,0,0,0,0,0,0,0,0,0
ENCFF764TGO,/experiments/ENCSR330ILI/,0,0,0,0,0,0,0,0,0,0
ENCFF823PZU,/experiments/ENCSR330ILI/,0,0,0,0,0,0,0,0,0,0
ENCFF755IDE,/experiments/ENCSR330ILI/,0,0,0,0,0,0,0,0,0,0
ENCFF884DLS,/experiments/ENCSR330ILI/,0,0,0,0,0,0,0,0,0,0
ENCFF535YBP,/experiments/ENCSR330ILI/,0,0,0,0,0,0,0,0,0,0
ENCFF105KSL,/experiments/ENCSR330ILI/,0,0,0,0,0,0,0,0,0,0
ENCFF567ORO,/experiments/ENCSR330UMQ/,0,1,0,1,0,0,0,0,0,0
ENCFF014ZBI,/experiments/ENCSR331XCE/,0,0,0,1,1,0,0,0,0,0
ENCFF093ZAR,/experiments/ENCSR331XCE/,0,0,0,1,1,0,0,0,0,0
ENCFF316QLU,/experiments/ENCSR331XCE/,0,0,0,1,1,0,0,0,0,0
ENCFF499WIP,/experiments/ENCSR331XCE/,0,0,0,1,1,0,0,0,0,0
ENCFF332PIT,/experiments/ENCSR332DBS/,1,0,0,0,0,0,0,0,0,0
ENCFF486ONL,/experiments/ENCSR332DBS/,1,0,0,0,0,0,0,0,0,0
ENCFF112SVL,/experiments/ENCSR332MTG/,0,0,0,0,0,0,0,0,0,0
ENCFF995TMT,/experiments/ENCSR332SRS/,0,0,1,0,0,0,1,1,0,0
ENCFF123FVX,/experiments/ENCSR333FZW/,0,0,0,0,0,0,0,0,0,0
ENCFF659JRI,/experiments/ENCSR333FZW/,0,0,0,0,0,0,0,0,0,0
ENCFF479AQV,/experiments/ENCSR335GET/,0,0,1,0,0,0,0,0,0,0
ENCFF948PQF,/experiments/ENCSR336VTK/,0,0,0,0,1,0,0,1,0,0
ENCFF481QOS,/experiments/ENCSR336VTK/,0,0,0,0,1,0,0,1,0,0
ENCFF809CDQ,/experiments/ENCSR336VTK/,0,0,0,0,1,0,0,1,0,0
ENCFF145KJO,/experiments/ENCSR336VTK/,0,0,0,0,1,0,0,1,0,0
ENCFF834WRE,/experiments/ENCSR337FYI/,0,0,1,0,0,1,0,0,1,0
ENCFF528JFG,/experiments/ENCSR337FYI/,0,0,1,0,0,1,0,0,1,0
ENCFF198HBZ,/experiments/ENCSR337FYI/,0,0,1,0,0,1,0,0,1,0
ENCFF758NAG,/experiments/ENCSR337FYI/,0,0,1,0,0,1,0,0,1,0
ENCFF831SYI,/experiments/ENCSR338WIW/,1,0,0,0,0,0,0,0,0,1
ENCFF970VKL,/experiments/ENCSR338WMA/,0,0,0,1,0,0,0,0,0,0
ENCFF499CDP,/experiments/ENCSR338WMA/,0,0,0,1,0,0,0,0,0,0
ENCFF109YCF,/experiments/ENCSR339GOD/,1,0,1,0,1,1,0,0,0,1
ENCFF774NWB,/experiments/ENCSR339NMQ/,0,0,0,0,0,0,0,0,0,0
ENCFF102BWR,/experiments/ENCSR340NCF/,0,0,0,0,1,0,1,0,0,0
ENCFF993QUE,/experiments/ENCSR340NCF/,0,0,0,0,1,0,1,0,0,0
ENCFF962YZK,/experiments/ENCSR340QZY/,1,1,0,0,0,1,0,0,0,0
ENCFF608LFZ,/experiments/ENCSR340QZY/,1,1,0,0,0,1,0,0,0,0
ENCFF244WYM,/experiments/ENCSR341VFG/,0,0,0,1,0,0,0,0,0,0
ENCFF316SGO,/experiments/ENCSR341VFG/,0,0,0,1,0,0,0,0,0,0
ENCFF849DKS,/experiments/ENCSR343XXH/,0,0,0,1,0,0,0,1,0,0
ENCFF575LUI,/experiments/ENCSR343XXH/,0,0,0,1,0,0,0,1,0,0
ENCFF156BSL,/experiments/ENCSR343YLB/,0,0,0,0,1,1,0,0,1,0
ENCFF421QJA,/experiments/ENCSR343YLB/,0,0,0,0,1,1,0,0,1,0
ENCFF093YSD,/experiments/ENCSR343YLB/,0,0,0,0,1,1,0,0,1,0
ENCFF499UQZ,/experiments/ENCSR343YLB/,0,0,0,0,1,1,0,0,1,0
ENCFF618HGK,/experiments/ENCSR344MQK/,0,0,0,1,0,0,0,0,0,1
ENCFF961NRE,/experiments/ENCSR344MQK/,0,0,0,1,0,0,0,0,0,1
ENCFF419QRX,/experiments/ENCSR347SQR/,0,0,1,0,0,1,0,1,0,0
ENCFF246JLP,/experiments/ENCSR347SQR/,0,0,1,0,0,1,0,1,0,0
ENCFF523EWE,/experiments/ENCSR348EFG/,0,0,1,0,0,0,0,0,0,0
ENCFF743QUV,/experiments/ENCSR348EFG/,0,0,1,0,0,0,0,0,0,0
ENCFF098DFE,/experiments/ENCSR348EFG/,0,0,1,0,0,0,0,0,0,0
ENCFF770ETK,/experiments/ENCSR348YVF/,0,0,0,0,0,0,0,0,1,0
ENCFF122MWV,/experiments/ENCSR350OKU/,0,1,0,0,0,0,0,0,0,0
ENCFF970YUZ,/experiments/ENCSR350OKU/,0,1,0,0,0,0,0,0,0,0
ENCFF038JEE,/experiments/ENCSR351OTL/,0,0,0,0,0,0,0,0,0,0
ENCFF260HSY,/experiments/ENCSR352GCS/,0,1,1,0,0,0,0,0,0,0
ENCFF791IHU,/experiments/ENCSR352GCS/,0,1,1,0,0,0,0,0,0,0
ENCFF726CVX,/experiments/ENCSR352JCY/,0,0,0,0,0,0,1,0,0,0
ENCFF266SQA,/experiments/ENCSR352JCY/,0,0,0,0,0,0,1,0,0,0
ENCFF189JNS,/experiments/ENCSR352JCY/,0,0,0,0,0,0,1,0,0,0
ENCFF896JRQ,/experiments/ENCSR352JCY/,0,0,0,0,0,0,1,0,0,0
ENCFF585TOW,/experiments/ENCSR354QPN/,0,0,0,0,0,0,0,0,1,0
ENCFF371BBE,/experiments/ENCSR355JZC/,0,0,0,0,0,0,0,0,0,0
ENCFF904SFY,/experiments/ENCSR355JZC/,0,0,0,0,0,0,0,0,0,0
ENCFF596BHE,/experiments/ENCSR357BYU/,0,0,0,0,0,0,0,0,0,0
ENCFF798ADV,/experiments/ENCSR357BYU/,0,0,0,0,0,0,0,0,0,0
ENCFF619DRO,/experiments/ENCSR357XTU/,0,0,0,0,0,0,0,0,0,0
ENCFF224MVX,/experiments/ENCSR361DRG/,0,0,0,1,1,0,0,1,0,0
ENCFF458NWF,/experiments/ENCSR362AIZ/,0,1,0,0,0,1,0,0,0,1
ENCFF037JQC,/experiments/ENCSR362AIZ/,0,1,0,0,0,1,0,0,0,1
ENCFF358MFI,/experiments/ENCSR362AIZ/,0,1,0,0,0,1,0,0,0,1
ENCFF447EXU,/experiments/ENCSR362AIZ/,0,1,0,0,0,1,0,0,0,1
ENCFF005EEW,/experiments/ENCSR362HMX/,0,0,0,0,1,0,1,0,0,0
ENCFF689YVG,/experiments/ENCSR362HMX/,0,0,0,0,1,0,1,0,0,0
ENCFF472AVS,/experiments/ENCSR363BVC/,0,0,0,0,0,0,0,1,0,0
ENCFF841TVF,/experiments/ENCSR363BVN/,1,0,0,0,0,1,0,0,0,1
ENCFF292GCJ,/experiments/ENCSR363EVQ/,1,0,0,0,0,0,1,1,0,0
ENCFF227UEE,/experiments/ENCSR363HQX/,0,0,0,0,0,0,0,1,0,0
ENCFF758MZW,/experiments/ENCSR363HQX/,0,0,0,0,0,0,0,1,0,0
ENCFF588DUN,/experiments/ENCSR363LZO/,0,0,0,0,0,0,0,0,0,0
ENCFF840XYZ,/experiments/ENCSR363LZO/,0,0,0,0,0,0,0,0,0,0
ENCFF070JPZ,/experiments/ENCSR364IBB/,0,0,0,0,0,0,0,1,0,0
ENCFF319ZJP,/experiments/ENCSR364IBB/,0,0,0,0,0,0,0,1,0,0
ENCFF919NVG,/experiments/ENCSR365ARV/,0,0,0,0,1,1,0,0,1,0
ENCFF244NQD,/experiments/ENCSR366LFQ/,0,1,0,1,0,1,1,0,0,0
ENCFF256VDB,/experiments/ENCSR367AIV/,0,0,0,0,0,0,0,1,0,0
ENCFF676DZK,/experiments/ENCSR367AIV/,0,0,0,0,0,0,0,1,0,0
ENCFF822QPE,/experiments/ENCSR367QHR/,1,0,0,0,0,0,0,1,0,0
ENCFF060JCS,/experiments/ENCSR367VMG/,0,0,1,1,0,0,1,0,1,0
ENCFF377LAC,/experiments/ENCSR367VMG/,0,0,1,1,0,0,1,0,1,0
ENCFF727ACE,/experiments/ENCSR367ZPZ/,1,0,0,0,0,1,0,0,1,0
ENCFF938RVG,/experiments/ENCSR367ZPZ/,1,0,0,0,0,1,0,0,1,0
ENCFF071QNA,/experiments/ENCSR368HRJ/,0,0,0,0,0,0,0,0,0,0
ENCFF146IQN,/experiments/ENCSR369MDF/,1,0,0,0,0,0,0,0,1,0
ENCFF248IGR,/experiments/ENCSR369MDF/,1,0,0,0,0,0,0,0,1,0
ENCFF157UXG,/experiments/ENCSR369RVN/,0,0,1,0,1,0,0,0,0,0
ENCFF575SLU,/experiments/ENCSR369RVN/,0,0,1,0,1,0,0,0,0,0
ENCFF107WVN,/experiments/ENCSR370SFB/,1,0,0,0,0,0,0,0,1,0
ENCFF379JZS,/experiments/ENCSR370SFB/,1,0,0,0,0,0,0,0,1,0
ENCFF212TDB,/experiments/ENCSR371VGV/,0,0,0,0,0,0,0,0,0,0
ENCFF656QHH,/experiments/ENCSR371VGV/,0,0,0,0,0,0,0,0,0,0
ENCFF999ZER,/experiments/ENCSR373BDG/,0,0,0,0,1,0,1,1,0,1
ENCFF109IUU,/experiments/ENCSR373BDG/,0,0,0,0,1,0,1,1,0,1
ENCFF108ZJT,/experiments/ENCSR373XVN/,0,0,0,0,0,0,1,1,0,0
ENCFF857IZY,/experiments/ENCSR373XVN/,0,0,0,0,0,0,1,1,0,0
ENCFF958JGK,/experiments/ENCSR377FPC/,0,0,0,0,0,0,0,1,0,1
ENCFF455VGV,/experiments/ENCSR377HQQ/,0,0,0,0,0,0,0,1,0,1
ENCFF639AOQ,/experiments/ENCSR377MTB/,0,0,0,0,0,0,0,0,0,0
ENCFF014SLC,/experiments/ENCSR377UPT/,0,0,0,1,0,0,0,0,0,1
ENCFF582WGH,/experiments/ENCSR377UPT/,0,0,0,1,0,0,0,0,0,1
ENCFF494ZWE,/experiments/ENCSR377UPT/,0,0,0,1,0,0,0,0,0,1
ENCFF904RJF,/experiments/ENCSR377UPT/,0,0,0,1,0,0,0,0,0,1
ENCFF882LPV,/experiments/ENCSR378WUC/,0,0,0,1,0,0,0,0,0,0
ENCFF862OLP,/experiments/ENCSR379BAF/,0,0,1,0,1,0,0,1,0,0
ENCFF782NHA,/experiments/ENCSR379BAF/,0,0,1,0,1,0,0,1,0,0
ENCFF638CDX,/experiments/ENCSR379DEC/,0,0,0,1,1,0,1,0,0,0
ENCFF766TAH,/experiments/ENCSR379DEC/,0,0,0,1,1,0,1,0,0,0
ENCFF353SPR,/experiments/ENCSR379YAE/,1,0,0,0,0,1,0,0,0,0
ENCFF030WXU,/experiments/ENCSR379YAE/,1,0,0,0,0,1,0,0,0,0
ENCFF586FNT,/experiments/ENCSR381OTM/,0,1,0,0,0,0,0,0,0,0
ENCFF891HFC,/experiments/ENCSR381OTM/,0,1,0,0,0,0,0,0,0,0
ENCFF639LUH,/experiments/ENCSR381OTM/,0,1,0,0,0,0,0,0,0,0
ENCFF998MCX,/experiments/ENCSR382XJF/,0,0,0,0,1,0,0,0,0,0
ENCFF438GQN,/experiments/ENCSR382XJF/,0,0,0,0,1,0,0,0,0,0
ENCFF933UKM,/experiments/ENCSR382XJF/,0,0,0,0,1,0,0,0,0,0
ENCFF258NQF,/experiments/ENCSR384HOK/,0,0,1,1,0,0,1,0,0,0
ENCFF966SGR,/experiments/ENCSR384ZXD/,1,0,0,1,1,1,0,0,0,0
ENCFF376BGG,/experiments/ENCSR384ZXD/,1,0,0,1,1,1,0,0,0,0
ENCFF192BGV,/experiments/ENCSR385KVQ/,0,0,1,0,0,0,0,0,1,1
ENCFF962HIB,/experiments/ENCSR385KVQ/,0,0,1,0,0,0,0,0,1,1
ENCFF141JIC,/experiments/ENCSR385TFN/,1,0,1,0,0,0,0,0,0,0
ENCFF203LMS,/experiments/ENCSR385TFN/,1,0,1,0,0,0,0,0,0,0
ENCFF893EVN,/experiments/ENCSR385TFN/,1,0,1,0,0,0,0,0,0,0
ENCFF074MMU,/experiments/ENCSR385TFN/,1,0,1,0,0,0,0,0,0,0
ENCFF464KYQ,/experiments/ENCSR386FUR/,0,0,0,0,0,1,0,0,0,0
ENCFF247VEN,/experiments/ENCSR386FUR/,0,0,0,0,0,1,0,0,0,0
ENCFF065UBR,/experiments/ENCSR386FUR/,0,0,0,0,0,1,0,0,0,0
ENCFF009AVK,/experiments/ENCSR386FUR/,0,0,0,0,0,1,0,0,0,0
ENCFF417INY,/experiments/ENCSR386FUR/,0,0,0,0,0,1,0,0,0,0
ENCFF584ZUK,/experiments/ENCSR386FUR/,0,0,0,0,0,1,0,0,0,0
ENCFF470RDW,/experiments/ENCSR386FUR/,0,0,0,0,0,1,0,0,0,0
ENCFF635XED,/experiments/ENCSR386FUR/,0,0,0,0,0,1,0,0,0,0
ENCFF142PTA,/experiments/ENCSR386FUR/,0,0,0,0,0,1,0,0,0,0
ENCFF331YYO,/experiments/ENCSR386FUR/,0,0,0,0,0,1,0,0,0,0
ENCFF513BRJ,/experiments/ENCSR386FUR/,0,0,0,0,0,1,0,0,0,0
ENCFF875BUD,/experiments/ENCSR386FUR/,0,0,0,0,0,1,0,0,0,0
ENCFF831UDC,/experiments/ENCSR388NNP/,0,1,0,0,1,0,0,0,0,1
ENCFF368LBR,/experiments/ENCSR388NNP/,0,1,0,0,1,0,0,0,0,1
ENCFF373UMT,/experiments/ENCSR388ZNJ/,0,0,1,0,0,0,0,0,0,0
ENCFF649YXQ,/experiments/ENCSR388ZNJ/,0,0,1,0,0,0,0,0,0,0
ENCFF049EBF,/experiments/ENCSR388ZNJ/,0,0,1,0,0,0,0,0,0,0
ENCFF961GKK,/experiments/ENCSR388ZNJ/,0,0,1,0,0,0,0,0,0,0
ENCFF592GVA,/experiments/ENCSR389GJZ/,0,1,1,0,1,0,0,1,0,0
ENCFF657UWH,/experiments/ENCSR389GJZ/,0,1,1,0,1,0,0,1,0,0
ENCFF190JNY,/experiments/ENCSR390MBR/,0,0,0,0,0,0,1,0,1,0
ENCFF005GQR,/experiments/ENCSR390XPU/,0,1,0,0,0,0,0,0,0,0
ENCFF733MXU,/experiments/ENCSR390XPU/,0,1,0,0,0,0,0,0,0,0
ENCFF731CDK,/experiments/ENCSR391VGU/,0,1,0,0,1,0,0,0,0,0
ENCFF100GZL,/experiments/ENCSR394HJK/,0,0,0,0,0,0,1,0,1,0
ENCFF445EZT,/experiments/ENCSR394YLM/,0,0,0,0,0,0,0,1,0,0
ENCFF214JLE,/experiments/ENCSR394YLM/,0,0,0,0,0,0,0,1,0,0
ENCFF997WKH,/experiments/ENCSR394ZSF/,0,0,1,1,0,0,0,0,0,0
ENCFF760VHN,/experiments/ENCSR395DKP/,1,0,0,1,1,1,0,0,0,0
ENCFF814TLJ,/experiments/ENCSR396GIH/,0,1,0,0,0,0,0,1,0,0
ENCFF260JVS,/experiments/ENCSR396GIH/,0,1,0,0,0,0,0,1,0,0
ENCFF912KFI,/experiments/ENCSR396GIH/,0,1,0,0,0,0,0,1,0,0
ENCFF210OES,/experiments/ENCSR396GIH/,0,1,0,0,0,0,0,1,0,0
ENCFF681IOB,/experiments/ENCSR396GIH/,0,1,0,0,0,0,0,1,0,0
ENCFF425XKQ,/experiments/ENCSR396GIH/,0,1,0,0,0,0,0,1,0,0
ENCFF740NOI,/experiments/ENCSR396GIH/,0,1,0,0,0,0,0,1,0,0
ENCFF751ZDA,/experiments/ENCSR396GIH/,0,1,0,0,0,0,0,1,0,0
ENCFF742GFX,/experiments/ENCSR396GIH/,0,1,0,0,0,0,0,1,0,0
ENCFF764QHN,/experiments/ENCSR397GDU/,1,0,0,0,0,0,0,1,0,0
ENCFF155ESP,/experiments/ENCSR398REC/,1,0,0,0,0,0,0,0,0,0
ENCFF166CRS,/experiments/ENCSR398REC/,1,0,0,0,0,0,0,0,0,0
ENCFF711XVI,/experiments/ENCSR400DJE/,0,1,1,0,1,0,1,0,0,0
ENCFF645LDN,/experiments/ENCSR401BSG/,0,0,0,0,0,0,0,1,0,0
ENCFF378HXV,/experiments/ENCSR401BSG/,0,0,0,0,0,0,0,1,0,0
ENCFF144WNL,/experiments/ENCSR401DHH/,1,0,0,0,0,0,0,0,0,0
ENCFF859GCA,/experiments/ENCSR401DHH/,1,0,0,0,0,0,0,0,0,0
ENCFF530DUT,/experiments/ENCSR403ING/,0,0,0,0,1,1,0,0,0,0
ENCFF934VFW,/experiments/ENCSR403ING/,0,0,0,0,1,1,0,0,0,0
ENCFF430ERW,/experiments/ENCSR403ING/,0,0,0,0,1,1,0,0,0,0
ENCFF637CVI,/experiments/ENCSR403ING/,0,0,0,0,1,1,0,0,0,0
ENCFF598WAL,/experiments/ENCSR403ING/,0,0,0,0,1,1,0,0,0,0
ENCFF578PSU,/experiments/ENCSR403ING/,0,0,0,0,1,1,0,0,0,0
ENCFF053NFR,/experiments/ENCSR403ING/,0,0,0,0,1,1,0,0,0,0
ENCFF306OWL,/experiments/ENCSR403ING/,0,0,0,0,1,1,0,0,0,0
ENCFF691DJE,/experiments/ENCSR403ING/,0,0,0,0,1,1,0,0,0,0
ENCFF037IZV,/experiments/ENCSR403ING/,0,0,0,0,1,1,0,0,0,0
ENCFF482VRF,/experiments/ENCSR403ING/,0,0,0,0,1,1,0,0,0,0
ENCFF357QTB,/experiments/ENCSR403ING/,0,0,0,0,1,1,0,0,0,0
ENCFF128CYW,/experiments/ENCSR403ING/,0,0,0,0,1,1,0,0,0,0
ENCFF050CMF,/experiments/ENCSR403ING/,0,0,0,0,1,1,0,0,0,0
ENCFF097YEA,/experiments/ENCSR403SZN/,0,0,0,0,0,0,0,0,0,1
ENCFF442DPT,/experiments/ENCSR405AFZ/,1,0,0,1,0,0,0,0,0,0
ENCFF128JHJ,/experiments/ENCSR405AFZ/,1,0,0,1,0,0,0,0,0,0
ENCFF952DFZ,/experiments/ENCSR405AFZ/,1,0,0,1,0,0,0,0,0,0
ENCFF110FBK,/experiments/ENCSR405AFZ/,1,0,0,1,0,0,0,0,0,0
ENCFF454AFF,/experiments/ENCSR405AFZ/,1,0,0,1,0,0,0,0,0,0
ENCFF105DBK,/experiments/ENCSR405AFZ/,1,0,0,1,0,0,0,0,0,0
ENCFF148NWK,/experiments/ENCSR405AFZ/,1,0,0,1,0,0,0,0,0,0
ENCFF905IFB,/experiments/ENCSR405AFZ/,1,0,0,1,0,0,0,0,0,0
ENCFF236BLJ,/experiments/ENCSR405AFZ/,1,0,0,1,0,0,0,0,0,0
ENCFF259ZVT,/experiments/ENCSR405AFZ/,1,0,0,1,0,0,0,0,0,0
ENCFF481QFB,/experiments/ENCSR405AFZ/,1,0,0,1,0,0,0,0,0,0
ENCFF221IDH,/experiments/ENCSR405AFZ/,1,0,0,1,0,0,0,0,0,0
ENCFF483NBR,/experiments/ENCSR406SAW/,0,0,0,1,0,0,0,1,0,0
ENCFF629SLX,/experiments/ENCSR406YML/,1,0,0,0,0,1,0,0,0,0
ENCFF361PWW,/experiments/ENCSR409UYW/,0,1,0,0,0,1,0,0,0,1
ENCFF526JST,/experiments/ENCSR409UYW/,0,1,0,0,0,1,0,0,0,1
ENCFF592GJW,/experiments/ENCSR410DUZ/,0,0,0,1,1,0,0,0,0,0
ENCFF785SZL,/experiments/ENCSR410MSS/,0,0,0,0,0,1,0,1,0,0
ENCFF901MPS,/experiments/ENCSR411MUF/,0,0,0,0,0,0,0,0,0,0
ENCFF068AXM,/experiments/ENCSR411MUF/,0,0,0,0,0,0,0,0,0,0
ENCFF847ODW,/experiments/ENCSR413LXW/,0,0,0,0,0,0,0,0,0,0
ENCFF301PAM,/experiments/ENCSR413QAL/,0,0,1,0,0,0,0,0,0,0
ENCFF716ORU,/experiments/ENCSR413QAL/,0,0,1,0,0,0,0,0,0,0
ENCFF089GZE,/experiments/ENCSR413QAL/,0,0,1,0,0,0,0,0,0,0
ENCFF542PGF,/experiments/ENCSR413QAL/,0,0,1,0,0,0,0,0,0,0
ENCFF784VOQ,/experiments/ENCSR414IGI/,0,0,0,1,0,0,0,0,0,0
ENCFF614AOP,/experiments/ENCSR414IGI/,0,0,0,1,0,0,0,0,0,0
ENCFF401ZLF,/experiments/ENCSR414IGI/,0,0,0,1,0,0,0,0,0,0
ENCFF141QHL,/experiments/ENCSR414IGI/,0,0,0,1,0,0,0,0,0,0
ENCFF149QME,/experiments/ENCSR414IGI/,0,0,0,1,0,0,0,0,0,0
ENCFF084CWD,/experiments/ENCSR414YUZ/,0,1,0,0,0,1,0,0,0,0
ENCFF834VIK,/experiments/ENCSR414YUZ/,0,1,0,0,0,1,0,0,0,0
ENCFF223BXU,/experiments/ENCSR414YUZ/,0,1,0,0,0,1,0,0,0,0
ENCFF608LAL,/experiments/ENCSR414YUZ/,0,1,0,0,0,1,0,0,0,0
ENCFF126SIU,/experiments/ENCSR415SXI/,0,0,0,0,0,0,0,0,0,0
ENCFF205ELR,/experiments/ENCSR415SXI/,0,0,0,0,0,0,0,0,0,0
ENCFF518HAV,/experiments/ENCSR416UGB/,0,0,0,0,1,0,0,0,0,0
ENCFF880JDP,/experiments/ENCSR418WMG/,0,0,1,0,0,0,0,1,0,1
ENCFF186UTV,/experiments/ENCSR420NLC/,0,1,0,0,0,0,1,0,0,0
ENCFF341UDE,/experiments/ENCSR420NLC/,0,1,0,0,0,0,1,0,0,0
ENCFF876NSY,/experiments/ENCSR420QTO/,0,1,0,0,1,0,0,0,1,0
ENCFF738FUB,/experiments/ENCSR420QTO/,0,1,0,0,1,0,0,0,1,0
ENCFF160LUK,/experiments/ENCSR420QTO/,0,1,0,0,1,0,0,0,1,0
ENCFF416EWW,/experiments/ENCSR420QTO/,0,1,0,0,1,0,0,0,1,0
ENCFF295DAQ,/experiments/ENCSR420YFF/,0,0,0,1,1,0,0,0,1,0
ENCFF087NWY,/experiments/ENCSR420YFF/,0,0,0,1,1,0,0,0,1,0
ENCFF276WLD,/experiments/ENCSR420ZKB/,0,0,1,0,0,0,1,0,0,0
ENCFF952UFT,/experiments/ENCSR420ZKB/,0,0,1,0,0,0,1,0,0,0
ENCFF865FOD,/experiments/ENCSR420ZKB/,0,0,1,0,0,0,1,0,0,0
ENCFF721BNO,/experiments/ENCSR421HSE/,0,0,0,1,0,0,0,1,0,0
ENCFF408NBX,/experiments/ENCSR421HSE/,0,0,0,1,0,0,0,1,0,0
ENCFF187KGM,/experiments/ENCSR423LLK/,0,0,0,0,0,0,0,1,0,0
ENCFF381KYM,/experiments/ENCSR424FAZ/,0,0,0,0,1,0,1,0,0,0
ENCFF547LGQ,/experiments/ENCSR424FAZ/,0,0,0,0,1,0,1,0,0,0
ENCFF105OLM,/experiments/ENCSR424FAZ/,0,0,0,0,1,0,1,0,0,0
ENCFF094HAH,/experiments/ENCSR424FAZ/,0,0,0,0,1,0,1,0,0,0
ENCFF953VOF,/experiments/ENCSR424TSZ/,0,1,0,0,0,0,0,0,0,0
ENCFF753DTZ,/experiments/ENCSR425RGZ/,1,1,0,0,0,0,0,0,1,0
ENCFF932WXA,/experiments/ENCSR425UCW/,0,1,0,0,0,0,0,0,0,0
ENCFF917IQR,/experiments/ENCSR425UCW/,0,1,0,0,0,0,0,0,0,0
ENCFF970WCD,/experiments/ENCSR426AUD/,0,0,0,0,0,1,0,0,0,0
ENCFF426FAF,/experiments/ENCSR426AUD/,0,0,0,0,0,1,0,0,0,0
ENCFF877VSZ,/experiments/ENCSR426AUD/,0,0,0,0,0,1,0,0,0,0
ENCFF958BIE,/experiments/ENCSR426AUD/,0,0,0,0,0,1,0,0,0,0
ENCFF769FVU,/experiments/ENCSR426AUD/,0,0,0,0,0,1,0,0,0,0
ENCFF869DVY,/experiments/ENCSR426AUD/,0,0,0,0,0,1,0,0,0,0
ENCFF197TJB,/experiments/ENCSR426AUD/,0,0,0,0,0,1,0,0,0,0
ENCFF348RRM,/experiments/ENCSR426AUD/,0,0,0,0,0,1,0,0,0,0
ENCFF469JWF,/experiments/ENCSR426AUD/,0,0,0,0,0,1,0,0,0,0
ENCFF994PPZ,/experiments/ENCSR426AUD/,0,0,0,0,0,1,0,0,0,0
ENCFF867FTP,/experiments/ENCSR426AUD/,0,0,0,0,0,1,0,0,0,0
ENCFF369VAI,/experiments/ENCSR426AUD/,0,0,0,0,0,1,0,0,0,0
ENCFF380BYT,/experiments/ENCSR426AUD/,0,0,0,0,0,1,0,0,0,0
ENCFF834TQY,/experiments/ENCSR426AUD/,0,0,0,0,0,1,0,0,0,0
ENCFF351NAR,/experiments/ENCSR429EGC/,0,0,0,0,0,0,1,0,0,0
ENCFF471ZDB,/experiments/ENCSR429EGC/,0,0,0,0,0,0,1,0,0,0
ENCFF661PVB,/experiments/ENCSR429EWK/,1,0,1,1,0,0,0,0,0,1
ENCFF150OQH,/experiments/ENCSR429EWK/,1,0,1,1,0,0,0,0,0,1
ENCFF840QTL,/experiments/ENCSR432EBE/,1,0,0,0,0,0,1,0,0,0
ENCFF782WDV,/experiments/ENCSR432KHK/,1,0,0,0,0,0,0,0,0,0
ENCFF569XGG,/experiments/ENCSR432KHK/,1,0,0,0,0,0,0,0,0,0
ENCFF938RIK,/experiments/ENCSR433GXV/,1,0,0,1,0,0,0,1,0,1
ENCFF555SKP,/experiments/ENCSR433GXV/,1,0,0,1,0,0,0,1,0,1
ENCFF264ODL,/experiments/ENCSR433GXV/,1,0,0,1,0,0,0,1,0,1
ENCFF450DDH,/experiments/ENCSR433XCV/,0,1,0,0,0,0,0,0,0,0
ENCFF257BRA,/experiments/ENCSR433XCV/,0,1,0,0,0,0,0,0,0,0
ENCFF243GOM,/experiments/ENCSR433XCV/,0,1,0,0,0,0,0,0,0,0
ENCFF360MFU,/experiments/ENCSR433XCV/,0,1,0,0,0,0,0,0,0,0
ENCFF446BWK,/experiments/ENCSR433XCV/,0,1,0,0,0,0,0,0,0,0
ENCFF268QLL,/experiments/ENCSR434TEU/,0,0,0,0,0,0,1,0,0,1
ENCFF755REI,/experiments/ENCSR434TXU/,0,0,0,0,0,1,0,0,0,0
ENCFF035BBA,/experiments/ENCSR434TXU/,0,0,0,0,0,1,0,0,0,0
ENCFF759HJA,/experiments/ENCSR434TXU/,0,0,0,0,0,1,0,0,0,0
ENCFF233RGQ,/experiments/ENCSR434TXU/,0,0,0,0,0,1,0,0,0,0
ENCFF343MZH,/experiments/ENCSR434TXU/,0,0,0,0,0,1,0,0,0,0
ENCFF529LEZ,/experiments/ENCSR434TXU/,0,0,0,0,0,1,0,0,0,0
ENCFF565CON,/experiments/ENCSR434TXU/,0,0,0,0,0,1,0,0,0,0
ENCFF403CRC,/experiments/ENCSR434TXU/,0,0,0,0,0,1,0,0,0,0
ENCFF522KWW,/experiments/ENCSR434TXU/,0,0,0,0,0,1,0,0,0,0
ENCFF064VAD,/experiments/ENCSR434TXU/,0,0,0,0,0,1,0,0,0,0
ENCFF595NMM,/experiments/ENCSR434TXU/,0,0,0,0,0,1,0,0,0,0
ENCFF791ZDR,/experiments/ENCSR434TXU/,0,0,0,0,0,1,0,0,0,0
ENCFF661UPO,/experiments/ENCSR434TXU/,0,0,0,0,0,1,0,0,0,0
ENCFF996WVL,/experiments/ENCSR434TXU/,0,0,0,0,0,1,0,0,0,0
ENCFF209LBA,/experiments/ENCSR434TXU/,0,0,0,0,0,1,0,0,0,0
ENCFF098AYQ,/experiments/ENCSR434TXU/,0,0,0,0,0,1,0,0,0,0
ENCFF335UNU,/experiments/ENCSR434TXU/,0,0,0,0,0,1,0,0,0,0
ENCFF468RDR,/experiments/ENCSR434TXU/,0,0,0,0,0,1,0,0,0,0
ENCFF386XTQ,/experiments/ENCSR434TXU/,0,0,0,0,0,1,0,0,0,0
ENCFF028XDY,/experiments/ENCSR434TXU/,0,0,0,0,0,1,0,0,0,0
ENCFF538ZTW,/experiments/ENCSR434TXU/,0,0,0,0,0,1,0,0,0,0
ENCFF207CBY,/experiments/ENCSR435WIF/,0,1,1,1,0,0,0,0,0,0
ENCFF781VGS,/experiments/ENCSR436QDU/,0,0,0,0,0,0,0,1,0,0
ENCFF051TUA,/experiments/ENCSR436ZKE/,0,0,0,0,1,0,0,0,0,0
ENCFF826YSU,/experiments/ENCSR436ZKE/,0,0,0,0,1,0,0,0,0,0
ENCFF184NJE,/experiments/ENCSR437HKI/,0,0,0,0,0,0,0,0,1,1
ENCFF762WJG,/experiments/ENCSR437HKI/,0,0,0,0,0,0,0,0,1,1
ENCFF453JXA,/experiments/ENCSR438XCG/,0,0,0,0,0,0,0,1,0,0
ENCFF718DNJ,/experiments/ENCSR438XCG/,0,0,0,0,0,0,0,1,0,0
ENCFF530SXN,/experiments/ENCSR438XCG/,0,0,0,0,0,0,0,1,0,0
ENCFF638TAT,/experiments/ENCSR438XCG/,0,0,0,0,0,0,0,1,0,0
ENCFF421LZH,/experiments/ENCSR438YPF/,0,1,0,0,0,0,0,0,0,0
ENCFF036EKB,/experiments/ENCSR439PRN/,0,0,0,1,0,0,0,0,0,0
ENCFF043GTI,/experiments/ENCSR439SPU/,0,0,1,0,0,0,0,0,0,1
ENCFF986GYQ,/experiments/ENCSR439SPU/,0,0,1,0,0,0,0,0,0,1
ENCFF118DHT,/experiments/ENCSR439SPU/,0,0,1,0,0,0,0,0,0,1
ENCFF993NDJ,/experiments/ENCSR439SPU/,0,0,1,0,0,0,0,0,0,1
ENCFF252GLO,/experiments/ENCSR439SPU/,0,0,1,0,0,0,0,0,0,1
ENCFF847NAZ,/experiments/ENCSR439SPU/,0,0,1,0,0,0,0,0,0,1
ENCFF470BTB,/experiments/ENCSR439SPU/,0,0,1,0,0,0,0,0,0,1
ENCFF697WKF,/experiments/ENCSR439SPU/,0,0,1,0,0,0,0,0,0,1
ENCFF499HJT,/experiments/ENCSR439SPU/,0,0,1,0,0,0,0,0,0,1
ENCFF860GZF,/experiments/ENCSR439SPU/,0,0,1,0,0,0,0,0,0,1
ENCFF918PCT,/experiments/ENCSR439SPU/,0,0,1,0,0,0,0,0,0,1
ENCFF437TTY,/experiments/ENCSR439SPU/,0,0,1,0,0,0,0,0,0,1
ENCFF904RUS,/experiments/ENCSR439SPU/,0,0,1,0,0,0,0,0,0,1
ENCFF423JIX,/experiments/ENCSR441IDG/,1,1,0,0,0,0,0,0,0,0
ENCFF339MSB,/experiments/ENCSR442XRH/,0,1,1,1,0,1,1,0,0,1
ENCFF754TOT,/experiments/ENCSR442XRH/,0,1,1,1,0,1,1,0,0,1
ENCFF651SDJ,/experiments/ENCSR442XRH/,0,1,1,1,0,1,1,0,0,1
ENCFF269WEZ,/experiments/ENCSR442XRH/,0,1,1,1,0,1,1,0,0,1
ENCFF813SSL,/experiments/ENCSR443ASQ/,1,0,1,0,0,0,0,0,0,0
ENCFF002DML,/experiments/ENCSR444WHQ/,1,0,0,0,1,0,1,0,0,0
ENCFF002DMH,/experiments/ENCSR444WHQ/,1,0,0,0,1,0,1,0,0,0
ENCFF232JUP,/experiments/ENCSR446LDS/,0,0,0,0,0,0,0,1,0,0
ENCFF611IUQ,/experiments/ENCSR446LDS/,0,0,0,0,0,0,0,1,0,0
ENCFF389LTR,/experiments/ENCSR446QMB/,0,1,0,1,0,0,0,0,1,0
ENCFF974KOL,/experiments/ENCSR446RKD/,1,0,0,0,0,0,0,0,0,1
ENCFF823WWJ,/experiments/ENCSR447IJE/,1,0,0,0,0,1,0,0,0,0
ENCFF844YUA,/experiments/ENCSR447WLU/,0,0,0,1,1,0,0,0,0,0
ENCFF154YIH,/experiments/ENCSR448BTT/,1,0,0,1,0,0,1,0,0,0
ENCFF451XRU,/experiments/ENCSR448DCX/,0,1,0,0,0,0,0,0,0,0
ENCFF058JPN,/experiments/ENCSR448DCX/,0,1,0,0,0,0,0,0,0,0
ENCFF985XAR,/experiments/ENCSR448MXQ/,0,0,0,0,0,0,0,0,0,0
ENCFF932YNB,/experiments/ENCSR448MXQ/,0,0,0,0,0,0,0,0,0,0
ENCFF482WYS,/experiments/ENCSR448VSW/,1,1,0,0,0,0,0,0,0,0
ENCFF926YPC,/experiments/ENCSR448VSW/,1,1,0,0,0,0,0,0,0,0
ENCFF652AIR,/experiments/ENCSR449GLL/,0,0,0,0,1,1,0,0,1,0
ENCFF914PVR,/experiments/ENCSR450BNZ/,0,0,1,1,0,0,1,0,0,0
ENCFF326EWR,/experiments/ENCSR450ENK/,0,1,0,0,0,0,0,0,0,0
ENCFF365HXR,/experiments/ENCSR450EXF/,0,0,0,1,1,0,0,0,0,1
ENCFF742FDJ,/experiments/ENCSR450EXF/,0,0,0,1,1,0,0,0,0,1
ENCFF235BRN,/experiments/ENCSR450EXF/,0,0,0,1,1,0,0,0,0,1
ENCFF621NOL,/experiments/ENCSR450EXF/,0,0,0,1,1,0,0,0,0,1
ENCFF492PIB,/experiments/ENCSR450EXF/,0,0,0,1,1,0,0,0,0,1
ENCFF738DHG,/experiments/ENCSR450EXF/,0,0,0,1,1,0,0,0,0,1
ENCFF821VXM,/experiments/ENCSR451LDB/,0,1,0,0,1,0,0,0,0,0
ENCFF202HVQ,/experiments/ENCSR451LDB/,0,1,0,0,1,0,0,0,0,0
ENCFF388WTE,/experiments/ENCSR452BSJ/,0,1,0,0,0,0,1,0,0,0
ENCFF299QLX,/experiments/ENCSR454GQC/,0,1,0,0,0,0,0,0,0,0
ENCFF825QWA,/experiments/ENCSR454MWR/,0,0,1,0,0,0,0,0,0,0
ENCFF855TSM,/experiments/ENCSR457ENP/,1,0,0,0,0,0,0,0,0,0
ENCFF289EZB,/experiments/ENCSR457RRW/,0,0,0,1,0,0,0,0,0,0
ENCFF618MYZ,/experiments/ENCSR457RRW/,0,0,0,1,0,0,0,0,0,0
ENCFF082WWV,/experiments/ENCSR458FZP/,0,1,0,0,1,0,0,0,0,1
ENCFF349YCJ,/experiments/ENCSR458FZP/,0,1,0,0,1,0,0,0,0,1
ENCFF914BRK,/experiments/ENCSR460HQN/,0,0,0,1,0,0,0,0,0,0
ENCFF495SQR,/experiments/ENCSR460HQN/,0,0,0,1,0,0,0,0,0,0
ENCFF962LFN,/experiments/ENCSR460HQN/,0,0,0,1,0,0,0,0,0,0
ENCFF082HKQ,/experiments/ENCSR460HQN/,0,0,0,1,0,0,0,0,0,0
ENCFF295SYY,/experiments/ENCSR460HQN/,0,0,0,1,0,0,0,0,0,0
ENCFF925ONP,/experiments/ENCSR460HQN/,0,0,0,1,0,0,0,0,0,0
ENCFF521UGJ,/experiments/ENCSR460HQN/,0,0,0,1,0,0,0,0,0,0
ENCFF570GTP,/experiments/ENCSR460HQN/,0,0,0,1,0,0,0,0,0,0
ENCFF443PSO,/experiments/ENCSR460HQN/,0,0,0,1,0,0,0,0,0,0
ENCFF771YNG,/experiments/ENCSR460HQN/,0,0,0,1,0,0,0,0,0,0
ENCFF877SON,/experiments/ENCSR460RCF/,0,0,0,0,0,0,0,0,0,0
ENCFF809QBQ,/experiments/ENCSR460RCF/,0,0,0,0,0,0,0,0,0,0
ENCFF693POR,/experiments/ENCSR460RCF/,0,0,0,0,0,0,0,0,0,0
ENCFF178ZXW,/experiments/ENCSR460RCF/,0,0,0,0,0,0,0,0,0,0
ENCFF956ZKG,/experiments/ENCSR460RCF/,0,0,0,0,0,0,0,0,0,0
ENCFF747VYT,/experiments/ENCSR460RCF/,0,0,0,0,0,0,0,0,0,0
ENCFF860SGX,/experiments/ENCSR460RCF/,0,0,0,0,0,0,0,0,0,0
ENCFF002SZY,/experiments/ENCSR460RCF/,0,0,0,0,0,0,0,0,0,0
ENCFF199AAD,/experiments/ENCSR460RCF/,0,0,0,0,0,0,0,0,0,0
ENCFF615ULR,/experiments/ENCSR460RCF/,0,0,0,0,0,0,0,0,0,0
ENCFF737VKP,/experiments/ENCSR460RCF/,0,0,0,0,0,0,0,0,0,0
ENCFF332IRR,/experiments/ENCSR460RCF/,0,0,0,0,0,0,0,0,0,0
ENCFF596INO,/experiments/ENCSR460RCF/,0,0,0,0,0,0,0,0,0,0
ENCFF116QKZ,/experiments/ENCSR460RCF/,0,0,0,0,0,0,0,0,0,0
ENCFF623WSO,/experiments/ENCSR460YCS/,0,0,0,0,0,1,1,0,0,0
ENCFF249TVM,/experiments/ENCSR463JBR/,0,0,0,1,1,0,0,1,0,0
ENCFF429ZEH,/experiments/ENCSR464OLG/,0,0,1,0,0,0,0,0,0,0
ENCFF696XZL,/experiments/ENCSR464OLG/,0,0,1,0,0,0,0,0,0,0
ENCFF775OZV,/experiments/ENCSR464OLG/,0,0,1,0,0,0,0,0,0,0
ENCFF644EGG,/experiments/ENCSR464OLG/,0,0,1,0,0,0,0,0,0,0
ENCFF016CHX,/experiments/ENCSR464OLG/,0,0,1,0,0,0,0,0,0,0
ENCFF598BFX,/experiments/ENCSR464OLG/,0,0,1,0,0,0,0,0,0,0
ENCFF946LMX,/experiments/ENCSR464OLG/,0,0,1,0,0,0,0,0,0,0
ENCFF781CTX,/experiments/ENCSR464VSR/,0,0,0,0,0,0,0,0,1,0
ENCFF241NPN,/experiments/ENCSR464VSR/,0,0,0,0,0,0,0,0,1,0
ENCFF808PVJ,/experiments/ENCSR465PBJ/,1,0,0,0,0,1,0,0,0,0
ENCFF785TEQ,/experiments/ENCSR465PBJ/,1,0,0,0,0,1,0,0,0,0
ENCFF647ICR,/experiments/ENCSR465TWT/,0,0,0,0,0,0,0,0,0,0
ENCFF691URX,/experiments/ENCSR465TWT/,0,0,0,0,0,0,0,0,0,0
ENCFF565YHF,/experiments/ENCSR465TWT/,0,0,0,0,0,0,0,0,0,0
ENCFF519IZA,/experiments/ENCSR465TWT/,0,0,0,0,0,0,0,0,0,0
ENCFF979WZO,/experiments/ENCSR465TWT/,0,0,0,0,0,0,0,0,0,0
ENCFF319INV,/experiments/ENCSR465TWT/,0,0,0,0,0,0,0,0,0,0
ENCFF264RIV,/experiments/ENCSR465TWT/,0,0,0,0,0,0,0,0,0,0
ENCFF348VIH,/experiments/ENCSR465TWT/,0,0,0,0,0,0,0,0,0,0
ENCFF858CTQ,/experiments/ENCSR465TWT/,0,0,0,0,0,0,0,0,0,0
ENCFF743RQJ,/experiments/ENCSR465TWT/,0,0,0,0,0,0,0,0,0,0
ENCFF313ERY,/experiments/ENCSR465TWT/,0,0,0,0,0,0,0,0,0,0
ENCFF330IYN,/experiments/ENCSR465TWT/,0,0,0,0,0,0,0,0,0,0
ENCFF207DLW,/experiments/ENCSR465TWT/,0,0,0,0,0,0,0,0,0,0
ENCFF764ZUI,/experiments/ENCSR465TWT/,0,0,0,0,0,0,0,0,0,0
ENCFF453XOG,/experiments/ENCSR465TWT/,0,0,0,0,0,0,0,0,0,0
ENCFF491XRO,/experiments/ENCSR465TWT/,0,0,0,0,0,0,0,0,0,0
ENCFF522VLI,/experiments/ENCSR465TWT/,0,0,0,0,0,0,0,0,0,0
ENCFF942WIP,/experiments/ENCSR465TWT/,0,0,0,0,0,0,0,0,0,0
ENCFF931HCN,/experiments/ENCSR465TWT/,0,0,0,0,0,0,0,0,0,0
ENCFF906FNQ,/experiments/ENCSR465TWT/,0,0,0,0,0,0,0,0,0,0
ENCFF385GUJ,/experiments/ENCSR465TWT/,0,0,0,0,0,0,0,0,0,0
ENCFF180LOF,/experiments/ENCSR466KZY/,0,0,0,0,0,1,0,0,1,0
ENCFF494GQK,/experiments/ENCSR466KZY/,0,0,0,0,0,1,0,0,1,0
ENCFF216UZZ,/experiments/ENCSR467YDA/,0,1,0,1,1,0,0,1,0,0
ENCFF974RKT,/experiments/ENCSR468FBC/,0,0,0,0,0,0,1,1,0,0
ENCFF002DJH,/experiments/ENCSR468ION/,0,0,0,0,1,0,0,0,0,1
ENCFF002DJV,/experiments/ENCSR468ION/,0,0,0,0,1,0,0,0,0,1
ENCFF200STC,/experiments/ENCSR469WPG/,0,0,1,0,0,0,0,0,1,0
ENCFF260ECY,/experiments/ENCSR469WPG/,0,0,1,0,0,0,0,0,1,0
ENCFF741NGG,/experiments/ENCSR471RUK/,0,0,0,0,0,0,1,0,0,0
ENCFF943ZDC,/experiments/ENCSR472PBS/,1,1,0,0,0,0,0,0,0,1
ENCFF286HER,/experiments/ENCSR472PBS/,1,1,0,0,0,0,0,0,0,1
ENCFF639WME,/experiments/ENCSR472PBS/,1,1,0,0,0,0,0,0,0,1
ENCFF953RCD,/experiments/ENCSR472VER/,1,1,0,0,0,0,1,1,0,0
ENCFF724PIG,/experiments/ENCSR472VER/,1,1,0,0,0,0,1,1,0,0
ENCFF595XWX,/experiments/ENCSR473XAP/,0,0,0,0,0,0,0,0,0,0
ENCFF787IRE,/experiments/ENCSR473XAP/,0,0,0,0,0,0,0,0,0,0
ENCFF900BSQ,/experiments/ENCSR474TRG/,0,0,0,0,0,0,1,0,0,0
ENCFF605OUE,/experiments/ENCSR475KPG/,1,1,0,1,1,0,0,0,0,0
ENCFF703MHM,/experiments/ENCSR475KPG/,1,1,0,1,1,0,0,0,0,0
ENCFF383AJS,/experiments/ENCSR475TDY/,1,0,0,0,0,0,0,0,0,0
ENCFF302KQL,/experiments/ENCSR475TDY/,1,0,0,0,0,0,0,0,0,0
ENCFF365UNT,/experiments/ENCSR475TVN/,1,1,0,0,0,1,0,0,1,0
ENCFF124RBL,/experiments/ENCSR476TKU/,0,0,0,0,0,0,0,0,0,0
ENCFF291TEH,/experiments/ENCSR479MNN/,0,0,0,0,0,0,0,0,0,1
ENCFF132HYO,/experiments/ENCSR479MNN/,0,0,0,0,0,0,0,0,0,1
ENCFF284BGW,/experiments/ENCSR480SLD/,1,0,0,0,0,0,0,0,1,0
ENCFF348BIE,/experiments/ENCSR480XMW/,0,0,0,0,0,0,0,0,0,0
ENCFF308HDZ,/experiments/ENCSR480XMW/,0,0,0,0,0,0,0,0,0,0
ENCFF982RBQ,/experiments/ENCSR482TZY/,0,0,1,1,0,0,0,1,0,0
ENCFF343PDC,/experiments/ENCSR482TZY/,0,0,1,1,0,0,0,1,0,0
ENCFF700QQQ,/experiments/ENCSR482VRI/,0,0,0,0,0,0,0,0,1,0
ENCFF268CYO,/experiments/ENCSR483IHO/,0,1,0,0,0,0,0,0,0,1
ENCFF756QCA,/experiments/ENCSR484UKA/,1,1,0,0,0,0,0,0,0,0
ENCFF270ERO,/experiments/ENCSR484UKA/,1,1,0,0,0,0,0,0,0,0
ENCFF059NUE,/experiments/ENCSR484WZL/,0,0,1,1,0,0,0,0,0,0
ENCFF362TIE,/experiments/ENCSR484WZL/,0,0,1,1,0,0,0,0,0,0
ENCFF003AXA,/experiments/ENCSR485WBR/,0,0,1,0,0,0,0,1,0,0
ENCFF070QMF,/experiments/ENCSR486LMB/,0,0,0,0,1,0,0,0,0,0
ENCFF332KDA,/experiments/ENCSR486LMB/,0,0,0,0,1,0,0,0,0,0
ENCFF519YGA,/experiments/ENCSR486QNN/,0,1,0,0,0,0,0,0,0,0
ENCFF391UFN,/experiments/ENCSR486QNN/,0,1,0,0,0,0,0,0,0,0
ENCFF124SSE,/experiments/ENCSR489JUY/,0,0,0,0,0,0,0,0,0,0
ENCFF698WQO,/experiments/ENCSR489JUY/,0,0,0,0,0,0,0,0,0,0
ENCFF514BEA,/experiments/ENCSR489PYT/,0,0,0,0,0,0,0,0,0,0
ENCFF305IXM,/experiments/ENCSR489PYT/,0,0,0,0,0,0,0,0,0,0
ENCFF841OXD,/experiments/ENCSR489PYT/,0,0,0,0,0,0,0,0,0,0
ENCFF351JWR,/experiments/ENCSR489PYT/,0,0,0,0,0,0,0,0,0,0
ENCFF142CUS,/experiments/ENCSR489PYT/,0,0,0,0,0,0,0,0,0,0
ENCFF504ULZ,/experiments/ENCSR489PYT/,0,0,0,0,0,0,0,0,0,0
ENCFF104LLO,/experiments/ENCSR489PYT/,0,0,0,0,0,0,0,0,0,0
ENCFF564OKH,/experiments/ENCSR489PYT/,0,0,0,0,0,0,0,0,0,0
ENCFF297BEX,/experiments/ENCSR489PYT/,0,0,0,0,0,0,0,0,0,0
ENCFF495YGN,/experiments/ENCSR489PYT/,0,0,0,0,0,0,0,0,0,0
ENCFF345OIF,/experiments/ENCSR489PYT/,0,0,0,0,0,0,0,0,0,0
ENCFF851ESH,/experiments/ENCSR489PYT/,0,0,0,0,0,0,0,0,0,0
ENCFF310HPH,/experiments/ENCSR489PYT/,0,0,0,0,0,0,0,0,0,0
ENCFF470MXU,/experiments/ENCSR489PYT/,0,0,0,0,0,0,0,0,0,0
ENCFF002DMJ,/experiments/ENCSR490SQH/,1,0,0,0,0,0,0,0,1,0
ENCFF002DMP,/experiments/ENCSR490SQH/,1,0,0,0,0,0,0,0,1,0
ENCFF083HDK,/experiments/ENCSR491XNW/,1,0,0,1,0,0,0,0,0,0
ENCFF368GHL,/experiments/ENCSR492KRY/,1,0,0,1,0,1,1,0,0,0
ENCFF027IPA,/experiments/ENCSR492KRY/,1,0,0,1,0,1,1,0,0,0
ENCFF971HLO,/experiments/ENCSR495HDM/,1,0,0,0,0,0,0,0,1,0
ENCFF969WLB,/experiments/ENCSR495QVE/,0,0,0,0,0,0,0,0,1,0
ENCFF521NCL,/experiments/ENCSR495QVE/,0,0,0,0,0,0,0,0,1,0
ENCFF826RUZ,/experiments/ENCSR495QVE/,0,0,0,0,0,0,0,0,1,0
ENCFF567AFB,/experiments/ENCSR495QVE/,0,0,0,0,0,0,0,0,1,0
ENCFF959UJB,/experiments/ENCSR495UXA/,0,0,0,1,0,0,0,0,0,0
ENCFF517DCU,/experiments/ENCSR496EJP/,0,1,0,0,0,0,0,0,0,0
ENCFF319SDE,/experiments/ENCSR496EJP/,0,1,0,0,0,0,0,0,0,0
ENCFF399XUL,/experiments/ENCSR496PRU/,0,0,0,0,1,0,0,0,1,0
ENCFF075EMK,/experiments/ENCSR496PRU/,0,0,0,0,1,0,0,0,1,0
ENCFF650LGT,/experiments/ENCSR497KUU/,0,1,0,0,0,0,0,0,0,0
ENCFF386CRY,/experiments/ENCSR498KKO/,0,0,0,0,0,0,0,0,0,0
ENCFF019PWU,/experiments/ENCSR498KKO/,0,0,0,0,0,0,0,0,0,0
ENCFF829HAB,/experiments/ENCSR498KKO/,0,0,0,0,0,0,0,0,0,0
ENCFF479WHZ,/experiments/ENCSR498KKO/,0,0,0,0,0,0,0,0,0,0
ENCFF758IOS,/experiments/ENCSR498KKO/,0,0,0,0,0,0,0,0,0,0
ENCFF711XWR,/experiments/ENCSR498KKO/,0,0,0,0,0,0,0,0,0,0
ENCFF090EUZ,/experiments/ENCSR498KKO/,0,0,0,0,0,0,0,0,0,0
ENCFF908MGO,/experiments/ENCSR498KKO/,0,0,0,0,0,0,0,0,0,0
ENCFF239RQP,/experiments/ENCSR498KKO/,0,0,0,0,0,0,0,0,0,0
ENCFF917KUH,/experiments/ENCSR498KKO/,0,0,0,0,0,0,0,0,0,0
ENCFF209RRO,/experiments/ENCSR498KKO/,0,0,0,0,0,0,0,0,0,0
ENCFF706BUS,/experiments/ENCSR498KKO/,0,0,0,0,0,0,0,0,0,0
ENCFF151XBP,/experiments/ENCSR498KKO/,0,0,0,0,0,0,0,0,0,0
ENCFF843WRN,/experiments/ENCSR498KKO/,0,0,0,0,0,0,0,0,0,0
ENCFF404HLB,/experiments/ENCSR498KKO/,0,0,0,0,0,0,0,0,0,0
ENCFF524PAV,/experiments/ENCSR498KKO/,0,0,0,0,0,0,0,0,0,0
ENCFF024CUG,/experiments/ENCSR498KKO/,0,0,0,0,0,0,0,0,0,0
ENCFF939UBM,/experiments/ENCSR498KKO/,0,0,0,0,0,0,0,0,0,0
ENCFF529YFS,/experiments/ENCSR498KKO/,0,0,0,0,0,0,0,0,0,0
ENCFF637GVH,/experiments/ENCSR498KKO/,0,0,0,0,0,0,0,0,0,0
ENCFF192XJA,/experiments/ENCSR498KKO/,0,0,0,0,0,0,0,0,0,0
ENCFF901BXM,/experiments/ENCSR499AEH/,0,0,1,0,0,0,0,0,0,0
ENCFF430TPY,/experiments/ENCSR499AEH/,0,0,1,0,0,0,0,0,0,0
ENCFF700IPC,/experiments/ENCSR499CRL/,0,0,0,0,0,0,1,0,0,0
ENCFF901KUE,/experiments/ENCSR499CRL/,0,0,0,0,0,0,1,0,0,0
ENCFF518TUP,/experiments/ENCSR499CRL/,0,0,0,0,0,0,1,0,0,0
ENCFF186NDY,/experiments/ENCSR499CRL/,0,0,0,0,0,0,1,0,0,0
ENCFF935ZEM,/experiments/ENCSR499CRL/,0,0,0,0,0,0,1,0,0,0
ENCFF077CYB,/experiments/ENCSR499CRL/,0,0,0,0,0,0,1,0,0,0
ENCFF685GDB,/experiments/ENCSR499CRL/,0,0,0,0,0,0,1,0,0,0
ENCFF003GJV,/experiments/ENCSR499CRL/,0,0,0,0,0,0,1,0,0,0
ENCFF422ZNC,/experiments/ENCSR499CRL/,0,0,0,0,0,0,1,0,0,0
ENCFF832FTK,/experiments/ENCSR499CRL/,0,0,0,0,0,0,1,0,0,0
ENCFF134PXJ,/experiments/ENCSR499CRL/,0,0,0,0,0,0,1,0,0,0
ENCFF926IDV,/experiments/ENCSR499CRL/,0,0,0,0,0,0,1,0,0,0
ENCFF527XBQ,/experiments/ENCSR499CRL/,0,0,0,0,0,0,1,0,0,0
ENCFF296ITI,/experiments/ENCSR499CRL/,0,0,0,0,0,0,1,0,0,0
ENCFF006JHA,/experiments/ENCSR499CRL/,0,0,0,0,0,0,1,0,0,0
ENCFF307OHZ,/experiments/ENCSR499CRL/,0,0,0,0,0,0,1,0,0,0
ENCFF420RGI,/experiments/ENCSR499CRL/,0,0,0,0,0,0,1,0,0,0
ENCFF636SOT,/experiments/ENCSR499CRL/,0,0,0,0,0,0,1,0,0,0
ENCFF810SCH,/experiments/ENCSR499CRL/,0,0,0,0,0,0,1,0,0,0
ENCFF486BJT,/experiments/ENCSR499CRL/,0,0,0,0,0,0,1,0,0,0
ENCFF139JTM,/experiments/ENCSR499CRL/,0,0,0,0,0,0,1,0,0,0
ENCFF810HYB,/experiments/ENCSR499NEL/,0,0,0,0,0,0,0,0,0,0
ENCFF542QBB,/experiments/ENCSR500JSJ/,1,0,1,0,0,0,0,0,1,0
ENCFF243LZI,/experiments/ENCSR500JSJ/,1,0,1,0,0,0,0,0,1,0
ENCFF528KED,/experiments/ENCSR500UOD/,1,0,0,0,0,1,0,0,0,0
ENCFF048WLA,/experiments/ENCSR500UOD/,1,0,0,0,0,1,0,0,0,0
ENCFF539GMM,/experiments/ENCSR500UOD/,1,0,0,0,0,1,0,0,0,0
ENCFF226YNW,/experiments/ENCSR501DTN/,0,0,0,0,0,0,0,0,0,0
ENCFF436VRX,/experiments/ENCSR501DTN/,0,0,0,0,0,0,0,0,0,0
ENCFF585TEI,/experiments/ENCSR501XXE/,0,0,1,0,0,0,0,1,0,1
ENCFF429BQZ,/experiments/ENCSR502ORP/,0,0,0,0,0,1,0,0,0,0
ENCFF782NPY,/experiments/ENCSR502ORP/,0,0,0,0,0,1,0,0,0,0
ENCFF786STW,/experiments/ENCSR502OTI/,1,0,0,0,0,0,1,0,0,1
ENCFF109ASP,/experiments/ENCSR502OTI/,1,0,0,0,0,0,1,0,0,1
ENCFF122PIO,/experiments/ENCSR502OTI/,1,0,0,0,0,0,1,0,0,1
ENCFF484HSL,/experiments/ENCSR502OTI/,1,0,0,0,0,0,1,0,0,1
ENCFF742OWH,/experiments/ENCSR502OTI/,1,0,0,0,0,0,1,0,0,1
ENCFF746CDH,/experiments/ENCSR502OTI/,1,0,0,0,0,0,1,0,0,1
ENCFF706BNQ,/experiments/ENCSR502OTI/,1,0,0,0,0,0,1,0,0,1
ENCFF544ZCY,/experiments/ENCSR502OTI/,1,0,0,0,0,0,1,0,0,1
ENCFF752NLJ,/experiments/ENCSR502OTI/,1,0,0,0,0,0,1,0,0,1
ENCFF630FRI,/experiments/ENCSR502OTI/,1,0,0,0,0,0,1,0,0,1
ENCFF193ROM,/experiments/ENCSR502OTI/,1,0,0,0,0,0,1,0,0,1
ENCFF037TPQ,/experiments/ENCSR502OTI/,1,0,0,0,0,0,1,0,0,1
ENCFF995MNY,/experiments/ENCSR502OTI/,1,0,0,0,0,0,1,0,0,1
ENCFF840JRO,/experiments/ENCSR502PAY/,0,1,1,0,0,0,0,1,0,0
ENCFF391BSU,/experiments/ENCSR502PAY/,0,1,1,0,0,0,0,1,0,0
ENCFF301QEB,/experiments/ENCSR504GEG/,0,0,1,1,0,0,0,0,0,0
ENCFF070BUP,/experiments/ENCSR504GEG/,0,0,1,1,0,0,0,0,0,0
ENCFF021BPG,/experiments/ENCSR504GEG/,0,0,1,1,0,0,0,0,0,0
ENCFF140MLD,/experiments/ENCSR504GEG/,0,0,1,1,0,0,0,0,0,0
ENCFF460GEN,/experiments/ENCSR504NIU/,0,1,0,0,1,0,0,0,1,0
ENCFF381FTA,/experiments/ENCSR504QMK/,0,1,0,1,0,0,0,1,0,0
ENCFF306FQJ,/experiments/ENCSR504QOC/,0,0,0,0,0,0,1,0,0,0
ENCFF350PHR,/experiments/ENCSR504QOC/,0,0,0,0,0,0,1,0,0,0
ENCFF598PMW,/experiments/ENCSR504QOC/,0,0,0,0,0,0,1,0,0,0
ENCFF661TOM,/experiments/ENCSR504QOC/,0,0,0,0,0,0,1,0,0,0
ENCFF422CQE,/experiments/ENCSR504QOC/,0,0,0,0,0,0,1,0,0,0
ENCFF027GCQ,/experiments/ENCSR504QOC/,0,0,0,0,0,0,1,0,0,0
ENCFF997QQG,/experiments/ENCSR504QOC/,0,0,0,0,0,0,1,0,0,0
ENCFF781MKK,/experiments/ENCSR504QOC/,0,0,0,0,0,0,1,0,0,0
ENCFF758BKM,/experiments/ENCSR504QOC/,0,0,0,0,0,0,1,0,0,0
ENCFF916JWW,/experiments/ENCSR504QOC/,0,0,0,0,0,0,1,0,0,0
ENCFF002DHT,/experiments/ENCSR504VXC/,0,0,0,0,0,0,1,0,0,0
ENCFF002DLZ,/experiments/ENCSR504VXC/,0,0,0,0,0,0,1,0,0,0
ENCFF134VWD,/experiments/ENCSR507OWX/,0,1,0,0,0,0,1,0,0,0
ENCFF804EWD,/experiments/ENCSR507OWX/,0,1,0,0,0,0,1,0,0,0
ENCFF019PVP,/experiments/ENCSR507OWX/,0,1,0,0,0,0,1,0,0,0
ENCFF275TCB,/experiments/ENCSR507OWX/,0,1,0,0,0,0,1,0,0,0
ENCFF347EUO,/experiments/ENCSR507OWX/,0,1,0,0,0,0,1,0,0,0
ENCFF066MTU,/experiments/ENCSR507OWX/,0,1,0,0,0,0,1,0,0,0
ENCFF705CES,/experiments/ENCSR507OWX/,0,1,0,0,0,0,1,0,0,0
ENCFF952EQQ,/experiments/ENCSR507OWX/,0,1,0,0,0,0,1,0,0,0
ENCFF117ZMM,/experiments/ENCSR507OWX/,0,1,0,0,0,0,1,0,0,0
ENCFF409ABB,/experiments/ENCSR507OWX/,0,1,0,0,0,0,1,0,0,0
ENCFF285NFL,/experiments/ENCSR507OWX/,0,1,0,0,0,0,1,0,0,0
ENCFF052RNG,/experiments/ENCSR507OWX/,0,1,0,0,0,0,1,0,0,0
ENCFF090KDU,/experiments/ENCSR508GWZ/,0,1,0,1,0,0,0,1,0,0
ENCFF003CSR,/experiments/ENCSR508GWZ/,0,1,0,1,0,0,0,1,0,0
ENCFF078SPI,/experiments/ENCSR508GWZ/,0,1,0,1,0,0,0,1,0,0
ENCFF555MUK,/experiments/ENCSR508GWZ/,0,1,0,1,0,0,0,1,0,0
ENCFF261ZZF,/experiments/ENCSR510HZQ/,0,0,0,1,1,0,1,0,0,0
ENCFF246QAD,/experiments/ENCSR510MIA/,0,0,0,0,0,0,1,0,0,0
ENCFF329UBN,/experiments/ENCSR510PSL/,1,1,1,1,0,0,0,0,1,0
ENCFF907KLE,/experiments/ENCSR510PSL/,1,1,1,1,0,0,0,0,1,0
ENCFF433LAF,/experiments/ENCSR510PSL/,1,1,1,1,0,0,0,0,1,0
ENCFF763QKS,/experiments/ENCSR510PSL/,1,1,1,1,0,0,0,0,1,0
ENCFF875TMJ,/experiments/ENCSR510PSL/,1,1,1,1,0,0,0,0,1,0
ENCFF162PCG,/experiments/ENCSR510PSL/,1,1,1,1,0,0,0,0,1,0
ENCFF448PEA,/experiments/ENCSR510PSL/,1,1,1,1,0,0,0,0,1,0
ENCFF705PTG,/experiments/ENCSR510PSL/,1,1,1,1,0,0,0,0,1,0
ENCFF604WWA,/experiments/ENCSR510PSL/,1,1,1,1,0,0,0,0,1,0
ENCFF202JRW,/experiments/ENCSR510PSL/,1,1,1,1,0,0,0,0,1,0
ENCFF365VGF,/experiments/ENCSR510PSL/,1,1,1,1,0,0,0,0,1,0
ENCFF206QGS,/experiments/ENCSR510PSL/,1,1,1,1,0,0,0,0,1,0
ENCFF246DOI,/experiments/ENCSR510PSL/,1,1,1,1,0,0,0,0,1,0
ENCFF627NPY,/experiments/ENCSR510QZW/,0,0,0,0,1,0,0,1,0,0
ENCFF065GSV,/experiments/ENCSR510QZW/,0,0,0,0,1,0,0,1,0,0
ENCFF509HFH,/experiments/ENCSR510QZW/,0,0,0,0,1,0,0,1,0,0
ENCFF737TKD,/experiments/ENCSR510QZW/,0,0,0,0,1,0,0,1,0,0
ENCFF912MUD,/experiments/ENCSR511LAZ/,0,0,0,0,0,0,1,1,0,0
ENCFF728TXU,/experiments/ENCSR511LAZ/,0,0,0,0,0,0,1,1,0,0
ENCFF349LIW,/experiments/ENCSR515LYM/,0,0,0,0,0,1,0,0,1,1
ENCFF162UVS,/experiments/ENCSR515LYM/,0,0,0,0,0,1,0,0,1,1
ENCFF117BGT,/experiments/ENCSR515LYM/,0,0,0,0,0,1,0,0,1,1
ENCFF108UNS,/experiments/ENCSR515LYM/,0,0,0,0,0,1,0,0,1,1
ENCFF332ZPO,/experiments/ENCSR515LYM/,0,0,0,0,0,1,0,0,1,1
ENCFF291LRG,/experiments/ENCSR515LYM/,0,0,0,0,0,1,0,0,1,1
ENCFF667FDW,/experiments/ENCSR515LYM/,0,0,0,0,0,1,0,0,1,1
ENCFF560YXX,/experiments/ENCSR515LYM/,0,0,0,0,0,1,0,0,1,1
ENCFF401HCS,/experiments/ENCSR515LYM/,0,0,0,0,0,1,0,0,1,1
ENCFF312CZB,/experiments/ENCSR515LYM/,0,0,0,0,0,1,0,0,1,1
ENCFF147GLI,/experiments/ENCSR515LYM/,0,0,0,0,0,1,0,0,1,1
ENCFF951UXE,/experiments/ENCSR515LYM/,0,0,0,0,0,1,0,0,1,1
ENCFF138TOM,/experiments/ENCSR515LYM/,0,0,0,0,0,1,0,0,1,1
ENCFF279BVM,/experiments/ENCSR515LYM/,0,0,0,0,0,1,0,0,1,1
ENCFF086ZMV,/experiments/ENCSR515LYM/,0,0,0,0,0,1,0,0,1,1
ENCFF844QDN,/experiments/ENCSR515LYM/,0,0,0,0,0,1,0,0,1,1
ENCFF151QHP,/experiments/ENCSR515LYM/,0,0,0,0,0,1,0,0,1,1
ENCFF379JPQ,/experiments/ENCSR515LYM/,0,0,0,0,0,1,0,0,1,1
ENCFF460NGS,/experiments/ENCSR515LYM/,0,0,0,0,0,1,0,0,1,1
ENCFF130KZZ,/experiments/ENCSR515LYM/,0,0,0,0,0,1,0,0,1,1
ENCFF198NQV,/experiments/ENCSR515LYM/,0,0,0,0,0,1,0,0,1,1
ENCFF190CKD,/experiments/ENCSR515MED/,1,0,0,0,0,0,0,0,1,0
ENCFF932KJM,/experiments/ENCSR516BJM/,0,1,0,1,0,0,0,0,1,0
ENCFF526MBC,/experiments/ENCSR516BJM/,0,1,0,1,0,0,0,0,1,0
ENCFF749STK,/experiments/ENCSR516DAX/,0,0,0,1,1,0,1,0,0,0
ENCFF911OIZ,/experiments/ENCSR516DAX/,0,0,0,1,1,0,1,0,0,0
ENCFF323HNC,/experiments/ENCSR516TTH/,0,0,0,0,1,0,0,0,1,1
ENCFF463WEH,/experiments/ENCSR516UNF/,0,1,0,1,0,0,0,1,0,0
ENCFF976CLZ,/experiments/ENCSR516VDS/,0,0,0,0,0,0,0,0,0,0
ENCFF494RKL,/experiments/ENCSR518BSQ/,0,1,0,0,0,0,1,1,0,0
ENCFF318DVU,/experiments/ENCSR518BSQ/,0,1,0,0,0,0,1,1,0,0
ENCFF631QWX,/experiments/ENCSR518GDK/,0,0,0,0,0,0,0,0,0,0
ENCFF279LVO,/experiments/ENCSR518GDK/,0,0,0,0,0,0,0,0,0,0
ENCFF534HFO,/experiments/ENCSR519NFO/,0,1,0,0,1,0,0,0,0,0
ENCFF342JTM,/experiments/ENCSR521ZFP/,1,0,1,0,1,0,0,1,0,0
ENCFF648XQJ,/experiments/ENCSR522CJR/,0,0,0,1,1,0,0,0,1,0
ENCFF082DFO,/experiments/ENCSR522CJR/,0,0,0,1,1,0,0,0,1,0
ENCFF610CVY,/experiments/ENCSR522CJR/,0,0,0,1,1,0,0,0,1,0
ENCFF644ACF,/experiments/ENCSR522CJR/,0,0,0,1,1,0,0,0,1,0
ENCFF587OYZ,/experiments/ENCSR522CJR/,0,0,0,1,1,0,0,0,1,0
ENCFF015SQM,/experiments/ENCSR522XTV/,0,0,0,0,0,0,0,0,0,0
ENCFF677RLO,/experiments/ENCSR523EDD/,0,0,0,0,0,0,0,0,0,0
ENCFF934TMG,/experiments/ENCSR523RGW/,0,0,0,0,0,0,0,0,0,0
ENCFF981WYI,/experiments/ENCSR523RGW/,0,0,0,0,0,0,0,0,0,0
ENCFF254KMC,/experiments/ENCSR525HSH/,0,1,0,1,0,0,0,0,0,0
ENCFF987TWO,/experiments/ENCSR525HSH/,0,1,0,1,0,0,0,0,0,0
ENCFF904ZBV,/experiments/ENCSR525HSH/,0,1,0,1,0,0,0,0,0,0
ENCFF034XQS,/experiments/ENCSR526SEX/,1,0,0,0,0,0,0,0,1,0
ENCFF228OAV,/experiments/ENCSR526SEX/,1,0,0,0,0,0,0,0,1,0
ENCFF381RLD,/experiments/ENCSR526SEX/,1,0,0,0,0,0,0,0,1,0
ENCFF485OXT,/experiments/ENCSR526SEX/,1,0,0,0,0,0,0,0,1,0
ENCFF105ISV,/experiments/ENCSR527JGN/,0,1,0,0,0,0,0,0,0,1
ENCFF562EXR,/experiments/ENCSR527JGN/,0,1,0,0,0,0,0,0,0,1
ENCFF658IRQ,/experiments/ENCSR527JGN/,0,1,0,0,0,0,0,0,0,1
ENCFF795NJY,/experiments/ENCSR527JGN/,0,1,0,0,0,0,0,0,0,1
ENCFF082WYB,/experiments/ENCSR527JGN/,0,1,0,0,0,0,0,0,0,1
ENCFF769RJX,/experiments/ENCSR527JGN/,0,1,0,0,0,0,0,0,0,1
ENCFF617JTP,/experiments/ENCSR527JGN/,0,1,0,0,0,0,0,0,0,1
ENCFF856WHF,/experiments/ENCSR527JGN/,0,1,0,0,0,0,0,0,0,1
ENCFF349JGH,/experiments/ENCSR527JGN/,0,1,0,0,0,0,0,0,0,1
ENCFF948DKL,/experiments/ENCSR527JGN/,0,1,0,0,0,0,0,0,0,1
ENCFF158FIK,/experiments/ENCSR527JGN/,0,1,0,0,0,0,0,0,0,1
ENCFF668JVG,/experiments/ENCSR527SSD/,0,0,1,0,0,0,0,0,1,1
ENCFF365NAH,/experiments/ENCSR527SSD/,0,0,1,0,0,0,0,0,1,1
ENCFF250BPC,/experiments/ENCSR528ZKN/,0,0,0,1,1,0,0,0,0,1
ENCFF914UWW,/experiments/ENCSR530ESE/,0,0,1,0,1,0,0,0,0,1
ENCFF261SZR,/experiments/ENCSR530NHO/,0,1,0,0,0,0,0,1,0,1
ENCFF366XGE,/experiments/ENCSR530NHO/,0,1,0,0,0,0,0,1,0,1
ENCFF321IGJ,/experiments/ENCSR530OOO/,0,0,1,0,0,1,0,0,0,0
ENCFF703HYW,/experiments/ENCSR531RKI/,0,1,1,0,0,0,0,0,0,0
ENCFF151GUG,/experiments/ENCSR532LJV/,0,1,1,0,0,0,0,0,0,1
ENCFF751LMQ,/experiments/ENCSR532LJV/,0,1,1,0,0,0,0,0,0,1
ENCFF268ARQ,/experiments/ENCSR533TOW/,0,0,0,0,0,1,1,0,0,0
ENCFF127SIN,/experiments/ENCSR533TOW/,0,0,0,0,0,1,1,0,0,0
ENCFF494LBQ,/experiments/ENCSR534JVH/,0,0,1,0,0,1,0,0,0,0
ENCFF419XEH,/experiments/ENCSR534OAS/,0,0,0,0,0,0,0,0,1,0
ENCFF792CNU,/experiments/ENCSR534TGM/,0,1,1,0,1,0,0,0,0,0
ENCFF579LUD,/experiments/ENCSR534TGM/,0,1,1,0,1,0,0,0,0,0
ENCFF208WMD,/experiments/ENCSR535SFV/,0,0,0,1,0,0,1,0,1,0
ENCFF258DSI,/experiments/ENCSR535SFV/,0,0,0,1,0,0,1,0,1,0
ENCFF275FCL,/experiments/ENCSR535SFV/,0,0,0,1,0,0,1,0,1,0
ENCFF827XAJ,/experiments/ENCSR535SFV/,0,0,0,1,0,0,1,0,1,0
ENCFF002DLP,/experiments/ENCSR535VTR/,0,0,1,0,0,1,0,0,0,0
ENCFF002DHV,/experiments/ENCSR535VTR/,0,0,1,0,0,1,0,0,0,0
ENCFF266AHW,/experiments/ENCSR535YOP/,0,0,1,0,0,0,0,0,0,0
ENCFF816SSU,/experiments/ENCSR536GUD/,0,0,1,0,0,0,1,0,0,0
ENCFF178HDG,/experiments/ENCSR536HHA/,0,0,0,0,0,1,0,0,0,0
ENCFF712SHP,/experiments/ENCSR537BCG/,1,0,1,0,0,0,0,0,0,0
ENCFF821YWS,/experiments/ENCSR537BCG/,1,0,1,0,0,0,0,0,0,0
ENCFF816QOY,/experiments/ENCSR537BCG/,1,0,1,0,0,0,0,0,0,0
ENCFF476PHC,/experiments/ENCSR537BCG/,1,0,1,0,0,0,0,0,0,0
ENCFF793PLC,/experiments/ENCSR537BCG/,1,0,1,0,0,0,0,0,0,0
ENCFF652UDJ,/experiments/ENCSR537GNQ/,0,0,0,0,1,1,0,0,0,0
ENCFF901TLF,/experiments/ENCSR537GNQ/,0,0,0,0,1,1,0,0,0,0
ENCFF224GDX,/experiments/ENCSR538CVD/,0,0,0,0,0,0,0,0,0,0
ENCFF254GTZ,/experiments/ENCSR538CVD/,0,0,0,0,0,0,0,0,0,0
ENCFF275YAD,/experiments/ENCSR538FRP/,0,0,0,0,0,1,0,0,0,0
ENCFF043NBE,/experiments/ENCSR538FRP/,0,0,0,0,0,1,0,0,0,0
ENCFF249ZZI,/experiments/ENCSR538WYL/,0,0,0,0,0,0,0,0,1,0
ENCFF781WVF,/experiments/ENCSR538WYL/,0,0,0,0,0,0,0,0,1,0
ENCFF053CRD,/experiments/ENCSR538WYL/,0,0,0,0,0,0,0,0,1,0
ENCFF500GLW,/experiments/ENCSR538WYL/,0,0,0,0,0,0,0,0,1,0
ENCFF846YHZ,/experiments/ENCSR539OQU/,0,1,1,1,0,0,0,0,1,0
ENCFF969RUJ,/experiments/ENCSR541TIG/,1,0,0,1,0,0,0,0,1,0
ENCFF714MGS,/experiments/ENCSR541TIG/,1,0,0,1,0,0,0,0,1,0
ENCFF820NAK,/experiments/ENCSR541XZK/,1,0,1,0,0,0,1,0,0,0
ENCFF237DCF,/experiments/ENCSR541XZK/,1,0,1,0,0,0,1,0,0,0
ENCFF654OBR,/experiments/ENCSR541XZK/,1,0,1,0,0,0,1,0,0,0
ENCFF249AZE,/experiments/ENCSR541XZK/,1,0,1,0,0,0,1,0,0,0
ENCFF313IFI,/experiments/ENCSR542BJQ/,0,0,0,0,0,0,1,0,0,1
ENCFF594GIP,/experiments/ENCSR542BJQ/,0,0,0,0,0,0,1,0,0,1
ENCFF563FUC,/experiments/ENCSR542BJQ/,0,0,0,0,0,0,1,0,0,1
ENCFF083IRL,/experiments/ENCSR542BJQ/,0,0,0,0,0,0,1,0,0,1
ENCFF316EEH,/experiments/ENCSR542BJQ/,0,0,0,0,0,0,1,0,0,1
ENCFF926FRX,/experiments/ENCSR542BJQ/,0,0,0,0,0,0,1,0,0,1
ENCFF424GQM,/experiments/ENCSR542BJQ/,0,0,0,0,0,0,1,0,0,1
ENCFF644GYU,/experiments/ENCSR542BJQ/,0,0,0,0,0,0,1,0,0,1
ENCFF492HRC,/experiments/ENCSR542BJQ/,0,0,0,0,0,0,1,0,0,1
ENCFF157IFW,/experiments/ENCSR542BJQ/,0,0,0,0,0,0,1,0,0,1
ENCFF352KGC,/experiments/ENCSR542BJQ/,0,0,0,0,0,0,1,0,0,1
ENCFF417OEG,/experiments/ENCSR542BJQ/,0,0,0,0,0,0,1,0,0,1
ENCFF864DTX,/experiments/ENCSR542BJQ/,0,0,0,0,0,0,1,0,0,1
ENCFF344VGL,/experiments/ENCSR542BJQ/,0,0,0,0,0,0,1,0,0,1
ENCFF790BGN,/experiments/ENCSR542OHE/,0,0,1,0,0,1,0,0,0,1
ENCFF355VKA,/experiments/ENCSR542OHE/,0,0,1,0,0,1,0,0,0,1
ENCFF388ZGX,/experiments/ENCSR542OHE/,0,0,1,0,0,1,0,0,0,1
ENCFF626IEY,/experiments/ENCSR543QRU/,0,0,0,1,0,1,1,0,0,0
ENCFF292SVL,/experiments/ENCSR543QRU/,0,0,0,1,0,1,1,0,0,0
ENCFF566YFM,/experiments/ENCSR543QRU/,0,0,0,1,0,1,1,0,0,0
ENCFF178QHC,/experiments/ENCSR543TQW/,0,0,0,0,0,0,0,0,0,0
ENCFF667RSP,/experiments/ENCSR544SAU/,1,0,0,0,0,0,0,0,0,0
ENCFF628GUZ,/experiments/ENCSR545DKY/,0,0,0,0,0,1,0,0,0,0
ENCFF059IUV,/experiments/ENCSR545DKY/,0,0,0,0,0,1,0,0,0,0
ENCFF861MLB,/experiments/ENCSR545MEZ/,0,0,0,0,0,0,0,1,0,1
ENCFF969AEA,/experiments/ENCSR545WAC/,0,0,1,0,0,0,1,0,0,1
ENCFF460USW,/experiments/ENCSR546PPG/,0,0,0,0,1,0,0,0,0,0
ENCFF018VXY,/experiments/ENCSR546PPG/,0,0,0,0,1,0,0,0,0,0
ENCFF912COG,/experiments/ENCSR546PPG/,0,0,0,0,1,0,0,0,0,0
ENCFF096IEM,/experiments/ENCSR546PPG/,0,0,0,0,1,0,0,0,0,0
ENCFF372PCP,/experiments/ENCSR547TNE/,0,0,0,0,0,1,0,0,1,0
ENCFF156YWS,/experiments/ENCSR548BTE/,0,0,0,0,0,0,0,0,0,0
ENCFF831ISX,/experiments/ENCSR548BTE/,0,0,0,0,0,0,0,0,0,0
ENCFF824JKN,/experiments/ENCSR549DVY/,0,0,1,0,0,0,0,0,1,1
ENCFF533DWD,/experiments/ENCSR549HQM/,0,1,0,0,0,0,1,0,0,0
ENCFF510TTU,/experiments/ENCSR549HQM/,0,1,0,0,0,0,1,0,0,0
ENCFF002ERU,/experiments/ENCSR549QME/,0,0,0,0,1,1,1,1,0,0
ENCFF002ERW,/experiments/ENCSR549QME/,0,0,0,0,1,1,1,1,0,0
ENCFF052TFM,/experiments/ENCSR551NII/,0,0,0,0,0,0,0,0,0,0
ENCFF000DMW,/experiments/ENCSR552EGO/,0,0,1,0,0,0,0,0,0,0
ENCFF000DMU,/experiments/ENCSR552EGO/,0,0,1,0,0,0,0,0,0,0
ENCFF466DUG,/experiments/ENCSR552RFJ/,0,0,0,0,1,0,1,0,0,1
ENCFF350ISX,/experiments/ENCSR552RFJ/,0,0,0,0,1,0,1,0,0,1
ENCFF754GRT,/experiments/ENCSR552YAE/,0,0,0,0,0,1,0,0,1,0
ENCFF240TXD,/experiments/ENCSR554KBK/,0,0,0,0,1,0,1,0,0,0
ENCFF106TWX,/experiments/ENCSR554KBK/,0,0,0,0,1,0,1,0,0,0
ENCFF286WTQ,/experiments/ENCSR554PHF/,0,0,0,1,0,1,0,0,1,0
ENCFF445AWP,/experiments/ENCSR554PHF/,0,0,0,1,0,1,0,0,1,0
ENCFF779SEA,/experiments/ENCSR555BCP/,0,1,0,0,1,1,1,0,1,1
ENCFF091YUW,/experiments/ENCSR557RMA/,0,0,0,0,0,0,0,0,1,0
ENCFF889DNO,/experiments/ENCSR557RMA/,0,0,0,0,0,0,0,0,1,0
ENCFF575RUC,/experiments/ENCSR558PXY/,0,0,1,0,0,0,0,0,0,1
ENCFF793IYH,/experiments/ENCSR558PXY/,0,0,1,0,0,0,0,0,0,1
ENCFF533YVW,/experiments/ENCSR558SEE/,0,0,0,0,0,0,0,0,0,0
ENCFF977LXH,/experiments/ENCSR558SEE/,0,0,0,0,0,0,0,0,0,0
ENCFF569KZV,/experiments/ENCSR559HWG/,0,0,0,0,0,1,0,0,1,0
ENCFF388FLK,/experiments/ENCSR559HWG/,0,0,0,0,0,1,0,0,1,0
ENCFF375BWD,/experiments/ENCSR559HWG/,0,0,0,0,0,1,0,0,1,0
ENCFF167NXN,/experiments/ENCSR559TRB/,0,1,0,0,1,0,0,0,0,0
ENCFF926BFE,/experiments/ENCSR559TRB/,0,1,0,0,1,0,0,0,0,0
ENCFF275SGM,/experiments/ENCSR559TRB/,0,1,0,0,1,0,0,0,0,0
ENCFF060NTC,/experiments/ENCSR559TRB/,0,1,0,0,1,0,0,0,0,0
ENCFF299JVW,/experiments/ENCSR560MDQ/,1,1,0,0,0,0,0,0,0,1
ENCFF946VBP,/experiments/ENCSR561FEE/,0,0,0,0,0,0,0,0,1,0
ENCFF787PPA,/experiments/ENCSR561FEE/,0,0,0,0,0,0,0,0,1,0
ENCFF755EWN,/experiments/ENCSR561WEX/,0,1,0,0,1,0,0,0,0,1
ENCFF762JJD,/experiments/ENCSR562BUN/,0,0,0,0,0,0,1,0,1,1
ENCFF066JNX,/experiments/ENCSR562ORH/,0,0,0,1,0,0,0,1,0,0
ENCFF457EKI,/experiments/ENCSR563SJY/,0,0,1,1,0,0,0,0,0,0
ENCFF293FIY,/experiments/ENCSR563VMC/,1,0,0,0,1,1,0,1,0,0
ENCFF454ABT,/experiments/ENCSR563ZWI/,1,0,0,1,0,0,0,0,1,0
ENCFF649ZPR,/experiments/ENCSR563ZWI/,1,0,0,1,0,0,0,0,1,0
ENCFF552CJW,/experiments/ENCSR564CRW/,0,0,0,0,0,0,0,0,0,1
ENCFF130HBS,/experiments/ENCSR565EWX/,0,1,0,0,0,0,0,0,0,1
ENCFF676SOG,/experiments/ENCSR565EWX/,0,1,0,0,0,0,0,0,0,1
ENCFF130FFT,/experiments/ENCSR565EWX/,0,1,0,0,0,0,0,0,0,1
ENCFF508BBT,/experiments/ENCSR565EWX/,0,1,0,0,0,0,0,0,0,1
ENCFF719XGG,/experiments/ENCSR565EWX/,0,1,0,0,0,0,0,0,0,1
ENCFF220SDC,/experiments/ENCSR565EWX/,0,1,0,0,0,0,0,0,0,1
ENCFF740WXS,/experiments/ENCSR568GJM/,1,0,0,0,0,1,0,0,0,0
ENCFF049WBL,/experiments/ENCSR568GJM/,1,0,0,0,0,1,0,0,0,0
ENCFF782CNW,/experiments/ENCSR568GJM/,1,0,0,0,0,1,0,0,0,0
ENCFF790WIY,/experiments/ENCSR568GJM/,1,0,0,0,0,1,0,0,0,0
ENCFF742DJH,/experiments/ENCSR568GJM/,1,0,0,0,0,1,0,0,0,0
ENCFF505EFI,/experiments/ENCSR568UGZ/,0,0,0,0,0,0,0,1,0,0
ENCFF002DMB,/experiments/ENCSR568YRP/,0,1,0,0,0,0,1,1,0,0
ENCFF002DHZ,/experiments/ENCSR568YRP/,0,1,0,0,0,0,1,1,0,0
ENCFF960DLP,/experiments/ENCSR569JKX/,0,0,1,0,0,1,0,1,0,0
ENCFF138HQU,/experiments/ENCSR569JKX/,0,0,1,0,0,1,0,1,0,0
ENCFF687LFX,/experiments/ENCSR570DQR/,0,0,0,0,0,0,0,0,0,0
ENCFF640IQB,/experiments/ENCSR571BML/,0,0,0,0,0,0,0,0,0,0
ENCFF553VJC,/experiments/ENCSR571BML/,0,0,0,0,0,0,0,0,0,0
ENCFF663XFB,/experiments/ENCSR571BML/,0,0,0,0,0,0,0,0,0,0
ENCFF597DRD,/experiments/ENCSR571BML/,0,0,0,0,0,0,0,0,0,0
ENCFF222UWW,/experiments/ENCSR571BML/,0,0,0,0,0,0,0,0,0,0
ENCFF950HCO,/experiments/ENCSR571BML/,0,0,0,0,0,0,0,0,0,0
ENCFF260PST,/experiments/ENCSR571BML/,0,0,0,0,0,0,0,0,0,0
ENCFF075UBV,/experiments/ENCSR571BML/,0,0,0,0,0,0,0,0,0,0
ENCFF995ZHM,/experiments/ENCSR571BML/,0,0,0,0,0,0,0,0,0,0
ENCFF876RNB,/experiments/ENCSR571BML/,0,0,0,0,0,0,0,0,0,0
ENCFF021JPT,/experiments/ENCSR571BML/,0,0,0,0,0,0,0,0,0,0
ENCFF143TWQ,/experiments/ENCSR571BML/,0,0,0,0,0,0,0,0,0,0
ENCFF240UXB,/experiments/ENCSR571BML/,0,0,0,0,0,0,0,0,0,0
ENCFF443XTQ,/experiments/ENCSR571IUW/,1,0,0,1,0,0,1,0,1,0
ENCFF649ASL,/experiments/ENCSR571IUZ/,1,0,0,0,0,1,0,0,1,0
ENCFF454JTI,/experiments/ENCSR571OZD/,0,0,1,0,1,0,0,0,1,0
ENCFF827NYZ,/experiments/ENCSR571OZD/,0,0,1,0,1,0,0,0,1,0
ENCFF715CAJ,/experiments/ENCSR571OZD/,0,0,1,0,1,0,0,0,1,0
ENCFF906OAF,/experiments/ENCSR571OZD/,0,0,1,0,1,0,0,0,1,0
ENCFF350HMV,/experiments/ENCSR571RXE/,0,1,1,0,1,0,0,0,1,0
ENCFF834VLU,/experiments/ENCSR572EET/,0,0,0,0,0,0,1,0,0,0
ENCFF391AKU,/experiments/ENCSR572FXC/,0,1,1,0,0,0,1,0,0,0
ENCFF604SXL,/experiments/ENCSR573TZD/,0,0,1,0,0,1,1,0,1,0
ENCFF939IUH,/experiments/ENCSR573TZD/,0,0,1,0,0,1,1,0,1,0
ENCFF261ZHF,/experiments/ENCSR574PFY/,1,0,0,0,1,0,1,0,0,0
ENCFF208XIZ,/experiments/ENCSR575MQY/,0,0,0,1,0,1,0,0,0,0
ENCFF115AOC,/experiments/ENCSR575MQY/,0,0,0,1,0,1,0,0,0,0
ENCFF829FYE,/experiments/ENCSR575OHC/,0,0,1,0,0,0,0,0,1,0
ENCFF335ZSA,/experiments/ENCSR576HNP/,0,0,0,0,1,1,0,1,0,0
ENCFF355AMN,/experiments/ENCSR576HNP/,0,0,0,0,1,1,0,1,0,0
ENCFF630XRG,/experiments/ENCSR576UKA/,0,0,0,0,1,1,1,0,0,0
ENCFF771DWE,/experiments/ENCSR577EOP/,0,0,0,0,0,0,0,0,0,0
ENCFF260PON,/experiments/ENCSR577EOP/,0,0,0,0,0,0,0,0,0,0
ENCFF773NUR,/experiments/ENCSR577EOP/,0,0,0,0,0,0,0,0,0,0
ENCFF028GRC,/experiments/ENCSR577EOP/,0,0,0,0,0,0,0,0,0,0
ENCFF449NKH,/experiments/ENCSR577EOP/,0,0,0,0,0,0,0,0,0,0
ENCFF835UIJ,/experiments/ENCSR577EOP/,0,0,0,0,0,0,0,0,0,0
ENCFF599JCM,/experiments/ENCSR577EOP/,0,0,0,0,0,0,0,0,0,0
ENCFF174JVK,/experiments/ENCSR577EOP/,0,0,0,0,0,0,0,0,0,0
ENCFF776ATV,/experiments/ENCSR577EOP/,0,0,0,0,0,0,0,0,0,0
ENCFF299KRP,/experiments/ENCSR577EOP/,0,0,0,0,0,0,0,0,0,0
ENCFF183HMG,/experiments/ENCSR579BDN/,0,0,1,0,0,0,0,0,0,1
ENCFF671GFL,/experiments/ENCSR579FCW/,0,0,0,0,0,0,0,1,0,0
ENCFF082DGE,/experiments/ENCSR579FCW/,0,0,0,0,0,0,0,1,0,0
ENCFF063LXW,/experiments/ENCSR579FCW/,0,0,0,0,0,0,0,1,0,0
ENCFF014ITK,/experiments/ENCSR579FCW/,0,0,0,0,0,0,0,1,0,0
ENCFF054ZKZ,/experiments/ENCSR579KTN/,0,0,0,0,0,0,0,1,0,0
ENCFF002DLH,/experiments/ENCSR580GSX/,0,0,1,0,0,0,0,0,1,1
ENCFF002DMR,/experiments/ENCSR580GSX/,0,0,1,0,0,0,0,0,1,1
ENCFF962CDM,/experiments/ENCSR582PLJ/,0,1,0,0,0,0,1,0,0,0
ENCFF739IYR,/experiments/ENCSR582PLJ/,0,1,0,0,0,0,1,0,0,0
ENCFF398WXT,/experiments/ENCSR582PLJ/,0,1,0,0,0,0,1,0,0,0
ENCFF568CPF,/experiments/ENCSR584CVV/,0,0,0,1,0,0,1,0,0,0
ENCFF116WTQ,/experiments/ENCSR584CVV/,0,0,0,1,0,0,1,0,0,0
ENCFF180NCH,/experiments/ENCSR584CVV/,0,0,0,1,0,0,1,0,0,0
ENCFF417BPK,/experiments/ENCSR584CVV/,0,0,0,1,0,0,1,0,0,0
ENCFF236SUX,/experiments/ENCSR584CVV/,0,0,0,1,0,0,1,0,0,0
ENCFF813HSD,/experiments/ENCSR584CVV/,0,0,0,1,0,0,1,0,0,0
ENCFF703HES,/experiments/ENCSR584CVV/,0,0,0,1,0,0,1,0,0,0
ENCFF719HNW,/experiments/ENCSR584CVV/,0,0,0,1,0,0,1,0,0,0
ENCFF372LXY,/experiments/ENCSR584CVV/,0,0,0,1,0,0,1,0,0,0
ENCFF171KPY,/experiments/ENCSR584CVV/,0,0,0,1,0,0,1,0,0,0
ENCFF534DID,/experiments/ENCSR584FVS/,0,0,0,0,1,0,1,1,0,1
ENCFF363CYZ,/experiments/ENCSR584FVS/,0,0,0,0,1,0,1,1,0,1
ENCFF393YET,/experiments/ENCSR584FVS/,0,0,0,0,1,0,1,1,0,1
ENCFF782JNB,/experiments/ENCSR584FVS/,0,0,0,0,1,0,1,1,0,1
ENCFF593RAV,/experiments/ENCSR584FVS/,0,0,0,0,1,0,1,1,0,1
ENCFF212ZXS,/experiments/ENCSR584FVS/,0,0,0,0,1,0,1,1,0,1
ENCFF189WYV,/experiments/ENCSR584FVS/,0,0,0,0,1,0,1,1,0,1
ENCFF865WQE,/experiments/ENCSR584FVS/,0,0,0,0,1,0,1,1,0,1
ENCFF218HNK,/experiments/ENCSR584FVS/,0,0,0,0,1,0,1,1,0,1
ENCFF915FID,/experiments/ENCSR584FVS/,0,0,0,0,1,0,1,1,0,1
ENCFF371VGE,/experiments/ENCSR584FVS/,0,0,0,0,1,0,1,1,0,1
ENCFF027BYX,/experiments/ENCSR584FVS/,0,0,0,0,1,0,1,1,0,1
ENCFF297CWJ,/experiments/ENCSR584FVS/,0,0,0,0,1,0,1,1,0,1
ENCFF184EAT,/experiments/ENCSR584FVS/,0,0,0,0,1,0,1,1,0,1
ENCFF917KJE,/experiments/ENCSR584JXD/,0,0,0,0,1,0,0,0,0,0
ENCFF185BLE,/experiments/ENCSR584JXD/,0,0,0,0,1,0,0,0,0,0
ENCFF920FVY,/experiments/ENCSR584OSM/,0,1,0,0,0,0,0,0,1,0
ENCFF467LJD,/experiments/ENCSR584OSM/,0,1,0,0,0,0,0,0,1,0
ENCFF885KRK,/experiments/ENCSR584OXW/,0,0,0,0,0,1,0,0,0,0
ENCFF072CPG,/experiments/ENCSR584OXW/,0,0,0,0,0,1,0,0,0,0
ENCFF842QOF,/experiments/ENCSR584OXW/,0,0,0,0,0,1,0,0,0,0
ENCFF156BMH,/experiments/ENCSR584OXW/,0,0,0,0,0,1,0,0,0,0
ENCFF392QQV,/experiments/ENCSR584OXW/,0,0,0,0,0,1,0,0,0,0
ENCFF551RBV,/experiments/ENCSR584YAG/,0,0,0,1,1,1,0,0,0,1
ENCFF865HGH,/experiments/ENCSR584YAG/,0,0,0,1,1,1,0,0,0,1
ENCFF195VSJ,/experiments/ENCSR585DJN/,0,0,0,1,0,0,0,0,0,0
ENCFF057NQF,/experiments/ENCSR585EUI/,0,0,1,0,0,0,0,0,0,0
ENCFF114TXS,/experiments/ENCSR586SEE/,0,0,1,0,0,0,0,0,0,0
ENCFF556VCV,/experiments/ENCSR586SYA/,0,1,0,0,0,0,0,0,1,0
ENCFF379TZT,/experiments/ENCSR588BJN/,0,0,0,1,0,0,1,1,0,0
ENCFF385UBP,/experiments/ENCSR588BJN/,0,0,0,1,0,0,1,1,0,0
ENCFF818BAS,/experiments/ENCSR588BJN/,0,0,0,1,0,0,1,1,0,0
ENCFF269SRJ,/experiments/ENCSR588BJN/,0,0,0,1,0,0,1,1,0,0
ENCFF980IUG,/experiments/ENCSR588EJX/,0,0,0,0,0,0,0,0,0,0
ENCFF892WVN,/experiments/ENCSR588EJX/,0,0,0,0,0,0,0,0,0,0
ENCFF092JRM,/experiments/ENCSR588EJX/,0,0,0,0,0,0,0,0,0,0
ENCFF159DMM,/experiments/ENCSR588TIV/,0,0,0,0,0,1,1,0,0,0
ENCFF077JIQ,/experiments/ENCSR588TIV/,0,0,0,0,0,1,1,0,0,0
ENCFF183UZL,/experiments/ENCSR588TSF/,1,0,1,0,0,0,0,0,0,0
ENCFF910LCB,/experiments/ENCSR589EBT/,0,0,0,1,0,0,0,0,1,1
ENCFF672NQZ,/experiments/ENCSR589EBT/,0,0,0,1,0,0,0,0,1,1
ENCFF133LQX,/experiments/ENCSR590GUK/,0,1,0,0,0,0,0,0,0,0
ENCFF795ZUP,/experiments/ENCSR590GUK/,0,1,0,0,0,0,0,0,0,0
ENCFF592BSJ,/experiments/ENCSR590GUK/,0,1,0,0,0,0,0,0,0,0
ENCFF633SMP,/experiments/ENCSR590GUK/,0,1,0,0,0,0,0,0,0,0
ENCFF160FDI,/experiments/ENCSR590GUK/,0,1,0,0,0,0,0,0,0,0
ENCFF482RGW,/experiments/ENCSR590GUK/,0,1,0,0,0,0,0,0,0,0
ENCFF297BYP,/experiments/ENCSR590GUK/,0,1,0,0,0,0,0,0,0,0
ENCFF428VEU,/experiments/ENCSR591KOB/,0,0,0,0,0,0,0,0,1,0
ENCFF344GZF,/experiments/ENCSR591KOB/,0,0,0,0,0,0,0,0,1,0
ENCFF919XJG,/experiments/ENCSR591NFI/,0,0,0,0,0,0,1,0,0,0
ENCFF492ZXU,/experiments/ENCSR591ZCN/,0,1,1,0,0,0,0,0,0,0
ENCFF836QCP,/experiments/ENCSR592EZK/,0,0,0,0,1,0,0,0,0,0
ENCFF200TLY,/experiments/ENCSR593AMV/,0,0,0,0,0,0,0,0,0,0
ENCFF242SPV,/experiments/ENCSR593AMV/,0,0,0,0,0,0,0,0,0,0
ENCFF828ZHU,/experiments/ENCSR593AMV/,0,0,0,0,0,0,0,0,0,0
ENCFF367QOQ,/experiments/ENCSR593AMV/,0,0,0,0,0,0,0,0,0,0
ENCFF595JMV,/experiments/ENCSR593MZL/,0,0,0,0,0,0,1,0,1,0
ENCFF449OGO,/experiments/ENCSR593MZL/,0,0,0,0,0,0,1,0,1,0
ENCFF268OLN,/experiments/ENCSR594NJP/,1,1,0,0,0,0,0,0,0,1
ENCFF371XXS,/experiments/ENCSR594NJP/,1,1,0,0,0,0,0,0,0,1
ENCFF644XHL,/experiments/ENCSR595YCU/,0,1,1,0,1,0,0,1,0,0
ENCFF148OLP,/experiments/ENCSR595YCU/,0,1,1,0,1,0,0,1,0,0
ENCFF497AMI,/experiments/ENCSR595YCU/,0,1,1,0,1,0,0,1,0,0
ENCFF032FTT,/experiments/ENCSR596ACL/,0,1,0,0,0,0,1,0,0,0
ENCFF849CSO,/experiments/ENCSR596ACL/,0,1,0,0,0,0,1,0,0,0
ENCFF704KYM,/experiments/ENCSR596AQY/,0,0,0,1,1,0,0,0,0,0
ENCFF594VBE,/experiments/ENCSR596KAH/,0,1,0,0,0,0,1,0,0,0
ENCFF095NMU,/experiments/ENCSR596SMN/,0,0,0,0,0,0,0,1,0,0
ENCFF821HAZ,/experiments/ENCSR596SMN/,0,0,0,0,0,0,0,1,0,0
ENCFF483SQS,/experiments/ENCSR596SMN/,0,0,0,0,0,0,0,1,0,0
ENCFF208BJY,/experiments/ENCSR596SMN/,0,0,0,0,0,0,0,1,0,0
ENCFF237JCE,/experiments/ENCSR596SMN/,0,0,0,0,0,0,0,1,0,0
ENCFF414IHO,/experiments/ENCSR596SMN/,0,0,0,0,0,0,0,1,0,0
ENCFF426ZCK,/experiments/ENCSR596SMN/,0,0,0,0,0,0,0,1,0,0
ENCFF927LFD,/experiments/ENCSR596SMN/,0,0,0,0,0,0,0,1,0,0
ENCFF303BIV,/experiments/ENCSR596SMN/,0,0,0,0,0,0,0,1,0,0
ENCFF136TII,/experiments/ENCSR597UZW/,0,1,1,0,0,0,0,0,0,0
ENCFF490QEC,/experiments/ENCSR597UZW/,0,1,1,0,0,0,0,0,0,0
ENCFF239EJN,/experiments/ENCSR597XTS/,0,0,0,0,0,0,0,0,1,0
ENCFF736EJV,/experiments/ENCSR597XTS/,0,0,0,0,0,0,0,0,1,0
ENCFF238BPN,/experiments/ENCSR597XTS/,0,0,0,0,0,0,0,0,1,0
ENCFF975MTU,/experiments/ENCSR598KJX/,0,0,1,1,0,0,0,0,0,0
ENCFF370LGL,/experiments/ENCSR598KJX/,0,0,1,1,0,0,0,0,0,0
ENCFF515DZW,/experiments/ENCSR598KJX/,0,0,1,1,0,0,0,0,0,0
ENCFF657QQR,/experiments/ENCSR598KJX/,0,0,1,1,0,0,0,0,0,0
ENCFF626ZVA,/experiments/ENCSR598KJX/,0,0,1,1,0,0,0,0,0,0
ENCFF938HVE,/experiments/ENCSR598KJX/,0,0,1,1,0,0,0,0,0,0
ENCFF521QVG,/experiments/ENCSR598KJX/,0,0,1,1,0,0,0,0,0,0
ENCFF413JSZ,/experiments/ENCSR598KJX/,0,0,1,1,0,0,0,0,0,0
ENCFF141KJW,/experiments/ENCSR598KJX/,0,0,1,1,0,0,0,0,0,0
ENCFF854TQT,/experiments/ENCSR599BTG/,0,0,0,0,1,1,0,0,0,0
ENCFF491QWJ,/experiments/ENCSR599BTG/,0,0,0,0,1,1,0,0,0,0
ENCFF204VHJ,/experiments/ENCSR599BTG/,0,0,0,0,1,1,0,0,0,0
ENCFF705VDW,/experiments/ENCSR599BTG/,0,0,0,0,1,1,0,0,0,0
ENCFF296SQP,/experiments/ENCSR599BTG/,0,0,0,0,1,1,0,0,0,0
ENCFF743NNG,/experiments/ENCSR599ZAL/,1,0,1,0,0,0,0,0,1,0
ENCFF267KZS,/experiments/ENCSR599ZAL/,1,0,1,0,0,0,0,0,1,0
ENCFF993RLZ,/experiments/ENCSR601DZY/,0,1,0,0,0,0,0,0,0,0
ENCFF255XLW,/experiments/ENCSR601DZY/,0,1,0,0,0,0,0,0,0,0
ENCFF880YQH,/experiments/ENCSR602ODY/,0,0,0,0,0,0,0,0,0,0
ENCFF681JPQ,/experiments/ENCSR602ODY/,0,0,0,0,0,0,0,0,0,0
ENCFF277QHC,/experiments/ENCSR603KGM/,0,0,1,0,0,0,0,1,0,0
ENCFF626KIV,/experiments/ENCSR603KGM/,0,0,1,0,0,0,0,1,0,0
ENCFF173AFN,/experiments/ENCSR609NZM/,0,0,0,1,1,0,0,0,0,1
ENCFF276ENR,/experiments/ENCSR611PTP/,0,0,1,1,0,0,0,0,0,0
ENCFF085URY,/experiments/ENCSR611PTP/,0,0,1,1,0,0,0,0,0,0
ENCFF540SNP,/experiments/ENCSR612HYR/,0,0,0,0,0,0,0,0,0,0
ENCFF338DKW,/experiments/ENCSR612HYR/,0,0,0,0,0,0,0,0,0,0
ENCFF333XTJ,/experiments/ENCSR613SLA/,0,1,0,0,0,1,0,0,0,0
ENCFF694NYB,/experiments/ENCSR613SLA/,0,1,0,0,0,1,0,0,0,0
ENCFF464UMB,/experiments/ENCSR614DLJ/,1,0,0,1,0,0,0,0,0,0
ENCFF826DKQ,/experiments/ENCSR614DLJ/,1,0,0,1,0,0,0,0,0,0
ENCFF198GMP,/experiments/ENCSR614DLJ/,1,0,0,1,0,0,0,0,0,0
ENCFF801WQY,/experiments/ENCSR614DLJ/,1,0,0,1,0,0,0,0,0,0
ENCFF384LBU,/experiments/ENCSR614DLJ/,1,0,0,1,0,0,0,0,0,0
ENCFF804LUF,/experiments/ENCSR614DLJ/,1,0,0,1,0,0,0,0,0,0
ENCFF172RER,/experiments/ENCSR614DLJ/,1,0,0,1,0,0,0,0,0,0
ENCFF324RDG,/experiments/ENCSR614DLJ/,1,0,0,1,0,0,0,0,0,0
ENCFF233UEE,/experiments/ENCSR614KOV/,0,0,0,0,0,0,0,0,1,0
ENCFF875HEA,/experiments/ENCSR614KOV/,0,0,0,0,0,0,0,0,1,0
ENCFF659HFL,/experiments/ENCSR614KOV/,0,0,0,0,0,0,0,0,1,0
ENCFF473NPJ,/experiments/ENCSR614KOV/,0,0,0,0,0,0,0,0,1,0
ENCFF573STI,/experiments/ENCSR614KOV/,0,0,0,0,0,0,0,0,1,0
ENCFF969FIH,/experiments/ENCSR614KOV/,0,0,0,0,0,0,0,0,1,0
ENCFF561SFI,/experiments/ENCSR614KOV/,0,0,0,0,0,0,0,0,1,0
ENCFF940UIR,/experiments/ENCSR615EEK/,0,1,0,1,0,1,0,0,0,0
ENCFF493KQW,/experiments/ENCSR615EEK/,0,1,0,1,0,1,0,0,0,0
ENCFF548JDU,/experiments/ENCSR616IPE/,1,0,0,0,1,1,1,0,0,0
ENCFF429TQT,/experiments/ENCSR616IPE/,1,0,0,0,1,1,1,0,0,0
ENCFF258WLS,/experiments/ENCSR616IPE/,1,0,0,0,1,1,1,0,0,0
ENCFF033DWC,/experiments/ENCSR616IPE/,1,0,0,0,1,1,1,0,0,0
ENCFF712BKP,/experiments/ENCSR616IPE/,1,0,0,0,1,1,1,0,0,0
ENCFF049SEE,/experiments/ENCSR616IPE/,1,0,0,0,1,1,1,0,0,0
ENCFF387BVS,/experiments/ENCSR616IPE/,1,0,0,0,1,1,1,0,0,0
ENCFF133KGZ,/experiments/ENCSR616IPE/,1,0,0,0,1,1,1,0,0,0
ENCFF087IUJ,/experiments/ENCSR616IPE/,1,0,0,0,1,1,1,0,0,0
ENCFF291SCS,/experiments/ENCSR616IPE/,1,0,0,0,1,1,1,0,0,0
ENCFF598LJF,/experiments/ENCSR616IPE/,1,0,0,0,1,1,1,0,0,0
ENCFF061WTN,/experiments/ENCSR616IPE/,1,0,0,0,1,1,1,0,0,0
ENCFF406LFV,/experiments/ENCSR616IPE/,1,0,0,0,1,1,1,0,0,0
ENCFF065ZIE,/experiments/ENCSR616IPE/,1,0,0,0,1,1,1,0,0,0
ENCFF938AMM,/experiments/ENCSR618IQY/,0,0,0,1,1,1,0,0,0,0
ENCFF698DJI,/experiments/ENCSR618IQY/,0,0,0,1,1,1,0,0,0,0
ENCFF308DMB,/experiments/ENCSR618IQY/,0,0,0,1,1,1,0,0,0,0
ENCFF029HCL,/experiments/ENCSR618IQY/,0,0,0,1,1,1,0,0,0,0
ENCFF009ORG,/experiments/ENCSR618IQY/,0,0,0,1,1,1,0,0,0,0
ENCFF084CXS,/experiments/ENCSR618IQY/,0,0,0,1,1,1,0,0,0,0
ENCFF244OQJ,/experiments/ENCSR618IQY/,0,0,0,1,1,1,0,0,0,0
ENCFF154MVO,/experiments/ENCSR618IQY/,0,0,0,1,1,1,0,0,0,0
ENCFF152GVW,/experiments/ENCSR618IQY/,0,0,0,1,1,1,0,0,0,0
ENCFF401YPH,/experiments/ENCSR619DQO/,0,0,0,0,0,1,0,1,0,0
ENCFF757RIO,/experiments/ENCSR620LQN/,1,0,0,0,0,0,0,0,0,0
ENCFF840QXH,/experiments/ENCSR620NSN/,0,0,0,0,0,0,0,0,0,0
ENCFF480YLH,/experiments/ENCSR620NSN/,0,0,0,0,0,0,0,0,0,0
ENCFF134GTF,/experiments/ENCSR620YAV/,0,0,0,0,0,0,0,1,0,0
ENCFF442QQD,/experiments/ENCSR620ZNQ/,0,0,1,0,0,1,1,0,0,0
ENCFF531PQC,/experiments/ENCSR621FYE/,0,0,1,0,0,1,0,0,0,0
ENCFF067UCQ,/experiments/ENCSR621FZG/,0,1,0,0,0,1,0,0,0,1
ENCFF855FCX,/experiments/ENCSR621FZG/,0,1,0,0,0,1,0,0,0,1
ENCFF687RMD,/experiments/ENCSR621PZI/,1,0,0,1,0,1,0,1,0,0
ENCFF921SXH,/experiments/ENCSR622PIH/,0,0,0,0,1,0,1,1,0,0
ENCFF809XSX,/experiments/ENCSR624RID/,1,1,0,1,0,0,1,0,1,0
ENCFF777AIF,/experiments/ENCSR624RID/,1,1,0,1,0,0,1,0,1,0
ENCFF616ZMU,/experiments/ENCSR624RID/,1,1,0,1,0,0,1,0,1,0
ENCFF226GMI,/experiments/ENCSR624RID/,1,1,0,1,0,0,1,0,1,0
ENCFF777YLT,/experiments/ENCSR625QJI/,0,1,0,0,1,0,0,0,1,0
ENCFF887GVM,/experiments/ENCSR625QJI/,0,1,0,0,1,0,0,0,1,0
ENCFF995ERD,/experiments/ENCSR627RCT/,0,0,0,0,0,0,1,0,0,0
ENCFF134YZL,/experiments/ENCSR627RCT/,0,0,0,0,0,0,1,0,0,0
ENCFF789XFR,/experiments/ENCSR627RCT/,0,0,0,0,0,0,1,0,0,0
ENCFF462LUH,/experiments/ENCSR627RCT/,0,0,0,0,0,0,1,0,0,0
ENCFF143UBX,/experiments/ENCSR629HFE/,0,0,0,1,0,0,0,0,0,0
ENCFF048IKI,/experiments/ENCSR629VMZ/,0,0,1,0,0,0,0,1,0,0
ENCFF425ZEU,/experiments/ENCSR629VMZ/,0,0,1,0,0,0,0,1,0,0
ENCFF247BOT,/experiments/ENCSR629VMZ/,0,0,1,0,0,0,0,1,0,0
ENCFF709KHC,/experiments/ENCSR629VMZ/,0,0,1,0,0,0,0,1,0,0
ENCFF632WEO,/experiments/ENCSR629VMZ/,0,0,1,0,0,0,0,1,0,0
ENCFF966KGD,/experiments/ENCSR629VMZ/,0,0,1,0,0,0,0,1,0,0
ENCFF372KMS,/experiments/ENCSR629VMZ/,0,0,1,0,0,0,0,1,0,0
ENCFF411WXY,/experiments/ENCSR630VJN/,1,0,0,0,0,0,0,0,0,0
ENCFF948XIH,/experiments/ENCSR631FXT/,0,1,0,0,0,0,0,1,0,1
ENCFF306LSE,/experiments/ENCSR631FXT/,0,1,0,0,0,0,0,1,0,1
ENCFF169WMB,/experiments/ENCSR631FXT/,0,1,0,0,0,0,0,1,0,1
ENCFF124VEE,/experiments/ENCSR631FXT/,0,1,0,0,0,0,0,1,0,1
ENCFF741LMR,/experiments/ENCSR631GOR/,0,1,0,0,0,0,1,0,0,1
ENCFF744APZ,/experiments/ENCSR631NUQ/,0,0,0,0,0,0,0,0,0,0
ENCFF149CJD,/experiments/ENCSR632DQP/,1,0,1,0,0,0,0,0,1,1
ENCFF542FVG,/experiments/ENCSR632DQP/,1,0,1,0,0,0,0,0,1,1
ENCFF828WTU,/experiments/ENCSR632DQP/,1,0,1,0,0,0,0,0,1,1
ENCFF214JEZ,/experiments/ENCSR632DQP/,1,0,1,0,0,0,0,0,1,1
ENCFF688JFN,/experiments/ENCSR634JQK/,0,0,1,0,1,0,1,0,0,0
ENCFF770NYA,/experiments/ENCSR635GTY/,1,1,0,1,0,0,0,0,0,0
ENCFF464TEM,/experiments/ENCSR635GTY/,1,1,0,1,0,0,0,0,0,0
ENCFF528UUE,/experiments/ENCSR636CWO/,0,0,0,0,1,0,0,0,0,0
ENCFF576MIX,/experiments/ENCSR636CWO/,0,0,0,0,1,0,0,0,0,0
ENCFF751NQV,/experiments/ENCSR636LEU/,0,0,0,1,0,0,0,0,0,0
ENCFF571KLC,/experiments/ENCSR636LEU/,0,0,0,1,0,0,0,0,0,0
ENCFF289YMA,/experiments/ENCSR636LEU/,0,0,0,1,0,0,0,0,0,0
ENCFF692BKB,/experiments/ENCSR636LEU/,0,0,0,1,0,0,0,0,0,0
ENCFF887QGB,/experiments/ENCSR636LEU/,0,0,0,1,0,0,0,0,0,0
ENCFF569UZZ,/experiments/ENCSR636LEU/,0,0,0,1,0,0,0,0,0,0
ENCFF408SZS,/experiments/ENCSR636QDK/,0,0,0,0,0,0,0,0,0,0
ENCFF583FQV,/experiments/ENCSR637GBV/,0,0,0,0,0,0,1,0,0,1
ENCFF967NOO,/experiments/ENCSR637GLC/,0,1,0,0,0,0,0,0,0,0
ENCFF348FTH,/experiments/ENCSR637GLC/,0,1,0,0,0,0,0,0,0,0
ENCFF000DWH,/experiments/ENCSR637VLS/,0,0,0,1,0,0,0,0,0,0
ENCFF000DVT,/experiments/ENCSR637VLS/,0,0,0,1,0,0,0,0,0,0
ENCFF000DVU,/experiments/ENCSR637VLS/,0,0,0,1,0,0,0,0,0,0
ENCFF774DLJ,/experiments/ENCSR638OAH/,0,0,0,1,1,0,0,0,1,0
ENCFF768ZCF,/experiments/ENCSR640PLU/,0,1,1,0,0,0,0,0,0,0
ENCFF516BTG,/experiments/ENCSR640PLU/,0,1,1,0,0,0,0,0,0,0
ENCFF888TEF,/experiments/ENCSR641XXD/,1,0,1,0,1,0,0,0,0,0
ENCFF217SRQ,/experiments/ENCSR642FZN/,1,0,0,0,0,0,1,1,0,0
ENCFF000DGB,/experiments/ENCSR643QIZ/,1,1,0,0,0,0,0,0,0,0
ENCFF000DFW,/experiments/ENCSR643QIZ/,1,1,0,0,0,0,0,0,0,0
ENCFF232YFL,/experiments/ENCSR645TCG/,0,0,0,0,0,0,0,0,1,0
ENCFF748VGS,/experiments/ENCSR646QSC/,1,0,0,0,0,0,0,0,1,0
ENCFF154LLS,/experiments/ENCSR646QSC/,1,0,0,0,0,0,0,0,1,0
ENCFF203BWA,/experiments/ENCSR647QBV/,1,0,1,0,1,0,0,0,0,1
ENCFF294JRP,/experiments/ENCSR647QBV/,1,0,1,0,1,0,0,0,0,1
ENCFF920QAY,/experiments/ENCSR647QBV/,1,0,1,0,1,0,0,0,0,1
ENCFF700OLU,/experiments/ENCSR647QBV/,1,0,1,0,1,0,0,0,0,1
ENCFF334SSM,/experiments/ENCSR648JOK/,0,0,0,0,0,0,0,0,0,0
ENCFF928NYI,/experiments/ENCSR648KDM/,0,1,0,0,0,0,1,0,1,0
ENCFF716UHF,/experiments/ENCSR648KDM/,0,1,0,0,0,0,1,0,1,0
ENCFF672VNI,/experiments/ENCSR648OSR/,0,0,0,0,0,1,0,0,0,1
ENCFF377KCE,/experiments/ENCSR648YEP/,0,0,0,0,0,1,1,0,1,0
ENCFF854WTE,/experiments/ENCSR648YEP/,0,0,0,0,0,1,1,0,1,0
ENCFF155LJD,/experiments/ENCSR648YEP/,0,0,0,0,0,1,1,0,1,0
ENCFF473WMT,/experiments/ENCSR648YEP/,0,0,0,0,0,1,1,0,1,0
ENCFF337WEF,/experiments/ENCSR648YUM/,0,0,0,0,0,1,0,1,0,0
ENCFF588UTO,/experiments/ENCSR648YUM/,0,0,0,0,0,1,0,1,0,0
ENCFF415QMY,/experiments/ENCSR650SDA/,0,0,0,0,1,0,0,0,0,0
ENCFF473DKB,/experiments/ENCSR652AWW/,0,0,0,0,0,0,0,0,0,0
ENCFF702RCI,/experiments/ENCSR652PHZ/,1,0,0,0,1,0,0,0,0,0
ENCFF928LQX,/experiments/ENCSR652RSO/,0,0,0,0,0,1,0,0,0,0
ENCFF446FOZ,/experiments/ENCSR652VMD/,1,1,1,0,1,0,0,0,0,0
ENCFF199ZDO,/experiments/ENCSR652VMD/,1,1,1,0,1,0,0,0,0,0
ENCFF737OUQ,/experiments/ENCSR652VMD/,1,1,1,0,1,0,0,0,0,0
ENCFF173IVH,/experiments/ENCSR652VMD/,1,1,1,0,1,0,0,0,0,0
ENCFF780REB,/experiments/ENCSR653DFZ/,0,0,0,1,0,0,0,0,0,0
ENCFF695ZUU,/experiments/ENCSR653DFZ/,0,0,0,1,0,0,0,0,0,0
ENCFF411UIT,/experiments/ENCSR653ZJF/,0,0,0,0,0,0,1,0,0,0
ENCFF000DTS,/experiments/ENCSR654UPQ/,0,0,1,0,0,0,0,0,1,1
ENCFF000DTP,/experiments/ENCSR654UPQ/,0,0,1,0,0,0,0,0,1,1
ENCFF249BIO,/experiments/ENCSR655XQF/,0,0,0,0,1,1,0,0,0,0
ENCFF891HOR,/experiments/ENCSR656FIH/,0,0,1,0,0,0,0,1,0,0
ENCFF186FZQ,/experiments/ENCSR656FIH/,0,0,1,0,0,0,0,1,0,0
ENCFF079SNG,/experiments/ENCSR656FIH/,0,0,1,0,0,0,0,1,0,0
ENCFF195LBK,/experiments/ENCSR656FIH/,0,0,1,0,0,0,0,1,0,0
ENCFF181RDS,/experiments/ENCSR661TLW/,1,0,0,0,0,0,0,0,0,0
ENCFF198RBJ,/experiments/ENCSR661TLW/,1,0,0,0,0,0,0,0,0,0
ENCFF498WNR,/experiments/ENCSR663IOE/,0,0,0,0,1,0,0,0,0,1
ENCFF126JDZ,/experiments/ENCSR663IOE/,0,0,0,0,1,0,0,0,0,1
ENCFF226BZB,/experiments/ENCSR663IOE/,0,0,0,0,1,0,0,0,0,1
ENCFF417BCE,/experiments/ENCSR663IOE/,0,0,0,0,1,0,0,0,0,1
ENCFF575IES,/experiments/ENCSR663IOE/,0,0,0,0,1,0,0,0,0,1
ENCFF840AIM,/experiments/ENCSR663IOE/,0,0,0,0,1,0,0,0,0,1
ENCFF620DBB,/experiments/ENCSR663IOE/,0,0,0,0,1,0,0,0,0,1
ENCFF137MHE,/experiments/ENCSR663IOE/,0,0,0,0,1,0,0,0,0,1
ENCFF348KNA,/experiments/ENCSR663IOE/,0,0,0,0,1,0,0,0,0,1
ENCFF094RQB,/experiments/ENCSR663IOE/,0,0,0,0,1,0,0,0,0,1
ENCFF370BPY,/experiments/ENCSR663IOE/,0,0,0,0,1,0,0,0,0,1
ENCFF447CQY,/experiments/ENCSR663IOE/,0,0,0,0,1,0,0,0,0,1
ENCFF888QNP,/experiments/ENCSR663IOE/,0,0,0,0,1,0,0,0,0,1
ENCFF608QEG,/experiments/ENCSR663WGC/,0,0,1,0,1,0,0,0,0,0
ENCFF611QZE,/experiments/ENCSR663YJQ/,0,0,0,0,0,0,1,1,0,0
ENCFF047LTH,/experiments/ENCSR663YJQ/,0,0,0,0,0,0,1,1,0,0
ENCFF847IGW,/experiments/ENCSR663YJQ/,0,0,0,0,0,0,1,1,0,0
ENCFF858OFI,/experiments/ENCSR663YJQ/,0,0,0,0,0,0,1,1,0,0
ENCFF557JPW,/experiments/ENCSR663YJQ/,0,0,0,0,0,0,1,1,0,0
ENCFF559QXN,/experiments/ENCSR663YJQ/,0,0,0,0,0,0,1,1,0,0
ENCFF524FJG,/experiments/ENCSR663YJQ/,0,0,0,0,0,0,1,1,0,0
ENCFF885ZAO,/experiments/ENCSR663YJQ/,0,0,0,0,0,0,1,1,0,0
ENCFF257EYD,/experiments/ENCSR663YJQ/,0,0,0,0,0,0,1,1,0,0
ENCFF951GZB,/experiments/ENCSR663YJQ/,0,0,0,0,0,0,1,1,0,0
ENCFF166UTY,/experiments/ENCSR663YJQ/,0,0,0,0,0,0,1,1,0,0
ENCFF260UQJ,/experiments/ENCSR663YJQ/,0,0,0,0,0,0,1,1,0,0
ENCFF896XAZ,/experiments/ENCSR663YJQ/,0,0,0,0,0,0,1,1,0,0
ENCFF277JGD,/experiments/ENCSR663YJQ/,0,0,0,0,0,0,1,1,0,0
ENCFF012KPC,/experiments/ENCSR663YJQ/,0,0,0,0,0,0,1,1,0,0
ENCFF549IDH,/experiments/ENCSR663YJQ/,0,0,0,0,0,0,1,1,0,0
ENCFF613SEJ,/experiments/ENCSR663YJQ/,0,0,0,0,0,0,1,1,0,0
ENCFF133PKQ,/experiments/ENCSR663YJQ/,0,0,0,0,0,0,1,1,0,0
ENCFF953FGT,/experiments/ENCSR663YJQ/,0,0,0,0,0,0,1,1,0,0
ENCFF437ZSM,/experiments/ENCSR663YJQ/,0,0,0,0,0,0,1,1,0,0
ENCFF817NCH,/experiments/ENCSR663YJQ/,0,0,0,0,0,0,1,1,0,0
ENCFF478MHH,/experiments/ENCSR664IMK/,0,0,0,0,0,0,0,0,0,0
ENCFF067OYG,/experiments/ENCSR664IMK/,0,0,0,0,0,0,0,0,0,0
ENCFF814TTQ,/experiments/ENCSR664IMK/,0,0,0,0,0,0,0,0,0,0
ENCFF002ZAX,/experiments/ENCSR664IMK/,0,0,0,0,0,0,0,0,0,0
ENCFF750IZJ,/experiments/ENCSR664IMK/,0,0,0,0,0,0,0,0,0,0
ENCFF350KYC,/experiments/ENCSR664IMK/,0,0,0,0,0,0,0,0,0,0
ENCFF951PCM,/experiments/ENCSR664IMK/,0,0,0,0,0,0,0,0,0,0
ENCFF820JMO,/experiments/ENCSR664IMK/,0,0,0,0,0,0,0,0,0,0
ENCFF498OHV,/experiments/ENCSR664IMK/,0,0,0,0,0,0,0,0,0,0
ENCFF198XFF,/experiments/ENCSR664IMK/,0,0,0,0,0,0,0,0,0,0
ENCFF543GNI,/experiments/ENCSR664IMK/,0,0,0,0,0,0,0,0,0,0
ENCFF439HXQ,/experiments/ENCSR664IMK/,0,0,0,0,0,0,0,0,0,0
ENCFF812QQI,/experiments/ENCSR664IMK/,0,0,0,0,0,0,0,0,0,0
ENCFF549KAB,/experiments/ENCSR664IMK/,0,0,0,0,0,0,0,0,0,0
ENCFF433QNW,/experiments/ENCSR664IMK/,0,0,0,0,0,0,0,0,0,0
ENCFF370VOV,/experiments/ENCSR664IMK/,0,0,0,0,0,0,0,0,0,0
ENCFF107YGR,/experiments/ENCSR664IMK/,0,0,0,0,0,0,0,0,0,0
ENCFF039DES,/experiments/ENCSR664IMK/,0,0,0,0,0,0,0,0,0,0
ENCFF517BAY,/experiments/ENCSR664IMK/,0,0,0,0,0,0,0,0,0,0
ENCFF845NUY,/experiments/ENCSR664IMK/,0,0,0,0,0,0,0,0,0,0
ENCFF899EJT,/experiments/ENCSR664IMK/,0,0,0,0,0,0,0,0,0,0
ENCFF002DKN,/experiments/ENCSR667JTA/,0,0,0,0,0,0,0,0,0,0
ENCFF002DKJ,/experiments/ENCSR667JTA/,0,0,0,0,0,0,0,0,0,0
ENCFF010AKL,/experiments/ENCSR667OPL/,0,0,0,0,0,0,0,1,0,1
ENCFF216XBD,/experiments/ENCSR667TOX/,0,0,1,0,1,0,0,1,0,1
ENCFF378CNA,/experiments/ENCSR667TOX/,0,0,1,0,1,0,0,1,0,1
ENCFF046EJC,/experiments/ENCSR667TOX/,0,0,1,0,1,0,0,1,0,1
ENCFF489RVW,/experiments/ENCSR667TOX/,0,0,1,0,1,0,0,1,0,1
ENCFF085MBO,/experiments/ENCSR667TOX/,0,0,1,0,1,0,0,1,0,1
ENCFF957SPL,/experiments/ENCSR667TOX/,0,0,1,0,1,0,0,1,0,1
ENCFF143XZQ,/experiments/ENCSR669GBC/,0,0,1,0,0,1,1,0,0,0
ENCFF002DLD,/experiments/ENCSR669KQU/,0,0,0,0,1,0,1,0,0,1
ENCFF002DMF,/experiments/ENCSR669KQU/,0,0,0,0,1,0,1,0,0,1
ENCFF945OFS,/experiments/ENCSR670MXT/,0,0,0,0,0,0,0,0,0,1
ENCFF565ZQD,/experiments/ENCSR670WQY/,1,1,0,0,0,0,1,0,0,0
ENCFF683RFI,/experiments/ENCSR671DQW/,1,0,0,0,0,0,1,0,0,0
ENCFF074HTO,/experiments/ENCSR671DQW/,1,0,0,0,0,0,1,0,0,0
ENCFF934ZAP,/experiments/ENCSR671DQW/,1,0,0,0,0,0,1,0,0,0
ENCFF094CCP,/experiments/ENCSR671DQW/,1,0,0,0,0,0,1,0,0,0
ENCFF813GGJ,/experiments/ENCSR671DQW/,1,0,0,0,0,0,1,0,0,0
ENCFF595GFM,/experiments/ENCSR671DQW/,1,0,0,0,0,0,1,0,0,0
ENCFF548SLN,/experiments/ENCSR671DQW/,1,0,0,0,0,0,1,0,0,0
ENCFF051JSS,/experiments/ENCSR671DQW/,1,0,0,0,0,0,1,0,0,0
ENCFF878SQO,/experiments/ENCSR671DQW/,1,0,0,0,0,0,1,0,0,0
ENCFF933UPG,/experiments/ENCSR671DQW/,1,0,0,0,0,0,1,0,0,0
ENCFF623BKO,/experiments/ENCSR671DQW/,1,0,0,0,0,0,1,0,0,0
ENCFF178PMH,/experiments/ENCSR671DQW/,1,0,0,0,0,0,1,0,0,0
ENCFF261OTH,/experiments/ENCSR671DQW/,1,0,0,0,0,0,1,0,0,0
ENCFF296ASE,/experiments/ENCSR671DQW/,1,0,0,0,0,0,1,0,0,0
ENCFF578VWP,/experiments/ENCSR671FBB/,0,0,0,1,1,0,0,0,0,1
ENCFF517RES,/experiments/ENCSR671IYC/,1,0,1,1,0,1,0,0,0,0
ENCFF665BAC,/experiments/ENCSR671WMH/,0,0,0,0,0,0,1,0,0,1
ENCFF877GTG,/experiments/ENCSR672NDZ/,0,0,0,0,0,0,1,0,0,0
ENCFF360DZR,/experiments/ENCSR672NDZ/,0,0,0,0,0,0,1,0,0,0
ENCFF201KSU,/experiments/ENCSR672OYP/,0,0,0,0,0,0,1,1,0,0
ENCFF971WXK,/experiments/ENCSR673DJS/,0,0,0,0,0,1,0,0,0,0
ENCFF198RQU,/experiments/ENCSR673UKZ/,0,0,0,1,0,0,0,0,0,0
ENCFF247XJT,/experiments/ENCSR673UKZ/,0,0,0,1,0,0,0,0,0,0
ENCFF766OAK,/experiments/ENCSR673UKZ/,0,0,0,1,0,0,0,0,0,0
ENCFF134IHT,/experiments/ENCSR674KHG/,0,0,1,0,0,0,0,1,0,1
ENCFF390NKP,/experiments/ENCSR674QMU/,0,0,0,0,0,0,0,0,0,0
ENCFF868WEJ,/experiments/ENCSR674QMU/,0,0,0,0,0,0,0,0,0,0
ENCFF013YQN,/experiments/ENCSR675UIU/,0,0,0,0,0,0,0,0,0,0
ENCFF964CGO,/experiments/ENCSR675YAS/,0,0,0,0,1,0,0,0,0,0
ENCFF337RZQ,/experiments/ENCSR675YAS/,0,0,0,0,1,0,0,0,0,0
ENCFF044AFE,/experiments/ENCSR675YAS/,0,0,0,0,1,0,0,0,0,0
ENCFF716OIK,/experiments/ENCSR675YAS/,0,0,0,0,1,0,0,0,0,0
ENCFF827GZB,/experiments/ENCSR675YAS/,0,0,0,0,1,0,0,0,0,0
ENCFF297HEQ,/experiments/ENCSR675YAS/,0,0,0,0,1,0,0,0,0,0
ENCFF157AFM,/experiments/ENCSR675YAS/,0,0,0,0,1,0,0,0,0,0
ENCFF073ZTJ,/experiments/ENCSR675YAS/,0,0,0,0,1,0,0,0,0,0
ENCFF538XRO,/experiments/ENCSR675YAS/,0,0,0,0,1,0,0,0,0,0
ENCFF309CXU,/experiments/ENCSR676SRP/,0,1,0,0,0,0,0,0,0,0
ENCFF617CUF,/experiments/ENCSR677MYO/,0,0,0,0,0,0,0,0,0,0
ENCFF650BJB,/experiments/ENCSR678LBL/,0,0,0,0,1,0,0,1,0,1
ENCFF660SLV,/experiments/ENCSR678TMV/,0,1,0,0,0,0,0,1,0,0
ENCFF709FHN,/experiments/ENCSR680AAZ/,0,0,0,0,0,0,0,0,0,0
ENCFF028DUO,/experiments/ENCSR680AAZ/,0,0,0,0,0,0,0,0,0,0
ENCFF236EYN,/experiments/ENCSR680USE/,1,1,0,0,0,1,1,0,0,1
ENCFF917MHA,/experiments/ENCSR680USE/,1,1,0,0,0,1,1,0,0,1
ENCFF079EAZ,/experiments/ENCSR681ALA/,0,1,1,0,0,0,0,0,0,0
ENCFF712MWD,/experiments/ENCSR681ARR/,0,0,0,0,1,0,1,0,0,0
ENCFF810KXA,/experiments/ENCSR682CFV/,0,0,1,0,1,0,0,0,0,0
ENCFF319KIO,/experiments/ENCSR686JJB/,1,0,0,0,0,0,1,0,0,0
ENCFF633SGD,/experiments/ENCSR686JJB/,1,0,0,0,0,0,1,0,0,0
ENCFF604PGV,/experiments/ENCSR686JJB/,1,0,0,0,0,0,1,0,0,0
ENCFF202CON,/experiments/ENCSR686JJB/,1,0,0,0,0,0,1,0,0,0
ENCFF533ZIN,/experiments/ENCSR686JJB/,1,0,0,0,0,0,1,0,0,0
ENCFF823MIJ,/experiments/ENCSR686JJB/,1,0,0,0,0,0,1,0,0,0
ENCFF960ZQS,/experiments/ENCSR686JJB/,1,0,0,0,0,0,1,0,0,0
ENCFF725GSF,/experiments/ENCSR686JJB/,1,0,0,0,0,0,1,0,0,0
ENCFF310NTN,/experiments/ENCSR686JJB/,1,0,0,0,0,0,1,0,0,0
ENCFF082QMH,/experiments/ENCSR686JJB/,1,0,0,0,0,0,1,0,0,0
ENCFF070YNF,/experiments/ENCSR686JJB/,1,0,0,0,0,0,1,0,0,0
ENCFF974YOZ,/experiments/ENCSR686JJB/,1,0,0,0,0,0,1,0,0,0
ENCFF216JXJ,/experiments/ENCSR686JJB/,1,0,0,0,0,0,1,0,0,0
ENCFF711JSM,/experiments/ENCSR687HJY/,0,1,0,0,0,0,0,0,0,0
ENCFF415QZI,/experiments/ENCSR687HJY/,0,1,0,0,0,0,0,0,0,0
ENCFF080VMX,/experiments/ENCSR688YOZ/,1,0,0,0,0,0,0,0,1,1
ENCFF322TIE,/experiments/ENCSR689NPY/,0,0,0,0,0,0,1,0,1,0
ENCFF181BZH,/experiments/ENCSR689NPY/,0,0,0,0,0,0,1,0,1,0
ENCFF236BUE,/experiments/ENCSR691OPQ/,1,0,0,0,0,0,0,0,0,1
ENCFF070OPW,/experiments/ENCSR691OPQ/,1,0,0,0,0,0,0,0,0,1
ENCFF360NRX,/experiments/ENCSR691OPQ/,1,0,0,0,0,0,0,0,0,1
ENCFF477PIC,/experiments/ENCSR691OPQ/,1,0,0,0,0,0,0,0,0,1
ENCFF083OLN,/experiments/ENCSR692DIM/,1,0,1,0,1,0,0,0,1,0
ENCFF586REW,/experiments/ENCSR692DIM/,1,0,1,0,1,0,0,0,1,0
ENCFF862EDE,/experiments/ENCSR693CSQ/,0,1,0,0,1,0,0,0,1,1
ENCFF283NRH,/experiments/ENCSR693CSQ/,0,1,0,0,1,0,0,0,1,1
ENCFF654QEE,/experiments/ENCSR693CSQ/,0,1,0,0,1,0,0,0,1,1
ENCFF891FIF,/experiments/ENCSR693CSQ/,0,1,0,0,1,0,0,0,1,1
ENCFF307FMW,/experiments/ENCSR693CSQ/,0,1,0,0,1,0,0,0,1,1
ENCFF032XTO,/experiments/ENCSR693CSQ/,0,1,0,0,1,0,0,0,1,1
ENCFF299ILO,/experiments/ENCSR693CSQ/,0,1,0,0,1,0,0,0,1,1
ENCFF830CNG,/experiments/ENCSR693CSQ/,0,1,0,0,1,0,0,0,1,1
ENCFF712YJJ,/experiments/ENCSR693CVD/,0,0,0,0,0,1,1,0,1,0
ENCFF034BHU,/experiments/ENCSR693GGB/,0,0,0,0,1,0,1,0,1,0
ENCFF016TGP,/experiments/ENCSR693GGB/,0,0,0,0,1,0,1,0,1,0
ENCFF634EDF,/experiments/ENCSR693JOK/,0,1,0,1,0,0,0,0,0,0
ENCFF474RFR,/experiments/ENCSR693JOK/,0,1,0,1,0,0,0,0,0,0
ENCFF446VHZ,/experiments/ENCSR693KOP/,1,0,0,1,0,0,0,0,1,0
ENCFF678MJD,/experiments/ENCSR693YZA/,0,1,1,0,0,0,1,0,0,0
ENCFF481XTJ,/experiments/ENCSR694AWV/,0,0,0,0,0,0,0,0,0,0
ENCFF730BBZ,/experiments/ENCSR694AWV/,0,0,0,0,0,0,0,0,0,0
ENCFF227GMH,/experiments/ENCSR694KXY/,0,0,0,1,0,1,0,0,0,0
ENCFF573SFT,/experiments/ENCSR694KXY/,0,0,0,1,0,1,0,0,0,0
ENCFF429NVS,/experiments/ENCSR694KXY/,0,0,0,1,0,1,0,0,0,0
ENCFF002DLN,/experiments/ENCSR696SMK/,0,0,0,1,0,0,1,0,0,0
ENCFF002DIB,/experiments/ENCSR696SMK/,0,0,0,1,0,0,1,0,0,0
ENCFF154VOX,/experiments/ENCSR696YIB/,0,0,0,0,1,0,0,0,0,0
ENCFF549JWM,/experiments/ENCSR696YIB/,0,0,0,0,1,0,0,0,0,0
ENCFF970VKB,/experiments/ENCSR698PIS/,0,0,1,0,0,1,1,0,1,0
ENCFF345BBC,/experiments/ENCSR698PIS/,0,0,1,0,0,1,1,0,1,0
ENCFF191QTD,/experiments/ENCSR698RPL/,0,0,0,0,0,1,0,1,0,0
ENCFF927FEU,/experiments/ENCSR698RPL/,0,0,0,0,0,1,0,1,0,0
ENCFF205JXY,/experiments/ENCSR699YJR/,0,0,0,1,1,0,0,1,0,0
ENCFF693YPY,/experiments/ENCSR699YJR/,0,0,0,1,1,0,0,1,0,0
ENCFF771WAJ,/experiments/ENCSR700BEW/,1,1,0,0,1,0,0,0,0,0
ENCFF696UCL,/experiments/ENCSR700QVJ/,0,0,0,1,0,0,0,1,0,0
ENCFF968SHJ,/experiments/ENCSR701JXD/,0,0,0,0,0,1,0,0,0,0
ENCFF714UWF,/experiments/ENCSR701TST/,0,0,0,0,0,1,0,1,0,0
ENCFF102BXZ,/experiments/ENCSR701YIC/,1,0,0,0,0,1,1,0,0,0
ENCFF775LMT,/experiments/ENCSR701YIC/,1,0,0,0,0,1,1,0,0,0
ENCFF433BMT,/experiments/ENCSR702IGQ/,0,1,0,0,0,0,0,0,1,0
ENCFF956SGC,/experiments/ENCSR702IMR/,1,0,1,1,0,0,1,0,0,1
ENCFF914YDJ,/experiments/ENCSR702MVT/,0,0,0,0,0,0,1,1,0,0
ENCFF725ATS,/experiments/ENCSR702MVT/,0,0,0,0,0,0,1,1,0,0
ENCFF302TQH,/experiments/ENCSR703ACF/,0,1,0,0,0,0,0,0,0,0
ENCFF186VNL,/experiments/ENCSR703ACF/,0,1,0,0,0,0,0,0,0,0
ENCFF499GDC,/experiments/ENCSR703ACF/,0,1,0,0,0,0,0,0,0,0
ENCFF854IBU,/experiments/ENCSR703ACF/,0,1,0,0,0,0,0,0,0,0
ENCFF225WDJ,/experiments/ENCSR706NYL/,0,0,1,0,0,0,0,0,0,0
ENCFF658PGS,/experiments/ENCSR707JVU/,1,0,1,1,0,0,1,0,0,0
ENCFF667CWY,/experiments/ENCSR708VVE/,1,0,0,0,0,0,0,0,0,0
ENCFF673MWT,/experiments/ENCSR711NGL/,0,0,0,0,0,1,1,0,1,0
ENCFF817RHL,/experiments/ENCSR711SJN/,0,0,0,0,0,1,0,1,0,0
ENCFF588ZAR,/experiments/ENCSR711SJN/,0,0,0,0,0,1,0,1,0,0
ENCFF429ZAO,/experiments/ENCSR711SJN/,0,0,0,0,0,1,0,1,0,0
ENCFF778LAE,/experiments/ENCSR712BRU/,0,0,0,0,0,0,0,0,0,1
ENCFF117IYF,/experiments/ENCSR712BRU/,0,0,0,0,0,0,0,0,0,1
ENCFF650HFX,/experiments/ENCSR712BRU/,0,0,0,0,0,0,0,0,0,1
ENCFF270YFX,/experiments/ENCSR712BRU/,0,0,0,0,0,0,0,0,0,1
ENCFF104RQJ,/experiments/ENCSR712GOC/,0,0,0,0,1,0,0,0,0,0
ENCFF854MWX,/experiments/ENCSR712PLG/,0,0,0,0,0,0,0,0,1,0
ENCFF657FNE,/experiments/ENCSR712PLG/,0,0,0,0,0,0,0,0,1,0
ENCFF425LGE,/experiments/ENCSR713DXI/,0,0,0,0,1,0,0,0,1,0
ENCFF307YNT,/experiments/ENCSR713OCQ/,1,1,0,0,1,1,0,0,0,0
ENCFF563FDS,/experiments/ENCSR713OCQ/,1,1,0,0,1,1,0,0,0,0
ENCFF809WOA,/experiments/ENCSR714CHF/,0,1,0,1,0,0,0,0,1,0
ENCFF551JME,/experiments/ENCSR714CHF/,0,1,0,1,0,0,0,0,1,0
ENCFF938MAS,/experiments/ENCSR714KDG/,0,1,0,0,0,0,0,0,1,1
ENCFF367XVO,/experiments/ENCSR714KDG/,0,1,0,0,0,0,0,0,1,1
ENCFF056EMG,/experiments/ENCSR714KDG/,0,1,0,0,0,0,0,0,1,1
ENCFF251GAI,/experiments/ENCSR718CDN/,0,0,0,0,1,1,0,0,0,0
ENCFF038UBE,/experiments/ENCSR718CDN/,0,0,0,0,1,1,0,0,0,0
ENCFF511BRS,/experiments/ENCSR718CDN/,0,0,0,0,1,1,0,0,0,0
ENCFF403WGB,/experiments/ENCSR718CDN/,0,0,0,0,1,1,0,0,0,0
ENCFF644FMW,/experiments/ENCSR718CDN/,0,0,0,0,1,1,0,0,0,0
ENCFF426TJG,/experiments/ENCSR718CDN/,0,0,0,0,1,1,0,0,0,0
ENCFF961IGG,/experiments/ENCSR718CDN/,0,0,0,0,1,1,0,0,0,0
ENCFF562QNN,/experiments/ENCSR718CDN/,0,0,0,0,1,1,0,0,0,0
ENCFF416HBD,/experiments/ENCSR718CDN/,0,0,0,0,1,1,0,0,0,0
ENCFF954BMC,/experiments/ENCSR718CDN/,0,0,0,0,1,1,0,0,0,0
ENCFF733EHG,/experiments/ENCSR718CDN/,0,0,0,0,1,1,0,0,0,0
ENCFF386NLN,/experiments/ENCSR718CDN/,0,0,0,0,1,1,0,0,0,0
ENCFF999XCF,/experiments/ENCSR718CDN/,0,0,0,0,1,1,0,0,0,0
ENCFF756VPZ,/experiments/ENCSR718RTN/,0,0,1,0,0,0,0,0,0,0
ENCFF672LGP,/experiments/ENCSR718YUW/,1,0,0,0,0,0,1,0,0,1
ENCFF432TPV,/experiments/ENCSR719GYP/,0,0,1,0,0,0,1,0,0,1
ENCFF369LAU,/experiments/ENCSR719GYP/,0,0,1,0,0,0,1,0,0,1
ENCFF037JRL,/experiments/ENCSR719GYP/,0,0,1,0,0,0,1,0,0,1
ENCFF180IQG,/experiments/ENCSR719GYP/,0,0,1,0,0,0,1,0,0,1
ENCFF854XXV,/experiments/ENCSR719GYP/,0,0,1,0,0,0,1,0,0,1
ENCFF455YOP,/experiments/ENCSR719HRO/,0,0,0,0,0,0,0,1,0,0
ENCFF653GRP,/experiments/ENCSR719HRO/,0,0,0,0,0,0,0,1,0,0
ENCFF974BJS,/experiments/ENCSR719HRO/,0,0,0,0,0,0,0,1,0,0
ENCFF536QTK,/experiments/ENCSR719HRO/,0,0,0,0,0,0,0,1,0,0
ENCFF109PRM,/experiments/ENCSR719HRO/,0,0,0,0,0,0,0,1,0,0
ENCFF152VMR,/experiments/ENCSR719HRO/,0,0,0,0,0,0,0,1,0,0
ENCFF261SJA,/experiments/ENCSR719HRO/,0,0,0,0,0,0,0,1,0,0
ENCFF213TRF,/experiments/ENCSR719HRO/,0,0,0,0,0,0,0,1,0,0
ENCFF025DKC,/experiments/ENCSR719HRO/,0,0,0,0,0,0,0,1,0,0
ENCFF770KBJ,/experiments/ENCSR719HRO/,0,0,0,0,0,0,0,1,0,0
ENCFF229UBH,/experiments/ENCSR719HRO/,0,0,0,0,0,0,0,1,0,0
ENCFF047RTX,/experiments/ENCSR719HRO/,0,0,0,0,0,0,0,1,0,0
ENCFF687DEH,/experiments/ENCSR719HRO/,0,0,0,0,0,0,0,1,0,0
ENCFF173XBZ,/experiments/ENCSR719NAJ/,0,1,1,0,0,0,0,0,0,0
ENCFF316XGF,/experiments/ENCSR719NAJ/,0,1,1,0,0,0,0,0,0,0
ENCFF570CRR,/experiments/ENCSR719NAJ/,0,1,1,0,0,0,0,0,0,0
ENCFF448ZPT,/experiments/ENCSR719NAJ/,0,1,1,0,0,0,0,0,0,0
ENCFF607IES,/experiments/ENCSR719PXC/,0,0,0,0,0,0,1,0,1,1
ENCFF704GEB,/experiments/ENCSR719VAW/,0,0,0,1,1,0,0,0,1,0
ENCFF138QRF,/experiments/ENCSR719VAW/,0,0,0,1,1,0,0,0,1,0
ENCFF056GXQ,/experiments/ENCSR719VAW/,0,0,0,1,1,0,0,0,1,0
ENCFF284OMO,/experiments/ENCSR719VAW/,0,0,0,1,1,0,0,0,1,0
ENCFF107XGE,/experiments/ENCSR719VAW/,0,0,0,1,1,0,0,0,1,0
ENCFF793CWJ,/experiments/ENCSR719VAW/,0,0,0,1,1,0,0,0,1,0
ENCFF605IFN,/experiments/ENCSR719VAW/,0,0,0,1,1,0,0,0,1,0
ENCFF192NVI,/experiments/ENCSR719VAW/,0,0,0,1,1,0,0,0,1,0
ENCFF641QXI,/experiments/ENCSR719VAW/,0,0,0,1,1,0,0,0,1,0
ENCFF794IMD,/experiments/ENCSR721HDG/,0,0,0,0,0,0,1,0,0,0
ENCFF971BLR,/experiments/ENCSR721HDG/,0,0,0,0,0,0,1,0,0,0
ENCFF698AHZ,/experiments/ENCSR721HDG/,0,0,0,0,0,0,1,0,0,0
ENCFF809YRZ,/experiments/ENCSR721HDG/,0,0,0,0,0,0,1,0,0,0
ENCFF728SAH,/experiments/ENCSR721HDG/,0,0,0,0,0,0,1,0,0,0
ENCFF590QDU,/experiments/ENCSR723OPL/,0,1,1,1,1,0,1,0,0,1
ENCFF691HJU,/experiments/ENCSR723OPL/,0,1,1,1,1,0,1,0,0,1
ENCFF002FAE,/experiments/ENCSR723SZV/,1,1,0,0,0,0,0,1,0,1
ENCFF002EZU,/experiments/ENCSR723SZV/,1,1,0,0,0,0,0,1,0,1
ENCFF394BDJ,/experiments/ENCSR723XFW/,0,0,1,0,1,0,0,0,0,0
ENCFF595WXV,/experiments/ENCSR723XFW/,0,0,1,0,1,0,0,0,0,0
ENCFF715JXK,/experiments/ENCSR725TPW/,0,1,0,0,0,0,1,0,0,0
ENCFF120RJJ,/experiments/ENCSR725TPW/,0,1,0,0,0,0,1,0,0,0
ENCFF855YTN,/experiments/ENCSR725TPW/,0,1,0,0,0,0,1,0,0,0
ENCFF254IHO,/experiments/ENCSR725TPW/,0,1,0,0,0,0,1,0,0,0
ENCFF051PRI,/experiments/ENCSR725TPW/,0,1,0,0,0,0,1,0,0,0
ENCFF144YYI,/experiments/ENCSR726DNP/,0,0,0,1,1,0,0,0,1,0
ENCFF042XBW,/experiments/ENCSR726DNP/,0,0,0,1,1,0,0,0,1,0
ENCFF053CFZ,/experiments/ENCSR726DNP/,0,0,0,1,1,0,0,0,1,0
ENCFF315HBU,/experiments/ENCSR726YJC/,0,0,1,1,0,0,0,0,0,1
ENCFF849PKR,/experiments/ENCSR726YJC/,0,0,1,1,0,0,0,0,0,1
ENCFF578MOR,/experiments/ENCSR726YJC/,0,0,1,1,0,0,0,0,0,1
ENCFF558UDY,/experiments/ENCSR726YJC/,0,0,1,1,0,0,0,0,0,1
ENCFF497KLL,/experiments/ENCSR726YJC/,0,0,1,1,0,0,0,0,0,1
ENCFF249LSC,/experiments/ENCSR726YJC/,0,0,1,1,0,0,0,0,0,1
ENCFF175LCC,/experiments/ENCSR726YJC/,0,0,1,1,0,0,0,0,0,1
ENCFF735BVR,/experiments/ENCSR726YJC/,0,0,1,1,0,0,0,0,0,1
ENCFF194DAO,/experiments/ENCSR726YJC/,0,0,1,1,0,0,0,0,0,1
ENCFF082OML,/experiments/ENCSR726YJC/,0,0,1,1,0,0,0,0,0,1
ENCFF714JXT,/experiments/ENCSR727DPU/,0,0,0,0,0,0,0,0,1,0
ENCFF445AIZ,/experiments/ENCSR727FHP/,0,1,0,1,1,0,0,0,0,0
ENCFF007SHF,/experiments/ENCSR727FHP/,0,1,0,1,1,0,0,0,0,0
ENCFF478ZKL,/experiments/ENCSR727FHP/,0,1,0,1,1,0,0,0,0,0
ENCFF503TOH,/experiments/ENCSR727FHP/,0,1,0,1,1,0,0,0,0,0
ENCFF102XVK,/experiments/ENCSR727VTD/,0,0,0,0,0,0,0,0,0,0
ENCFF630TEI,/experiments/ENCSR728FFT/,0,0,1,1,1,0,0,0,0,0
ENCFF745PTG,/experiments/ENCSR729CAZ/,0,1,0,0,0,1,0,0,0,0
ENCFF300AWH,/experiments/ENCSR729VMM/,0,0,0,0,1,0,1,0,0,0
ENCFF823GAO,/experiments/ENCSR729VMM/,0,0,0,0,1,0,1,0,0,0
ENCFF326BCF,/experiments/ENCSR729ZII/,0,0,0,0,0,0,0,0,1,1
ENCFF397ZQU,/experiments/ENCSR731TGN/,1,0,0,0,0,0,1,0,0,1
ENCFF591WVP,/experiments/ENCSR731TGN/,1,0,0,0,0,0,1,0,0,1
ENCFF243SEM,/experiments/ENCSR733DBA/,1,0,1,0,0,0,0,0,0,0
ENCFF088OGS,/experiments/ENCSR733JBX/,0,0,0,0,0,0,0,0,0,0
ENCFF703MTQ,/experiments/ENCSR733JBX/,0,0,0,0,0,0,0,0,0,0
ENCFF787LZG,/experiments/ENCSR733JBX/,0,0,0,0,0,0,0,0,0,0
ENCFF887IKO,/experiments/ENCSR733JBX/,0,0,0,0,0,0,0,0,0,0
ENCFF565ABG,/experiments/ENCSR733MWN/,0,0,1,0,0,0,1,0,0,1
ENCFF253HSF,/experiments/ENCSR733QST/,0,0,0,0,1,0,0,0,0,0
ENCFF414WJI,/experiments/ENCSR733QST/,0,0,0,0,1,0,0,0,0,0
ENCFF074KJQ,/experiments/ENCSR733YIU/,0,1,0,0,0,0,0,0,1,1
ENCFF616WON,/experiments/ENCSR733YIU/,0,1,0,0,0,0,0,0,1,1
ENCFF837UEC,/experiments/ENCSR735JKB/,0,0,0,1,0,1,1,0,0,0
ENCFF470LXI,/experiments/ENCSR735JKB/,0,0,0,1,0,1,1,0,0,0
ENCFF341YZB,/experiments/ENCSR737BTH/,0,0,0,1,1,0,0,0,1,1
ENCFF073RJJ,/experiments/ENCSR737BTH/,0,0,0,1,1,0,0,0,1,1
ENCFF952LUC,/experiments/ENCSR737BTH/,0,0,0,1,1,0,0,0,1,1
ENCFF015JJB,/experiments/ENCSR737BTH/,0,0,0,1,1,0,0,0,1,1
ENCFF863LMG,/experiments/ENCSR737BTH/,0,0,0,1,1,0,0,0,1,1
ENCFF150HVU,/experiments/ENCSR737BTH/,0,0,0,1,1,0,0,0,1,1
ENCFF566HCI,/experiments/ENCSR737BTH/,0,0,0,1,1,0,0,0,1,1
ENCFF830CBI,/experiments/ENCSR737BTH/,0,0,0,1,1,0,0,0,1,1
ENCFF056UGH,/experiments/ENCSR737BTH/,0,0,0,1,1,0,0,0,1,1
ENCFF302MXO,/experiments/ENCSR737BTH/,0,0,0,1,1,0,0,0,1,1
ENCFF082BJV,/experiments/ENCSR737BTH/,0,0,0,1,1,0,0,0,1,1
ENCFF871CMC,/experiments/ENCSR737BTH/,0,0,0,1,1,0,0,0,1,1
ENCFF921PGH,/experiments/ENCSR737BTH/,0,0,0,1,1,0,0,0,1,1
ENCFF187BHR,/experiments/ENCSR737BTH/,0,0,0,1,1,0,0,0,1,1
ENCFF770YEH,/experiments/ENCSR738IHB/,0,0,0,0,0,0,0,1,0,0
ENCFF151ESP,/experiments/ENCSR738IHB/,0,0,0,0,0,0,0,1,0,0
ENCFF602SEQ,/experiments/ENCSR738PHQ/,0,0,0,0,1,0,0,0,0,0
ENCFF595JPI,/experiments/ENCSR738PHQ/,0,0,0,0,1,0,0,0,0,0
ENCFF506VGO,/experiments/ENCSR738PHQ/,0,0,0,0,1,0,0,0,0,0
ENCFF492NRB,/experiments/ENCSR738ZHN/,0,0,0,0,0,0,0,1,0,0
ENCFF945TZF,/experiments/ENCSR738ZHN/,0,0,0,0,0,0,0,1,0,0
ENCFF867HND,/experiments/ENCSR739PEB/,1,0,0,0,0,0,0,0,0,0
ENCFF694UNH,/experiments/ENCSR739PEB/,1,0,0,0,0,0,0,0,0,0
ENCFF016KLR,/experiments/ENCSR739PEB/,1,0,0,0,0,0,0,0,0,0
ENCFF360XMZ,/experiments/ENCSR739PEB/,1,0,0,0,0,0,0,0,0,0
ENCFF859MTL,/experiments/ENCSR739SJI/,0,0,0,0,0,0,0,0,1,1
ENCFF301VMF,/experiments/ENCSR739SJI/,0,0,0,0,0,0,0,0,1,1
ENCFF985NHB,/experiments/ENCSR739SJI/,0,0,0,0,0,0,0,0,1,1
ENCFF403RPK,/experiments/ENCSR739SJI/,0,0,0,0,0,0,0,0,1,1
ENCFF184ALY,/experiments/ENCSR739SJI/,0,0,0,0,0,0,0,0,1,1
ENCFF328TJH,/experiments/ENCSR739SJI/,0,0,0,0,0,0,0,0,1,1
ENCFF163BDT,/experiments/ENCSR739SJI/,0,0,0,0,0,0,0,0,1,1
ENCFF121IDD,/experiments/ENCSR739SJI/,0,0,0,0,0,0,0,0,1,1
ENCFF724VJN,/experiments/ENCSR739SJI/,0,0,0,0,0,0,0,0,1,1
ENCFF986DZE,/experiments/ENCSR739SJI/,0,0,0,0,0,0,0,0,1,1
ENCFF757JMT,/experiments/ENCSR739SJI/,0,0,0,0,0,0,0,0,1,1
ENCFF794GVC,/experiments/ENCSR739SJI/,0,0,0,0,0,0,0,0,1,1
ENCFF345CEU,/experiments/ENCSR740OPV/,1,0,0,0,0,0,1,0,0,1
ENCFF612VIK,/experiments/ENCSR740YMS/,0,1,0,0,0,0,1,0,0,0
ENCFF302TLI,/experiments/ENCSR741QEH/,0,0,0,1,0,0,0,1,0,0
ENCFF141QZP,/experiments/ENCSR741QEH/,0,0,0,1,0,0,0,1,0,0
ENCFF802GPF,/experiments/ENCSR741QEH/,0,0,0,1,0,0,0,1,0,0
ENCFF541FBH,/experiments/ENCSR741QEH/,0,0,0,1,0,0,0,1,0,0
ENCFF630LYO,/experiments/ENCSR741QEH/,0,0,0,1,0,0,0,1,0,0
ENCFF721WLN,/experiments/ENCSR741QEH/,0,0,0,1,0,0,0,1,0,0
ENCFF166GTL,/experiments/ENCSR742VGF/,0,1,0,0,1,0,0,0,0,1
ENCFF345RZD,/experiments/ENCSR742VGF/,0,1,0,0,1,0,0,0,0,1
ENCFF628PDP,/experiments/ENCSR742VGF/,0,1,0,0,1,0,0,0,0,1
ENCFF016FZJ,/experiments/ENCSR743GKS/,0,0,0,1,1,0,0,0,0,0
ENCFF003YRI,/experiments/ENCSR743GKS/,0,0,0,1,1,0,0,0,0,0
ENCFF242LVJ,/experiments/ENCSR743TJZ/,1,0,0,0,1,0,0,0,0,1
ENCFF615PMF,/experiments/ENCSR743TJZ/,1,0,0,0,1,0,0,0,0,1
ENCFF977JDQ,/experiments/ENCSR745APD/,0,0,0,1,0,0,0,0,0,0
ENCFF315OOH,/experiments/ENCSR748DUR/,1,0,0,0,0,0,0,0,0,0
ENCFF143BIC,/experiments/ENCSR748DUR/,1,0,0,0,0,0,0,0,0,0
ENCFF736FIO,/experiments/ENCSR748GVH/,0,0,0,0,0,0,1,1,0,1
ENCFF267VJG,/experiments/ENCSR748GVH/,0,0,0,0,0,0,1,1,0,1
ENCFF563KDS,/experiments/ENCSR748GVH/,0,0,0,0,0,0,1,1,0,1
ENCFF065YUF,/experiments/ENCSR748GVH/,0,0,0,0,0,0,1,1,0,1
ENCFF002EZW,/experiments/ENCSR749BAG/,0,0,0,0,0,0,0,0,0,0
ENCFF002EZY,/experiments/ENCSR749BAG/,0,0,0,0,0,0,0,0,0,0
ENCFF035HHL,/experiments/ENCSR750ETS/,0,0,0,0,0,0,0,1,0,0
ENCFF262CIY,/experiments/ENCSR750YSX/,0,0,1,0,1,0,1,0,1,1
ENCFF237SXT,/experiments/ENCSR750YSX/,0,0,1,0,1,0,1,0,1,1
ENCFF479HKB,/experiments/ENCSR750YSX/,0,0,1,0,1,0,1,0,1,1
ENCFF409ZNA,/experiments/ENCSR750YSX/,0,0,1,0,1,0,1,0,1,1
ENCFF891HIX,/experiments/ENCSR752RGN/,0,0,0,0,0,0,0,0,1,0
ENCFF179JEC,/experiments/ENCSR752RGN/,0,0,0,0,0,0,0,0,1,0
ENCFF896MIZ,/experiments/ENCSR752UNJ/,0,0,0,1,0,0,1,0,0,0
ENCFF242PAQ,/experiments/ENCSR753BWD/,0,1,0,0,0,0,0,0,0,0
ENCFF750OYR,/experiments/ENCSR754DFU/,0,1,0,1,1,0,0,1,0,1
ENCFF199FPN,/experiments/ENCSR754DFU/,0,1,0,1,1,0,0,1,0,1
ENCFF818QEK,/experiments/ENCSR754DFU/,0,1,0,1,1,0,0,1,0,1
ENCFF654DKJ,/experiments/ENCSR754DFU/,0,1,0,1,1,0,0,1,0,1
ENCFF378NQQ,/experiments/ENCSR754WLW/,0,0,0,0,0,0,1,0,0,0
ENCFF529YYW,/experiments/ENCSR755ARW/,1,0,0,0,0,0,0,0,0,0
ENCFF658CDP,/experiments/ENCSR755FNG/,0,0,0,0,0,0,1,0,1,0
ENCFF276UME,/experiments/ENCSR755LFM/,0,1,0,0,0,0,0,0,1,0
ENCFF611XSR,/experiments/ENCSR757VAW/,0,0,0,0,1,0,0,0,1,0
ENCFF770YVS,/experiments/ENCSR757VAW/,0,0,0,0,1,0,0,0,1,0
ENCFF008XVO,/experiments/ENCSR757VTG/,0,0,0,0,0,0,0,0,0,0
ENCFF269AST,/experiments/ENCSR757VTG/,0,0,0,0,0,0,0,0,0,0
ENCFF791AZH,/experiments/ENCSR758BAT/,0,1,0,0,0,0,0,0,0,0
ENCFF526JWG,/experiments/ENCSR758BAT/,0,1,0,0,0,0,0,0,0,0
ENCFF902LXP,/experiments/ENCSR758MWM/,1,0,1,0,0,0,1,1,0,0
ENCFF688TMY,/experiments/ENCSR758MWM/,1,0,1,0,0,0,1,1,0,0
ENCFF779GKP,/experiments/ENCSR759TPN/,1,0,0,0,1,0,0,0,0,0
ENCFF356DVL,/experiments/ENCSR759WPF/,0,0,0,0,0,0,0,1,0,1
ENCFF123JND,/experiments/ENCSR760INS/,0,1,0,0,0,0,0,0,1,0
ENCFF094ZGK,/experiments/ENCSR760TOE/,0,1,0,0,0,0,0,0,0,0
ENCFF372TIL,/experiments/ENCSR760TOE/,0,1,0,0,0,0,0,0,0,0
ENCFF672PAZ,/experiments/ENCSR760TOE/,0,1,0,0,0,0,0,0,0,0
ENCFF172XPK,/experiments/ENCSR760TOE/,0,1,0,0,0,0,0,0,0,0
ENCFF015WHD,/experiments/ENCSR761SHI/,0,0,0,1,1,0,0,0,1,0
ENCFF656QYW,/experiments/ENCSR761SHI/,0,0,0,1,1,0,0,0,1,0
ENCFF877TOU,/experiments/ENCSR761SHI/,0,0,0,1,1,0,0,0,1,0
ENCFF199EWJ,/experiments/ENCSR761SHI/,0,0,0,1,1,0,0,0,1,0
ENCFF882QDL,/experiments/ENCSR761ZWF/,0,0,0,1,0,0,0,0,0,1
ENCFF364YYU,/experiments/ENCSR762CJN/,1,0,0,1,0,1,0,0,1,0
ENCFF143KXV,/experiments/ENCSR762CJN/,1,0,0,1,0,1,0,0,1,0
ENCFF041PMF,/experiments/ENCSR763CQW/,0,0,1,0,0,0,0,0,1,0
ENCFF429CDV,/experiments/ENCSR763CQW/,0,0,1,0,0,0,0,0,1,0
ENCFF649JJW,/experiments/ENCSR763NOO/,1,0,0,0,0,0,0,0,0,1
ENCFF529MPR,/experiments/ENCSR763NOO/,1,0,0,0,0,0,0,0,0,1
ENCFF961CFO,/experiments/ENCSR763NOO/,1,0,0,0,0,0,0,0,0,1
ENCFF319EMD,/experiments/ENCSR763NOO/,1,0,0,0,0,0,0,0,0,1
ENCFF966VSO,/experiments/ENCSR763NOO/,1,0,0,0,0,0,0,0,0,1
ENCFF816UXX,/experiments/ENCSR763NOO/,1,0,0,0,0,0,0,0,0,1
ENCFF452LQU,/experiments/ENCSR763NOO/,1,0,0,0,0,0,0,0,0,1
ENCFF949VVE,/experiments/ENCSR763NOO/,1,0,0,0,0,0,0,0,0,1
ENCFF630TOA,/experiments/ENCSR763NOO/,1,0,0,0,0,0,0,0,0,1
ENCFF500IAP,/experiments/ENCSR763OMY/,0,0,0,1,0,0,0,1,0,1
ENCFF832DVH,/experiments/ENCSR764EGD/,0,0,0,0,0,0,0,1,0,1
ENCFF962OCF,/experiments/ENCSR764GMN/,0,0,1,0,0,0,0,0,0,0
ENCFF222GPK,/experiments/ENCSR764GMN/,0,0,1,0,0,0,0,0,0,0
ENCFF819ZTA,/experiments/ENCSR764OPZ/,1,0,0,1,0,0,0,0,1,0
ENCFF052VGB,/experiments/ENCSR764OPZ/,1,0,0,1,0,0,0,0,1,0
ENCFF099UUS,/experiments/ENCSR764OPZ/,1,0,0,1,0,0,0,0,1,0
ENCFF059FUK,/experiments/ENCSR764OPZ/,1,0,0,1,0,0,0,0,1,0
ENCFF993FJC,/experiments/ENCSR766TSI/,0,1,0,0,1,0,0,0,0,1
ENCFF444YCN,/experiments/ENCSR767PMR/,1,0,0,0,0,0,0,0,0,1
ENCFF170XMM,/experiments/ENCSR767PMR/,1,0,0,0,0,0,0,0,0,1
ENCFF002DNB,/experiments/ENCSR767VHR/,1,0,0,0,0,0,0,0,0,0
ENCFF002DMZ,/experiments/ENCSR767VHR/,1,0,0,0,0,0,0,0,0,0
ENCFF017LOD,/experiments/ENCSR769LJY/,0,0,0,1,0,0,0,1,0,0
ENCFF835VAK,/experiments/ENCSR769LNJ/,0,0,0,0,0,1,0,0,1,0
ENCFF994PCA,/experiments/ENCSR769LNJ/,0,0,0,0,0,1,0,0,1,0
ENCFF675SLL,/experiments/ENCSR769LNJ/,0,0,0,0,0,1,0,0,1,0
ENCFF438BGH,/experiments/ENCSR769LNJ/,0,0,0,0,0,1,0,0,1,0
ENCFF116ZJP,/experiments/ENCSR769LNJ/,0,0,0,0,0,1,0,0,1,0
ENCFF197JAP,/experiments/ENCSR771BCK/,0,0,0,0,0,0,0,0,0,0
ENCFF863ENS,/experiments/ENCSR771BCK/,0,0,0,0,0,0,0,0,0,0
ENCFF420REU,/experiments/ENCSR771BCK/,0,0,0,0,0,0,0,0,0,0
ENCFF854LJN,/experiments/ENCSR771BCK/,0,0,0,0,0,0,0,0,0,0
ENCFF678CRA,/experiments/ENCSR771BCK/,0,0,0,0,0,0,0,0,0,0
ENCFF618SIR,/experiments/ENCSR771BCK/,0,0,0,0,0,0,0,0,0,0
ENCFF685FUZ,/experiments/ENCSR771BCK/,0,0,0,0,0,0,0,0,0,0
ENCFF816CPX,/experiments/ENCSR771BCK/,0,0,0,0,0,0,0,0,0,0
ENCFF651HEM,/experiments/ENCSR771BCK/,0,0,0,0,0,0,0,0,0,0
ENCFF189JVE,/experiments/ENCSR771BCK/,0,0,0,0,0,0,0,0,0,0
ENCFF411YXB,/experiments/ENCSR771BCK/,0,0,0,0,0,0,0,0,0,0
ENCFF657NUT,/experiments/ENCSR771BCK/,0,0,0,0,0,0,0,0,0,0
ENCFF319YFJ,/experiments/ENCSR771BCK/,0,0,0,0,0,0,0,0,0,0
ENCFF673BPE,/experiments/ENCSR771BCK/,0,0,0,0,0,0,0,0,0,0
ENCFF620FXM,/experiments/ENCSR771BCK/,0,0,0,0,0,0,0,0,0,0
ENCFF936LNA,/experiments/ENCSR771BCK/,0,0,0,0,0,0,0,0,0,0
ENCFF118PQI,/experiments/ENCSR771BCK/,0,0,0,0,0,0,0,0,0,0
ENCFF229TCX,/experiments/ENCSR771BCK/,0,0,0,0,0,0,0,0,0,0
ENCFF910CTW,/experiments/ENCSR771BCK/,0,0,0,0,0,0,0,0,0,0
ENCFF847HFJ,/experiments/ENCSR771BCK/,0,0,0,0,0,0,0,0,0,0
ENCFF565DII,/experiments/ENCSR771BCK/,0,0,0,0,0,0,0,0,0,0
ENCFF107LAK,/experiments/ENCSR771DEX/,0,0,1,1,0,0,1,1,0,0
ENCFF676NTL,/experiments/ENCSR771DEX/,0,0,1,1,0,0,1,1,0,0
ENCFF141TSN,/experiments/ENCSR771NRY/,0,0,0,0,1,1,0,0,1,0
ENCFF815CBA,/experiments/ENCSR771NRY/,0,0,0,0,1,1,0,0,1,0
ENCFF613YNK,/experiments/ENCSR771ODD/,0,0,1,0,0,0,1,0,0,0
ENCFF386HCR,/experiments/ENCSR771ODD/,0,0,1,0,0,0,1,0,0,0
ENCFF673SLO,/experiments/ENCSR771ODD/,0,0,1,0,0,0,1,0,0,0
ENCFF754VQW,/experiments/ENCSR771ODD/,0,0,1,0,0,0,1,0,0,0
ENCFF037LEJ,/experiments/ENCSR771ODD/,0,0,1,0,0,0,1,0,0,0
ENCFF903ULI,/experiments/ENCSR771ODD/,0,0,1,0,0,0,1,0,0,0
ENCFF956RCJ,/experiments/ENCSR771ODD/,0,0,1,0,0,0,1,0,0,0
ENCFF829WND,/experiments/ENCSR771ODD/,0,0,1,0,0,0,1,0,0,0
ENCFF974KKD,/experiments/ENCSR771ODD/,0,0,1,0,0,0,1,0,0,0
ENCFF856UMI,/experiments/ENCSR771ODD/,0,0,1,0,0,0,1,0,0,0
ENCFF519AKK,/experiments/ENCSR771ODD/,0,0,1,0,0,0,1,0,0,0
ENCFF533ZIO,/experiments/ENCSR771ODD/,0,0,1,0,0,0,1,0,0,0
ENCFF286GUQ,/experiments/ENCSR771ODD/,0,0,1,0,0,0,1,0,0,0
ENCFF030IFE,/experiments/ENCSR771ODD/,0,0,1,0,0,0,1,0,0,0
ENCFF136DUH,/experiments/ENCSR771ODD/,0,0,1,0,0,0,1,0,0,0
ENCFF758JNE,/experiments/ENCSR771ODD/,0,0,1,0,0,0,1,0,0,0
ENCFF353SEU,/experiments/ENCSR771ODD/,0,0,1,0,0,0,1,0,0,0
ENCFF311MZV,/experiments/ENCSR771ODD/,0,0,1,0,0,0,1,0,0,0
ENCFF869MFM,/experiments/ENCSR771ODD/,0,0,1,0,0,0,1,0,0,0
ENCFF219PCN,/experiments/ENCSR771ODD/,0,0,1,0,0,0,1,0,0,0
ENCFF934QGX,/experiments/ENCSR771ODD/,0,0,1,0,0,0,1,0,0,0
ENCFF603WRT,/experiments/ENCSR772FQU/,0,0,1,0,0,0,1,0,1,1
ENCFF296HAI,/experiments/ENCSR772FQU/,0,0,1,0,0,0,1,0,1,1
ENCFF783MUB,/experiments/ENCSR772FQU/,0,0,1,0,0,0,1,0,1,1
ENCFF244FRB,/experiments/ENCSR772FQU/,0,0,1,0,0,0,1,0,1,1
ENCFF287FKS,/experiments/ENCSR773COB/,0,0,1,0,0,0,0,1,0,0
ENCFF448TTG,/experiments/ENCSR774DTO/,0,1,1,1,0,0,1,0,0,1
ENCFF148XRK,/experiments/ENCSR774DTO/,0,1,1,1,0,0,1,0,0,1
ENCFF756NEF,/experiments/ENCSR774MGO/,0,0,0,1,0,1,0,1,0,0
ENCFF472XMI,/experiments/ENCSR774MGO/,0,0,0,1,0,1,0,1,0,0
ENCFF445QRL,/experiments/ENCSR774MGO/,0,0,0,1,0,1,0,1,0,0
ENCFF106XJR,/experiments/ENCSR774MGO/,0,0,0,1,0,1,0,1,0,0
ENCFF353CRU,/experiments/ENCSR774MGO/,0,0,0,1,0,1,0,1,0,0
ENCFF310HZJ,/experiments/ENCSR774MGO/,0,0,0,1,0,1,0,1,0,0
ENCFF239GJR,/experiments/ENCSR774MGO/,0,0,0,1,0,1,0,1,0,0
ENCFF674SVJ,/experiments/ENCSR774MGO/,0,0,0,1,0,1,0,1,0,0
ENCFF701DLG,/experiments/ENCSR774SEX/,0,0,1,0,0,0,1,0,1,0
ENCFF425DTZ,/experiments/ENCSR774TLU/,0,0,1,0,0,0,0,1,0,1
ENCFF525PFF,/experiments/ENCSR774TLU/,0,0,1,0,0,0,0,1,0,1
ENCFF662SDL,/experiments/ENCSR775KCE/,1,0,1,1,0,0,0,1,0,0
ENCFF056LXW,/experiments/ENCSR775KCE/,1,0,1,1,0,0,0,1,0,0
ENCFF496EPZ,/experiments/ENCSR775KCE/,1,0,1,1,0,0,0,1,0,0
ENCFF531DGM,/experiments/ENCSR775KCE/,1,0,1,1,0,0,0,1,0,0
ENCFF560RYY,/experiments/ENCSR775KCE/,1,0,1,1,0,0,0,1,0,0
ENCFF887PDA,/experiments/ENCSR775KCE/,1,0,1,1,0,0,0,1,0,0
ENCFF676ZGN,/experiments/ENCSR775KCE/,1,0,1,1,0,0,0,1,0,0
ENCFF002QSJ,/experiments/ENCSR776PQP/,0,0,0,0,0,0,0,0,0,0
ENCFF953RPD,/experiments/ENCSR777KAR/,0,0,0,0,1,0,0,0,0,0
ENCFF132LZV,/experiments/ENCSR777ONH/,0,0,0,1,1,0,1,0,0,0
ENCFF825BEB,/experiments/ENCSR777TBF/,0,0,0,0,0,0,0,0,1,0
ENCFF204IUX,/experiments/ENCSR777TBF/,0,0,0,0,0,0,0,0,1,0
ENCFF314DZG,/experiments/ENCSR783BUO/,0,0,0,0,0,0,0,0,0,0
ENCFF437SZX,/experiments/ENCSR783BUO/,0,0,0,0,0,0,0,0,0,0
ENCFF747KZH,/experiments/ENCSR783BUO/,0,0,0,0,0,0,0,0,0,0
ENCFF089FWI,/experiments/ENCSR783BUO/,0,0,0,0,0,0,0,0,0,0
ENCFF386QQP,/experiments/ENCSR783SSV/,0,0,1,0,0,0,1,0,0,1
ENCFF139QXD,/experiments/ENCSR785OCX/,1,0,1,1,0,0,0,0,0,0
ENCFF442OKF,/experiments/ENCSR788PEE/,0,0,0,1,0,0,0,0,0,1
ENCFF062GNP,/experiments/ENCSR788PEE/,0,0,0,1,0,0,0,0,0,1
ENCFF574YMK,/experiments/ENCSR788PEE/,0,0,0,1,0,0,0,0,0,1
ENCFF653QJY,/experiments/ENCSR788PEE/,0,0,0,1,0,0,0,0,0,1
ENCFF982FQN,/experiments/ENCSR789PJB/,0,0,0,0,0,0,0,0,0,1
ENCFF802SLR,/experiments/ENCSR789TBW/,0,0,0,0,0,0,0,0,0,0
ENCFF673MIF,/experiments/ENCSR789TBW/,0,0,0,0,0,0,0,0,0,0
ENCFF407XAB,/experiments/ENCSR789TBW/,0,0,0,0,0,0,0,0,0,0
ENCFF763YBV,/experiments/ENCSR789TBW/,0,0,0,0,0,0,0,0,0,0
ENCFF083BYK,/experiments/ENCSR790BBE/,0,0,0,0,1,0,0,1,0,1
ENCFF723MAR,/experiments/ENCSR791IFR/,1,0,0,0,0,0,0,0,1,0
ENCFF344OJQ,/experiments/ENCSR791IFR/,1,0,0,0,0,0,0,0,1,0
ENCFF803VZZ,/experiments/ENCSR791UVS/,0,0,0,1,0,0,1,1,0,1
ENCFF721ASG,/experiments/ENCSR791UVS/,0,0,0,1,0,0,1,1,0,1
ENCFF764ZJT,/experiments/ENCSR792OIJ/,0,0,0,0,0,0,0,0,0,0
ENCFF133KON,/experiments/ENCSR792OIJ/,0,0,0,0,0,0,0,0,0,0
ENCFF543XRN,/experiments/ENCSR792OIJ/,0,0,0,0,0,0,0,0,0,0
ENCFF140RYL,/experiments/ENCSR792OIJ/,0,0,0,0,0,0,0,0,0,0
ENCFF819IDW,/experiments/ENCSR792RJV/,0,0,1,1,0,0,0,0,0,1
ENCFF839VKV,/experiments/ENCSR792RJV/,0,0,1,1,0,0,0,0,0,1
ENCFF470KZE,/experiments/ENCSR793SPM/,1,1,0,1,0,0,1,0,0,0
ENCFF863WXX,/experiments/ENCSR795GYH/,0,0,0,0,1,1,0,0,1,0
ENCFF199IWW,/experiments/ENCSR795WFC/,0,0,0,1,0,0,0,0,1,0
ENCFF641WPY,/experiments/ENCSR795WFC/,0,0,0,1,0,0,0,0,1,0
ENCFF534AYT,/experiments/ENCSR796HLX/,0,1,1,0,0,0,0,0,0,0
ENCFF002DMN,/experiments/ENCSR797BPP/,0,0,0,0,0,1,0,0,0,0
ENCFF002DHP,/experiments/ENCSR797BPP/,0,0,0,0,0,1,0,0,0,0
ENCFF764VXI,/experiments/ENCSR797RXV/,0,0,0,0,0,0,1,0,1,0
ENCFF095PBU,/experiments/ENCSR797RXV/,0,0,0,0,0,0,1,0,1,0
ENCFF091ATZ,/experiments/ENCSR798RDG/,0,0,0,0,0,1,0,0,0,0
ENCFF180FZE,/experiments/ENCSR798RDG/,0,0,0,0,0,1,0,0,0,0
ENCFF150DCD,/experiments/ENCSR798USR/,0,1,1,1,0,0,0,0,1,0
ENCFF022MVB,/experiments/ENCSR798USR/,0,1,1,1,0,0,0,0,1,0
ENCFF579RSM,/experiments/ENCSR800KLD/,0,0,0,0,0,0,0,0,1,0
ENCFF699JZZ,/experiments/ENCSR800KLD/,0,0,0,0,0,0,0,0,1,0
ENCFF241XSI,/experiments/ENCSR800PJQ/,0,0,0,0,0,0,0,0,0,0
ENCFF122HNW,/experiments/ENCSR800WIY/,0,0,0,1,0,0,1,1,0,0
ENCFF326UXM,/experiments/ENCSR801JDZ/,0,0,0,0,1,1,0,1,0,0
ENCFF886BRO,/experiments/ENCSR801JDZ/,0,0,0,0,1,1,0,1,0,0
ENCFF809FPA,/experiments/ENCSR801JDZ/,0,0,0,0,1,1,0,1,0,0
ENCFF233IFH,/experiments/ENCSR801JDZ/,0,0,0,0,1,1,0,1,0,0
ENCFF423RWS,/experiments/ENCSR801MKV/,0,0,0,0,0,0,1,0,1,0
ENCFF294NNJ,/experiments/ENCSR802HPM/,0,0,0,1,0,0,1,1,0,0
ENCFF812CUD,/experiments/ENCSR803TDA/,0,0,0,0,0,1,0,0,0,0
ENCFF643VPC,/experiments/ENCSR803TDA/,0,0,0,0,0,1,0,0,0,0
ENCFF321BMO,/experiments/ENCSR803TDA/,0,0,0,0,0,1,0,0,0,0
ENCFF970JWC,/experiments/ENCSR803TDA/,0,0,0,0,0,1,0,0,0,0
ENCFF710DAI,/experiments/ENCSR803TDA/,0,0,0,0,0,1,0,0,0,0
ENCFF489VZI,/experiments/ENCSR803TDA/,0,0,0,0,0,1,0,0,0,0
ENCFF707QJV,/experiments/ENCSR803TDA/,0,0,0,0,0,1,0,0,0,0
ENCFF956WVJ,/experiments/ENCSR803TDA/,0,0,0,0,0,1,0,0,0,0
ENCFF771LLL,/experiments/ENCSR803TDA/,0,0,0,0,0,1,0,0,0,0
ENCFF878HNY,/experiments/ENCSR804NGX/,0,0,1,0,1,0,0,0,1,1
ENCFF851VPL,/experiments/ENCSR806ESH/,0,1,0,0,0,0,0,0,0,1
ENCFF170NJC,/experiments/ENCSR806HCA/,1,0,0,0,0,0,0,0,0,0
ENCFF799DYD,/experiments/ENCSR806HCA/,1,0,0,0,0,0,0,0,0,0
ENCFF211GKV,/experiments/ENCSR807XTG/,1,0,0,0,0,0,1,0,0,1
ENCFF743KQZ,/experiments/ENCSR807XTG/,1,0,0,0,0,0,1,0,0,1
ENCFF254YNR,/experiments/ENCSR809JHL/,1,0,0,1,0,0,0,0,0,0
ENCFF783KGQ,/experiments/ENCSR809JHL/,1,0,0,1,0,0,0,0,0,0
ENCFF839MMS,/experiments/ENCSR809VYL/,1,0,1,0,1,1,1,0,1,0
ENCFF839UKS,/experiments/ENCSR809VYL/,1,0,1,0,1,1,1,0,1,0
ENCFF896QPV,/experiments/ENCSR809VYL/,1,0,1,0,1,1,1,0,1,0
ENCFF744XBD,/experiments/ENCSR809VYL/,1,0,1,0,1,1,1,0,1,0
ENCFF390LZF,/experiments/ENCSR810ZKJ/,0,1,0,0,0,1,0,0,1,0
ENCFF898CSY,/experiments/ENCSR810ZKJ/,0,1,0,0,0,1,0,0,1,0
ENCFF034WGV,/experiments/ENCSR811YTU/,0,0,1,0,1,1,0,0,0,0
ENCFF057MDU,/experiments/ENCSR811YTU/,0,0,1,0,1,1,0,0,0,0
ENCFF116DGU,/experiments/ENCSR811YTU/,0,0,1,0,1,1,0,0,0,0
ENCFF483KXD,/experiments/ENCSR811YTU/,0,0,1,0,1,1,0,0,0,0
ENCFF378TYU,/experiments/ENCSR811YTU/,0,0,1,0,1,1,0,0,0,0
ENCFF055PZZ,/experiments/ENCSR811YTU/,0,0,1,0,1,1,0,0,0,0
ENCFF851JLX,/experiments/ENCSR811YTU/,0,0,1,0,1,1,0,0,0,0
ENCFF711OYQ,/experiments/ENCSR811YTU/,0,0,1,0,1,1,0,0,0,0
ENCFF068CQU,/experiments/ENCSR811YTU/,0,0,1,0,1,1,0,0,0,0
ENCFF326CGI,/experiments/ENCSR812AKX/,0,0,0,0,0,0,0,0,1,0
ENCFF765REV,/experiments/ENCSR813BDU/,0,0,0,0,1,0,0,0,0,0
ENCFF232QKC,/experiments/ENCSR813BDU/,0,0,0,0,1,0,0,0,0,0
ENCFF399YLV,/experiments/ENCSR814INP/,0,1,0,0,0,0,0,0,1,0
ENCFF906CJJ,/experiments/ENCSR814INP/,0,1,0,0,0,0,0,0,1,0
ENCFF406NLL,/experiments/ENCSR814INP/,0,1,0,0,0,0,0,0,1,0
ENCFF643SBQ,/experiments/ENCSR814INP/,0,1,0,0,0,0,0,0,1,0
ENCFF937KFC,/experiments/ENCSR814INP/,0,1,0,0,0,0,0,0,1,0
ENCFF255ESE,/experiments/ENCSR814INP/,0,1,0,0,0,0,0,0,1,0
ENCFF580KHN,/experiments/ENCSR814INP/,0,1,0,0,0,0,0,0,1,0
ENCFF952FJN,/experiments/ENCSR814INP/,0,1,0,0,0,0,0,0,1,0
ENCFF127DCC,/experiments/ENCSR814INP/,0,1,0,0,0,0,0,0,1,0
ENCFF152QMH,/experiments/ENCSR815NTL/,0,0,0,0,0,0,0,0,1,1
ENCFF161ISZ,/experiments/ENCSR815NTL/,0,0,0,0,0,0,0,0,1,1
ENCFF659EDN,/experiments/ENCSR815UVL/,0,0,0,0,0,0,0,0,0,1
ENCFF143UMB,/experiments/ENCSR815UVL/,0,0,0,0,0,0,0,0,0,1
ENCFF763QQV,/experiments/ENCSR816HLU/,0,0,1,0,0,0,1,0,0,1
ENCFF838EAG,/experiments/ENCSR816IZA/,0,0,0,1,0,0,0,0,0,0
ENCFF600GHK,/experiments/ENCSR816TAY/,0,0,0,1,0,0,0,0,0,0
ENCFF491KKZ,/experiments/ENCSR817TLH/,0,0,0,0,0,0,1,0,0,0
ENCFF669MQN,/experiments/ENCSR817TLH/,0,0,0,0,0,0,1,0,0,0
ENCFF575XEZ,/experiments/ENCSR817TLH/,0,0,0,0,0,0,1,0,0,0
ENCFF329RYJ,/experiments/ENCSR817TLH/,0,0,0,0,0,0,1,0,0,0
ENCFF076TTM,/experiments/ENCSR817TLH/,0,0,0,0,0,0,1,0,0,0
ENCFF066BIX,/experiments/ENCSR817TLH/,0,0,0,0,0,0,1,0,0,0
ENCFF754UIJ,/experiments/ENCSR817TLH/,0,0,0,0,0,0,1,0,0,0
ENCFF135QWJ,/experiments/ENCSR817TLH/,0,0,0,0,0,0,1,0,0,0
ENCFF360LXK,/experiments/ENCSR817TLH/,0,0,0,0,0,0,1,0,0,0
ENCFF732SOA,/experiments/ENCSR817TLH/,0,0,0,0,0,0,1,0,0,0
ENCFF545UAS,/experiments/ENCSR817TLH/,0,0,0,0,0,0,1,0,0,0
ENCFF261TWB,/experiments/ENCSR817TLH/,0,0,0,0,0,0,1,0,0,0
ENCFF122DGB,/experiments/ENCSR817TLH/,0,0,0,0,0,0,1,0,0,0
ENCFF449SKM,/experiments/ENCSR817WHQ/,1,0,0,0,0,0,0,0,0,0
ENCFF361TIJ,/experiments/ENCSR817WHQ/,1,0,0,0,0,0,0,0,0,0
ENCFF301RQP,/experiments/ENCSR818DBU/,1,0,0,0,0,0,0,0,1,0
ENCFF282SEN,/experiments/ENCSR820IIL/,0,0,0,0,0,0,0,0,0,0
ENCFF252KUD,/experiments/ENCSR820IIL/,0,0,0,0,0,0,0,0,0,0
ENCFF169JOQ,/experiments/ENCSR820OHO/,1,0,0,1,0,0,0,0,0,0
ENCFF271RFU,/experiments/ENCSR820OHO/,1,0,0,1,0,0,0,0,0,0
ENCFF740TFX,/experiments/ENCSR820OHO/,1,0,0,1,0,0,0,0,0,0
ENCFF462HZM,/experiments/ENCSR820OHO/,1,0,0,1,0,0,0,0,0,0
ENCFF439BEV,/experiments/ENCSR820OHO/,1,0,0,1,0,0,0,0,0,0
ENCFF601JTS,/experiments/ENCSR820OHO/,1,0,0,1,0,0,0,0,0,0
ENCFF572JDP,/experiments/ENCSR820OHO/,1,0,0,1,0,0,0,0,0,0
ENCFF346UBA,/experiments/ENCSR820OHO/,1,0,0,1,0,0,0,0,0,0
ENCFF137OYQ,/experiments/ENCSR820OHO/,1,0,0,1,0,0,0,0,0,0
ENCFF366CSN,/experiments/ENCSR820OHO/,1,0,0,1,0,0,0,0,0,0
ENCFF673ZDG,/experiments/ENCSR820OHO/,1,0,0,1,0,0,0,0,0,0
ENCFF536ZFC,/experiments/ENCSR820OHO/,1,0,0,1,0,0,0,0,0,0
ENCFF588JAU,/experiments/ENCSR820OHO/,1,0,0,1,0,0,0,0,0,0
ENCFF814PHK,/experiments/ENCSR820OHO/,1,0,0,1,0,0,0,0,0,0
ENCFF460VXC,/experiments/ENCSR820OHO/,1,0,0,1,0,0,0,0,0,0
ENCFF976SMI,/experiments/ENCSR820OHO/,1,0,0,1,0,0,0,0,0,0
ENCFF694EPZ,/experiments/ENCSR820OHO/,1,0,0,1,0,0,0,0,0,0
ENCFF699SBZ,/experiments/ENCSR820OHO/,1,0,0,1,0,0,0,0,0,0
ENCFF894COY,/experiments/ENCSR820OHO/,1,0,0,1,0,0,0,0,0,0
ENCFF681EEO,/experiments/ENCSR820OHO/,1,0,0,1,0,0,0,0,0,0
ENCFF984QED,/experiments/ENCSR820OHO/,1,0,0,1,0,0,0,0,0,0
ENCFF995BLA,/experiments/ENCSR820PHH/,0,0,1,1,0,0,0,0,0,0
ENCFF006YWA,/experiments/ENCSR820PHH/,0,0,1,1,0,0,0,0,0,0
ENCFF249LGZ,/experiments/ENCSR820PHH/,0,0,1,1,0,0,0,0,0,0
ENCFF248MER,/experiments/ENCSR820PHH/,0,0,1,1,0,0,0,0,0,0
ENCFF701WAW,/experiments/ENCSR822AOE/,0,0,0,0,0,1,1,0,0,0
ENCFF223FOE,/experiments/ENCSR822FMG/,1,0,0,0,0,0,1,0,0,0
ENCFF229EHI,/experiments/ENCSR822FMG/,1,0,0,0,0,0,1,0,0,0
ENCFF794TJI,/experiments/ENCSR822FMG/,1,0,0,0,0,0,1,0,0,0
ENCFF040GJG,/experiments/ENCSR822FMG/,1,0,0,0,0,0,1,0,0,0
ENCFF369QHJ,/experiments/ENCSR822FMG/,1,0,0,0,0,0,1,0,0,0
ENCFF950VNW,/experiments/ENCSR822FMG/,1,0,0,0,0,0,1,0,0,0
ENCFF677GAG,/experiments/ENCSR822FMG/,1,0,0,0,0,0,1,0,0,0
ENCFF846YCY,/experiments/ENCSR822SUG/,0,0,1,0,0,1,0,1,0,0
ENCFF464PFE,/experiments/ENCSR822SUG/,0,0,1,0,0,1,0,1,0,0
ENCFF360GSG,/experiments/ENCSR823VEE/,1,0,0,0,1,0,0,0,0,0
ENCFF061AVT,/experiments/ENCSR823VEE/,1,0,0,0,1,0,0,0,0,0
ENCFF252QAP,/experiments/ENCSR823VEE/,1,0,0,0,1,0,0,0,0,0
ENCFF316SZZ,/experiments/ENCSR823VEE/,1,0,0,0,1,0,0,0,0,0
ENCFF796RVQ,/experiments/ENCSR825GWD/,0,0,0,0,0,1,0,0,0,1
ENCFF107MUS,/experiments/ENCSR825GWD/,0,0,0,0,0,1,0,0,0,1
ENCFF578DJO,/experiments/ENCSR825GWD/,0,0,0,0,0,1,0,0,0,1
ENCFF461OOV,/experiments/ENCSR825GWD/,0,0,0,0,0,1,0,0,0,1
ENCFF255FLP,/experiments/ENCSR825GWD/,0,0,0,0,0,1,0,0,0,1
ENCFF519GNR,/experiments/ENCSR825GWD/,0,0,0,0,0,1,0,0,0,1
ENCFF391LSK,/experiments/ENCSR825GWD/,0,0,0,0,0,1,0,0,0,1
ENCFF551RFQ,/experiments/ENCSR825GWD/,0,0,0,0,0,1,0,0,0,1
ENCFF955XRW,/experiments/ENCSR825GWD/,0,0,0,0,0,1,0,0,0,1
ENCFF323UOZ,/experiments/ENCSR825GWD/,0,0,0,0,0,1,0,0,0,1
ENCFF582KPC,/experiments/ENCSR825GWD/,0,0,0,0,0,1,0,0,0,1
ENCFF305UQC,/experiments/ENCSR825GWD/,0,0,0,0,0,1,0,0,0,1
ENCFF176RDU,/experiments/ENCSR825UXP/,0,0,0,0,0,0,0,0,0,0
ENCFF999PVE,/experiments/ENCSR826FNO/,0,0,0,0,0,0,1,0,0,1
ENCFF245OTN,/experiments/ENCSR826HIQ/,1,0,1,0,1,1,0,1,0,0
ENCFF130DKL,/experiments/ENCSR826HIQ/,1,0,1,0,1,1,0,1,0,0
ENCFF874ELO,/experiments/ENCSR826IXR/,0,0,0,0,0,1,0,0,1,0
ENCFF489IGD,/experiments/ENCSR826IXR/,0,0,0,0,0,1,0,0,1,0
ENCFF064HEH,/experiments/ENCSR827IXS/,0,0,0,1,0,0,0,0,0,0
ENCFF255AHT,/experiments/ENCSR828JSJ/,0,0,0,1,1,0,1,0,0,0
ENCFF927MXX,/experiments/ENCSR828TEI/,0,0,0,0,0,0,0,0,0,0
ENCFF999QZD,/experiments/ENCSR828TEI/,0,0,0,0,0,0,0,0,0,0
ENCFF730BGR,/experiments/ENCSR830HIN/,0,0,0,0,0,1,0,0,1,0
ENCFF396DUV,/experiments/ENCSR830HIN/,0,0,0,0,0,1,0,0,1,0
ENCFF065OFV,/experiments/ENCSR830HIN/,0,0,0,0,0,1,0,0,1,0
ENCFF151WCV,/experiments/ENCSR830HIN/,0,0,0,0,0,1,0,0,1,0
ENCFF968XRL,/experiments/ENCSR830HIN/,0,0,0,0,0,1,0,0,1,0
ENCFF196LEM,/experiments/ENCSR830HIN/,0,0,0,0,0,1,0,0,1,0
ENCFF339YYU,/experiments/ENCSR830HIN/,0,0,0,0,0,1,0,0,1,0
ENCFF565PAJ,/experiments/ENCSR830HIN/,0,0,0,0,0,1,0,0,1,0
ENCFF359UBE,/experiments/ENCSR830HIN/,0,0,0,0,0,1,0,0,1,0
ENCFF510WNH,/experiments/ENCSR830HIN/,0,0,0,0,0,1,0,0,1,0
ENCFF919ARA,/experiments/ENCSR830HIN/,0,0,0,0,0,1,0,0,1,0
ENCFF412IIT,/experiments/ENCSR830HIN/,0,0,0,0,0,1,0,0,1,0
ENCFF959MBA,/experiments/ENCSR830HIN/,0,0,0,0,0,1,0,0,1,0
ENCFF644NDH,/experiments/ENCSR830HIN/,0,0,0,0,0,1,0,0,1,0
ENCFF790PEK,/experiments/ENCSR830HIN/,0,0,0,0,0,1,0,0,1,0
ENCFF210EBO,/experiments/ENCSR830HIN/,0,0,0,0,0,1,0,0,1,0
ENCFF447UNC,/experiments/ENCSR830HIN/,0,0,0,0,0,1,0,0,1,0
ENCFF565KTC,/experiments/ENCSR830IVQ/,0,0,0,0,1,0,1,0,0,0
ENCFF679RDZ,/experiments/ENCSR830IVQ/,0,0,0,0,1,0,1,0,0,0
ENCFF804UOG,/experiments/ENCSR831FZM/,0,1,0,0,0,0,0,0,0,0
ENCFF612VEP,/experiments/ENCSR831FZM/,0,1,0,0,0,0,0,0,0,0
ENCFF518RGW,/experiments/ENCSR831FZM/,0,1,0,0,0,0,0,0,0,0
ENCFF297EOO,/experiments/ENCSR831GLL/,0,0,1,0,0,0,0,0,0,1
ENCFF241VAJ,/experiments/ENCSR832YWU/,0,0,0,0,1,0,1,0,0,0
ENCFF002DNF,/experiments/ENCSR833HPM/,0,0,0,0,0,0,0,0,1,0
ENCFF002DND,/experiments/ENCSR833HPM/,0,0,0,0,0,0,0,0,1,0
ENCFF754XTV,/experiments/ENCSR833JYG/,0,0,0,0,0,0,0,0,0,0
ENCFF157DCG,/experiments/ENCSR833JYG/,0,0,0,0,0,0,0,0,0,0
ENCFF886XTI,/experiments/ENCSR833JYG/,0,0,0,0,0,0,0,0,0,0
ENCFF933KQV,/experiments/ENCSR835KFT/,1,0,0,0,0,0,0,0,0,0
ENCFF143RTP,/experiments/ENCSR837DAP/,0,0,1,0,0,0,0,1,0,0
ENCFF612KDP,/experiments/ENCSR837DAP/,0,0,1,0,0,0,0,1,0,0
ENCFF994JUO,/experiments/ENCSR837DAP/,0,0,1,0,0,0,0,1,0,0
ENCFF806MTS,/experiments/ENCSR837DAP/,0,0,1,0,0,0,0,1,0,0
ENCFF962ZCT,/experiments/ENCSR837DAP/,0,0,1,0,0,0,0,1,0,0
ENCFF087XKQ,/experiments/ENCSR837DAP/,0,0,1,0,0,0,0,1,0,0
ENCFF938CNS,/experiments/ENCSR837DAP/,0,0,1,0,0,0,0,1,0,0
ENCFF794MMU,/experiments/ENCSR837DAP/,0,0,1,0,0,0,0,1,0,0
ENCFF765AQX,/experiments/ENCSR837DAP/,0,0,1,0,0,0,0,1,0,0
ENCFF817HZQ,/experiments/ENCSR837DAP/,0,0,1,0,0,0,0,1,0,0
ENCFF825JNK,/experiments/ENCSR837DAP/,0,0,1,0,0,0,0,1,0,0
ENCFF958FDX,/experiments/ENCSR837DAP/,0,0,1,0,0,0,0,1,0,0
ENCFF366IEQ,/experiments/ENCSR837DAP/,0,0,1,0,0,0,0,1,0,0
ENCFF669PMR,/experiments/ENCSR837DAP/,0,0,1,0,0,0,0,1,0,0
ENCFF013SNI,/experiments/ENCSR837DAP/,0,0,1,0,0,0,0,1,0,0
ENCFF516QKR,/experiments/ENCSR837DAP/,0,0,1,0,0,0,0,1,0,0
ENCFF261EQP,/experiments/ENCSR837DAP/,0,0,1,0,0,0,0,1,0,0
ENCFF144EDQ,/experiments/ENCSR837DAP/,0,0,1,0,0,0,0,1,0,0
ENCFF696VQM,/experiments/ENCSR837DAP/,0,0,1,0,0,0,0,1,0,0
ENCFF573WSG,/experiments/ENCSR837DAP/,0,0,1,0,0,0,0,1,0,0
ENCFF297PPT,/experiments/ENCSR837DAP/,0,0,1,0,0,0,0,1,0,0
ENCFF862GYU,/experiments/ENCSR837VMK/,1,1,0,0,0,0,0,0,0,0
ENCFF630XLI,/experiments/ENCSR837ZLY/,0,0,0,1,1,1,0,1,0,0
ENCFF484HRX,/experiments/ENCSR838GNN/,1,0,0,0,0,1,0,1,0,0
ENCFF304DLW,/experiments/ENCSR838GNN/,1,0,0,0,0,1,0,1,0,0
ENCFF735PFZ,/experiments/ENCSR838XNO/,0,1,0,0,0,0,1,0,0,0
ENCFF622NXP,/experiments/ENCSR839GBV/,0,0,0,0,0,1,0,0,1,0
ENCFF525POD,/experiments/ENCSR839GBV/,0,0,0,0,0,1,0,0,1,0
ENCFF265LKR,/experiments/ENCSR839GBV/,0,0,0,0,0,1,0,0,1,0
ENCFF608NVM,/experiments/ENCSR839GBV/,0,0,0,0,0,1,0,0,1,0
ENCFF083CUR,/experiments/ENCSR839GBV/,0,0,0,0,0,1,0,0,1,0
ENCFF552DRF,/experiments/ENCSR839GBV/,0,0,0,0,0,1,0,0,1,0
ENCFF542QPG,/experiments/ENCSR839GBV/,0,0,0,0,0,1,0,0,1,0
ENCFF366BBB,/experiments/ENCSR839GBV/,0,0,0,0,0,1,0,0,1,0
ENCFF304MIZ,/experiments/ENCSR839GBV/,0,0,0,0,0,1,0,0,1,0
ENCFF156XMZ,/experiments/ENCSR839HSB/,0,0,0,0,0,0,0,1,0,1
ENCFF707HQI,/experiments/ENCSR839HSB/,0,0,0,0,0,0,0,1,0,1
ENCFF543PXT,/experiments/ENCSR839HSB/,0,0,0,0,0,0,0,1,0,1
ENCFF235HER,/experiments/ENCSR839HSB/,0,0,0,0,0,0,0,1,0,1
ENCFF046HWP,/experiments/ENCSR839HSB/,0,0,0,0,0,0,0,1,0,1
ENCFF633QXI,/experiments/ENCSR839HSB/,0,0,0,0,0,0,0,1,0,1
ENCFF680WIN,/experiments/ENCSR839HSB/,0,0,0,0,0,0,0,1,0,1
ENCFF619SKV,/experiments/ENCSR839HSB/,0,0,0,0,0,0,0,1,0,1
ENCFF727JTZ,/experiments/ENCSR839HSB/,0,0,0,0,0,0,0,1,0,1
ENCFF765UBL,/experiments/ENCSR839HSB/,0,0,0,0,0,0,0,1,0,1
ENCFF299ENO,/experiments/ENCSR839HSB/,0,0,0,0,0,0,0,1,0,1
ENCFF801SNQ,/experiments/ENCSR839HSB/,0,0,0,0,0,0,0,1,0,1
ENCFF614WCH,/experiments/ENCSR839HSB/,0,0,0,0,0,0,0,1,0,1
ENCFF170KWW,/experiments/ENCSR839HSB/,0,0,0,0,0,0,0,1,0,1
ENCFF901BQL,/experiments/ENCSR839ZDH/,0,1,0,1,0,0,0,0,1,1
ENCFF661VVL,/experiments/ENCSR840QUI/,0,1,1,1,0,1,0,0,1,1
ENCFF753YZG,/experiments/ENCSR840QUI/,0,1,1,1,0,1,0,0,1,1
ENCFF798UPQ,/experiments/ENCSR840QUI/,0,1,1,1,0,1,0,0,1,1
ENCFF609SCM,/experiments/ENCSR841ADZ/,0,0,0,0,1,1,0,0,0,0
ENCFF510AYI,/experiments/ENCSR841KGE/,0,0,0,1,0,1,0,1,0,0
ENCFF510IAG,/experiments/ENCSR841KGE/,0,0,0,1,0,1,0,1,0,0
ENCFF210HTX,/experiments/ENCSR841QAC/,0,1,0,0,0,1,0,0,0,1
ENCFF738AEU,/experiments/ENCSR841QAC/,0,1,0,0,0,1,0,0,0,1
ENCFF975IXI,/experiments/ENCSR841QAC/,0,1,0,0,0,1,0,0,0,1
ENCFF339AGU,/experiments/ENCSR841QAC/,0,1,0,0,0,1,0,0,0,1
ENCFF735IWU,/experiments/ENCSR841QAC/,0,1,0,0,0,1,0,0,0,1
ENCFF055EJA,/experiments/ENCSR841QAC/,0,1,0,0,0,1,0,0,0,1
ENCFF262URV,/experiments/ENCSR842HHZ/,0,0,0,1,0,1,0,0,0,0
ENCFF989HJD,/experiments/ENCSR842HHZ/,0,0,0,1,0,1,0,0,0,0
ENCFF119YVL,/experiments/ENCSR842NDO/,1,0,0,1,1,0,0,0,0,0
ENCFF387MRQ,/experiments/ENCSR842NDO/,1,0,0,1,1,0,0,0,0,0
ENCFF361GZF,/experiments/ENCSR843HXR/,1,0,0,0,0,0,0,1,0,0
ENCFF096YUH,/experiments/ENCSR843HXR/,1,0,0,0,0,0,0,1,0,0
ENCFF830BRN,/experiments/ENCSR843HXR/,1,0,0,0,0,0,0,1,0,0
ENCFF604JEN,/experiments/ENCSR843HXR/,1,0,0,0,0,0,0,1,0,0
ENCFF927RJV,/experiments/ENCSR843HXR/,1,0,0,0,0,0,0,1,0,0
ENCFF186JWV,/experiments/ENCSR843HXR/,1,0,0,0,0,0,0,1,0,0
ENCFF632CZW,/experiments/ENCSR843HXR/,1,0,0,0,0,0,0,1,0,0
ENCFF974EKR,/experiments/ENCSR843RJV/,0,0,1,1,0,0,0,0,0,0
ENCFF729YAX,/experiments/ENCSR843RJV/,0,0,1,1,0,0,0,0,0,0
ENCFF824LLV,/experiments/ENCSR843RJV/,0,0,1,1,0,0,0,0,0,0
ENCFF481BWJ,/experiments/ENCSR843RJV/,0,0,1,1,0,0,0,0,0,0
ENCFF396ZFT,/experiments/ENCSR844RSF/,0,0,0,0,0,0,0,0,1,1
ENCFF154EAT,/experiments/ENCSR844RSF/,0,0,0,0,0,0,0,0,1,1
ENCFF940QWY,/experiments/ENCSR844SCP/,0,0,0,1,0,0,0,1,0,0
ENCFF300RPE,/experiments/ENCSR844SCP/,0,0,0,1,0,0,0,1,0,0
ENCFF452AXW,/experiments/ENCSR847AMQ/,0,0,0,1,0,1,0,0,0,1
ENCFF084DCW,/experiments/ENCSR847AMQ/,0,0,0,1,0,1,0,0,0,1
ENCFF235BLS,/experiments/ENCSR848GST/,1,0,0,1,0,0,0,0,0,0
ENCFF039KJW,/experiments/ENCSR848GST/,1,0,0,1,0,0,0,0,0,0
ENCFF427WPK,/experiments/ENCSR848HOX/,1,0,1,0,0,0,0,0,0,0
ENCFF714ZDW,/experiments/ENCSR848HOX/,1,0,1,0,0,0,0,0,0,0
ENCFF917VEZ,/experiments/ENCSR848HOX/,1,0,1,0,0,0,0,0,0,0
ENCFF709FPA,/experiments/ENCSR848HOX/,1,0,1,0,0,0,0,0,0,0
ENCFF437AJW,/experiments/ENCSR848LXY/,0,0,0,0,0,0,1,1,0,0
ENCFF450WAV,/experiments/ENCSR848LXY/,0,0,0,0,0,0,1,1,0,0
ENCFF393IFT,/experiments/ENCSR849RVP/,1,1,0,0,0,1,1,0,0,0
ENCFF527MKI,/experiments/ENCSR851BRK/,0,0,0,0,0,0,0,0,1,0
ENCFF302HDL,/experiments/ENCSR851BRK/,0,0,0,0,0,0,0,0,1,0
ENCFF961ALR,/experiments/ENCSR851BRK/,0,0,0,0,0,0,0,0,1,0
ENCFF557LMN,/experiments/ENCSR851HEC/,0,1,0,1,1,0,0,0,0,0
ENCFF771GDS,/experiments/ENCSR851HEC/,0,1,0,1,1,0,0,0,0,0
ENCFF551UCM,/experiments/ENCSR851HEC/,0,1,0,1,1,0,0,0,0,0
ENCFF599OTY,/experiments/ENCSR851HEC/,0,1,0,1,1,0,0,0,0,0
ENCFF004CNM,/experiments/ENCSR853BNH/,0,0,0,0,0,0,0,0,0,1
ENCFF307UCJ,/experiments/ENCSR853BNH/,0,0,0,0,0,0,0,0,0,1
ENCFF613DIB,/experiments/ENCSR853TXT/,1,1,0,0,1,0,0,0,0,0
ENCFF747OZB,/experiments/ENCSR853WOM/,0,1,0,1,0,0,0,0,0,0
ENCFF296MAS,/experiments/ENCSR854VRX/,0,0,0,0,0,0,0,1,0,0
ENCFF681VWA,/experiments/ENCSR856VAD/,1,1,0,0,0,0,0,0,0,0
ENCFF292DPK,/experiments/ENCSR856VAD/,1,1,0,0,0,0,0,0,0,0
ENCFF625JLB,/experiments/ENCSR857KZU/,0,0,1,0,0,0,0,0,0,0
ENCFF126HTW,/experiments/ENCSR857KZU/,0,0,1,0,0,0,0,0,0,0
ENCFF482MUH,/experiments/ENCSR857KZU/,0,0,1,0,0,0,0,0,0,0
ENCFF043JGD,/experiments/ENCSR857KZU/,0,0,1,0,0,0,0,0,0,0
ENCFF802GAN,/experiments/ENCSR857KZU/,0,0,1,0,0,0,0,0,0,0
ENCFF813ZJI,/experiments/ENCSR857KZU/,0,0,1,0,0,0,0,0,0,0
ENCFF480BVV,/experiments/ENCSR857KZU/,0,0,1,0,0,0,0,0,0,0
ENCFF125HRQ,/experiments/ENCSR857KZU/,0,0,1,0,0,0,0,0,0,0
ENCFF808XFI,/experiments/ENCSR857KZU/,0,0,1,0,0,0,0,0,0,0
ENCFF991TPB,/experiments/ENCSR857KZU/,0,0,1,0,0,0,0,0,0,0
ENCFF743QXJ,/experiments/ENCSR857KZU/,0,0,1,0,0,0,0,0,0,0
ENCFF449MIK,/experiments/ENCSR857KZU/,0,0,1,0,0,0,0,0,0,0
ENCFF140VGY,/experiments/ENCSR857KZU/,0,0,1,0,0,0,0,0,0,0
ENCFF775RSS,/experiments/ENCSR857KZU/,0,0,1,0,0,0,0,0,0,0
ENCFF426HQV,/experiments/ENCSR857TER/,0,0,0,0,0,0,0,0,0,0
ENCFF583PWG,/experiments/ENCSR857TER/,0,0,0,0,0,0,0,0,0,0
ENCFF671SKB,/experiments/ENCSR857TER/,0,0,0,0,0,0,0,0,0,0
ENCFF299OYM,/experiments/ENCSR857TER/,0,0,0,0,0,0,0,0,0,0
ENCFF429ARN,/experiments/ENCSR857TER/,0,0,0,0,0,0,0,0,0,0
ENCFF737LQG,/experiments/ENCSR857TER/,0,0,0,0,0,0,0,0,0,0
ENCFF007UQM,/experiments/ENCSR857TER/,0,0,0,0,0,0,0,0,0,0
ENCFF267ABG,/experiments/ENCSR857TER/,0,0,0,0,0,0,0,0,0,0
ENCFF650TIV,/experiments/ENCSR857TER/,0,0,0,0,0,0,0,0,0,0
ENCFF924PBM,/experiments/ENCSR857TER/,0,0,0,0,0,0,0,0,0,0
ENCFF550CAN,/experiments/ENCSR857TER/,0,0,0,0,0,0,0,0,0,0
ENCFF396RKV,/experiments/ENCSR857TER/,0,0,0,0,0,0,0,0,0,0
ENCFF203FUW,/experiments/ENCSR857VKL/,0,0,0,0,0,0,1,1,0,1
ENCFF153ULW,/experiments/ENCSR857WJK/,0,0,0,0,1,1,1,0,0,0
ENCFF281PBY,/experiments/ENCSR858QEL/,0,0,1,0,1,0,0,0,1,0
ENCFF987HYN,/experiments/ENCSR859HWB/,0,0,0,0,0,1,0,0,0,1
ENCFF198SLH,/experiments/ENCSR859HWB/,0,0,0,0,0,1,0,0,0,1
ENCFF795SKU,/experiments/ENCSR859HWB/,0,0,0,0,0,1,0,0,0,1
ENCFF385OMY,/experiments/ENCSR859HWB/,0,0,0,0,0,1,0,0,0,1
ENCFF062QDJ,/experiments/ENCSR859KGW/,1,0,0,0,0,0,0,0,1,0
ENCFF376BOA,/experiments/ENCSR859KGW/,1,0,0,0,0,0,0,0,1,0
ENCFF591YBG,/experiments/ENCSR860DST/,0,0,0,0,0,0,0,0,0,0
ENCFF763PZL,/experiments/ENCSR860DWK/,0,0,0,0,0,0,0,1,0,1
ENCFF378KUR,/experiments/ENCSR860DWK/,0,0,0,0,0,0,0,1,0,1
ENCFF816ZQN,/experiments/ENCSR860RDT/,0,0,0,0,1,0,0,0,0,1
ENCFF991YOP,/experiments/ENCSR860RDT/,0,0,0,0,1,0,0,0,0,1
ENCFF442UGX,/experiments/ENCSR861QKF/,0,0,0,0,0,0,0,0,1,0
ENCFF994THJ,/experiments/ENCSR861SOG/,1,0,0,0,0,0,0,0,0,0
ENCFF196RCZ,/experiments/ENCSR862HPO/,0,0,0,0,0,0,1,0,0,0
ENCFF268FHH,/experiments/ENCSR862HPO/,0,0,0,0,0,0,1,0,0,0
ENCFF398KGB,/experiments/ENCSR862RGX/,0,0,0,1,1,0,0,0,1,0
ENCFF092JPL,/experiments/ENCSR863BUL/,0,0,0,0,0,0,0,0,1,0
ENCFF486WMW,/experiments/ENCSR863EIY/,0,0,0,1,0,0,0,1,0,0
ENCFF979NLQ,/experiments/ENCSR863VFU/,0,0,0,0,0,0,0,0,1,0
ENCFF374YTS,/experiments/ENCSR864IYS/,0,0,1,0,0,0,0,0,0,0
ENCFF636NES,/experiments/ENCSR864IYS/,0,0,1,0,0,0,0,0,0,0
ENCFF286RSE,/experiments/ENCSR864RGP/,1,0,0,0,0,0,1,0,0,1
ENCFF078CCF,/experiments/ENCSR864RGP/,1,0,0,0,0,0,1,0,0,1
ENCFF970PLY,/experiments/ENCSR864RGP/,1,0,0,0,0,0,1,0,0,1
ENCFF900LFN,/experiments/ENCSR864RGP/,1,0,0,0,0,0,1,0,0,1
ENCFF149JXW,/experiments/ENCSR864RGP/,1,0,0,0,0,0,1,0,0,1
ENCFF791AUB,/experiments/ENCSR864RGP/,1,0,0,0,0,0,1,0,0,1
ENCFF229CPV,/experiments/ENCSR864RGP/,1,0,0,0,0,0,1,0,0,1
ENCFF578YPJ,/experiments/ENCSR864RGP/,1,0,0,0,0,0,1,0,0,1
ENCFF964HGL,/experiments/ENCSR864RGP/,1,0,0,0,0,0,1,0,0,1
ENCFF174EGP,/experiments/ENCSR864RGP/,1,0,0,0,0,0,1,0,0,1
ENCFF497NJW,/experiments/ENCSR864RGP/,1,0,0,0,0,0,1,0,0,1
ENCFF382VCK,/experiments/ENCSR864RGP/,1,0,0,0,0,0,1,0,0,1
ENCFF971DTR,/experiments/ENCSR864RGP/,1,0,0,0,0,0,1,0,0,1
ENCFF106GHS,/experiments/ENCSR864RGP/,1,0,0,0,0,0,1,0,0,1
ENCFF201IQS,/experiments/ENCSR864RGP/,1,0,0,0,0,0,1,0,0,1
ENCFF717GIT,/experiments/ENCSR864RGP/,1,0,0,0,0,0,1,0,0,1
ENCFF668SQN,/experiments/ENCSR864RGP/,1,0,0,0,0,0,1,0,0,1
ENCFF310BWG,/experiments/ENCSR864RGP/,1,0,0,0,0,0,1,0,0,1
ENCFF324ITL,/experiments/ENCSR864RGP/,1,0,0,0,0,0,1,0,0,1
ENCFF861RRQ,/experiments/ENCSR864RGP/,1,0,0,0,0,0,1,0,0,1
ENCFF272VMY,/experiments/ENCSR864RGP/,1,0,0,0,0,0,1,0,0,1
ENCFF904AOV,/experiments/ENCSR866UOA/,0,1,0,0,0,0,0,0,1,0
ENCFF596DVH,/experiments/ENCSR866UOA/,0,1,0,0,0,0,0,0,1,0
ENCFF344ASD,/experiments/ENCSR867RTO/,0,0,0,0,0,1,0,1,0,0
ENCFF438JMT,/experiments/ENCSR867RTO/,0,0,0,0,0,1,0,1,0,0
ENCFF549EOL,/experiments/ENCSR867WQC/,0,0,0,0,0,0,0,1,0,0
ENCFF526QHV,/experiments/ENCSR867YNV/,0,1,1,0,0,0,0,0,0,0
ENCFF635YMK,/experiments/ENCSR867YNV/,0,1,1,0,0,0,0,0,0,0
ENCFF510RXX,/experiments/ENCSR867YNV/,0,1,1,0,0,0,0,0,0,0
ENCFF536HIT,/experiments/ENCSR867YNV/,0,1,1,0,0,0,0,0,0,0
ENCFF766UJI,/experiments/ENCSR868ZAZ/,0,1,1,0,0,0,0,0,0,1
ENCFF296UDD,/experiments/ENCSR868ZAZ/,0,1,1,0,0,0,0,0,0,1
ENCFF027GBM,/experiments/ENCSR868ZAZ/,0,1,1,0,0,0,0,0,0,1
ENCFF023TPS,/experiments/ENCSR868ZAZ/,0,1,1,0,0,0,0,0,0,1
ENCFF177SGB,/experiments/ENCSR868ZAZ/,0,1,1,0,0,0,0,0,0,1
ENCFF541HSQ,/experiments/ENCSR868ZAZ/,0,1,1,0,0,0,0,0,0,1
ENCFF315OFF,/experiments/ENCSR868ZAZ/,0,1,1,0,0,0,0,0,0,1
ENCFF163DKN,/experiments/ENCSR868ZAZ/,0,1,1,0,0,0,0,0,0,1
ENCFF426ETE,/experiments/ENCSR868ZAZ/,0,1,1,0,0,0,0,0,0,1
ENCFF205CDI,/experiments/ENCSR868ZAZ/,0,1,1,0,0,0,0,0,0,1
ENCFF276XMW,/experiments/ENCSR870AQU/,0,0,0,0,0,0,0,0,1,0
ENCFF146GNS,/experiments/ENCSR870AQU/,0,0,0,0,0,0,0,0,1,0
ENCFF720QTK,/experiments/ENCSR870DRE/,0,0,0,0,0,0,0,0,0,0
ENCFF262CJW,/experiments/ENCSR870IUI/,0,0,0,1,1,1,1,1,0,1
ENCFF312BUL,/experiments/ENCSR872LTT/,1,1,0,0,0,0,0,0,0,1
ENCFF169WSK,/experiments/ENCSR872LTT/,1,1,0,0,0,0,0,0,0,1
ENCFF878YSA,/experiments/ENCSR872LTT/,1,1,0,0,0,0,0,0,0,1
ENCFF687NVE,/experiments/ENCSR872LTT/,1,1,0,0,0,0,0,0,0,1
ENCFF060HIC,/experiments/ENCSR875MVZ/,0,0,0,0,1,0,1,0,0,0
ENCFF622NAT,/experiments/ENCSR876TAN/,0,0,0,0,0,0,1,0,0,0
ENCFF161ZQJ,/experiments/ENCSR877FRY/,0,0,0,0,1,0,0,0,0,0
ENCFF375XSW,/experiments/ENCSR877FRY/,0,0,0,0,1,0,0,0,0,0
ENCFF509JLH,/experiments/ENCSR878EUT/,0,0,1,1,0,0,1,0,1,0
ENCFF605VBT,/experiments/ENCSR878EUT/,0,0,1,1,0,0,1,0,1,0
ENCFF069KLF,/experiments/ENCSR879BNI/,0,0,0,0,0,0,0,0,0,0
ENCFF019ZYH,/experiments/ENCSR879BNI/,0,0,0,0,0,0,0,0,0,0
ENCFF605RRL,/experiments/ENCSR879BNI/,0,0,0,0,0,0,0,0,0,0
ENCFF627WON,/experiments/ENCSR879BNI/,0,0,0,0,0,0,0,0,0,0
ENCFF822PGJ,/experiments/ENCSR879VZJ/,0,0,0,0,0,0,1,0,0,0
ENCFF924LPZ,/experiments/ENCSR879VZJ/,0,0,0,0,0,0,1,0,0,0
ENCFF377UGQ,/experiments/ENCSR879VZJ/,0,0,0,0,0,0,1,0,0,0
ENCFF002DLJ,/experiments/ENCSR880EGO/,0,1,1,0,1,0,1,1,0,0
ENCFF002DKO,/experiments/ENCSR880EGO/,0,1,1,0,1,0,1,1,0,0
ENCFF394BZF,/experiments/ENCSR880XLM/,0,1,0,1,1,1,0,1,0,0
ENCFF689QAM,/experiments/ENCSR880XLM/,0,1,0,1,1,1,0,1,0,0
ENCFF174VTG,/experiments/ENCSR882HXI/,0,1,0,1,0,0,1,1,0,1
ENCFF926TWS,/experiments/ENCSR882NWV/,0,1,1,0,0,1,0,0,1,1
ENCFF212TFY,/experiments/ENCSR882NWV/,0,1,1,0,0,1,0,0,1,1
ENCFF967FXF,/experiments/ENCSR882RCG/,0,0,0,0,0,0,0,0,0,1
ENCFF589SOA,/experiments/ENCSR884EVS/,0,0,0,1,1,1,0,0,0,0
ENCFF606ZTR,/experiments/ENCSR885DVH/,0,0,0,0,0,1,0,0,0,0
ENCFF267RKD,/experiments/ENCSR885DVH/,0,0,0,0,0,1,0,0,0,0
ENCFF151YNV,/experiments/ENCSR886CRW/,1,0,1,0,1,0,1,0,0,0
ENCFF829RHM,/experiments/ENCSR886CRW/,1,0,1,0,1,0,1,0,0,0
ENCFF572TOH,/experiments/ENCSR886NLC/,0,0,0,1,0,1,0,1,0,0
ENCFF013CHH,/experiments/ENCSR886NLC/,0,0,0,1,0,1,0,1,0,0
ENCFF902PAE,/experiments/ENCSR887ZSY/,0,0,1,0,0,0,1,1,0,0
ENCFF876UIT,/experiments/ENCSR887ZSY/,0,0,1,0,0,0,1,1,0,0
ENCFF972IXT,/experiments/ENCSR889IAP/,1,0,0,0,0,0,1,0,1,0
ENCFF835URB,/experiments/ENCSR889IRT/,0,0,0,0,0,1,0,1,0,0
ENCFF119KMM,/experiments/ENCSR889IRT/,0,0,0,0,0,1,0,1,0,0
ENCFF815TGK,/experiments/ENCSR889IRT/,0,0,0,0,0,1,0,1,0,0
ENCFF436TWZ,/experiments/ENCSR889TRN/,0,0,0,0,0,0,0,0,0,0
ENCFF887HOU,/experiments/ENCSR889TRN/,0,0,0,0,0,0,0,0,0,0
ENCFF930QFA,/experiments/ENCSR889TRN/,0,0,0,0,0,0,0,0,0,0
ENCFF286QHA,/experiments/ENCSR889TRN/,0,0,0,0,0,0,0,0,0,0
ENCFF670EYD,/experiments/ENCSR891JVD/,0,0,0,0,0,1,0,0,1,0
ENCFF943JYX,/experiments/ENCSR892LBU/,1,1,0,0,0,0,0,0,0,1
ENCFF913ERZ,/experiments/ENCSR892WHX/,0,0,0,0,0,0,0,0,1,1
ENCFF410OLM,/experiments/ENCSR892WHX/,0,0,0,0,0,0,0,0,1,1
ENCFF371KWE,/experiments/ENCSR892ZUK/,0,0,0,0,0,0,0,0,1,0
ENCFF119IHT,/experiments/ENCSR893IBO/,0,1,0,0,0,1,0,0,1,0
ENCFF847LGC,/experiments/ENCSR893IBO/,0,1,0,0,0,1,0,0,1,0
ENCFF700EUG,/experiments/ENCSR894WMQ/,0,0,0,0,0,0,0,0,0,0
ENCFF119TIN,/experiments/ENCSR894WMQ/,0,0,0,0,0,0,0,0,0,0
ENCFF840NDZ,/experiments/ENCSR895ZTB/,0,0,0,0,0,1,0,1,0,1
ENCFF285STI,/experiments/ENCSR895ZTB/,0,0,0,0,0,1,0,1,0,1
ENCFF780UQU,/experiments/ENCSR896LKP/,0,0,1,0,1,0,1,0,0,0
ENCFF085RPW,/experiments/ENCSR896LKP/,0,0,1,0,1,0,1,0,0,0
ENCFF713JXV,/experiments/ENCSR896LKP/,0,0,1,0,1,0,1,0,0,0
ENCFF189BIW,/experiments/ENCSR896LKP/,0,0,1,0,1,0,1,0,0,0
ENCFF505PJK,/experiments/ENCSR896LKP/,0,0,1,0,1,0,1,0,0,0
ENCFF576EOD,/experiments/ENCSR896LKP/,0,0,1,0,1,0,1,0,0,0
ENCFF938XTE,/experiments/ENCSR896LKP/,0,0,1,0,1,0,1,0,0,0
ENCFF552KEA,/experiments/ENCSR896LKP/,0,0,1,0,1,0,1,0,0,0
ENCFF478BEL,/experiments/ENCSR896LKP/,0,0,1,0,1,0,1,0,0,0
ENCFF131VEF,/experiments/ENCSR896LKP/,0,0,1,0,1,0,1,0,0,0
ENCFF359DNK,/experiments/ENCSR896LKP/,0,0,1,0,1,0,1,0,0,0
ENCFF490ULA,/experiments/ENCSR896LKP/,0,0,1,0,1,0,1,0,0,0
ENCFF280LCC,/experiments/ENCSR896LKP/,0,0,1,0,1,0,1,0,0,0
ENCFF459TYQ,/experiments/ENCSR896LKP/,0,0,1,0,1,0,1,0,0,0
ENCFF346HDC,/experiments/ENCSR896LKP/,0,0,1,0,1,0,1,0,0,0
ENCFF156ZQH,/experiments/ENCSR896LKP/,0,0,1,0,1,0,1,0,0,0
ENCFF390GZH,/experiments/ENCSR896QPD/,0,0,0,0,1,1,0,0,0,0
ENCFF959BDM,/experiments/ENCSR896YYL/,0,0,0,0,0,0,0,1,0,0
ENCFF795CTQ,/experiments/ENCSR896YYL/,0,0,0,0,0,0,0,1,0,0
ENCFF538XBL,/experiments/ENCSR897JEH/,0,1,0,0,1,0,0,0,0,0
ENCFF373OFI,/experiments/ENCSR897JEH/,0,1,0,0,1,0,0,0,0,0
ENCFF408FWI,/experiments/ENCSR897KTO/,0,0,0,0,1,0,0,0,1,0
ENCFF746KSI,/experiments/ENCSR897KTO/,0,0,0,0,1,0,0,0,1,0
ENCFF083WGC,/experiments/ENCSR898LNL/,1,0,0,1,0,1,0,0,0,0
ENCFF264LHJ,/experiments/ENCSR898LNL/,1,0,0,1,0,1,0,0,0,0
ENCFF656JLB,/experiments/ENCSR899IVV/,0,0,0,0,0,0,1,1,0,0
ENCFF843RTT,/experiments/ENCSR899IVV/,0,0,0,0,0,0,1,1,0,0
ENCFF725KJB,/experiments/ENCSR899NLW/,0,0,0,0,0,1,0,0,0,0
ENCFF708BFX,/experiments/ENCSR899NLW/,0,0,0,0,0,1,0,0,0,0
ENCFF735TUJ,/experiments/ENCSR899OKE/,1,0,0,0,0,0,0,0,0,0
ENCFF294WSF,/experiments/ENCSR899OKE/,1,0,0,0,0,0,0,0,0,0
ENCFF371QWQ,/experiments/ENCSR899SWV/,0,1,1,1,1,0,0,1,0,0
ENCFF577JBW,/experiments/ENCSR900DUO/,0,0,0,0,0,1,0,0,0,0
ENCFF555CME,/experiments/ENCSR900DUO/,0,0,0,0,0,1,0,0,0,0
ENCFF100JXO,/experiments/ENCSR900FUP/,0,0,1,0,1,1,0,0,0,0
ENCFF441RRX,/experiments/ENCSR900GIC/,0,1,0,0,0,0,0,0,0,0
ENCFF104LGV,/experiments/ENCSR900IJI/,0,0,0,0,1,1,0,0,0,0
ENCFF146ROH,/experiments/ENCSR900IJI/,0,0,0,0,1,1,0,0,0,0
ENCFF002BIP,/experiments/ENCSR900JSG/,0,0,0,0,0,0,0,1,0,0
ENCFF002BIT,/experiments/ENCSR900JSG/,0,0,0,0,0,0,0,1,0,0
ENCFF002BIY,/experiments/ENCSR900JSG/,0,0,0,0,0,0,0,1,0,0
ENCFF002BIO,/experiments/ENCSR900JSG/,0,0,0,0,0,0,0,1,0,0
ENCFF002BIR,/experiments/ENCSR900JSG/,0,0,0,0,0,0,0,1,0,0
ENCFF002BIQ,/experiments/ENCSR900JSG/,0,0,0,0,0,0,0,1,0,0
ENCFF808HOD,/experiments/ENCSR900SGE/,1,0,0,0,1,0,0,0,0,0
ENCFF805FQJ,/experiments/ENCSR903XMI/,0,0,0,0,0,1,0,0,1,0
ENCFF943BIL,/experiments/ENCSR903XMI/,0,0,0,0,0,1,0,0,1,0
ENCFF709TXQ,/experiments/ENCSR905LVO/,0,0,0,0,1,0,1,0,0,0
ENCFF187NDG,/experiments/ENCSR906HEV/,0,0,1,0,1,1,0,0,0,0
ENCFF571EZE,/experiments/ENCSR906HEV/,0,0,1,0,1,1,0,0,0,0
ENCFF046ZSW,/experiments/ENCSR906KGC/,0,0,1,0,1,0,0,0,0,0
ENCFF074NPD,/experiments/ENCSR906KGC/,0,0,1,0,1,0,0,0,0,0
ENCFF602JKU,/experiments/ENCSR906KGC/,0,0,1,0,1,0,0,0,0,0
ENCFF327NKA,/experiments/ENCSR906KGC/,0,0,1,0,1,0,0,0,0,0
ENCFF847DTR,/experiments/ENCSR906KGC/,0,0,1,0,1,0,0,0,0,0
ENCFF620UYG,/experiments/ENCSR906KGC/,0,0,1,0,1,0,0,0,0,0
ENCFF646JUO,/experiments/ENCSR906KGC/,0,0,1,0,1,0,0,0,0,0
ENCFF273IHW,/experiments/ENCSR906YQZ/,0,0,1,0,1,0,0,0,0,0
ENCFF850KIG,/experiments/ENCSR906YQZ/,0,0,1,0,1,0,0,0,0,0
ENCFF263TIR,/experiments/ENCSR906YQZ/,0,0,1,0,1,0,0,0,0,0
ENCFF048EJZ,/experiments/ENCSR906YQZ/,0,0,1,0,1,0,0,0,0,0
ENCFF715EGE,/experiments/ENCSR907KDH/,0,0,0,1,0,0,0,0,0,0
ENCFF476UXE,/experiments/ENCSR908JWT/,1,0,0,0,0,0,0,0,1,0
ENCFF062HAD,/experiments/ENCSR908JWT/,1,0,0,0,0,0,0,0,1,0
ENCFF810ZDM,/experiments/ENCSR908JWT/,1,0,0,0,0,0,0,0,1,0
ENCFF853SOX,/experiments/ENCSR908JWT/,1,0,0,0,0,0,0,0,1,0
ENCFF653EZE,/experiments/ENCSR908ZAS/,0,1,0,0,0,1,0,1,0,0
ENCFF245VTB,/experiments/ENCSR908ZAS/,0,1,0,0,0,1,0,1,0,0
ENCFF438TKA,/experiments/ENCSR910QOX/,1,0,0,0,0,0,0,0,0,0
ENCFF952EME,/experiments/ENCSR910QOX/,1,0,0,0,0,0,0,0,0,0
ENCFF043VSW,/experiments/ENCSR910QOX/,1,0,0,0,0,0,0,0,0,0
ENCFF064DSU,/experiments/ENCSR910QOX/,1,0,0,0,0,0,0,0,0,0
ENCFF233HDB,/experiments/ENCSR910QOX/,1,0,0,0,0,0,0,0,0,0
ENCFF346NGU,/experiments/ENCSR911EZW/,0,0,0,1,0,1,0,1,0,1
ENCFF012HVN,/experiments/ENCSR911EZW/,0,0,0,1,0,1,0,1,0,1
ENCFF039PJR,/experiments/ENCSR911EZW/,0,0,0,1,0,1,0,1,0,1
ENCFF423GTP,/experiments/ENCSR911EZW/,0,0,0,1,0,1,0,1,0,1
ENCFF667RGF,/experiments/ENCSR911EZW/,0,0,0,1,0,1,0,1,0,1
ENCFF484PQK,/experiments/ENCSR911EZW/,0,0,0,1,0,1,0,1,0,1
ENCFF786BUI,/experiments/ENCSR911EZW/,0,0,0,1,0,1,0,1,0,1
ENCFF043DTH,/experiments/ENCSR911EZW/,0,0,0,1,0,1,0,1,0,1
ENCFF486GBM,/experiments/ENCSR911EZW/,0,0,0,1,0,1,0,1,0,1
ENCFF883APB,/experiments/ENCSR911EZW/,0,0,0,1,0,1,0,1,0,1
ENCFF746ZCS,/experiments/ENCSR911EZW/,0,0,0,1,0,1,0,1,0,1
ENCFF687STH,/experiments/ENCSR911EZW/,0,0,0,1,0,1,0,1,0,1
ENCFF663TDQ,/experiments/ENCSR911EZW/,0,0,0,1,0,1,0,1,0,1
ENCFF305GPD,/experiments/ENCSR911EZW/,0,0,0,1,0,1,0,1,0,1
ENCFF955WXI,/experiments/ENCSR911EZW/,0,0,0,1,0,1,0,1,0,1
ENCFF292KWK,/experiments/ENCSR911EZW/,0,0,0,1,0,1,0,1,0,1
ENCFF618PVF,/experiments/ENCSR911EZW/,0,0,0,1,0,1,0,1,0,1
ENCFF089SWU,/experiments/ENCSR911EZW/,0,0,0,1,0,1,0,1,0,1
ENCFF108JLQ,/experiments/ENCSR911EZW/,0,0,0,1,0,1,0,1,0,1
ENCFF881DTW,/experiments/ENCSR911EZW/,0,0,0,1,0,1,0,1,0,1
ENCFF148BPZ,/experiments/ENCSR911EZW/,0,0,0,1,0,1,0,1,0,1
ENCFF660KHL,/experiments/ENCSR911XSA/,0,1,0,1,0,0,0,0,0,0
ENCFF920JWU,/experiments/ENCSR911XSA/,0,1,0,1,0,0,0,0,0,0
ENCFF308FEA,/experiments/ENCSR912TCG/,0,0,0,1,0,0,0,0,0,0
ENCFF500QZK,/experiments/ENCSR912TCG/,0,0,0,1,0,0,0,0,0,0
ENCFF553FOX,/experiments/ENCSR914ALB/,0,0,0,1,0,0,1,0,1,0
ENCFF407SUS,/experiments/ENCSR914ALB/,0,0,0,1,0,0,1,0,1,0
ENCFF717WQU,/experiments/ENCSR914PRM/,1,0,0,0,0,0,1,0,0,1
ENCFF518ZJI,/experiments/ENCSR915EBZ/,1,0,0,0,0,0,0,0,0,0
ENCFF609HPU,/experiments/ENCSR916YUR/,0,0,0,0,0,0,0,0,0,1
ENCFF486IBB,/experiments/ENCSR917CGF/,0,0,0,0,0,0,0,1,0,1
ENCFF597KEG,/experiments/ENCSR917CGF/,0,0,0,0,0,0,0,1,0,1
ENCFF473DEQ,/experiments/ENCSR917CGF/,0,0,0,0,0,0,0,1,0,1
ENCFF840MXL,/experiments/ENCSR917CGF/,0,0,0,0,0,0,0,1,0,1
ENCFF896SCH,/experiments/ENCSR917CGF/,0,0,0,0,0,0,0,1,0,1
ENCFF319COU,/experiments/ENCSR917CGF/,0,0,0,0,0,0,0,1,0,1
ENCFF432IXS,/experiments/ENCSR917CGF/,0,0,0,0,0,0,0,1,0,1
ENCFF191FMJ,/experiments/ENCSR917CGF/,0,0,0,0,0,0,0,1,0,1
ENCFF220RSO,/experiments/ENCSR917CGF/,0,0,0,0,0,0,0,1,0,1
ENCFF634EPI,/experiments/ENCSR917CGF/,0,0,0,0,0,0,0,1,0,1
ENCFF226HRX,/experiments/ENCSR917YHC/,0,0,0,1,0,1,0,0,0,1
ENCFF477LPQ,/experiments/ENCSR917YHC/,0,0,0,1,0,1,0,0,0,1
ENCFF136TCV,/experiments/ENCSR917YHC/,0,0,0,1,0,1,0,0,0,1
ENCFF311YRG,/experiments/ENCSR917YHC/,0,0,0,1,0,1,0,0,0,1
ENCFF704QZC,/experiments/ENCSR917YHC/,0,0,0,1,0,1,0,0,0,1
ENCFF502JCS,/experiments/ENCSR919MZM/,1,0,0,0,0,1,0,0,1,0
ENCFF126HPJ,/experiments/ENCSR919MZM/,1,0,0,0,0,1,0,0,1,0
ENCFF147JMD,/experiments/ENCSR919QJT/,0,1,1,0,0,0,0,1,0,0
ENCFF594SZG,/experiments/ENCSR919QJT/,0,1,1,0,0,0,0,1,0,0
ENCFF330FNX,/experiments/ENCSR920ABO/,1,0,0,0,0,0,0,0,0,0
ENCFF667SYQ,/experiments/ENCSR920ABO/,1,0,0,0,0,0,0,0,0,0
ENCFF766LGO,/experiments/ENCSR920ABO/,1,0,0,0,0,0,0,0,0,0
ENCFF573UIH,/experiments/ENCSR920ABO/,1,0,0,0,0,0,0,0,0,0
ENCFF898CAB,/experiments/ENCSR920OZR/,0,0,0,1,0,1,0,0,1,1
ENCFF874AXO,/experiments/ENCSR921PRX/,0,1,0,0,0,0,0,0,0,0
ENCFF032XDZ,/experiments/ENCSR921PRX/,0,1,0,0,0,0,0,0,0,0
ENCFF532CWS,/experiments/ENCSR922VBO/,0,1,0,0,0,0,0,1,0,0
ENCFF713VFN,/experiments/ENCSR922VBO/,0,1,0,0,0,0,0,1,0,0
ENCFF947EHK,/experiments/ENCSR922VBO/,0,1,0,0,0,0,0,1,0,0
ENCFF508VKW,/experiments/ENCSR922VBO/,0,1,0,0,0,0,0,1,0,0
ENCFF227JSA,/experiments/ENCSR922VBO/,0,1,0,0,0,0,0,1,0,0
ENCFF403IDS,/experiments/ENCSR922VBO/,0,1,0,0,0,0,0,1,0,0
ENCFF626NXC,/experiments/ENCSR922VBO/,0,1,0,0,0,0,0,1,0,0
ENCFF084FTQ,/experiments/ENCSR922VBO/,0,1,0,0,0,0,0,1,0,0
ENCFF438SII,/experiments/ENCSR922VBO/,0,1,0,0,0,0,0,1,0,0
ENCFF175GVN,/experiments/ENCSR922VBO/,0,1,0,0,0,0,0,1,0,0
ENCFF252MMP,/experiments/ENCSR922VBO/,0,1,0,0,0,0,0,1,0,0
ENCFF333HCC,/experiments/ENCSR922VBO/,0,1,0,0,0,0,0,1,0,0
ENCFF850LZA,/experiments/ENCSR922VBO/,0,1,0,0,0,0,0,1,0,0
ENCFF631EFY,/experiments/ENCSR922XPO/,0,0,0,0,0,0,0,0,1,1
ENCFF389XHW,/experiments/ENCSR924BHF/,0,1,0,0,0,0,0,0,0,0
ENCFF217MQZ,/experiments/ENCSR924BHF/,0,1,0,0,0,0,0,0,0,0
ENCFF414XEK,/experiments/ENCSR924BHF/,0,1,0,0,0,0,0,0,0,0
ENCFF692KRF,/experiments/ENCSR924BHF/,0,1,0,0,0,0,0,0,0,0
ENCFF076CCZ,/experiments/ENCSR924IHS/,0,0,0,0,0,0,0,1,0,0
ENCFF787LWL,/experiments/ENCSR924IHS/,0,0,0,0,0,0,0,1,0,0
ENCFF330LWU,/experiments/ENCSR924IHS/,0,0,0,0,0,0,0,1,0,0
ENCFF705JRV,/experiments/ENCSR924IHS/,0,0,0,0,0,0,0,1,0,0
ENCFF322VJD,/experiments/ENCSR924IHS/,0,0,0,0,0,0,0,1,0,0
ENCFF462ABU,/experiments/ENCSR924IHS/,0,0,0,0,0,0,0,1,0,0
ENCFF497YRP,/experiments/ENCSR924IHS/,0,0,0,0,0,0,0,1,0,0
ENCFF917RNE,/experiments/ENCSR924IHS/,0,0,0,0,0,0,0,1,0,0
ENCFF421ACV,/experiments/ENCSR924IHS/,0,0,0,0,0,0,0,1,0,0
ENCFF863RVB,/experiments/ENCSR924IHS/,0,0,0,0,0,0,0,1,0,0
ENCFF671ERF,/experiments/ENCSR924IHS/,0,0,0,0,0,0,0,1,0,0
ENCFF486NGU,/experiments/ENCSR924IHS/,0,0,0,0,0,0,0,1,0,0
ENCFF132CUZ,/experiments/ENCSR924MSZ/,0,0,0,1,0,0,0,0,0,0
ENCFF967ODV,/experiments/ENCSR925DZW/,0,0,0,0,0,0,0,0,0,0
ENCFF735CGN,/experiments/ENCSR925DZW/,0,0,0,0,0,0,0,0,0,0
ENCFF526ODC,/experiments/ENCSR925GFP/,0,0,0,0,0,0,0,0,0,0
ENCFF099JCL,/experiments/ENCSR925GFP/,0,0,0,0,0,0,0,0,0,0
ENCFF738YZJ,/experiments/ENCSR927KSI/,0,0,0,0,0,0,1,0,0,0
ENCFF853QBA,/experiments/ENCSR928CEQ/,0,0,0,0,0,0,0,0,0,0
ENCFF739BEA,/experiments/ENCSR928OXI/,0,0,0,0,0,1,0,0,0,1
ENCFF447CLP,/experiments/ENCSR928OXI/,0,0,0,0,0,1,0,0,0,1
ENCFF321ZGR,/experiments/ENCSR928OXI/,0,0,0,0,0,1,0,0,0,1
ENCFF064MCV,/experiments/ENCSR928OXI/,0,0,0,0,0,1,0,0,0,1
ENCFF329YXL,/experiments/ENCSR929KRW/,1,0,1,0,0,1,0,1,0,0
ENCFF960GCL,/experiments/ENCSR929KRW/,1,0,1,0,0,1,0,1,0,0
ENCFF600PXN,/experiments/ENCSR930URM/,0,0,0,0,0,0,0,0,0,1
ENCFF034VOX,/experiments/ENCSR931ATS/,0,0,0,0,0,0,0,0,0,0
ENCFF140NFD,/experiments/ENCSR931ATS/,0,0,0,0,0,0,0,0,0,0
ENCFF901DUO,/experiments/ENCSR931WGT/,0,0,1,1,1,0,0,1,0,1
ENCFF792JEE,/experiments/ENCSR931WGT/,0,0,1,1,1,0,0,1,0,1
ENCFF758VQQ,/experiments/ENCSR932TRU/,0,0,0,0,0,1,0,0,0,0
ENCFF113UJZ,/experiments/ENCSR932TRU/,0,0,0,0,0,1,0,0,0,0
ENCFF904JAW,/experiments/ENCSR932TRU/,0,0,0,0,0,1,0,0,0,0
ENCFF553BVK,/experiments/ENCSR932TRU/,0,0,0,0,0,1,0,0,0,0
ENCFF736NXI,/experiments/ENCSR936COT/,1,0,0,1,1,0,0,0,0,0
ENCFF590ISE,/experiments/ENCSR937WIG/,0,0,0,0,0,0,0,0,0,0
ENCFF294FNZ,/experiments/ENCSR937WIG/,0,0,0,0,0,0,0,0,0,0
ENCFF525YBF,/experiments/ENCSR937WIG/,0,0,0,0,0,0,0,0,0,0
ENCFF002DJY,/experiments/ENCSR938LSP/,0,0,0,0,0,1,1,0,0,0
ENCFF002DHX,/experiments/ENCSR938LSP/,0,0,0,0,0,1,1,0,0,0
ENCFF522XUL,/experiments/ENCSR938LWT/,0,0,0,0,0,0,0,0,0,0
ENCFF439LXS,/experiments/ENCSR938LWT/,0,0,0,0,0,0,0,0,0,0
ENCFF628QMB,/experiments/ENCSR938LWT/,0,0,0,0,0,0,0,0,0,0
ENCFF072LXA,/experiments/ENCSR938LWT/,0,0,0,0,0,0,0,0,0,0
ENCFF004XPC,/experiments/ENCSR940EVD/,0,1,0,0,0,0,0,0,0,0
ENCFF127KHN,/experiments/ENCSR940IMN/,0,0,0,0,0,0,0,0,1,0
ENCFF596PMK,/experiments/ENCSR940IMN/,0,0,0,0,0,0,0,0,1,0
ENCFF376PQU,/experiments/ENCSR940IMN/,0,0,0,0,0,0,0,0,1,0
ENCFF663SPA,/experiments/ENCSR940IMN/,0,0,0,0,0,0,0,0,1,0
ENCFF460FON,/experiments/ENCSR940IMN/,0,0,0,0,0,0,0,0,1,0
ENCFF964DLW,/experiments/ENCSR940IMN/,0,0,0,0,0,0,0,0,1,0
ENCFF466RIS,/experiments/ENCSR940IMN/,0,0,0,0,0,0,0,0,1,0
ENCFF087OKI,/experiments/ENCSR940IMN/,0,0,0,0,0,0,0,0,1,0
ENCFF632HDE,/experiments/ENCSR940IMN/,0,0,0,0,0,0,0,0,1,0
ENCFF399TOF,/experiments/ENCSR940IMN/,0,0,0,0,0,0,0,0,1,0
ENCFF507WIK,/experiments/ENCSR940IMN/,0,0,0,0,0,0,0,0,1,0
ENCFF276OPJ,/experiments/ENCSR940IMN/,0,0,0,0,0,0,0,0,1,0
ENCFF958LRX,/experiments/ENCSR940IMN/,0,0,0,0,0,0,0,0,1,0
ENCFF240OIM,/experiments/ENCSR940IMN/,0,0,0,0,0,0,0,0,1,0
ENCFF646GBS,/experiments/ENCSR940IMN/,0,0,0,0,0,0,0,0,1,0
ENCFF477MBL,/experiments/ENCSR940IMN/,0,0,0,0,0,0,0,0,1,0
ENCFF772QLP,/experiments/ENCSR940IMN/,0,0,0,0,0,0,0,0,1,0
ENCFF764AQK,/experiments/ENCSR940IMN/,0,0,0,0,0,0,0,0,1,0
ENCFF254VIN,/experiments/ENCSR940IMN/,0,0,0,0,0,0,0,0,1,0
ENCFF507VMW,/experiments/ENCSR940IMN/,0,0,0,0,0,0,0,0,1,0
ENCFF207HZS,/experiments/ENCSR940IMN/,0,0,0,0,0,0,0,0,1,0
ENCFF560XWN,/experiments/ENCSR942YMN/,0,0,1,0,0,0,0,0,0,0
ENCFF036SUL,/experiments/ENCSR942YMN/,0,0,1,0,0,0,0,0,0,0
ENCFF913XMQ,/experiments/ENCSR943LKA/,1,0,0,0,0,0,0,0,0,0
ENCFF377BWR,/experiments/ENCSR943LKA/,1,0,0,0,0,0,0,0,0,0
ENCFF786VDJ,/experiments/ENCSR943LKA/,1,0,0,0,0,0,0,0,0,0
ENCFF282QML,/experiments/ENCSR943LKA/,1,0,0,0,0,0,0,0,0,0
ENCFF158OUQ,/experiments/ENCSR944FLL/,0,0,0,0,1,0,0,0,0,1
ENCFF447QKN,/experiments/ENCSR944OIX/,0,0,0,0,0,1,0,0,0,0
ENCFF658NGG,/experiments/ENCSR944OIX/,0,0,0,0,0,1,0,0,0,0
ENCFF156VKY,/experiments/ENCSR944UJZ/,0,0,0,0,0,0,0,0,0,0
ENCFF875PQO,/experiments/ENCSR944UJZ/,0,0,0,0,0,0,0,0,0,0
ENCFF322AXN,/experiments/ENCSR944UJZ/,0,0,0,0,0,0,0,0,0,0
ENCFF178GZL,/experiments/ENCSR945SYV/,1,1,0,0,0,1,0,1,0,0
ENCFF238MHC,/experiments/ENCSR945SYV/,1,1,0,0,0,1,0,1,0,0
ENCFF169WAZ,/experiments/ENCSR945VLG/,1,0,0,0,0,1,0,0,0,1
ENCFF693ZZM,/experiments/ENCSR945VLG/,1,0,0,0,0,1,0,0,0,1
ENCFF300QQW,/experiments/ENCSR946HWC/,0,0,1,0,0,0,0,0,0,0
ENCFF562GFS,/experiments/ENCSR946HWC/,0,0,1,0,0,0,0,0,0,0
ENCFF494GEO,/experiments/ENCSR946HWC/,0,0,1,0,0,0,0,0,0,0
ENCFF642EVR,/experiments/ENCSR946HWC/,0,0,1,0,0,0,0,0,0,0
ENCFF468AKL,/experiments/ENCSR946YUY/,0,0,0,0,1,1,0,0,0,0
ENCFF744OEI,/experiments/ENCSR946YUY/,0,0,0,0,1,1,0,0,0,0
ENCFF768LVK,/experiments/ENCSR949BBZ/,0,0,0,1,0,0,1,0,0,0
ENCFF927EPF,/experiments/ENCSR949BBZ/,0,0,0,1,0,0,1,0,0,0
ENCFF728GPJ,/experiments/ENCSR949UTT/,0,1,0,1,0,0,1,0,1,0
ENCFF638AQL,/experiments/ENCSR950YTM/,0,0,1,0,0,0,0,0,0,0
ENCFF333QQR,/experiments/ENCSR950YTM/,0,0,1,0,0,0,0,0,0,0
ENCFF351DVX,/experiments/ENCSR951DTJ/,0,0,1,0,1,0,0,0,0,0
ENCFF838LGI,/experiments/ENCSR951NPS/,0,1,0,1,0,0,0,1,0,1
ENCFF855MDA,/experiments/ENCSR954PZB/,0,0,1,0,0,1,0,0,1,0
ENCFF884HRS,/experiments/ENCSR954PZB/,0,0,1,0,0,1,0,0,1,0
ENCFF730ZIV,/experiments/ENCSR956ZVR/,0,0,0,0,0,0,0,1,0,0
ENCFF362YZY,/experiments/ENCSR956ZVR/,0,0,0,0,0,0,0,1,0,0
ENCFF707JSU,/experiments/ENCSR957GVE/,1,0,1,1,0,0,0,0,1,0
ENCFF564YRK,/experiments/ENCSR957GVE/,1,0,1,1,0,0,0,0,1,0
ENCFF419ZNA,/experiments/ENCSR957WSE/,0,0,0,0,0,1,0,0,0,0
ENCFF365MEW,/experiments/ENCSR957WSE/,0,0,0,0,0,1,0,0,0,0
ENCFF446XOS,/experiments/ENCSR959ENR/,0,0,0,0,1,0,0,1,0,0
ENCFF218VQQ,/experiments/ENCSR959LTT/,1,1,0,0,0,0,0,0,0,0
ENCFF472QXK,/experiments/ENCSR959LTT/,1,1,0,0,0,0,0,0,0,0
ENCFF371ZDG,/experiments/ENCSR959OQW/,0,0,0,1,1,0,0,0,0,0
ENCFF332RWQ,/experiments/ENCSR959OQW/,0,0,0,1,1,0,0,0,0,0
ENCFF641CYW,/experiments/ENCSR959OQW/,0,0,0,1,1,0,0,0,0,0
ENCFF273CBP,/experiments/ENCSR959OQW/,0,0,0,1,1,0,0,0,0,0
ENCFF866IHG,/experiments/ENCSR959OQW/,0,0,0,1,1,0,0,0,0,0
ENCFF477YHR,/experiments/ENCSR959ZHO/,0,0,0,0,0,0,0,0,0,0
ENCFF733LFV,/experiments/ENCSR960ZZW/,0,0,0,0,1,1,0,0,0,0
ENCFF888IIL,/experiments/ENCSR960ZZW/,0,0,0,0,1,1,0,0,0,0
ENCFF953HXR,/experiments/ENCSR961TDP/,0,0,0,0,0,0,0,1,0,0
ENCFF984LUV,/experiments/ENCSR961TDP/,0,0,0,0,0,0,0,1,0,0
ENCFF000DJN,/experiments/ENCSR962TBJ/,0,0,0,1,0,0,0,0,0,0
ENCFF000DJL,/experiments/ENCSR962TBJ/,0,0,0,1,0,0,0,0,0,0
ENCFF000DJM,/experiments/ENCSR962TBJ/,0,0,0,1,0,0,0,0,0,0
ENCFF309KXP,/experiments/ENCSR963EVZ/,1,0,1,0,0,1,1,0,0,0
ENCFF710HPM,/experiments/ENCSR964GKZ/,0,0,1,0,0,1,0,0,0,0
ENCFF093ZMP,/experiments/ENCSR964GKZ/,0,0,1,0,0,1,0,0,0,0
ENCFF980UVI,/experiments/ENCSR964GKZ/,0,0,1,0,0,1,0,0,0,0
ENCFF939FTX,/experiments/ENCSR964JRR/,0,0,0,0,0,1,0,0,0,0
ENCFF572TDH,/experiments/ENCSR965OKL/,0,1,0,0,0,1,0,0,0,0
ENCFF951MOU,/experiments/ENCSR965WQM/,0,0,1,0,0,0,0,0,1,1
ENCFF083BIG,/experiments/ENCSR965WQM/,0,0,1,0,0,0,0,0,1,1
ENCFF723QIC,/experiments/ENCSR965WQM/,0,0,1,0,0,0,0,0,1,1
ENCFF828WIK,/experiments/ENCSR965WQM/,0,0,1,0,0,0,0,0,1,1
ENCFF723KAG,/experiments/ENCSR965WQM/,0,0,1,0,0,0,0,0,1,1
ENCFF376MQF,/experiments/ENCSR965WQM/,0,0,1,0,0,0,0,0,1,1
ENCFF307VAF,/experiments/ENCSR965WQM/,0,0,1,0,0,0,0,0,1,1
ENCFF432KKN,/experiments/ENCSR966JPL/,0,1,0,0,0,0,0,0,1,0
ENCFF848QCK,/experiments/ENCSR966JPL/,0,1,0,0,0,0,0,0,1,0
ENCFF943VUG,/experiments/ENCSR967DSJ/,0,0,0,0,0,0,0,0,0,0
ENCFF716ZCY,/experiments/ENCSR967DSJ/,0,0,0,0,0,0,0,0,0,0
ENCFF804UQS,/experiments/ENCSR967IKT/,0,1,1,0,0,0,0,0,0,1
ENCFF236TUH,/experiments/ENCSR967IKT/,0,1,1,0,0,0,0,0,0,1
ENCFF139SHO,/experiments/ENCSR967JPI/,0,0,0,0,0,0,0,0,0,1
ENCFF811SVT,/experiments/ENCSR968ACN/,0,0,0,0,0,1,0,1,0,0
ENCFF775HDI,/experiments/ENCSR968QHO/,0,0,0,0,0,0,1,1,0,0
ENCFF291NWK,/experiments/ENCSR968QHO/,0,0,0,0,0,0,1,1,0,0
ENCFF959ZAX,/experiments/ENCSR968QHO/,0,0,0,0,0,0,1,1,0,0
ENCFF678XFK,/experiments/ENCSR968QHO/,0,0,0,0,0,0,1,1,0,0
ENCFF644CJJ,/experiments/ENCSR968WKR/,0,0,0,1,0,0,1,1,0,1
ENCFF040TFC,/experiments/ENCSR968WKR/,0,0,0,1,0,0,1,1,0,1
ENCFF671TUD,/experiments/ENCSR968ZOA/,0,0,0,0,0,0,0,0,1,0
ENCFF511SGM,/experiments/ENCSR969XWI/,0,1,0,1,0,0,1,0,0,0
ENCFF235DNM,/experiments/ENCSR970EWM/,0,0,1,0,0,0,0,0,0,0
ENCFF959PSX,/experiments/ENCSR970EWM/,0,0,1,0,0,0,0,0,0,0
ENCFF002DMT,/experiments/ENCSR971GPJ/,1,0,0,0,0,1,0,0,0,1
ENCFF002DKW,/experiments/ENCSR971GPJ/,1,0,0,0,0,1,0,0,0,1
ENCFF908PIP,/experiments/ENCSR971KNW/,0,1,0,0,0,0,0,0,0,0
ENCFF250OAD,/experiments/ENCSR971KNW/,0,1,0,0,0,0,0,0,0,0
ENCFF907PBD,/experiments/ENCSR972TMF/,0,0,1,0,0,1,1,0,0,1
ENCFF659MQZ,/experiments/ENCSR975CMV/,1,0,0,1,0,1,0,0,1,0
ENCFF662HMZ,/experiments/ENCSR975YGW/,0,0,1,0,0,0,1,0,0,0
ENCFF654AEJ,/experiments/ENCSR976DKW/,0,0,0,0,0,0,1,0,0,0
ENCFF065LOT,/experiments/ENCSR976DKW/,0,0,0,0,0,0,1,0,0,0
ENCFF226ZUY,/experiments/ENCSR976JGI/,1,0,0,1,1,0,0,0,0,0
ENCFF402BWO,/experiments/ENCSR977XUX/,1,1,0,0,1,1,1,0,0,0
ENCFF929NUY,/experiments/ENCSR980UEY/,0,0,0,0,0,0,0,0,0,0
ENCFF049PEY,/experiments/ENCSR980UEY/,0,0,0,0,0,0,0,0,0,0
ENCFF847GQE,/experiments/ENCSR980UEY/,0,0,0,0,0,0,0,0,0,0
ENCFF585BVC,/experiments/ENCSR980UEY/,0,0,0,0,0,0,0,0,0,0
ENCFF942WFQ,/experiments/ENCSR980UEY/,0,0,0,0,0,0,0,0,0,0
ENCFF986INN,/experiments/ENCSR980UEY/,0,0,0,0,0,0,0,0,0,0
ENCFF806AEI,/experiments/ENCSR980UEY/,0,0,0,0,0,0,0,0,0,0
ENCFF665NHR,/experiments/ENCSR980UEY/,0,0,0,0,0,0,0,0,0,0
ENCFF508PYF,/experiments/ENCSR980UEY/,0,0,0,0,0,0,0,0,0,0
ENCFF912UWT,/experiments/ENCSR980UEY/,0,0,0,0,0,0,0,0,0,0
ENCFF769QZR,/experiments/ENCSR980UEY/,0,0,0,0,0,0,0,0,0,0
ENCFF148JSX,/experiments/ENCSR980UEY/,0,0,0,0,0,0,0,0,0,0
ENCFF651BYL,/experiments/ENCSR980UEY/,0,0,0,0,0,0,0,0,0,0
ENCFF333IFD,/experiments/ENCSR982MRY/,0,0,0,0,0,0,1,1,0,0
ENCFF542DBJ,/experiments/ENCSR982MRY/,0,0,0,0,0,0,1,1,0,0
ENCFF505QCL,/experiments/ENCSR982MRY/,0,0,0,0,0,0,1,1,0,0
ENCFF637AVG,/experiments/ENCSR982MRY/,0,0,0,0,0,0,1,1,0,0
ENCFF888HEF,/experiments/ENCSR982MXJ/,0,0,0,0,0,0,0,1,0,1
ENCFF793STU,/experiments/ENCSR982MXJ/,0,0,0,0,0,0,0,1,0,1
ENCFF022FSI,/experiments/ENCSR982MXJ/,0,0,0,0,0,0,0,1,0,1
ENCFF326TQL,/experiments/ENCSR982MXJ/,0,0,0,0,0,0,0,1,0,1
ENCFF225MMR,/experiments/ENCSR982MXJ/,0,0,0,0,0,0,0,1,0,1
ENCFF331WKS,/experiments/ENCSR982MXJ/,0,0,0,0,0,0,0,1,0,1
ENCFF922KQY,/experiments/ENCSR982MXJ/,0,0,0,0,0,0,0,1,0,1
ENCFF178ZVU,/experiments/ENCSR982MXJ/,0,0,0,0,0,0,0,1,0,1
ENCFF886XAI,/experiments/ENCSR982MXJ/,0,0,0,0,0,0,0,1,0,1
ENCFF372GOY,/experiments/ENCSR982MXJ/,0,0,0,0,0,0,0,1,0,1
ENCFF227OTT,/experiments/ENCSR982MXJ/,0,0,0,0,0,0,0,1,0,1
ENCFF347HAB,/experiments/ENCSR982MXJ/,0,0,0,0,0,0,0,1,0,1
ENCFF696TCH,/experiments/ENCSR982PLD/,0,0,0,1,0,0,1,0,0,0
ENCFF089PFT,/experiments/ENCSR982PLD/,0,0,0,1,0,0,1,0,0,0
ENCFF521IDK,/experiments/ENCSR982PLD/,0,0,0,1,0,0,1,0,0,0
ENCFF273FCE,/experiments/ENCSR982VYI/,1,0,0,0,0,0,0,0,0,1
ENCFF423TSB,/experiments/ENCSR984JDC/,0,0,0,0,0,0,0,1,0,1
ENCFF160TQC,/experiments/ENCSR984JDC/,0,0,0,0,0,0,0,1,0,1
ENCFF002DLE,/experiments/ENCSR985KAT/,1,0,0,0,0,1,0,0,0,0
ENCFF002DKZ,/experiments/ENCSR985KAT/,1,0,0,0,0,1,0,0,0,0
ENCFF590YFT,/experiments/ENCSR985KAT/,1,0,0,0,0,1,0,0,0,0
ENCFF728XIO,/experiments/ENCSR985WSV/,0,0,0,0,0,0,0,0,0,0
ENCFF132YUD,/experiments/ENCSR989IFF/,0,0,0,0,0,1,0,1,0,1
ENCFF324XSV,/experiments/ENCSR989IFF/,0,0,0,0,0,1,0,1,0,1
ENCFF691YZM,/experiments/ENCSR990LHE/,1,0,0,0,0,0,0,0,1,0
ENCFF732GVX,/experiments/ENCSR991HIR/,0,0,0,1,0,0,0,0,1,1
ENCFF438ROC,/experiments/ENCSR992IIX/,0,0,0,1,1,0,0,0,0,0
ENCFF696QTS,/experiments/ENCSR992IIX/,0,0,0,1,1,0,0,0,0,0
ENCFF167GWU,/experiments/ENCSR992IIX/,0,0,0,1,1,0,0,0,0,0
ENCFF581ZWM,/experiments/ENCSR992IIX/,0,0,0,1,1,0,0,0,0,0
ENCFF881YOK,/experiments/ENCSR992IIX/,0,0,0,1,1,0,0,0,0,0
ENCFF220GKL,/experiments/ENCSR992IIX/,0,0,0,1,1,0,0,0,0,0
ENCFF515GXB,/experiments/ENCSR992IIX/,0,0,0,1,1,0,0,0,0,0
ENCFF904KCQ,/experiments/ENCSR992IIX/,0,0,0,1,1,0,0,0,0,0
ENCFF770WIT,/experiments/ENCSR992IIX/,0,0,0,1,1,0,0,0,0,0
ENCFF853PNO,/experiments/ENCSR992IIX/,0,0,0,1,1,0,0,0,0,0
ENCFF256UWN,/experiments/ENCSR992IIX/,0,0,0,1,1,0,0,0,0,0
ENCFF162FTA,/experiments/ENCSR992IIX/,0,0,0,1,1,0,0,0,0,0
ENCFF930JCE,/experiments/ENCSR992IIX/,0,0,0,1,1,0,0,0,0,0
ENCFF060FGD,/experiments/ENCSR992IIX/,0,0,0,1,1,0,0,0,0,0
ENCFF098TCZ,/experiments/ENCSR992IIX/,0,0,0,1,1,0,0,0,0,0
ENCFF374VAZ,/experiments/ENCSR992IIX/,0,0,0,1,1,0,0,0,0,0
ENCFF111MWQ,/experiments/ENCSR992IIX/,0,0,0,1,1,0,0,0,0,0
ENCFF916BSM,/experiments/ENCSR992IIX/,0,0,0,1,1,0,0,0,0,0
ENCFF268YSJ,/experiments/ENCSR992IIX/,0,0,0,1,1,0,0,0,0,0
ENCFF008YSM,/experiments/ENCSR992IIX/,0,0,0,1,1,0,0,0,0,0
ENCFF565FFU,/experiments/ENCSR992IIX/,0,0,0,1,1,0,0,0,0,0
ENCFF287ATL,/experiments/ENCSR992MUF/,0,0,0,1,0,1,0,0,0,0
ENCFF916XIQ,/experiments/ENCSR992WBR/,0,1,0,1,0,0,0,0,0,0
ENCFF910RNP,/experiments/ENCSR992WBR/,0,1,0,1,0,0,0,0,0,0
ENCFF919VVI,/experiments/ENCSR992WBR/,0,1,0,1,0,0,0,0,0,0
ENCFF778KZE,/experiments/ENCSR992WBR/,0,1,0,1,0,0,0,0,0,0
ENCFF605GRX,/experiments/ENCSR993IPO/,0,0,1,1,0,0,0,1,0,0
ENCFF446NGX,/experiments/ENCSR993JMV/,0,0,0,1,1,0,0,0,0,0
ENCFF596YNO,/experiments/ENCSR993JMV/,0,0,0,1,1,0,0,0,0,0
ENCFF726LSJ,/experiments/ENCSR993QGR/,0,0,0,0,0,0,1,0,0,0
ENCFF604FUE,/experiments/ENCSR993QGR/,0,0,0,0,0,0,1,0,0,0
ENCFF775MWH,/experiments/ENCSR993QGR/,0,0,0,0,0,0,1,0,0,0
ENCFF940SPN,/experiments/ENCSR993QGR/,0,0,0,0,0,0,1,0,0,0
ENCFF273QZK,/experiments/ENCSR993QGR/,0,0,0,0,0,0,1,0,0,0
ENCFF755DPU,/experiments/ENCSR993QGR/,0,0,0,0,0,0,1,0,0,0
ENCFF809UYV,/experiments/ENCSR993QGR/,0,0,0,0,0,0,1,0,0,0
ENCFF377NCB,/experiments/ENCSR993QGR/,0,0,0,0,0,0,1,0,0,0
ENCFF922PXD,/experiments/ENCSR993QGR/,0,0,0,0,0,0,1,0,0,0
ENCFF740FWP,/experiments/ENCSR993QGR/,0,0,0,0,0,0,1,0,0,0
ENCFF894JSU,/experiments/ENCSR993QGR/,0,0,0,0,0,0,1,0,0,0
ENCFF915SSH,/experiments/ENCSR993QGR/,0,0,0,0,0,0,1,0,0,0
ENCFF305QYJ,/experiments/ENCSR993QGR/,0,0,0,0,0,0,1,0,0,0
ENCFF091JQJ,/experiments/ENCSR995BHD/,0,0,0,0,0,0,0,0,0,0
ENCFF652CCH,/experiments/ENCSR995BHD/,0,0,0,0,0,0,0,0,0,0
ENCFF993HSP,/experiments/ENCSR995BHD/,0,0,0,0,0,0,0,0,0,0
ENCFF522BXQ,/experiments/ENCSR995BHD/,0,0,0,0,0,0,0,0,0,0
ENCFF347CQP,/experiments/ENCSR995BHD/,0,0,0,0,0,0,0,0,0,0
ENCFF107JTQ,/experiments/ENCSR995BHD/,0,0,0,0,0,0,0,0,0,0
ENCFF444ZTL,/experiments/ENCSR995BHD/,0,0,0,0,0,0,0,0,0,0
ENCFF510DJT,/experiments/ENCSR995BHD/,0,0,0,0,0,0,0,0,0,0
ENCFF966OIO,/experiments/ENCSR995BHD/,0,0,0,0,0,0,0,0,0,0
ENCFF051OVG,/experiments/ENCSR995BHD/,0,0,0,0,0,0,0,0,0,0
ENCFF009WZK,/experiments/ENCSR995BHD/,0,0,0,0,0,0,0,0,0,0
ENCFF837BRO,/experiments/ENCSR995BHD/,0,0,0,0,0,0,0,0,0,0
ENCFF371SPE,/experiments/ENCSR995BHD/,0,0,0,0,0,0,0,0,0,0
ENCFF039UDB,/experiments/ENCSR995GRL/,1,0,0,0,0,0,0,0,0,0
ENCFF930BDJ,/experiments/ENCSR995GRL/,1,0,0,0,0,0,0,0,0,0
ENCFF847INL,/experiments/ENCSR995GRL/,1,0,0,0,0,0,0,0,0,0
ENCFF070HJY,/experiments/ENCSR995GRL/,1,0,0,0,0,0,0,0,0,0
ENCFF093TMQ,/experiments/ENCSR995ORR/,0,0,0,1,0,0,0,1,0,0
ENCFF670QDK,/experiments/ENCSR996OED/,0,0,1,0,0,1,1,1,0,0
ENCFF364RLR,/experiments/ENCSR996OED/,0,0,1,0,0,1,1,1,0,0
ENCFF465BBM,/experiments/ENCSR996TVY/,0,0,0,1,0,0,0,0,0,1
ENCFF247QZW,/experiments/ENCSR996TVY/,0,0,0,1,0,0,0,0,0,1
ENCFF128VRA,/experiments/ENCSR997KDB/,0,0,0,0,0,1,1,0,0,0
ENCFF528NHB,/experiments/ENCSR997XXK/,0,0,0,0,0,0,1,0,0,0
ENCFF091WMS,/experiments/ENCSR998WNE/,0,0,1,1,0,0,0,0,0,0
ENCFF421SNO,/experiments/ENCSR998WNE/,0,0,1,1,0,0,0,0,0,0
ENCFF119KNP,/experiments/ENCSR998WNE/,0,0,1,1,0,0,0,0,0,0
ENCFF564YPB,/experiments/ENCSR998WNE/,0,0,1,1,0,0,0,0,0,0
ENCFF590NVM,/experiments/ENCSR998WNE/,0,0,1,1,0,0,0,0,0,0
ENCFF344LNZ,/experiments/ENCSR998WNE/,0,0,1,1,0,0,0,0,0,0
ENCFF139MHN,/experiments/ENCSR998WNE/,0,0,1,1,0,0,0,0,0,0
ENCFF390QUP,/experiments/ENCSR998WNE/,0,0,1,1,0,0,0,0,0,0
ENCFF931PFF,/experiments/ENCSR998WNE/,0,0,1,1,0,0,0,0,0,0
ENCFF115KZV,/experiments/ENCSR998WNE/,0,0,1,1,0,0,0,0,0,0
ENCFF210BCB,/experiments/ENCSR998WNE/,0,0,1,1,0,0,0,0,0,0
ENCFF084PUC,/experiments/ENCSR998WNE/,0,0,1,1,0,0,0,0,0,0
ENCFF761RKP,/experiments/ENCSR998WNE/,0,0,1,1,0,0,0,0,0,0
ENCFF434EMO,/experiments/ENCSR999ZCI/,0,0,0,0,0,0,1,0,0,0
ENCFF232KGN,/experiments/ENCSR999ZCI/,0,0,0,0,0,0,1,0,0,0
ENCFF012OMN,/experiments/ENCSR999ZCI/,0,0,0,0,0,0,1,0,0,0
ENCFF992HBZ,/experiments/ENCSR999ZCI/,0,0,0,0,0,0,1,0,0,0
ENCFF831HCD,/experiments/ENCSR999ZCI/,0,0,0,0,0,0,1,0,0,0
