Accession,Dataset,split_1,split_2,split_3,split_4,split_5,split_6,split_7,split_8,split_9,split_10
ENCFF001LUH,/experiments/ENCSR000CHP/,0,0,0,0,0,0,0,1,0,0
ENCFF001LUD,/experiments/ENCSR000CHP/,0,0,0,0,0,0,0,1,0,0
ENCFF001LUS,/experiments/ENCSR000CHQ/,0,0,0,0,0,1,0,1,0,0
ENCFF001LUL,/experiments/ENCSR000CHQ/,0,0,0,0,0,1,0,1,0,0
ENCFF453ODB,/experiments/ENCSR000CMJ/,0,0,0,0,0,1,0,0,1,1
ENCFF420XKP,/experiments/ENCSR000CMJ/,0,0,0,0,0,1,0,0,1,1
ENCFF726CHP,/experiments/ENCSR000CMJ/,0,0,0,0,0,1,0,0,1,1
ENCFF072DJC,/experiments/ENCSR000CMJ/,0,0,0,0,0,1,0,0,1,1
ENCFF788AAX,/experiments/ENCSR000CMJ/,0,0,0,0,0,1,0,0,1,1
ENCFF727JMH,/experiments/ENCSR000CMJ/,0,0,0,0,0,1,0,0,1,1
ENCFF967GQJ,/experiments/ENCSR000CMJ/,0,0,0,0,0,1,0,0,1,1
ENCFF413VUG,/experiments/ENCSR000CMJ/,0,0,0,0,0,1,0,0,1,1
ENCFF556KXP,/experiments/ENCSR000CMJ/,0,0,0,0,0,1,0,0,1,1
ENCFF049ESY,/experiments/ENCSR000CMJ/,0,0,0,0,0,1,0,0,1,1
ENCFF850CSA,/experiments/ENCSR000CMJ/,0,0,0,0,0,1,0,0,1,1
ENCFF001ODJ,/experiments/ENCSR000CMK/,0,1,0,1,1,0,0,0,1,0
ENCFF001PDD,/experiments/ENCSR000CMK/,0,1,0,1,1,0,0,0,1,0
ENCFF426NGL,/experiments/ENCSR000CMK/,0,1,0,1,1,0,0,0,1,0
ENCFF798MOB,/experiments/ENCSR000CMK/,0,1,0,1,1,0,0,0,1,0
ENCFF001ODI,/experiments/ENCSR000CMK/,0,1,0,1,1,0,0,0,1,0
ENCFF001PDQ,/experiments/ENCSR000CMK/,0,1,0,1,1,0,0,0,1,0
ENCFF628VWH,/experiments/ENCSR000CML/,1,1,0,0,0,0,0,0,0,0
ENCFF001PDM,/experiments/ENCSR000CML/,1,1,0,0,0,0,0,0,0,0
ENCFF001PDK,/experiments/ENCSR000CML/,1,1,0,0,0,0,0,0,0,0
ENCFF001PDJ,/experiments/ENCSR000CML/,1,1,0,0,0,0,0,0,0,0
ENCFF001PDN,/experiments/ENCSR000CML/,1,1,0,0,0,0,0,0,0,0
ENCFF001PDL,/experiments/ENCSR000CML/,1,1,0,0,0,0,0,0,0,0
ENCFF937AIM,/experiments/ENCSR000CMM/,0,1,0,0,0,0,0,0,0,0
ENCFF001PDW,/experiments/ENCSR000CMM/,0,1,0,0,0,0,0,0,0,0
ENCFF001PDX,/experiments/ENCSR000CMM/,0,1,0,0,0,0,0,0,0,0
ENCFF001PER,/experiments/ENCSR000CMM/,0,1,0,0,0,0,0,0,0,0
ENCFF603KKC,/experiments/ENCSR000CMM/,0,1,0,0,0,0,0,0,0,0
ENCFF001PEW,/experiments/ENCSR000CMN/,0,0,0,0,0,0,0,1,0,1
ENCFF267GFA,/experiments/ENCSR000CMN/,0,0,0,0,0,0,0,1,0,1
ENCFF001PEO,/experiments/ENCSR000CMN/,0,0,0,0,0,0,0,1,0,1
ENCFF115QYG,/experiments/ENCSR000CMN/,0,0,0,0,0,0,0,1,0,1
ENCFF001PEX,/experiments/ENCSR000CMN/,0,0,0,0,0,0,0,1,0,1
ENCFF001PEP,/experiments/ENCSR000CMN/,0,0,0,0,0,0,0,1,0,1
ENCFF001PEV,/experiments/ENCSR000CMN/,0,0,0,0,0,0,0,1,0,1
ENCFF001PFF,/experiments/ENCSR000CMO/,0,0,1,0,0,0,0,0,0,0
ENCFF001PFD,/experiments/ENCSR000CMO/,0,0,1,0,0,0,0,0,0,0
ENCFF001PFE,/experiments/ENCSR000CMO/,0,0,1,0,0,0,0,0,0,0
ENCFF001PFQ,/experiments/ENCSR000CMO/,0,0,1,0,0,0,0,0,0,0
ENCFF001PFN,/experiments/ENCSR000CMO/,0,0,1,0,0,0,0,0,0,0
ENCFF001PGC,/experiments/ENCSR000CMP/,0,1,0,1,0,0,1,0,0,0
ENCFF001PGF,/experiments/ENCSR000CMP/,0,1,0,1,0,0,1,0,0,0
ENCFF001PGB,/experiments/ENCSR000CMP/,0,1,0,1,0,0,1,0,0,0
ENCFF001PGK,/experiments/ENCSR000CMQ/,1,0,0,0,0,0,1,0,1,1
ENCFF001PGN,/experiments/ENCSR000CMQ/,1,0,0,0,0,0,1,0,1,1
ENCFF001PGM,/experiments/ENCSR000CMQ/,1,0,0,0,0,0,1,0,1,1
ENCFF001PGT,/experiments/ENCSR000CMQ/,1,0,0,0,0,0,1,0,1,1
ENCFF001PGQ,/experiments/ENCSR000CMQ/,1,0,0,0,0,0,1,0,1,1
ENCFF001PGS,/experiments/ENCSR000CMQ/,1,0,0,0,0,0,1,0,1,1
ENCFF001PGR,/experiments/ENCSR000CMQ/,1,0,0,0,0,0,1,0,1,1
ENCFF001PGP,/experiments/ENCSR000CMQ/,1,0,0,0,0,0,1,0,1,1
ENCFF001PGL,/experiments/ENCSR000CMQ/,1,0,0,0,0,0,1,0,1,1
ENCFF001PGO,/experiments/ENCSR000CMQ/,1,0,0,0,0,0,1,0,1,1
ENCFF001PGJ,/experiments/ENCSR000CMQ/,1,0,0,0,0,0,1,0,1,1
ENCFF001PHD,/experiments/ENCSR000CMR/,0,1,0,0,0,0,0,0,0,0
ENCFF001PGZ,/experiments/ENCSR000CMR/,0,1,0,0,0,0,0,0,0,0
ENCFF001PHC,/experiments/ENCSR000CMR/,0,1,0,0,0,0,0,0,0,0
ENCFF001PHA,/experiments/ENCSR000CMR/,0,1,0,0,0,0,0,0,0,0
ENCFF001PHB,/experiments/ENCSR000CMR/,0,1,0,0,0,0,0,0,0,0
ENCFF001PHK,/experiments/ENCSR000CMS/,0,1,0,1,1,0,0,1,0,0
ENCFF001PHJ,/experiments/ENCSR000CMS/,0,1,0,1,1,0,0,1,0,0
ENCFF001PHI,/experiments/ENCSR000CMS/,0,1,0,1,1,0,0,1,0,0
ENCFF001PHQ,/experiments/ENCSR000CMT/,0,1,0,0,0,0,0,0,0,0
ENCFF001PHR,/experiments/ENCSR000CMT/,0,1,0,0,0,0,0,0,0,0
ENCFF001PHP,/experiments/ENCSR000CMT/,0,1,0,0,0,0,0,0,0,0
ENCFF001PHV,/experiments/ENCSR000CMU/,0,1,0,0,0,0,0,0,0,0
ENCFF001PHY,/experiments/ENCSR000CMU/,0,1,0,0,0,0,0,0,0,0
ENCFF001PIA,/experiments/ENCSR000CMU/,0,1,0,0,0,0,0,0,0,0
ENCFF001PHZ,/experiments/ENCSR000CMU/,0,1,0,0,0,0,0,0,0,0
ENCFF001PHW,/experiments/ENCSR000CMU/,0,1,0,0,0,0,0,0,0,0
ENCFF001OHX,/experiments/ENCSR000CMV/,0,0,0,0,0,0,1,0,1,0
ENCFF001PJR,/experiments/ENCSR000CMV/,0,0,0,0,0,0,1,0,1,0
ENCFF001OHW,/experiments/ENCSR000CMV/,0,0,0,0,0,0,1,0,1,0
ENCFF376DTQ,/experiments/ENCSR000CMV/,0,0,0,0,0,0,1,0,1,0
ENCFF001OHV,/experiments/ENCSR000CMV/,0,0,0,0,0,0,1,0,1,0
ENCFF001PJK,/experiments/ENCSR000CMV/,0,0,0,0,0,0,1,0,1,0
ENCFF001PIW,/experiments/ENCSR000CMW/,0,0,0,0,1,1,0,0,0,0
ENCFF001PIR,/experiments/ENCSR000CMW/,0,0,0,0,1,1,0,0,0,0
ENCFF001PIX,/experiments/ENCSR000CMW/,0,0,0,0,1,1,0,0,0,0
ENCFF001PIU,/experiments/ENCSR000CMW/,0,0,0,0,1,1,0,0,0,0
ENCFF001PIT,/experiments/ENCSR000CMW/,0,0,0,0,1,1,0,0,0,0
ENCFF001PIV,/experiments/ENCSR000CMW/,0,0,0,0,1,1,0,0,0,0
ENCFF001PIS,/experiments/ENCSR000CMW/,0,0,0,0,1,1,0,0,0,0
ENCFF001PJO,/experiments/ENCSR000CMX/,0,1,0,1,1,0,0,0,0,0
ENCFF001PJJ,/experiments/ENCSR000CMX/,0,1,0,1,1,0,0,0,0,0
ENCFF001PJQ,/experiments/ENCSR000CMX/,0,1,0,1,1,0,0,0,0,0
ENCFF001PJN,/experiments/ENCSR000CMX/,0,1,0,1,1,0,0,0,0,0
ENCFF001PJI,/experiments/ENCSR000CMX/,0,1,0,1,1,0,0,0,0,0
ENCFF001PJM,/experiments/ENCSR000CMX/,0,1,0,1,1,0,0,0,0,0
ENCFF001PJS,/experiments/ENCSR000CMX/,0,1,0,1,1,0,0,0,0,0
ENCFF001PJL,/experiments/ENCSR000CMX/,0,1,0,1,1,0,0,0,0,0
ENCFF001PJH,/experiments/ENCSR000CMX/,0,1,0,1,1,0,0,0,0,0
ENCFF001PJP,/experiments/ENCSR000CMX/,0,1,0,1,1,0,0,0,0,0
ENCFF001PJF,/experiments/ENCSR000CMX/,0,1,0,1,1,0,0,0,0,0
ENCFF001PKD,/experiments/ENCSR000CMY/,1,1,0,0,0,0,0,0,0,0
ENCFF001PKC,/experiments/ENCSR000CMY/,1,1,0,0,0,0,0,0,0,0
ENCFF001PKB,/experiments/ENCSR000CMY/,1,1,0,0,0,0,0,0,0,0
ENCFF001PKE,/experiments/ENCSR000CMY/,1,1,0,0,0,0,0,0,0,0
ENCFF001PKG,/experiments/ENCSR000CMY/,1,1,0,0,0,0,0,0,0,0
ENCFF001PKF,/experiments/ENCSR000CMY/,1,1,0,0,0,0,0,0,0,0
ENCFF001PKW,/experiments/ENCSR000CMZ/,1,0,1,0,0,0,0,0,0,0
ENCFF001PKZ,/experiments/ENCSR000CMZ/,1,0,1,0,0,0,0,0,0,0
ENCFF001PLM,/experiments/ENCSR000CNA/,0,0,0,0,0,0,0,0,0,0
ENCFF001PLJ,/experiments/ENCSR000CNA/,0,0,0,0,0,0,0,0,0,0
ENCFF001PLY,/experiments/ENCSR000CNB/,0,0,0,0,1,0,0,0,1,1
ENCFF001PLH,/experiments/ENCSR000CNB/,0,0,0,0,1,0,0,0,1,1
ENCFF001PLG,/experiments/ENCSR000CNB/,0,0,0,0,1,0,0,0,1,1
ENCFF001PLS,/experiments/ENCSR000CNC/,0,1,0,0,0,0,0,0,0,1
ENCFF001PLT,/experiments/ENCSR000CNC/,0,1,0,0,0,0,0,0,0,1
ENCFF001PNB,/experiments/ENCSR000CND/,1,1,0,0,0,0,0,0,0,0
ENCFF001PNF,/experiments/ENCSR000CND/,1,1,0,0,0,0,0,0,0,0
ENCFF001PNC,/experiments/ENCSR000CND/,1,1,0,0,0,0,0,0,0,0
ENCFF001PNA,/experiments/ENCSR000CND/,1,1,0,0,0,0,0,0,0,0
ENCFF001PNJ,/experiments/ENCSR000CND/,1,1,0,0,0,0,0,0,0,0
ENCFF001PNI,/experiments/ENCSR000CND/,1,1,0,0,0,0,0,0,0,0
ENCFF001PNH,/experiments/ENCSR000CND/,1,1,0,0,0,0,0,0,0,0
ENCFF001PNE,/experiments/ENCSR000CND/,1,1,0,0,0,0,0,0,0,0
ENCFF001PND,/experiments/ENCSR000CND/,1,1,0,0,0,0,0,0,0,0
ENCFF763QAN,/experiments/ENCSR000CNE/,0,0,0,0,1,0,1,1,0,0
ENCFF099VZA,/experiments/ENCSR000CNE/,0,0,0,0,1,0,1,1,0,0
ENCFF001OIP,/experiments/ENCSR000CNE/,0,0,0,0,1,0,1,1,0,0
ENCFF001PMV,/experiments/ENCSR000CNE/,0,0,0,0,1,0,1,1,0,0
ENCFF001OIQ,/experiments/ENCSR000CNE/,0,0,0,0,1,0,1,1,0,0
ENCFF001OIR,/experiments/ENCSR000CNE/,0,0,0,0,1,0,1,1,0,0
ENCFF001PMQ,/experiments/ENCSR000CNF/,0,0,0,1,0,0,0,0,1,1
ENCFF001PNR,/experiments/ENCSR000CNF/,0,0,0,1,0,0,0,0,1,1
ENCFF001PMP,/experiments/ENCSR000CNF/,0,0,0,1,0,0,0,0,1,1
ENCFF001OKC,/experiments/ENCSR000CNG/,0,0,1,0,1,0,0,0,0,0
ENCFF001POP,/experiments/ENCSR000CNG/,0,0,1,0,1,0,0,0,0,0
ENCFF467LFF,/experiments/ENCSR000CNG/,0,0,1,0,1,0,0,0,0,0
ENCFF001OKD,/experiments/ENCSR000CNG/,0,0,1,0,1,0,0,0,0,0
ENCFF610IEF,/experiments/ENCSR000CNG/,0,0,1,0,1,0,0,0,0,0
ENCFF001PPE,/experiments/ENCSR000CNG/,0,0,1,0,1,0,0,0,0,0
ENCFF492LGM,/experiments/ENCSR000CNG/,0,0,1,0,1,0,0,0,0,0
ENCFF001POG,/experiments/ENCSR000CNH/,1,1,0,1,0,0,0,0,0,0
ENCFF001POC,/experiments/ENCSR000CNH/,1,1,0,1,0,0,0,0,0,0
ENCFF001POB,/experiments/ENCSR000CNH/,1,1,0,1,0,0,0,0,0,0
ENCFF001POE,/experiments/ENCSR000CNH/,1,1,0,1,0,0,0,0,0,0
ENCFF001POM,/experiments/ENCSR000CNH/,1,1,0,1,0,0,0,0,0,0
ENCFF001POK,/experiments/ENCSR000CNH/,1,1,0,1,0,0,0,0,0,0
ENCFF001POJ,/experiments/ENCSR000CNH/,1,1,0,1,0,0,0,0,0,0
ENCFF001POI,/experiments/ENCSR000CNH/,1,1,0,1,0,0,0,0,0,0
ENCFF001POH,/experiments/ENCSR000CNH/,1,1,0,1,0,0,0,0,0,0
ENCFF001POA,/experiments/ENCSR000CNH/,1,1,0,1,0,0,0,0,0,0
ENCFF001POF,/experiments/ENCSR000CNH/,1,1,0,1,0,0,0,0,0,0
ENCFF001POD,/experiments/ENCSR000CNH/,1,1,0,1,0,0,0,0,0,0
ENCFF001PRE,/experiments/ENCSR000CNI/,0,0,0,0,0,0,1,0,0,1
ENCFF001PRQ,/experiments/ENCSR000CNI/,0,0,0,0,0,0,1,0,0,1
ENCFF001PRS,/experiments/ENCSR000CNI/,0,0,0,0,0,0,1,0,0,1
ENCFF001PRT,/experiments/ENCSR000CNI/,0,0,0,0,0,0,1,0,0,1
ENCFF001PRZ,/experiments/ENCSR000CNI/,0,0,0,0,0,0,1,0,0,1
ENCFF001PRU,/experiments/ENCSR000CNI/,0,0,0,0,0,0,1,0,0,1
ENCFF001PRF,/experiments/ENCSR000CNI/,0,0,0,0,0,0,1,0,0,1
ENCFF001PRD,/experiments/ENCSR000CNI/,0,0,0,0,0,0,1,0,0,1
ENCFF001PRB,/experiments/ENCSR000CNI/,0,0,0,0,0,0,1,0,0,1
ENCFF001PSE,/experiments/ENCSR000CNI/,0,0,0,0,0,0,1,0,0,1
ENCFF001PSA,/experiments/ENCSR000CNI/,0,0,0,0,0,0,1,0,0,1
ENCFF001PRV,/experiments/ENCSR000CNI/,0,0,0,0,0,0,1,0,0,1
ENCFF001PRG,/experiments/ENCSR000CNI/,0,0,0,0,0,0,1,0,0,1
ENCFF001PRH,/experiments/ENCSR000CNI/,0,0,0,0,0,0,1,0,0,1
ENCFF001OKZ,/experiments/ENCSR000CNI/,0,0,0,0,0,0,1,0,0,1
ENCFF001PRY,/experiments/ENCSR000CNI/,0,0,0,0,0,0,1,0,0,1
ENCFF001PRL,/experiments/ENCSR000CNI/,0,0,0,0,0,0,1,0,0,1
ENCFF001OKU,/experiments/ENCSR000CNI/,0,0,0,0,0,0,1,0,0,1
ENCFF001PRN,/experiments/ENCSR000CNI/,0,0,0,0,0,0,1,0,0,1
ENCFF001PRJ,/experiments/ENCSR000CNI/,0,0,0,0,0,0,1,0,0,1
ENCFF001OKV,/experiments/ENCSR000CNI/,0,0,0,0,0,0,1,0,0,1
ENCFF001OLA,/experiments/ENCSR000CNI/,0,0,0,0,0,0,1,0,0,1
ENCFF001PRM,/experiments/ENCSR000CNI/,0,0,0,0,0,0,1,0,0,1
ENCFF001OLB,/experiments/ENCSR000CNI/,0,0,0,0,0,0,1,0,0,1
ENCFF001OKW,/experiments/ENCSR000CNI/,0,0,0,0,0,0,1,0,0,1
ENCFF001OKT,/experiments/ENCSR000CNI/,0,0,0,0,0,0,1,0,0,1
ENCFF001PRP,/experiments/ENCSR000CNI/,0,0,0,0,0,0,1,0,0,1
ENCFF001PRR,/experiments/ENCSR000CNI/,0,0,0,0,0,0,1,0,0,1
ENCFF001PRK,/experiments/ENCSR000CNI/,0,0,0,0,0,0,1,0,0,1
ENCFF001OKX,/experiments/ENCSR000CNI/,0,0,0,0,0,0,1,0,0,1
ENCFF001PRI,/experiments/ENCSR000CNI/,0,0,0,0,0,0,1,0,0,1
ENCFF001OKY,/experiments/ENCSR000CNI/,0,0,0,0,0,0,1,0,0,1
ENCFF001PRO,/experiments/ENCSR000CNI/,0,0,0,0,0,0,1,0,0,1
ENCFF001PRC,/experiments/ENCSR000CNI/,0,0,0,0,0,0,1,0,0,1
ENCFF001OLC,/experiments/ENCSR000CNI/,0,0,0,0,0,0,1,0,0,1
ENCFF001PST,/experiments/ENCSR000CNJ/,0,0,0,0,0,0,0,0,0,0
ENCFF001PSV,/experiments/ENCSR000CNJ/,0,0,0,0,0,0,0,0,0,0
ENCFF001PSR,/experiments/ENCSR000CNJ/,0,0,0,0,0,0,0,0,0,0
ENCFF001PSS,/experiments/ENCSR000CNJ/,0,0,0,0,0,0,0,0,0,0
ENCFF001PSU,/experiments/ENCSR000CNJ/,0,0,0,0,0,0,0,0,0,0
ENCFF001PPD,/experiments/ENCSR000CNK/,0,0,0,0,1,0,0,0,0,0
ENCFF001POV,/experiments/ENCSR000CNK/,0,0,0,0,1,0,0,0,0,0
ENCFF001PPH,/experiments/ENCSR000CNK/,0,0,0,0,1,0,0,0,0,0
ENCFF001PPA,/experiments/ENCSR000CNK/,0,0,0,0,1,0,0,0,0,0
ENCFF001POZ,/experiments/ENCSR000CNK/,0,0,0,0,1,0,0,0,0,0
ENCFF001POW,/experiments/ENCSR000CNK/,0,0,0,0,1,0,0,0,0,0
ENCFF001PPB,/experiments/ENCSR000CNK/,0,0,0,0,1,0,0,0,0,0
ENCFF001POY,/experiments/ENCSR000CNK/,0,0,0,0,1,0,0,0,0,0
ENCFF001PPG,/experiments/ENCSR000CNK/,0,0,0,0,1,0,0,0,0,0
ENCFF001POU,/experiments/ENCSR000CNK/,0,0,0,0,1,0,0,0,0,0
ENCFF001PPC,/experiments/ENCSR000CNK/,0,0,0,0,1,0,0,0,0,0
ENCFF001PPF,/experiments/ENCSR000CNK/,0,0,0,0,1,0,0,0,0,0
ENCFF001PTH,/experiments/ENCSR000CNL/,0,0,0,0,0,0,0,0,0,0
ENCFF001PTC,/experiments/ENCSR000CNL/,0,0,0,0,0,0,0,0,0,0
ENCFF001PTF,/experiments/ENCSR000CNL/,0,0,0,0,0,0,0,0,0,0
ENCFF001PTG,/experiments/ENCSR000CNL/,0,0,0,0,0,0,0,0,0,0
ENCFF001PTE,/experiments/ENCSR000CNL/,0,0,0,0,0,0,0,0,0,0
ENCFF001PTA,/experiments/ENCSR000CNL/,0,0,0,0,0,0,0,0,0,0
ENCFF001PTD,/experiments/ENCSR000CNL/,0,0,0,0,0,0,0,0,0,0
ENCFF001PTB,/experiments/ENCSR000CNL/,0,0,0,0,0,0,0,0,0,0
ENCFF001PTT,/experiments/ENCSR000CNM/,0,1,0,1,0,1,0,0,0,0
ENCFF135LVD,/experiments/ENCSR000CNM/,0,1,0,1,0,1,0,0,0,0
ENCFF120UKZ,/experiments/ENCSR000CNM/,0,1,0,1,0,1,0,0,0,0
ENCFF001PTX,/experiments/ENCSR000CNM/,0,1,0,1,0,1,0,0,0,0
ENCFF001PTS,/experiments/ENCSR000CNM/,0,1,0,1,0,1,0,0,0,0
ENCFF001PUL,/experiments/ENCSR000CNN/,0,0,0,0,1,1,0,1,0,0
ENCFF001OMV,/experiments/ENCSR000CNN/,0,0,0,0,1,1,0,1,0,0
ENCFF001OMW,/experiments/ENCSR000CNN/,0,0,0,0,1,1,0,1,0,0
ENCFF001PUM,/experiments/ENCSR000CNN/,0,0,0,0,1,1,0,1,0,0
ENCFF001PUJ,/experiments/ENCSR000CNN/,0,0,0,0,1,1,0,1,0,0
ENCFF578DTE,/experiments/ENCSR000CNN/,0,0,0,0,1,1,0,1,0,0
ENCFF158XRX,/experiments/ENCSR000CNN/,0,0,0,0,1,1,0,1,0,0
ENCFF001PUT,/experiments/ENCSR000CNO/,0,1,0,0,0,0,0,0,0,1
ENCFF001PUU,/experiments/ENCSR000CNO/,0,1,0,0,0,0,0,0,0,1
ENCFF001PUR,/experiments/ENCSR000CNO/,0,1,0,0,0,0,0,0,0,1
ENCFF001PUS,/experiments/ENCSR000CNO/,0,1,0,0,0,0,0,0,0,1
ENCFF001PWH,/experiments/ENCSR000CNP/,0,0,0,0,0,0,0,0,1,0
ENCFF001PWF,/experiments/ENCSR000CNP/,0,0,0,0,0,0,0,0,1,0
ENCFF001PWG,/experiments/ENCSR000CNP/,0,0,0,0,0,0,0,0,1,0
ENCFF001PWE,/experiments/ENCSR000CNP/,0,0,0,0,0,0,0,0,1,0
ENCFF001PWI,/experiments/ENCSR000CNP/,0,0,0,0,0,0,0,0,1,0
ENCFF001PVG,/experiments/ENCSR000CNQ/,0,0,0,0,0,0,0,1,0,0
ENCFF001PVH,/experiments/ENCSR000CNQ/,0,0,0,0,0,0,0,1,0,0
ENCFF001PVK,/experiments/ENCSR000CNQ/,0,0,0,0,0,0,0,1,0,0
ENCFF001PVI,/experiments/ENCSR000CNQ/,0,0,0,0,0,0,0,1,0,0
ENCFF001PVL,/experiments/ENCSR000CNQ/,0,0,0,0,0,0,0,1,0,0
ENCFF001PVV,/experiments/ENCSR000CNR/,0,0,0,0,0,0,0,1,0,0
ENCFF001PVT,/experiments/ENCSR000CNR/,0,0,0,0,0,0,0,1,0,0
ENCFF001PVU,/experiments/ENCSR000CNR/,0,0,0,0,0,0,0,1,0,0
ENCFF001PVS,/experiments/ENCSR000CNR/,0,0,0,0,0,0,0,1,0,0
ENCFF001PWT,/experiments/ENCSR000CNS/,0,0,0,0,0,0,0,0,1,0
ENCFF001PXU,/experiments/ENCSR000CNS/,0,0,0,0,0,0,0,0,1,0
ENCFF630GRP,/experiments/ENCSR000CNS/,0,0,0,0,0,0,0,0,1,0
ENCFF001PWS,/experiments/ENCSR000CNS/,0,0,0,0,0,0,0,0,1,0
ENCFF001PWQ,/experiments/ENCSR000CNS/,0,0,0,0,0,0,0,0,1,0
ENCFF001PWR,/experiments/ENCSR000CNS/,0,0,0,0,0,0,0,0,1,0
ENCFF001PXG,/experiments/ENCSR000CNT/,0,1,0,0,0,0,0,0,0,0
ENCFF001PXE,/experiments/ENCSR000CNT/,0,1,0,0,0,0,0,0,0,0
ENCFF001PXD,/experiments/ENCSR000CNT/,0,1,0,0,0,0,0,0,0,0
ENCFF001PXF,/experiments/ENCSR000CNT/,0,1,0,0,0,0,0,0,0,0
ENCFF001PXN,/experiments/ENCSR000CNU/,0,0,0,0,0,0,0,0,0,1
ENCFF001PXP,/experiments/ENCSR000CNU/,0,0,0,0,0,0,0,0,0,1
ENCFF001PXL,/experiments/ENCSR000CNU/,0,0,0,0,0,0,0,0,0,1
ENCFF001PXM,/experiments/ENCSR000CNU/,0,0,0,0,0,0,0,0,0,1
ENCFF496JRV,/experiments/ENCSR000CNV/,0,0,0,0,0,0,1,0,0,0
ENCFF796JUI,/experiments/ENCSR000CNV/,0,0,0,0,0,0,1,0,0,0
ENCFF026BLP,/experiments/ENCSR000CNV/,0,0,0,0,0,0,1,0,0,0
ENCFF001PXW,/experiments/ENCSR000CNW/,0,1,0,1,0,0,0,0,1,0
ENCFF001PXT,/experiments/ENCSR000CNW/,0,1,0,1,0,0,0,0,1,0
ENCFF001PXX,/experiments/ENCSR000CNW/,0,1,0,1,0,0,0,0,1,0
ENCFF001PXV,/experiments/ENCSR000CNW/,0,1,0,1,0,0,0,0,1,0
ENCFF001PYO,/experiments/ENCSR000CNX/,0,0,0,0,0,0,0,0,1,1
ENCFF001PYQ,/experiments/ENCSR000CNX/,0,0,0,0,0,0,0,0,1,1
ENCFF001PYN,/experiments/ENCSR000CNX/,0,0,0,0,0,0,0,0,1,1
ENCFF001PYP,/experiments/ENCSR000CNX/,0,0,0,0,0,0,0,0,1,1
ENCFF001PZD,/experiments/ENCSR000CNY/,0,0,0,1,0,0,0,0,0,0
ENCFF001PZC,/experiments/ENCSR000CNY/,0,0,0,1,0,0,0,0,0,0
ENCFF001PZA,/experiments/ENCSR000CNY/,0,0,0,1,0,0,0,0,0,0
ENCFF001PYZ,/experiments/ENCSR000CNY/,0,0,0,1,0,0,0,0,0,0
ENCFF001PZB,/experiments/ENCSR000CNY/,0,0,0,1,0,0,0,0,0,0
ENCFF903TBW,/experiments/ENCSR000CNZ/,0,0,1,0,0,0,1,0,0,0
ENCFF729FYF,/experiments/ENCSR000CNZ/,0,0,1,0,0,0,1,0,0,0
ENCFF695VUA,/experiments/ENCSR000CNZ/,0,0,1,0,0,0,1,0,0,0
ENCFF185TEY,/experiments/ENCSR000CNZ/,0,0,1,0,0,0,1,0,0,0
ENCFF759HRW,/experiments/ENCSR000CNZ/,0,0,1,0,0,0,1,0,0,0
ENCFF122ZOA,/experiments/ENCSR000CNZ/,0,0,1,0,0,0,1,0,0,0
ENCFF423IFY,/experiments/ENCSR000CNZ/,0,0,1,0,0,0,1,0,0,0
ENCFF160PUL,/experiments/ENCSR000CNZ/,0,0,1,0,0,0,1,0,0,0
ENCFF068MHE,/experiments/ENCSR000CNZ/,0,0,1,0,0,0,1,0,0,0
ENCFF258WAT,/experiments/ENCSR000CNZ/,0,0,1,0,0,0,1,0,0,0
ENCFF845RWO,/experiments/ENCSR000CNZ/,0,0,1,0,0,0,1,0,0,0
ENCFF960AUB,/experiments/ENCSR000CNZ/,0,0,1,0,0,0,1,0,0,0
ENCFF113NPO,/experiments/ENCSR000CNZ/,0,0,1,0,0,0,1,0,0,0
ENCFF029ZRM,/experiments/ENCSR000CNZ/,0,0,1,0,0,0,1,0,0,0
ENCFF247EDW,/experiments/ENCSR000CNZ/,0,0,1,0,0,0,1,0,0,0
ENCFF231ETL,/experiments/ENCSR000COA/,0,0,1,0,1,0,0,0,1,0
ENCFF001PZR,/experiments/ENCSR000COA/,0,0,1,0,1,0,0,0,1,0
ENCFF001OQL,/experiments/ENCSR000COA/,0,0,1,0,1,0,0,0,1,0
ENCFF001OQK,/experiments/ENCSR000COA/,0,0,1,0,1,0,0,0,1,0
ENCFF001PZS,/experiments/ENCSR000COA/,0,0,1,0,1,0,0,0,1,0
ENCFF001PZP,/experiments/ENCSR000COA/,0,0,1,0,1,0,0,0,1,0
ENCFF001OQN,/experiments/ENCSR000COA/,0,0,1,0,1,0,0,0,1,0
ENCFF093PTY,/experiments/ENCSR000COB/,0,0,0,0,0,0,0,0,0,0
ENCFF001ORK,/experiments/ENCSR000COB/,0,0,0,0,0,0,0,0,0,0
ENCFF712MRZ,/experiments/ENCSR000COB/,0,0,0,0,0,0,0,0,0,0
ENCFF994UUL,/experiments/ENCSR000COB/,0,0,0,0,0,0,0,0,0,0
ENCFF001QAE,/experiments/ENCSR000COB/,0,0,0,0,0,0,0,0,0,0
ENCFF001QAD,/experiments/ENCSR000COB/,0,0,0,0,0,0,0,0,0,0
ENCFF001ORJ,/experiments/ENCSR000COB/,0,0,0,0,0,0,0,0,0,0
ENCFF001QCJ,/experiments/ENCSR000COC/,0,0,0,1,0,0,0,1,0,0
ENCFF756HSW,/experiments/ENCSR000COC/,0,0,0,1,0,0,0,1,0,0
ENCFF919UQV,/experiments/ENCSR000COC/,0,0,0,1,0,0,0,1,0,0
ENCFF104UMI,/experiments/ENCSR000COC/,0,0,0,1,0,0,0,1,0,0
ENCFF075VKE,/experiments/ENCSR000COC/,0,0,0,1,0,0,0,1,0,0
ENCFF884ZLY,/experiments/ENCSR000COC/,0,0,0,1,0,0,0,1,0,0
ENCFF444CGT,/experiments/ENCSR000COC/,0,0,0,1,0,0,0,1,0,0
ENCFF747PGV,/experiments/ENCSR000COC/,0,0,0,1,0,0,0,1,0,0
ENCFF997BOE,/experiments/ENCSR000COD/,0,0,1,1,1,1,0,0,1,0
ENCFF246WUR,/experiments/ENCSR000COD/,0,0,1,1,1,1,0,0,1,0
ENCFF001QCK,/experiments/ENCSR000COD/,0,0,1,1,1,1,0,0,1,0
ENCFF700SJI,/experiments/ENCSR000COD/,0,0,1,1,1,1,0,0,1,0
ENCFF001QCL,/experiments/ENCSR000COD/,0,0,1,1,1,1,0,0,1,0
ENCFF362DBC,/experiments/ENCSR000COD/,0,0,1,1,1,1,0,0,1,0
ENCFF001QCM,/experiments/ENCSR000COD/,0,0,1,1,1,1,0,0,1,0
ENCFF001QEK,/experiments/ENCSR000COE/,1,0,0,0,0,0,0,0,0,0
ENCFF001OZH,/experiments/ENCSR000COE/,1,0,0,0,0,0,0,0,0,0
ENCFF716HYQ,/experiments/ENCSR000COE/,1,0,0,0,0,0,0,0,0,0
ENCFF360TKI,/experiments/ENCSR000COE/,1,0,0,0,0,0,0,0,0,0
ENCFF001QDP,/experiments/ENCSR000COF/,1,0,0,1,0,0,1,0,0,0
ENCFF001QDO,/experiments/ENCSR000COF/,1,0,0,1,0,0,1,0,0,0
ENCFF001OZB,/experiments/ENCSR000COF/,1,0,0,1,0,0,1,0,0,0
ENCFF001OYU,/experiments/ENCSR000COF/,1,0,0,1,0,0,1,0,0,0
ENCFF001QDW,/experiments/ENCSR000COF/,1,0,0,1,0,0,1,0,0,0
ENCFF001OYT,/experiments/ENCSR000COF/,1,0,0,1,0,0,1,0,0,0
ENCFF001QDZ,/experiments/ENCSR000COF/,1,0,0,1,0,0,1,0,0,0
ENCFF001OYW,/experiments/ENCSR000COF/,1,0,0,1,0,0,1,0,0,0
ENCFF001OYX,/experiments/ENCSR000COF/,1,0,0,1,0,0,1,0,0,0
ENCFF001QDU,/experiments/ENCSR000COF/,1,0,0,1,0,0,1,0,0,0
ENCFF001QDQ,/experiments/ENCSR000COF/,1,0,0,1,0,0,1,0,0,0
ENCFF001OYZ,/experiments/ENCSR000COF/,1,0,0,1,0,0,1,0,0,0
ENCFF001OYY,/experiments/ENCSR000COF/,1,0,0,1,0,0,1,0,0,0
ENCFF001QDR,/experiments/ENCSR000COF/,1,0,0,1,0,0,1,0,0,0
ENCFF001OZA,/experiments/ENCSR000COF/,1,0,0,1,0,0,1,0,0,0
ENCFF001QEC,/experiments/ENCSR000COF/,1,0,0,1,0,0,1,0,0,0
ENCFF001OZC,/experiments/ENCSR000COF/,1,0,0,1,0,0,1,0,0,0
ENCFF001QDS,/experiments/ENCSR000COF/,1,0,0,1,0,0,1,0,0,0
ENCFF001OYV,/experiments/ENCSR000COF/,1,0,0,1,0,0,1,0,0,0
ENCFF001QEV,/experiments/ENCSR000COG/,1,0,0,0,0,0,1,0,0,0
ENCFF001QEW,/experiments/ENCSR000COG/,1,0,0,0,0,0,1,0,0,0
ENCFF001QFB,/experiments/ENCSR000COG/,1,0,0,0,0,0,1,0,0,0
ENCFF001QEU,/experiments/ENCSR000COG/,1,0,0,0,0,0,1,0,0,0
ENCFF001QIG,/experiments/ENCSR000COH/,0,0,1,0,0,0,0,0,0,0
ENCFF001QII,/experiments/ENCSR000COH/,0,0,1,0,0,0,0,0,0,0
ENCFF001QIH,/experiments/ENCSR000COH/,0,0,1,0,0,0,0,0,0,0
ENCFF448QHE,/experiments/ENCSR000COH/,0,0,1,0,0,0,0,0,0,0
ENCFF001QIJ,/experiments/ENCSR000COH/,0,0,1,0,0,0,0,0,0,0
ENCFF001PAT,/experiments/ENCSR000COI/,1,0,0,0,0,0,0,0,0,0
ENCFF001PAU,/experiments/ENCSR000COI/,1,0,0,0,0,0,0,0,0,0
ENCFF001QHG,/experiments/ENCSR000COI/,1,0,0,0,0,0,0,0,0,0
ENCFF446SGB,/experiments/ENCSR000COI/,1,0,0,0,0,0,0,0,0,0
ENCFF598QNI,/experiments/ENCSR000COI/,1,0,0,0,0,0,0,0,0,0
ENCFF001QHU,/experiments/ENCSR000COJ/,0,0,0,0,0,0,0,0,0,0
ENCFF001QHS,/experiments/ENCSR000COJ/,0,0,0,0,0,0,0,0,0,0
ENCFF001QHV,/experiments/ENCSR000COJ/,0,0,0,0,0,0,0,0,0,0
ENCFF001QHT,/experiments/ENCSR000COJ/,0,0,0,0,0,0,0,0,0,0
ENCFF000SED,/experiments/ENCSR000EID/,1,0,0,1,0,0,0,0,0,0
ENCFF000SDZ,/experiments/ENCSR000EID/,1,0,0,1,0,0,0,0,0,0
ENCFF000SER,/experiments/ENCSR000EIE/,0,0,1,0,0,0,0,0,1,0
ENCFF000SEO,/experiments/ENCSR000EIE/,0,0,1,0,0,0,0,0,1,0
ENCFF000SEV,/experiments/ENCSR000EIF/,1,1,0,1,0,0,0,0,0,0
ENCFF000SEX,/experiments/ENCSR000EIF/,1,1,0,1,0,0,0,0,0,0
ENCFF000SFG,/experiments/ENCSR000EIG/,0,0,1,0,0,0,0,0,0,0
ENCFF000SFD,/experiments/ENCSR000EIG/,0,0,1,0,0,0,0,0,0,0
ENCFF000SFP,/experiments/ENCSR000EII/,0,1,0,0,1,0,1,0,0,0
ENCFF000SFS,/experiments/ENCSR000EII/,0,1,0,0,1,0,1,0,0,0
ENCFF000SFX,/experiments/ENCSR000EIJ/,1,0,1,0,0,1,0,1,0,0
ENCFF000SFW,/experiments/ENCSR000EIJ/,1,0,1,0,0,1,0,1,0,0
ENCFF000SGJ,/experiments/ENCSR000EIK/,0,0,0,0,0,1,0,0,0,0
ENCFF000SGL,/experiments/ENCSR000EIK/,0,0,0,0,0,1,0,0,0,0
ENCFF000SGE,/experiments/ENCSR000EIL/,1,1,0,1,1,0,1,0,1,1
ENCFF000SGD,/experiments/ENCSR000EIL/,1,1,0,1,1,0,1,0,1,1
ENCFF000SGX,/experiments/ENCSR000EIN/,0,0,1,0,0,0,0,0,0,0
ENCFF000SGY,/experiments/ENCSR000EIN/,0,0,1,0,0,0,0,0,0,0
ENCFF000SHT,/experiments/ENCSR000EIO/,0,0,1,1,0,0,0,1,0,1
ENCFF000SHM,/experiments/ENCSR000EIO/,0,0,1,1,0,0,0,1,0,1
ENCFF000SHL,/experiments/ENCSR000EIP/,0,0,0,0,0,0,0,0,0,0
ENCFF000SHB,/experiments/ENCSR000EIP/,0,0,0,0,0,0,0,0,0,0
ENCFF000SIC,/experiments/ENCSR000EIR/,0,0,0,0,0,0,0,0,0,0
ENCFF000SID,/experiments/ENCSR000EIR/,0,0,0,0,0,0,0,0,0,0
ENCFF000SIS,/experiments/ENCSR000EIS/,1,0,0,0,0,0,0,1,0,0
ENCFF000SIN,/experiments/ENCSR000EIS/,1,0,0,0,0,0,0,1,0,0
ENCFF000SIM,/experiments/ENCSR000EIT/,0,0,0,0,0,0,0,0,0,0
ENCFF000SIH,/experiments/ENCSR000EIT/,0,0,0,0,0,0,0,0,0,0
ENCFF000SIW,/experiments/ENCSR000EIV/,1,0,0,0,1,1,0,1,0,0
ENCFF000SJK,/experiments/ENCSR000EIV/,1,0,0,0,1,1,0,1,0,0
ENCFF000SJB,/experiments/ENCSR000EIV/,1,0,0,0,1,1,0,1,0,0
ENCFF000SJD,/experiments/ENCSR000EIW/,0,0,0,0,0,0,0,0,0,1
ENCFF000SJL,/experiments/ENCSR000EIW/,0,0,0,0,0,0,0,0,0,1
ENCFF000SJF,/experiments/ENCSR000EIW/,0,0,0,0,0,0,0,0,0,1
ENCFF000SJU,/experiments/ENCSR000EIX/,0,1,0,0,1,1,0,1,0,1
ENCFF000SJT,/experiments/ENCSR000EIX/,0,1,0,0,1,1,0,1,0,1
ENCFF000SJN,/experiments/ENCSR000EIX/,0,1,0,0,1,1,0,1,0,1
ENCFF000SKA,/experiments/ENCSR000EIY/,0,0,1,0,1,0,0,1,0,0
ENCFF000SKE,/experiments/ENCSR000EIY/,0,0,1,0,1,0,0,1,0,0
ENCFF000SKG,/experiments/ENCSR000EIZ/,0,0,0,0,0,0,0,0,0,0
ENCFF000SKN,/experiments/ENCSR000EIZ/,0,0,0,0,0,0,0,0,0,0
ENCFF000SKJ,/experiments/ENCSR000EJA/,0,0,0,0,0,0,1,0,0,0
ENCFF000SKI,/experiments/ENCSR000EJA/,0,0,0,0,0,0,1,0,0,0
ENCFF000SKY,/experiments/ENCSR000EJB/,0,0,0,0,0,0,0,0,0,0
ENCFF000SKX,/experiments/ENCSR000EJB/,0,0,0,0,0,0,0,0,0,0
ENCFF000SLI,/experiments/ENCSR000EJC/,0,0,0,0,0,0,0,0,0,0
ENCFF000SLE,/experiments/ENCSR000EJC/,0,0,0,0,0,0,0,0,0,0
ENCFF000SLX,/experiments/ENCSR000EJE/,0,0,0,0,1,1,0,1,0,0
ENCFF000SLW,/experiments/ENCSR000EJE/,0,0,0,0,1,1,0,1,0,0
ENCFF000SLZ,/experiments/ENCSR000EJF/,0,0,1,0,0,0,1,0,0,0
ENCFF000SMB,/experiments/ENCSR000EJF/,0,0,1,0,0,0,1,0,0,0
ENCFF000SMR,/experiments/ENCSR000EJG/,1,0,0,0,0,1,0,0,0,0
ENCFF000SMP,/experiments/ENCSR000EJG/,1,0,0,0,0,1,0,0,0,0
ENCFF000SND,/experiments/ENCSR000EJH/,0,0,0,0,0,0,1,0,0,1
ENCFF000SNB,/experiments/ENCSR000EJH/,0,0,0,0,0,0,1,0,0,1
ENCFF000SMS,/experiments/ENCSR000EJI/,0,0,0,0,1,1,0,0,0,0
ENCFF000SMU,/experiments/ENCSR000EJI/,0,0,0,0,1,1,0,0,0,0
ENCFF000SMZ,/experiments/ENCSR000EJI/,0,0,0,0,1,1,0,0,0,0
ENCFF000SNJ,/experiments/ENCSR000EJJ/,0,0,0,0,1,1,0,0,0,0
ENCFF000SNE,/experiments/ENCSR000EJJ/,0,0,0,0,1,1,0,0,0,0
ENCFF000SNP,/experiments/ENCSR000EJK/,0,1,0,1,0,0,0,0,1,0
ENCFF000SNR,/experiments/ENCSR000EJK/,0,1,0,1,0,0,0,0,1,0
ENCFF000SNV,/experiments/ENCSR000EJL/,1,0,0,0,0,0,0,0,0,0
ENCFF000SNT,/experiments/ENCSR000EJL/,1,0,0,0,0,0,0,0,0,0
ENCFF000SOJ,/experiments/ENCSR000EJM/,0,1,0,1,1,0,1,0,1,0
ENCFF000SOG,/experiments/ENCSR000EJM/,0,1,0,1,1,0,1,0,1,0
ENCFF000SOF,/experiments/ENCSR000EJN/,0,0,0,0,0,0,1,1,0,0
ENCFF000SOH,/experiments/ENCSR000EJN/,0,0,0,0,0,0,1,1,0,0
ENCFF000SOX,/experiments/ENCSR000EJO/,0,0,0,1,0,1,0,1,0,0
ENCFF000SOV,/experiments/ENCSR000EJO/,0,0,0,1,0,1,0,1,0,0
ENCFF000SOW,/experiments/ENCSR000EJO/,0,0,0,1,0,1,0,1,0,0
ENCFF000SOT,/experiments/ENCSR000EJP/,0,0,0,0,1,0,1,0,1,0
ENCFF000SOZ,/experiments/ENCSR000EJP/,0,0,0,0,1,0,1,0,1,0
ENCFF000SPP,/experiments/ENCSR000EJQ/,0,0,0,1,0,0,0,0,0,1
ENCFF000SPN,/experiments/ENCSR000EJQ/,0,0,0,1,0,0,0,0,0,1
ENCFF000SQB,/experiments/ENCSR000EJR/,0,0,0,0,1,1,0,0,0,0
ENCFF000SPK,/experiments/ENCSR000EJR/,0,0,0,0,1,1,0,0,0,0
ENCFF000SPX,/experiments/ENCSR000EJS/,0,0,0,0,0,0,1,0,1,0
ENCFF000SPZ,/experiments/ENCSR000EJS/,0,0,0,0,0,0,1,0,1,0
ENCFF000SPW,/experiments/ENCSR000EJT/,0,0,0,0,0,0,0,0,0,0
ENCFF000SQH,/experiments/ENCSR000EJT/,0,0,0,0,0,0,0,0,0,0
ENCFF000SQC,/experiments/ENCSR000EJT/,0,0,0,0,0,0,0,0,0,0
ENCFF000SQQ,/experiments/ENCSR000EJU/,1,0,0,0,0,1,0,1,0,1
ENCFF000SQO,/experiments/ENCSR000EJU/,1,0,0,0,0,1,0,1,0,1
ENCFF000SQR,/experiments/ENCSR000EJV/,0,0,0,0,0,0,0,1,0,0
ENCFF000SQT,/experiments/ENCSR000EJV/,0,0,0,0,0,0,0,1,0,0
ENCFF000SQY,/experiments/ENCSR000EJV/,0,0,0,0,0,0,0,1,0,0
ENCFF000SRP,/experiments/ENCSR000EJX/,0,0,0,1,0,0,1,0,0,1
ENCFF000SRM,/experiments/ENCSR000EJX/,0,0,0,1,0,0,1,0,0,1
ENCFF000SSQ,/experiments/ENCSR000EKC/,1,1,0,0,0,0,0,1,0,1
ENCFF000SSO,/experiments/ENCSR000EKC/,1,1,0,0,0,0,0,1,0,1
ENCFF000STG,/experiments/ENCSR000EKD/,0,0,1,1,0,0,1,1,0,0
ENCFF000STC,/experiments/ENCSR000EKD/,0,0,1,1,0,0,1,1,0,0
ENCFF000SSV,/experiments/ENCSR000EKE/,0,0,0,0,0,0,0,0,1,0
ENCFF000SSY,/experiments/ENCSR000EKE/,0,0,0,0,0,0,0,0,1,0
ENCFF000STF,/experiments/ENCSR000EKF/,0,1,0,0,0,0,0,0,0,0
ENCFF000STI,/experiments/ENCSR000EKF/,0,1,0,0,0,0,0,0,0,0
ENCFF000STY,/experiments/ENCSR000EKG/,0,1,0,0,0,0,0,0,0,0
ENCFF000SUB,/experiments/ENCSR000EKG/,0,1,0,0,0,0,0,0,0,0
ENCFF000SUH,/experiments/ENCSR000EKI/,0,0,1,0,1,0,0,0,0,0
ENCFF000SUA,/experiments/ENCSR000EKI/,0,0,1,0,1,0,0,0,0,0
ENCFF000SUO,/experiments/ENCSR000EKJ/,0,0,0,0,0,0,0,0,1,0
ENCFF000SUI,/experiments/ENCSR000EKJ/,0,0,0,0,0,0,0,0,1,0
ENCFF000SUQ,/experiments/ENCSR000EKJ/,0,0,0,0,0,0,0,0,1,0
ENCFF000SUY,/experiments/ENCSR000EKK/,0,0,0,1,0,1,0,0,1,0
ENCFF000SUT,/experiments/ENCSR000EKK/,0,0,0,1,0,1,0,0,1,0
ENCFF000SUX,/experiments/ENCSR000EKK/,0,0,0,1,0,1,0,0,1,0
ENCFF000SVK,/experiments/ENCSR000EKL/,0,0,0,0,0,0,0,0,0,0
ENCFF000SVM,/experiments/ENCSR000EKL/,0,0,0,0,0,0,0,0,0,0
ENCFF000SVC,/experiments/ENCSR000EKM/,1,0,0,1,0,0,0,0,1,0
ENCFF000SVA,/experiments/ENCSR000EKM/,1,0,0,1,0,0,0,0,1,0
ENCFF000SXG,/experiments/ENCSR000EKN/,0,1,0,0,0,0,1,1,0,0
ENCFF000SXI,/experiments/ENCSR000EKN/,0,1,0,0,0,0,1,1,0,0
ENCFF000SXH,/experiments/ENCSR000EKN/,0,1,0,0,0,0,1,1,0,0
ENCFF000SYA,/experiments/ENCSR000EKO/,0,1,0,0,0,1,0,0,0,0
ENCFF000SXJ,/experiments/ENCSR000EKO/,0,1,0,0,0,1,0,0,0,0
ENCFF000SWN,/experiments/ENCSR000EKP/,0,0,1,0,0,0,1,0,0,0
ENCFF000SWI,/experiments/ENCSR000EKP/,0,0,1,0,0,0,1,0,0,0
ENCFF000SWK,/experiments/ENCSR000EKP/,0,0,1,0,0,0,1,0,0,0
ENCFF000SWB,/experiments/ENCSR000EKQ/,0,0,0,0,0,0,0,0,0,1
ENCFF000SWD,/experiments/ENCSR000EKQ/,0,0,0,0,0,0,0,0,0,1
ENCFF000SWA,/experiments/ENCSR000EKQ/,0,0,0,0,0,0,0,0,0,1
ENCFF000SWO,/experiments/ENCSR000EKR/,0,0,1,0,0,0,0,0,0,0
ENCFF000SWR,/experiments/ENCSR000EKR/,0,0,1,0,0,0,0,0,0,0
ENCFF000SWP,/experiments/ENCSR000EKS/,0,0,0,0,0,0,0,1,0,0
ENCFF000SWQ,/experiments/ENCSR000EKS/,0,0,0,0,0,0,0,1,0,0
ENCFF000SWU,/experiments/ENCSR000EKS/,0,0,0,0,0,0,0,1,0,0
ENCFF000SWY,/experiments/ENCSR000EKS/,0,0,0,0,0,0,0,1,0,0
ENCFF000SXA,/experiments/ENCSR000EKS/,0,0,0,0,0,0,0,1,0,0
ENCFF000SYH,/experiments/ENCSR000EKT/,1,0,1,0,1,0,0,0,0,1
ENCFF000SYK,/experiments/ENCSR000EKT/,1,0,1,0,1,0,0,0,0,1
ENCFF000SYF,/experiments/ENCSR000EKT/,1,0,1,0,1,0,0,0,0,1
ENCFF000SYC,/experiments/ENCSR000EKU/,0,0,0,1,0,1,0,0,0,0
ENCFF000SXZ,/experiments/ENCSR000EKU/,0,0,0,1,0,1,0,0,0,0
ENCFF000SZN,/experiments/ENCSR000EKV/,0,0,0,0,0,0,0,1,0,0
ENCFF000SZL,/experiments/ENCSR000EKV/,0,0,0,0,0,0,0,1,0,0
ENCFF000SZO,/experiments/ENCSR000EKW/,0,0,0,1,0,0,0,1,0,0
ENCFF000SZV,/experiments/ENCSR000EKW/,0,0,0,1,0,0,0,1,0,0
ENCFF000SZZ,/experiments/ENCSR000EKW/,0,0,0,1,0,0,0,1,0,0
ENCFF000SYU,/experiments/ENCSR000EKX/,0,0,1,0,0,1,0,0,0,0
ENCFF000SZD,/experiments/ENCSR000EKX/,0,0,1,0,0,1,0,0,0,0
ENCFF000SYV,/experiments/ENCSR000EKX/,0,0,1,0,0,1,0,0,0,0
ENCFF000SYZ,/experiments/ENCSR000EKY/,1,1,0,0,0,0,0,1,0,0
ENCFF000SZC,/experiments/ENCSR000EKY/,1,1,0,0,0,0,0,1,0,0
ENCFF000SZW,/experiments/ENCSR000EKZ/,0,0,0,0,0,0,0,0,0,0
ENCFF000SZP,/experiments/ENCSR000EKZ/,0,0,0,0,0,0,0,0,0,0
ENCFF000TAD,/experiments/ENCSR000ELA/,0,0,0,0,0,0,0,0,0,0
ENCFF000TAE,/experiments/ENCSR000ELA/,0,0,0,0,0,0,0,0,0,0
ENCFF000TAR,/experiments/ENCSR000ELB/,1,0,1,0,0,0,0,0,1,0
ENCFF000TAX,/experiments/ENCSR000ELB/,1,0,1,0,0,0,0,0,1,0
ENCFF000TAS,/experiments/ENCSR000ELD/,0,0,0,0,0,0,0,0,0,0
ENCFF000TAT,/experiments/ENCSR000ELD/,0,0,0,0,0,0,0,0,0,0
ENCFF000TBL,/experiments/ENCSR000ELE/,0,0,0,1,1,1,0,0,0,1
ENCFF000TBP,/experiments/ENCSR000ELE/,0,0,0,1,1,1,0,0,0,1
ENCFF000TBZ,/experiments/ENCSR000ELG/,1,0,0,0,0,0,0,1,0,0
ENCFF000TCC,/experiments/ENCSR000ELG/,1,0,0,0,0,0,0,1,0,0
ENCFF000TBS,/experiments/ENCSR000ELH/,0,1,0,0,0,0,0,0,0,0
ENCFF000TBT,/experiments/ENCSR000ELH/,0,1,0,0,0,0,0,0,0,0
ENCFF000TCI,/experiments/ENCSR000ELI/,0,0,0,0,0,0,1,0,1,0
ENCFF000TCK,/experiments/ENCSR000ELI/,0,0,0,0,0,0,1,0,1,0
ENCFF000TCJ,/experiments/ENCSR000ELI/,0,0,0,0,0,0,1,0,1,0
ENCFF000TCL,/experiments/ENCSR000ELJ/,0,0,0,1,0,0,0,0,0,0
ENCFF000TCM,/experiments/ENCSR000ELJ/,0,0,0,1,0,0,0,0,0,0
ENCFF000TCW,/experiments/ENCSR000ELJ/,0,0,0,1,0,0,0,0,0,0
ENCFF000TED,/experiments/ENCSR000ELO/,0,0,0,0,1,0,0,0,0,0
ENCFF000TEC,/experiments/ENCSR000ELO/,0,0,0,0,1,0,0,0,0,0
ENCFF000TDX,/experiments/ENCSR000ELP/,1,0,0,0,1,1,0,0,0,0
ENCFF000TDW,/experiments/ENCSR000ELP/,1,0,0,0,1,1,0,0,0,0
ENCFF000TEO,/experiments/ENCSR000ELQ/,0,0,0,0,0,0,0,0,0,0
ENCFF000TEP,/experiments/ENCSR000ELQ/,0,0,0,0,0,0,0,0,0,0
ENCFF000TEL,/experiments/ENCSR000ELR/,0,0,0,0,0,0,0,1,0,0
ENCFF000TEQ,/experiments/ENCSR000ELR/,0,0,0,0,0,0,0,1,0,0
ENCFF000TFG,/experiments/ENCSR000ELS/,0,0,1,1,1,0,1,0,0,0
ENCFF000TFD,/experiments/ENCSR000ELS/,0,0,1,1,1,0,1,0,0,0
ENCFF000TEZ,/experiments/ENCSR000ELT/,0,1,0,1,0,0,0,1,0,0
ENCFF000TFC,/experiments/ENCSR000ELT/,0,1,0,1,0,0,0,1,0,0
ENCFF000TGH,/experiments/ENCSR000ELU/,0,1,0,0,0,1,0,0,0,0
ENCFF000TFQ,/experiments/ENCSR000ELU/,0,1,0,0,0,1,0,0,0,0
ENCFF000TGB,/experiments/ENCSR000ELU/,0,1,0,0,0,1,0,0,0,0
ENCFF000TFM,/experiments/ENCSR000ELV/,0,0,0,1,1,0,1,0,0,0
ENCFF000TFY,/experiments/ENCSR000ELV/,0,0,0,1,1,0,1,0,0,0
ENCFF000TFS,/experiments/ENCSR000ELV/,0,0,0,1,1,0,1,0,0,0
ENCFF001CLX,/experiments/ENCSR000ELW/,0,0,0,0,0,0,0,0,1,0
ENCFF533OBQ,/experiments/ENCSR000ELW/,0,0,0,0,0,0,0,0,1,0
ENCFF001CMF,/experiments/ENCSR000ELX/,1,0,0,0,0,0,1,1,0,1
ENCFF001CMG,/experiments/ENCSR000ELX/,1,0,0,0,0,0,1,1,0,1
ENCFF001CMR,/experiments/ENCSR000ELY/,0,0,0,1,0,1,0,0,0,0
ENCFF001CMS,/experiments/ENCSR000ELY/,0,0,0,1,0,1,0,0,0,0
ENCFF001CMY,/experiments/ENCSR000ELZ/,0,1,0,0,0,0,0,1,0,0
ENCFF001CMZ,/experiments/ENCSR000ELZ/,0,1,0,0,0,0,0,1,0,0
ENCFF001CNM,/experiments/ENCSR000EMA/,1,0,0,0,0,0,0,1,0,0
ENCFF001CNL,/experiments/ENCSR000EMA/,1,0,0,0,0,0,0,1,0,0
ENCFF001CNV,/experiments/ENCSR000EMB/,0,0,0,0,0,0,0,1,0,1
ENCFF415UNC,/experiments/ENCSR000EMB/,0,0,0,0,0,0,0,1,0,1
ENCFF001AQF,/experiments/ENCSR000EMB/,0,0,0,0,0,0,0,1,0,1
ENCFF001AQG,/experiments/ENCSR000EMB/,0,0,0,0,0,0,0,1,0,1
ENCFF001CNU,/experiments/ENCSR000EMB/,0,0,0,0,0,0,0,1,0,1
ENCFF333RNY,/experiments/ENCSR000EMB/,0,0,0,0,0,0,0,1,0,1
ENCFF001AQE,/experiments/ENCSR000EMB/,0,0,0,0,0,0,0,1,0,1
ENCFF001AVG,/experiments/ENCSR000EMC/,0,0,0,0,0,0,0,0,0,0
ENCFF001COG,/experiments/ENCSR000EMC/,0,0,0,0,0,0,0,0,0,0
ENCFF001COP,/experiments/ENCSR000EMD/,0,0,1,0,0,0,0,0,1,1
ENCFF001COQ,/experiments/ENCSR000EMD/,0,0,1,0,0,0,0,0,1,1
ENCFF393PQT,/experiments/ENCSR000EME/,0,1,0,1,1,1,0,0,0,0
ENCFF001COU,/experiments/ENCSR000EME/,0,1,0,1,1,1,0,0,0,0
ENCFF480CMA,/experiments/ENCSR000EME/,0,1,0,1,1,1,0,0,0,0
ENCFF348QHI,/experiments/ENCSR000EME/,0,1,0,1,1,1,0,0,0,0
ENCFF001DMN,/experiments/ENCSR000EMF/,0,1,0,0,1,0,0,1,0,0
ENCFF001DMO,/experiments/ENCSR000EMF/,0,1,0,0,1,0,0,1,0,0
ENCFF001DMT,/experiments/ENCSR000EMG/,0,1,0,0,0,0,0,1,0,1
ENCFF001DMS,/experiments/ENCSR000EMG/,0,1,0,0,0,0,0,1,0,1
ENCFF001DMU,/experiments/ENCSR000EMG/,0,1,0,0,0,0,0,1,0,1
ENCFF001DZU,/experiments/ENCSR000EMH/,1,0,0,0,0,0,1,1,0,0
ENCFF001DZX,/experiments/ENCSR000EMH/,1,0,0,0,0,0,1,1,0,0
ENCFF001DZV,/experiments/ENCSR000EMH/,1,0,0,0,0,0,1,1,0,0
ENCFF001EAA,/experiments/ENCSR000EMH/,1,0,0,0,0,0,1,1,0,0
ENCFF001DZY,/experiments/ENCSR000EMH/,1,0,0,0,0,0,1,1,0,0
ENCFF001DZZ,/experiments/ENCSR000EMH/,1,0,0,0,0,0,1,1,0,0
ENCFF001DZW,/experiments/ENCSR000EMH/,1,0,0,0,0,0,1,1,0,0
ENCFF001CQX,/experiments/ENCSR000EMI/,0,0,0,1,1,0,1,0,0,1
ENCFF001CQK,/experiments/ENCSR000EMI/,0,0,0,1,1,0,1,0,0,1
ENCFF001CQG,/experiments/ENCSR000EMJ/,0,0,0,1,0,0,1,0,0,1
ENCFF001CQF,/experiments/ENCSR000EMJ/,0,0,0,1,0,0,1,0,0,1
ENCFF566GSP,/experiments/ENCSR000EMJ/,0,0,0,1,0,0,1,0,0,1
ENCFF122YDK,/experiments/ENCSR000EMJ/,0,0,0,1,0,0,1,0,0,1
ENCFF001CPI,/experiments/ENCSR000EMJ/,0,0,0,1,0,0,1,0,0,1
ENCFF001CQP,/experiments/ENCSR000EMK/,0,0,1,1,0,0,1,0,0,0
ENCFF001CQO,/experiments/ENCSR000EMK/,0,0,1,1,0,0,1,0,0,0
ENCFF001CQN,/experiments/ENCSR000EMK/,0,0,1,1,0,0,1,0,0,0
ENCFF001CSA,/experiments/ENCSR000EML/,0,0,0,0,0,0,0,1,0,0
ENCFF420HAW,/experiments/ENCSR000EML/,0,0,0,0,0,0,0,1,0,0
ENCFF001CSQ,/experiments/ENCSR000EMM/,0,0,0,0,0,1,0,0,0,0
ENCFF001CTC,/experiments/ENCSR000EMN/,0,1,0,0,0,0,0,0,1,1
ENCFF001CRX,/experiments/ENCSR000EMO/,1,1,0,0,1,0,1,0,1,0
ENCFF001CRQ,/experiments/ENCSR000EMO/,1,1,0,0,1,0,1,0,1,0
ENCFF001CRV,/experiments/ENCSR000EMO/,1,1,0,0,1,0,1,0,1,0
ENCFF001CRM,/experiments/ENCSR000EMO/,1,1,0,0,1,0,1,0,1,0
ENCFF001CRS,/experiments/ENCSR000EMO/,1,1,0,0,1,0,1,0,1,0
ENCFF001CRO,/experiments/ENCSR000EMO/,1,1,0,0,1,0,1,0,1,0
ENCFF001CRL,/experiments/ENCSR000EMO/,1,1,0,0,1,0,1,0,1,0
ENCFF001CRP,/experiments/ENCSR000EMO/,1,1,0,0,1,0,1,0,1,0
ENCFF001CRT,/experiments/ENCSR000EMO/,1,1,0,0,1,0,1,0,1,0
ENCFF001CRU,/experiments/ENCSR000EMO/,1,1,0,0,1,0,1,0,1,0
ENCFF001CRW,/experiments/ENCSR000EMO/,1,1,0,0,1,0,1,0,1,0
ENCFF001CRR,/experiments/ENCSR000EMO/,1,1,0,0,1,0,1,0,1,0
ENCFF001CRN,/experiments/ENCSR000EMO/,1,1,0,0,1,0,1,0,1,0
ENCFF001CSV,/experiments/ENCSR000EMP/,0,1,0,0,0,0,0,0,0,0
ENCFF001CSY,/experiments/ENCSR000EMP/,0,1,0,0,0,0,0,0,0,0
ENCFF001CSN,/experiments/ENCSR000EMP/,0,1,0,0,0,0,0,0,0,0
ENCFF001CSR,/experiments/ENCSR000EMP/,0,1,0,0,0,0,0,0,0,0
ENCFF001CSM,/experiments/ENCSR000EMP/,0,1,0,0,0,0,0,0,0,0
ENCFF001CSI,/experiments/ENCSR000EMP/,0,1,0,0,0,0,0,0,0,0
ENCFF001CSP,/experiments/ENCSR000EMP/,0,1,0,0,0,0,0,0,0,0
ENCFF001CSL,/experiments/ENCSR000EMP/,0,1,0,0,0,0,0,0,0,0
ENCFF001CSO,/experiments/ENCSR000EMP/,0,1,0,0,0,0,0,0,0,0
ENCFF001CSJ,/experiments/ENCSR000EMP/,0,1,0,0,0,0,0,0,0,0
ENCFF001CSH,/experiments/ENCSR000EMP/,0,1,0,0,0,0,0,0,0,0
ENCFF001CSZ,/experiments/ENCSR000EMP/,0,1,0,0,0,0,0,0,0,0
ENCFF001CSS,/experiments/ENCSR000EMP/,0,1,0,0,0,0,0,0,0,0
ENCFF001CSU,/experiments/ENCSR000EMP/,0,1,0,0,0,0,0,0,0,0
ENCFF001CSK,/experiments/ENCSR000EMP/,0,1,0,0,0,0,0,0,0,0
ENCFF001CST,/experiments/ENCSR000EMP/,0,1,0,0,0,0,0,0,0,0
ENCFF001CSX,/experiments/ENCSR000EMP/,0,1,0,0,0,0,0,0,0,0
ENCFF001CSW,/experiments/ENCSR000EMP/,0,1,0,0,0,0,0,0,0,0
ENCFF001CTW,/experiments/ENCSR000EMQ/,0,0,1,0,0,1,0,0,0,0
ENCFF001AVI,/experiments/ENCSR000EMQ/,0,0,1,0,0,1,0,0,0,0
ENCFF001CUA,/experiments/ENCSR000EMR/,0,0,0,0,0,0,0,0,0,0
ENCFF101BUG,/experiments/ENCSR000EMS/,0,0,0,0,0,0,0,0,0,0
ENCFF001CUC,/experiments/ENCSR000EMS/,0,0,0,0,0,0,0,0,0,0
ENCFF638ICD,/experiments/ENCSR000EMS/,0,0,0,0,0,0,0,0,0,0
ENCFF001CUB,/experiments/ENCSR000EMS/,0,0,0,0,0,0,0,0,0,0
ENCFF001ATV,/experiments/ENCSR000EMS/,0,0,0,0,0,0,0,0,0,0
ENCFF001ATW,/experiments/ENCSR000EMS/,0,0,0,0,0,0,0,0,0,0
ENCFF001ATX,/experiments/ENCSR000EMS/,0,0,0,0,0,0,0,0,0,0
ENCFF001CUR,/experiments/ENCSR000EMT/,0,0,0,1,0,1,0,0,0,0
ENCFF001CWQ,/experiments/ENCSR000EMT/,0,0,0,1,0,1,0,0,0,0
ENCFF001CVK,/experiments/ENCSR000EMU/,0,0,0,1,0,0,0,0,1,0
ENCFF001CWG,/experiments/ENCSR000EMV/,0,0,1,0,0,0,0,1,0,0
ENCFF001CWC,/experiments/ENCSR000EMV/,0,0,1,0,0,0,0,1,0,0
ENCFF001CWD,/experiments/ENCSR000EMV/,0,0,1,0,0,0,0,1,0,0
ENCFF001CWI,/experiments/ENCSR000EMV/,0,0,1,0,0,0,0,1,0,0
ENCFF001CWE,/experiments/ENCSR000EMV/,0,0,1,0,0,0,0,1,0,0
ENCFF001CWB,/experiments/ENCSR000EMV/,0,0,1,0,0,0,0,1,0,0
ENCFF001CWH,/experiments/ENCSR000EMV/,0,0,1,0,0,0,0,1,0,0
ENCFF001CWF,/experiments/ENCSR000EMV/,0,0,1,0,0,0,0,1,0,0
ENCFF001CVQ,/experiments/ENCSR000EMW/,0,1,0,0,0,0,0,0,0,1
ENCFF001CVT,/experiments/ENCSR000EMW/,0,1,0,0,0,0,0,0,0,1
ENCFF001CVR,/experiments/ENCSR000EMW/,0,1,0,0,0,0,0,0,0,1
ENCFF001CVS,/experiments/ENCSR000EMW/,0,1,0,0,0,0,0,0,0,1
ENCFF001CVV,/experiments/ENCSR000EMW/,0,1,0,0,0,0,0,0,0,1
ENCFF001CVU,/experiments/ENCSR000EMW/,0,1,0,0,0,0,0,0,0,1
ENCFF001CWK,/experiments/ENCSR000EMX/,0,0,0,0,0,0,1,0,0,0
ENCFF001CUW,/experiments/ENCSR000EMY/,1,0,0,0,0,0,0,1,0,0
ENCFF001CVA,/experiments/ENCSR000EMY/,1,0,0,0,0,0,0,1,0,0
ENCFF001CUX,/experiments/ENCSR000EMY/,1,0,0,0,0,0,0,1,0,0
ENCFF001CVB,/experiments/ENCSR000EMY/,1,0,0,0,0,0,0,1,0,0
ENCFF001CVC,/experiments/ENCSR000EMY/,1,0,0,0,0,0,0,1,0,0
ENCFF001CUY,/experiments/ENCSR000EMY/,1,0,0,0,0,0,0,1,0,0
ENCFF001CUZ,/experiments/ENCSR000EMY/,1,0,0,0,0,0,0,1,0,0
ENCFF001BAJ,/experiments/ENCSR000EMZ/,0,1,0,0,0,0,0,1,0,0
ENCFF001CXB,/experiments/ENCSR000EMZ/,0,1,0,0,0,0,0,1,0,0
ENCFF001CYF,/experiments/ENCSR000ENA/,1,0,1,1,0,0,0,1,0,0
ENCFF001AVN,/experiments/ENCSR000ENA/,1,0,1,1,0,0,0,1,0,0
ENCFF524QDJ,/experiments/ENCSR000ENA/,1,0,1,1,0,0,0,1,0,0
ENCFF562RGI,/experiments/ENCSR000ENA/,1,0,1,1,0,0,0,1,0,0
ENCFF001CYE,/experiments/ENCSR000ENA/,1,0,1,1,0,0,0,1,0,0
ENCFF001AVO,/experiments/ENCSR000ENA/,1,0,1,1,0,0,0,1,0,0
ENCFF091DAF,/experiments/ENCSR000ENA/,1,0,1,1,0,0,0,1,0,0
ENCFF001CYQ,/experiments/ENCSR000ENB/,0,0,1,0,1,0,0,1,0,1
ENCFF001AWX,/experiments/ENCSR000ENB/,0,0,1,0,1,0,0,1,0,1
ENCFF282MZX,/experiments/ENCSR000ENB/,0,0,1,0,1,0,0,1,0,1
ENCFF001CYP,/experiments/ENCSR000ENB/,0,0,1,0,1,0,0,1,0,1
ENCFF001AWY,/experiments/ENCSR000ENB/,0,0,1,0,1,0,0,1,0,1
ENCFF241XTF,/experiments/ENCSR000ENB/,0,0,1,0,1,0,0,1,0,1
ENCFF261BIL,/experiments/ENCSR000ENB/,0,0,1,0,1,0,0,1,0,1
ENCFF111OHQ,/experiments/ENCSR000ENB/,0,0,1,0,1,0,0,1,0,1
ENCFF001CXM,/experiments/ENCSR000ENC/,0,0,0,0,0,0,0,0,0,0
ENCFF001CXD,/experiments/ENCSR000ENC/,0,0,0,0,0,0,0,0,0,0
ENCFF001CXV,/experiments/ENCSR000END/,0,0,0,0,0,0,0,0,0,0
ENCFF001BBK,/experiments/ENCSR000END/,0,0,0,0,0,0,0,0,0,0
ENCFF001CYR,/experiments/ENCSR000ENE/,0,0,0,0,0,0,0,0,0,1
ENCFF001CYS,/experiments/ENCSR000ENE/,0,0,0,0,0,0,0,0,0,1
ENCFF001CYV,/experiments/ENCSR000ENF/,0,0,0,0,0,1,0,0,0,0
ENCFF001CZB,/experiments/ENCSR000ENF/,0,0,0,0,0,1,0,0,0,0
ENCFF001CYY,/experiments/ENCSR000ENF/,0,0,0,0,0,1,0,0,0,0
ENCFF001CZC,/experiments/ENCSR000ENF/,0,0,0,0,0,1,0,0,0,0
ENCFF001CZA,/experiments/ENCSR000ENF/,0,0,0,0,0,1,0,0,0,0
ENCFF001CYX,/experiments/ENCSR000ENF/,0,0,0,0,0,1,0,0,0,0
ENCFF001CYZ,/experiments/ENCSR000ENF/,0,0,0,0,0,1,0,0,0,0
ENCFF001CYW,/experiments/ENCSR000ENF/,0,0,0,0,0,1,0,0,0,0
ENCFF001CZK,/experiments/ENCSR000ENG/,0,1,0,1,0,0,0,1,0,0
ENCFF001CZN,/experiments/ENCSR000ENG/,0,1,0,1,0,0,0,1,0,0
ENCFF001CZI,/experiments/ENCSR000ENG/,0,1,0,1,0,0,0,1,0,0
ENCFF001CZO,/experiments/ENCSR000ENG/,0,1,0,1,0,0,0,1,0,0
ENCFF001CZL,/experiments/ENCSR000ENG/,0,1,0,1,0,0,0,1,0,0
ENCFF001CZQ,/experiments/ENCSR000ENG/,0,1,0,1,0,0,0,1,0,0
ENCFF001CZP,/experiments/ENCSR000ENG/,0,1,0,1,0,0,0,1,0,0
ENCFF001CZJ,/experiments/ENCSR000ENG/,0,1,0,1,0,0,0,1,0,0
ENCFF001CZM,/experiments/ENCSR000ENG/,0,1,0,1,0,0,0,1,0,0
ENCFF001AYC,/experiments/ENCSR000ENH/,0,1,0,0,0,0,0,0,0,0
ENCFF001DAM,/experiments/ENCSR000ENH/,0,1,0,0,0,0,0,0,0,0
ENCFF001AYE,/experiments/ENCSR000ENH/,0,1,0,0,0,0,0,0,0,0
ENCFF001AYD,/experiments/ENCSR000ENH/,0,1,0,0,0,0,0,0,0,0
ENCFF001AYG,/experiments/ENCSR000ENH/,0,1,0,0,0,0,0,0,0,0
ENCFF420BJI,/experiments/ENCSR000ENH/,0,1,0,0,0,0,0,0,0,0
ENCFF622WIY,/experiments/ENCSR000ENH/,0,1,0,0,0,0,0,0,0,0
ENCFF001DAN,/experiments/ENCSR000ENH/,0,1,0,0,0,0,0,0,0,0
ENCFF001AYF,/experiments/ENCSR000ENH/,0,1,0,0,0,0,0,0,0,0
ENCFF100RBR,/experiments/ENCSR000ENI/,0,1,0,0,0,0,0,0,1,0
ENCFF243RPN,/experiments/ENCSR000ENI/,0,1,0,0,0,0,0,0,1,0
ENCFF006TCP,/experiments/ENCSR000ENI/,0,1,0,0,0,0,0,0,1,0
ENCFF653USJ,/experiments/ENCSR000ENI/,0,1,0,0,0,0,0,0,1,0
ENCFF135IDH,/experiments/ENCSR000ENI/,0,1,0,0,0,0,0,0,1,0
ENCFF001BAK,/experiments/ENCSR000ENJ/,1,0,0,0,0,0,0,0,0,0
ENCFF001BAL,/experiments/ENCSR000ENJ/,1,0,0,0,0,0,0,0,0,0
ENCFF001BAM,/experiments/ENCSR000ENJ/,1,0,0,0,0,0,0,0,0,0
ENCFF781FBG,/experiments/ENCSR000ENJ/,1,0,0,0,0,0,0,0,0,0
ENCFF046CJQ,/experiments/ENCSR000ENJ/,1,0,0,0,0,0,0,0,0,0
ENCFF001DBE,/experiments/ENCSR000ENJ/,1,0,0,0,0,0,0,0,0,0
ENCFF529GIA,/experiments/ENCSR000ENJ/,1,0,0,0,0,0,0,0,0,0
ENCFF001DBH,/experiments/ENCSR000ENJ/,1,0,0,0,0,0,0,0,0,0
ENCFF001DBS,/experiments/ENCSR000ENK/,0,0,0,0,0,0,0,0,0,1
ENCFF001DBQ,/experiments/ENCSR000ENK/,0,0,0,0,0,0,0,0,0,1
ENCFF001DBZ,/experiments/ENCSR000ENL/,0,0,0,0,0,0,0,1,0,0
ENCFF001BGI,/experiments/ENCSR000ENL/,0,0,0,0,0,0,0,1,0,0
ENCFF001DCL,/experiments/ENCSR000ENM/,0,1,0,0,0,0,1,0,0,0
ENCFF001DCK,/experiments/ENCSR000ENM/,0,1,0,0,0,0,1,0,0,0
ENCFF001BBV,/experiments/ENCSR000ENN/,0,0,0,0,0,0,0,0,0,0
ENCFF001DCV,/experiments/ENCSR000ENN/,0,0,0,0,0,0,0,0,0,0
ENCFF418KQN,/experiments/ENCSR000ENN/,0,0,0,0,0,0,0,0,0,0
ENCFF195NTK,/experiments/ENCSR000ENN/,0,0,0,0,0,0,0,0,0,0
ENCFF001DCU,/experiments/ENCSR000ENN/,0,0,0,0,0,0,0,0,0,0
ENCFF477QFV,/experiments/ENCSR000ENN/,0,0,0,0,0,0,0,0,0,0
ENCFF001BBU,/experiments/ENCSR000ENN/,0,0,0,0,0,0,0,0,0,0
ENCFF001BBW,/experiments/ENCSR000ENN/,0,0,0,0,0,0,0,0,0,0
ENCFF001DDF,/experiments/ENCSR000ENO/,0,0,0,1,0,0,0,0,0,0
ENCFF001DDE,/experiments/ENCSR000ENO/,0,0,0,1,0,0,0,0,0,0
ENCFF001BDO,/experiments/ENCSR000ENQ/,0,0,0,0,0,1,0,0,0,1
ENCFF001DDY,/experiments/ENCSR000ENQ/,0,0,0,0,0,1,0,0,0,1
ENCFF001DDX,/experiments/ENCSR000ENQ/,0,0,0,0,0,1,0,0,0,1
ENCFF001BDP,/experiments/ENCSR000ENQ/,0,0,0,0,0,1,0,0,0,1
ENCFF516VAW,/experiments/ENCSR000ENQ/,0,0,0,0,0,1,0,0,0,1
ENCFF813CYY,/experiments/ENCSR000ENQ/,0,0,0,0,0,1,0,0,0,1
ENCFF001DEJ,/experiments/ENCSR000ENR/,0,0,1,1,0,0,0,0,1,0
ENCFF001DEG,/experiments/ENCSR000ENR/,0,0,1,1,0,0,0,0,1,0
ENCFF906YKA,/experiments/ENCSR000ENS/,0,1,0,0,1,1,0,1,0,0
ENCFF493IOM,/experiments/ENCSR000ENS/,0,1,0,0,1,1,0,1,0,0
ENCFF344QVA,/experiments/ENCSR000ENS/,0,1,0,0,1,1,0,1,0,0
ENCFF555YVV,/experiments/ENCSR000ENS/,0,1,0,0,1,1,0,1,0,0
ENCFF679OLZ,/experiments/ENCSR000ENS/,0,1,0,0,1,1,0,1,0,0
ENCFF025TWI,/experiments/ENCSR000ENS/,0,1,0,0,1,1,0,1,0,0
ENCFF981ELH,/experiments/ENCSR000ENT/,0,1,0,0,1,1,0,0,0,0
ENCFF001BFL,/experiments/ENCSR000ENT/,0,1,0,0,1,1,0,0,0,0
ENCFF001DFC,/experiments/ENCSR000ENT/,0,1,0,0,1,1,0,0,0,0
ENCFF001BFK,/experiments/ENCSR000ENT/,0,1,0,0,1,1,0,0,0,0
ENCFF813ZXU,/experiments/ENCSR000ENT/,0,1,0,0,1,1,0,0,0,0
ENCFF001DFN,/experiments/ENCSR000ENU/,0,1,0,1,0,0,0,0,1,0
ENCFF001DFL,/experiments/ENCSR000ENU/,0,1,0,1,0,0,0,0,1,0
ENCFF001DFW,/experiments/ENCSR000ENV/,1,0,1,0,0,0,0,0,0,0
ENCFF001DFX,/experiments/ENCSR000ENV/,1,0,1,0,0,0,0,0,0,0
ENCFF001BLK,/experiments/ENCSR000ENW/,0,0,0,0,1,0,0,1,0,0
ENCFF001DFZ,/experiments/ENCSR000ENW/,0,0,0,0,1,0,0,1,0,0
ENCFF001DGH,/experiments/ENCSR000ENX/,0,0,0,0,0,0,1,0,1,0
ENCFF001DGF,/experiments/ENCSR000ENX/,0,0,0,0,0,0,1,0,1,0
ENCFF001DGG,/experiments/ENCSR000ENX/,0,0,0,0,0,0,1,0,1,0
ENCFF001DGI,/experiments/ENCSR000ENX/,0,0,0,0,0,0,1,0,1,0
ENCFF001DHC,/experiments/ENCSR000ENY/,0,0,0,0,0,1,0,0,0,0
ENCFF001BLS,/experiments/ENCSR000ENY/,0,0,0,0,0,1,0,0,0,0
ENCFF001BIB,/experiments/ENCSR000ENZ/,1,0,0,0,0,0,1,0,1,0
ENCFF499LDU,/experiments/ENCSR000ENZ/,1,0,0,0,0,0,1,0,1,0
ENCFF001DHM,/experiments/ENCSR000ENZ/,1,0,0,0,0,0,1,0,1,0
ENCFF001DHL,/experiments/ENCSR000ENZ/,1,0,0,0,0,0,1,0,1,0
ENCFF001BIA,/experiments/ENCSR000ENZ/,1,0,0,0,0,0,1,0,1,0
ENCFF620THJ,/experiments/ENCSR000ENZ/,1,0,0,0,0,0,1,0,1,0
ENCFF001BIC,/experiments/ENCSR000ENZ/,1,0,0,0,0,0,1,0,1,0
ENCFF001DHX,/experiments/ENCSR000EOA/,0,0,0,0,0,0,1,0,0,1
ENCFF001DHW,/experiments/ENCSR000EOA/,0,0,0,0,0,0,1,0,0,1
ENCFF928GXY,/experiments/ENCSR000EOB/,1,0,0,1,0,0,0,0,1,0
ENCFF001BJK,/experiments/ENCSR000EOB/,1,0,0,1,0,0,0,0,1,0
ENCFF001BJM,/experiments/ENCSR000EOB/,1,0,0,1,0,0,0,0,1,0
ENCFF478SZG,/experiments/ENCSR000EOB/,1,0,0,1,0,0,0,0,1,0
ENCFF001DHY,/experiments/ENCSR000EOB/,1,0,0,1,0,0,0,0,1,0
ENCFF001BJL,/experiments/ENCSR000EOB/,1,0,0,1,0,0,0,0,1,0
ENCFF001BJJ,/experiments/ENCSR000EOB/,1,0,0,1,0,0,0,0,1,0
ENCFF001DID,/experiments/ENCSR000EOB/,1,0,0,1,0,0,0,0,1,0
ENCFF001DIR,/experiments/ENCSR000EOC/,0,0,0,1,0,0,0,0,0,0
ENCFF001DIQ,/experiments/ENCSR000EOC/,0,0,0,1,0,0,0,0,0,0
ENCFF786LXD,/experiments/ENCSR000EOD/,0,0,1,0,0,1,0,0,0,0
ENCFF757VLG,/experiments/ENCSR000EOD/,0,0,1,0,0,1,0,0,0,0
ENCFF780PZH,/experiments/ENCSR000EOD/,0,0,1,0,0,1,0,0,0,0
ENCFF295SLU,/experiments/ENCSR000EOD/,0,0,1,0,0,1,0,0,0,0
ENCFF687QOC,/experiments/ENCSR000EOD/,0,0,1,0,0,1,0,0,0,0
ENCFF084JXF,/experiments/ENCSR000EOD/,0,0,1,0,0,1,0,0,0,0
ENCFF044QWH,/experiments/ENCSR000EOD/,0,0,1,0,0,1,0,0,0,0
ENCFF143ZAN,/experiments/ENCSR000EOE/,0,0,0,0,1,0,0,0,0,1
ENCFF001DJK,/experiments/ENCSR000EOE/,0,0,0,0,1,0,0,0,0,1
ENCFF001BGT,/experiments/ENCSR000EOE/,0,0,0,0,1,0,0,0,0,1
ENCFF001BGV,/experiments/ENCSR000EOE/,0,0,0,0,1,0,0,0,0,1
ENCFF273KCN,/experiments/ENCSR000EOE/,0,0,0,0,1,0,0,0,0,1
ENCFF001DJL,/experiments/ENCSR000EOE/,0,0,0,0,1,0,0,0,0,1
ENCFF001BGU,/experiments/ENCSR000EOE/,0,0,0,0,1,0,0,0,0,1
ENCFF001DJT,/experiments/ENCSR000EOF/,0,0,0,0,0,0,0,1,0,0
ENCFF001DJO,/experiments/ENCSR000EOF/,0,0,0,0,0,0,0,1,0,0
ENCFF001DJP,/experiments/ENCSR000EOG/,0,0,0,0,0,0,0,1,0,0
ENCFF001DJQ,/experiments/ENCSR000EOG/,0,0,0,0,0,0,0,1,0,0
ENCFF001BME,/experiments/ENCSR000EOH/,0,0,0,0,0,0,0,0,0,0
ENCFF001DKJ,/experiments/ENCSR000EOH/,0,0,0,0,0,0,0,0,0,0
ENCFF001DKS,/experiments/ENCSR000EOI/,1,0,0,1,0,0,1,0,0,0
ENCFF001BNS,/experiments/ENCSR000EOI/,1,0,0,1,0,0,1,0,0,0
ENCFF001DLF,/experiments/ENCSR000EOJ/,1,0,0,0,0,0,0,0,0,0
ENCFF001BQM,/experiments/ENCSR000EOJ/,1,0,0,0,0,0,0,0,0,0
ENCFF001BSB,/experiments/ENCSR000EOK/,1,0,0,0,0,1,0,0,0,0
ENCFF001DLN,/experiments/ENCSR000EOK/,1,0,0,0,0,1,0,0,0,0
ENCFF001DLX,/experiments/ENCSR000EOL/,0,0,0,0,0,1,0,1,0,0
ENCFF001DLY,/experiments/ENCSR000EOL/,0,0,0,0,0,1,0,1,0,0
ENCFF001DMG,/experiments/ENCSR000EOM/,0,0,1,0,1,0,1,1,0,0
ENCFF001DMH,/experiments/ENCSR000EOM/,0,0,1,0,1,0,1,1,0,0
ENCFF001DNE,/experiments/ENCSR000EON/,0,1,0,0,0,1,0,0,1,1
ENCFF001DNF,/experiments/ENCSR000EON/,0,1,0,0,0,1,0,0,1,1
ENCFF689CAW,/experiments/ENCSR000EOO/,0,1,0,0,0,0,0,0,0,1
ENCFF875UUR,/experiments/ENCSR000EOO/,0,1,0,0,0,0,0,0,0,1
ENCFF404QTI,/experiments/ENCSR000EOO/,0,1,0,0,0,0,0,0,0,1
ENCFF465ATZ,/experiments/ENCSR000EOO/,0,1,0,0,0,0,0,0,0,1
ENCFF337WYN,/experiments/ENCSR000EOO/,0,1,0,0,0,0,0,0,0,1
ENCFF218GIV,/experiments/ENCSR000EOO/,0,1,0,0,0,0,0,0,0,1
ENCFF418ZDR,/experiments/ENCSR000EOO/,0,1,0,0,0,0,0,0,0,1
ENCFF001DNN,/experiments/ENCSR000EOP/,1,0,1,1,0,1,0,0,0,1
ENCFF001DOC,/experiments/ENCSR000EOP/,1,0,1,1,0,1,0,0,0,1
ENCFF001DNO,/experiments/ENCSR000EOP/,1,0,1,1,0,1,0,0,0,1
ENCFF001DNP,/experiments/ENCSR000EOP/,1,0,1,1,0,1,0,0,0,1
ENCFF335SBI,/experiments/ENCSR000EOQ/,0,0,1,0,1,0,0,0,0,0
ENCFF044ZWE,/experiments/ENCSR000EOQ/,0,0,1,0,1,0,0,0,0,0
ENCFF001BNX,/experiments/ENCSR000EOQ/,0,0,1,0,1,0,0,0,0,0
ENCFF665FQP,/experiments/ENCSR000EOQ/,0,0,1,0,1,0,0,0,0,0
ENCFF001BNY,/experiments/ENCSR000EOQ/,0,0,1,0,1,0,0,0,0,0
ENCFF001BOB,/experiments/ENCSR000EOQ/,0,0,1,0,1,0,0,0,0,0
ENCFF632YPM,/experiments/ENCSR000EOQ/,0,0,1,0,1,0,0,0,0,0
ENCFF001BOA,/experiments/ENCSR000EOQ/,0,0,1,0,1,0,0,0,0,0
ENCFF001BNW,/experiments/ENCSR000EOQ/,0,0,1,0,1,0,0,0,0,0
ENCFF001DOL,/experiments/ENCSR000EOQ/,0,0,1,0,1,0,0,0,0,0
ENCFF001DOK,/experiments/ENCSR000EOQ/,0,0,1,0,1,0,0,0,0,0
ENCFF001BNZ,/experiments/ENCSR000EOQ/,0,0,1,0,1,0,0,0,0,0
ENCFF754PIY,/experiments/ENCSR000EOR/,0,1,0,0,0,0,0,0,0,0
ENCFF543NCO,/experiments/ENCSR000EOR/,0,1,0,0,0,0,0,0,0,0
ENCFF190ZNU,/experiments/ENCSR000EOR/,0,1,0,0,0,0,0,0,0,0
ENCFF001DOO,/experiments/ENCSR000EOR/,0,1,0,0,0,0,0,0,0,0
ENCFF001DON,/experiments/ENCSR000EOR/,0,1,0,0,0,0,0,0,0,0
ENCFF001DPF,/experiments/ENCSR000EOS/,0,0,0,0,1,0,0,0,0,0
ENCFF001DPG,/experiments/ENCSR000EOS/,0,0,0,0,1,0,0,0,0,0
ENCFF001DUJ,/experiments/ENCSR000EOT/,0,0,0,0,1,1,0,0,0,0
ENCFF543XCF,/experiments/ENCSR000EOT/,0,0,0,0,1,1,0,0,0,0
ENCFF715ZAU,/experiments/ENCSR000EOT/,0,0,0,0,1,1,0,0,0,0
ENCFF001DUI,/experiments/ENCSR000EOT/,0,0,0,0,1,1,0,0,0,0
ENCFF162DLQ,/experiments/ENCSR000EOT/,0,0,0,0,1,1,0,0,0,0
ENCFF717GPW,/experiments/ENCSR000EPD/,0,0,0,0,0,1,0,1,0,0
ENCFF186RIJ,/experiments/ENCSR000EPD/,0,0,0,0,0,1,0,1,0,0
ENCFF797RJZ,/experiments/ENCSR000EPD/,0,0,0,0,0,1,0,1,0,0
ENCFF822UVF,/experiments/ENCSR000EPD/,0,0,0,0,0,1,0,1,0,0
ENCFF420YWL,/experiments/ENCSR000EPD/,0,0,0,0,0,1,0,1,0,0
ENCFF675VWC,/experiments/ENCSR000EPD/,0,0,0,0,0,1,0,1,0,0
ENCFF249NQM,/experiments/ENCSR000EPD/,0,0,0,0,0,1,0,1,0,0
ENCFF660JSB,/experiments/ENCSR000EPE/,0,0,0,0,0,0,1,0,0,1
ENCFF868DAX,/experiments/ENCSR000EPE/,0,0,0,0,0,0,1,0,0,1
ENCFF875JNC,/experiments/ENCSR000EPE/,0,0,0,0,0,0,1,0,0,1
ENCFF425RVY,/experiments/ENCSR000EPE/,0,0,0,0,0,0,1,0,0,1
ENCFF663MST,/experiments/ENCSR000EPE/,0,0,0,0,0,0,1,0,0,1
ENCFF001DXT,/experiments/ENCSR000EPF/,0,0,1,0,0,0,0,1,0,0
ENCFF001DXP,/experiments/ENCSR000EPF/,0,0,1,0,0,0,0,1,0,0
ENCFF632NWJ,/experiments/ENCSR000EPG/,0,0,0,0,0,0,0,0,0,0
ENCFF665RTE,/experiments/ENCSR000EPG/,0,0,0,0,0,0,0,0,0,0
ENCFF320TRX,/experiments/ENCSR000EPG/,0,0,0,0,0,0,0,0,0,0
ENCFF631PFW,/experiments/ENCSR000EPG/,0,0,0,0,0,0,0,0,0,0
ENCFF827EQC,/experiments/ENCSR000EPG/,0,0,0,0,0,0,0,0,0,0
ENCFF001DXZ,/experiments/ENCSR000EPH/,0,0,1,1,0,0,0,0,0,0
ENCFF001DYC,/experiments/ENCSR000EPH/,0,0,1,1,0,0,0,0,0,0
ENCFF001DYB,/experiments/ENCSR000EPH/,0,0,1,1,0,0,0,0,0,0
ENCFF001DYA,/experiments/ENCSR000EPH/,0,0,1,1,0,0,0,0,0,0
ENCFF001DXY,/experiments/ENCSR000EPH/,0,0,1,1,0,0,0,0,0,0
ENCFF001DXM,/experiments/ENCSR000EPI/,0,0,0,0,0,0,1,0,0,0
ENCFF001DXO,/experiments/ENCSR000EPI/,0,0,0,0,0,0,1,0,0,0
ENCFF001DXQ,/experiments/ENCSR000EPI/,0,0,0,0,0,0,1,0,0,0
ENCFF001DXN,/experiments/ENCSR000EPI/,0,0,0,0,0,0,1,0,0,0
ENCFF001BXT,/experiments/ENCSR000EPK/,0,0,1,0,0,0,0,0,0,0
ENCFF001DZH,/experiments/ENCSR000EPK/,0,0,1,0,0,0,0,0,0,0
ENCFF001DZF,/experiments/ENCSR000EPK/,0,0,1,0,0,0,0,0,0,0
ENCFF001DZG,/experiments/ENCSR000EPK/,0,0,1,0,0,0,0,0,0,0
ENCFF001DZD,/experiments/ENCSR000EPK/,0,0,1,0,0,0,0,0,0,0
ENCFF001DZE,/experiments/ENCSR000EPK/,0,0,1,0,0,0,0,0,0,0
ENCFF001DZB,/experiments/ENCSR000EPK/,0,0,1,0,0,0,0,0,0,0
ENCFF001EAE,/experiments/ENCSR000EPK/,0,0,1,0,0,0,0,0,0,0
ENCFF885CER,/experiments/ENCSR000EPL/,0,1,0,0,0,0,0,0,1,0
ENCFF001BYR,/experiments/ENCSR000EPL/,0,1,0,0,0,0,0,0,1,0
ENCFF001BYT,/experiments/ENCSR000EPL/,0,1,0,0,0,0,0,0,1,0
ENCFF432UKJ,/experiments/ENCSR000EPL/,0,1,0,0,0,0,0,0,1,0
ENCFF001EAV,/experiments/ENCSR000EPL/,0,1,0,0,0,0,0,0,1,0
ENCFF805SQJ,/experiments/ENCSR000EPL/,0,1,0,0,0,0,0,0,1,0
ENCFF001BYS,/experiments/ENCSR000EPL/,0,1,0,0,0,0,0,0,1,0
ENCFF001EAU,/experiments/ENCSR000EPL/,0,1,0,0,0,0,0,0,1,0
ENCFF001EBK,/experiments/ENCSR000EPM/,0,0,1,0,0,0,0,1,0,1
ENCFF001CEM,/experiments/ENCSR000EPM/,0,0,1,0,0,0,0,1,0,1
ENCFF001EBF,/experiments/ENCSR000EPN/,0,0,1,1,0,1,0,0,1,1
ENCFF001EBD,/experiments/ENCSR000EPN/,0,0,1,1,0,1,0,0,1,1
ENCFF001EBC,/experiments/ENCSR000EPN/,0,0,1,1,0,1,0,0,1,1
ENCFF001EBG,/experiments/ENCSR000EPN/,0,0,1,1,0,1,0,0,1,1
ENCFF001EBH,/experiments/ENCSR000EPN/,0,0,1,1,0,1,0,0,1,1
ENCFF001EBE,/experiments/ENCSR000EPN/,0,0,1,1,0,1,0,0,1,1
ENCFF001ECD,/experiments/ENCSR000EPO/,0,0,0,0,0,0,0,0,0,0
ENCFF001CES,/experiments/ENCSR000EPO/,0,0,0,0,0,0,0,0,0,0
ENCFF259ZIL,/experiments/ENCSR000EPP/,0,0,0,0,0,0,0,0,0,0
ENCFF001ECM,/experiments/ENCSR000EPP/,0,0,0,0,0,0,0,0,0,0
ENCFF018TSW,/experiments/ENCSR000EPP/,0,0,0,0,0,0,0,0,0,0
ENCFF001CAM,/experiments/ENCSR000EPP/,0,0,0,0,0,0,0,0,0,0
ENCFF001CAK,/experiments/ENCSR000EPP/,0,0,0,0,0,0,0,0,0,0
ENCFF551TTL,/experiments/ENCSR000EPP/,0,0,0,0,0,0,0,0,0,0
ENCFF001CAL,/experiments/ENCSR000EPP/,0,0,0,0,0,0,0,0,0,0
ENCFF354IWM,/experiments/ENCSR000EPP/,0,0,0,0,0,0,0,0,0,0
ENCFF001ECL,/experiments/ENCSR000EPP/,0,0,0,0,0,0,0,0,0,0
ENCFF001ECX,/experiments/ENCSR000EPQ/,1,1,0,0,0,0,1,0,1,0
ENCFF001ECW,/experiments/ENCSR000EPQ/,1,1,0,0,0,0,1,0,1,0
ENCFF001EDJ,/experiments/ENCSR000EPR/,0,0,0,0,1,0,0,0,0,0
ENCFF001CCA,/experiments/ENCSR000EPR/,0,0,0,0,1,0,0,0,0,0
ENCFF133ACJ,/experiments/ENCSR000EPR/,0,0,0,0,1,0,0,0,0,0
ENCFF913UMD,/experiments/ENCSR000EPR/,0,0,0,0,1,0,0,0,0,0
ENCFF001EDI,/experiments/ENCSR000EPR/,0,0,0,0,1,0,0,0,0,0
ENCFF001CBZ,/experiments/ENCSR000EPR/,0,0,0,0,1,0,0,0,0,0
ENCFF628VTP,/experiments/ENCSR000EPR/,0,0,0,0,1,0,0,0,0,0
ENCFF001CBY,/experiments/ENCSR000EPR/,0,0,0,0,1,0,0,0,0,0
ENCFF071BZF,/experiments/ENCSR000EPR/,0,0,0,0,1,0,0,0,0,0
ENCFF001EDE,/experiments/ENCSR000EPS/,0,0,1,0,1,0,0,0,0,0
ENCFF001EDD,/experiments/ENCSR000EPS/,0,0,1,0,1,0,0,0,0,0
ENCFF001EDS,/experiments/ENCSR000EPS/,0,0,1,0,1,0,0,0,0,0
ENCFF001EEG,/experiments/ENCSR000EPT/,0,1,0,0,0,0,0,0,0,0
ENCFF001EEF,/experiments/ENCSR000EPT/,0,1,0,0,0,0,0,0,0,0
ENCFF001EDZ,/experiments/ENCSR000EPU/,0,1,0,0,1,1,0,0,0,0
ENCFF001EDY,/experiments/ENCSR000EPU/,0,1,0,0,1,1,0,0,0,0
ENCFF001EEB,/experiments/ENCSR000EPU/,0,1,0,0,1,1,0,0,0,0
ENCFF001EEA,/experiments/ENCSR000EPU/,0,1,0,0,1,1,0,0,0,0
ENCFF224BTQ,/experiments/ENCSR000EPV/,1,0,1,0,0,0,1,0,0,0
ENCFF349KLZ,/experiments/ENCSR000EPV/,1,0,1,0,0,0,1,0,0,0
ENCFF018GIE,/experiments/ENCSR000EPV/,1,0,1,0,0,0,1,0,0,0
ENCFF326ROR,/experiments/ENCSR000EPV/,1,0,1,0,0,0,1,0,0,0
ENCFF677GNV,/experiments/ENCSR000EPV/,1,0,1,0,0,0,1,0,0,0
ENCFF020VTR,/experiments/ENCSR000EPV/,1,0,1,0,0,0,1,0,0,0
ENCFF001EFQ,/experiments/ENCSR000EPW/,0,1,0,1,1,0,0,0,0,0
ENCFF001EFS,/experiments/ENCSR000EPW/,0,1,0,1,1,0,0,0,0,0
ENCFF001CGG,/experiments/ENCSR000EPX/,0,1,0,0,1,0,0,0,0,0
ENCFF001EFT,/experiments/ENCSR000EPX/,0,1,0,0,1,0,0,0,0,0
ENCFF001EGT,/experiments/ENCSR000EPY/,0,1,0,1,1,1,0,0,1,0
ENCFF001EGU,/experiments/ENCSR000EPY/,0,1,0,1,1,1,0,0,1,0
ENCFF001EIA,/experiments/ENCSR000EPZ/,1,0,1,1,0,0,0,1,0,1
ENCFF001CGM,/experiments/ENCSR000EPZ/,1,0,1,1,0,0,0,1,0,1
ENCFF001EGK,/experiments/ENCSR000EQA/,0,0,0,0,1,0,0,0,0,0
ENCFF112CUP,/experiments/ENCSR000EQB/,0,0,0,0,0,0,1,0,0,0
ENCFF474MXS,/experiments/ENCSR000EQB/,0,0,0,0,0,0,1,0,0,0
ENCFF196NUW,/experiments/ENCSR000EQB/,0,0,0,0,0,0,1,0,0,0
ENCFF318KND,/experiments/ENCSR000EQB/,0,0,0,0,0,0,1,0,0,0
ENCFF925UQI,/experiments/ENCSR000EQB/,0,0,0,0,0,0,1,0,0,0
ENCFF067OSS,/experiments/ENCSR000EQB/,0,0,0,0,0,0,1,0,0,0
ENCFF169NPE,/experiments/ENCSR000EQB/,0,0,0,0,0,0,1,0,0,0
ENCFF838EIQ,/experiments/ENCSR000EQB/,0,0,0,0,0,0,1,0,0,0
ENCFF998EGO,/experiments/ENCSR000EQC/,0,0,0,0,0,1,0,0,0,0
ENCFF255MHW,/experiments/ENCSR000EQC/,0,0,0,0,0,1,0,0,0,0
ENCFF001CJM,/experiments/ENCSR000EQC/,0,0,0,0,0,1,0,0,0,0
ENCFF001EJL,/experiments/ENCSR000EQC/,0,0,0,0,0,1,0,0,0,0
ENCFF878GFR,/experiments/ENCSR000EQC/,0,0,0,0,0,1,0,0,0,0
ENCFF946NFU,/experiments/ENCSR000EQD/,0,0,0,0,0,1,0,0,0,0
ENCFF629RYN,/experiments/ENCSR000EQD/,0,0,0,0,0,1,0,0,0,0
ENCFF284TGO,/experiments/ENCSR000EQD/,0,0,0,0,0,1,0,0,0,0
ENCFF001EIX,/experiments/ENCSR000EQE/,0,1,0,0,0,0,0,0,0,0
ENCFF001EIW,/experiments/ENCSR000EQE/,0,1,0,0,0,0,0,0,0,0
ENCFF001EJR,/experiments/ENCSR000EQE/,0,1,0,0,0,0,0,0,0,0
ENCFF886XEV,/experiments/ENCSR000EQF/,0,0,1,0,0,0,0,0,0,1
ENCFF263GMV,/experiments/ENCSR000EQF/,0,0,1,0,0,0,0,0,0,1
ENCFF355DKW,/experiments/ENCSR000EQF/,0,0,1,0,0,0,0,0,0,1
ENCFF286UWB,/experiments/ENCSR000EQG/,1,0,1,0,0,0,0,0,0,0
ENCFF001EKN,/experiments/ENCSR000EQG/,1,0,1,0,0,0,0,0,0,0
ENCFF001EJJ,/experiments/ENCSR000EQG/,1,0,1,0,0,0,0,0,0,0
ENCFF001EJI,/experiments/ENCSR000EQG/,1,0,1,0,0,0,0,0,0,0
ENCFF001EKP,/experiments/ENCSR000EQH/,0,0,1,1,1,1,0,1,0,1
ENCFF228GJZ,/experiments/ENCSR000EQI/,1,0,0,0,0,0,1,0,0,1
ENCFF531LWS,/experiments/ENCSR000EQI/,1,0,0,0,0,0,1,0,0,1
ENCFF828TDO,/experiments/ENCSR000EQI/,1,0,0,0,0,0,1,0,0,1
ENCFF523AAT,/experiments/ENCSR000EQI/,1,0,0,0,0,0,1,0,0,1
ENCFF409RGV,/experiments/ENCSR000EQJ/,0,0,1,0,1,0,0,0,0,0
ENCFF086QQC,/experiments/ENCSR000EQJ/,0,0,1,0,1,0,0,0,0,0
ENCFF970LTJ,/experiments/ENCSR000EQJ/,0,0,1,0,1,0,0,0,0,0
ENCFF558ACY,/experiments/ENCSR000EQJ/,0,0,1,0,1,0,0,0,0,0
ENCFF001EKG,/experiments/ENCSR000EQK/,0,1,0,0,1,0,1,0,0,0
ENCFF001EKH,/experiments/ENCSR000EQK/,0,1,0,0,1,0,1,0,0,0
ENCFF001ELH,/experiments/ENCSR000EQL/,0,0,0,0,0,0,0,0,0,0
ENCFF001ELG,/experiments/ENCSR000EQL/,0,0,0,0,0,0,0,0,0,0
ENCFF001ELN,/experiments/ENCSR000EQM/,0,1,0,0,0,0,0,0,0,1
ENCFF001ELM,/experiments/ENCSR000EQM/,0,1,0,0,0,0,0,0,0,1
ENCFF001ELV,/experiments/ENCSR000EQN/,0,1,0,0,0,0,0,0,1,1
ENCFF001ELW,/experiments/ENCSR000EQN/,0,1,0,0,0,0,0,0,1,1
ENCFF001RUS,/experiments/ENCSR000FDI/,0,0,0,0,0,0,1,0,0,0
ENCFF002EUU,/experiments/ENCSR000FDI/,0,0,0,0,0,0,1,0,0,0
ENCFF002EUQ,/experiments/ENCSR000FDI/,0,0,0,0,0,0,1,0,0,0
ENCFF001RUR,/experiments/ENCSR000FDI/,0,0,0,0,0,0,1,0,0,0
ENCFF002EUR,/experiments/ENCSR000FDI/,0,0,0,0,0,0,1,0,0,0
ENCFF002EUT,/experiments/ENCSR000FDI/,0,0,0,0,0,0,1,0,0,0
ENCFF002DNH,/experiments/ENCSR000FEK/,1,0,1,0,0,1,0,0,0,0
ENCFF001RVI,/experiments/ENCSR000FEK/,1,0,1,0,0,1,0,0,0,0
ENCFF001RVJ,/experiments/ENCSR000FEK/,1,0,1,0,0,1,0,0,0,0
ENCFF001RVH,/experiments/ENCSR000FEK/,1,0,1,0,0,1,0,0,0,0
ENCFF001RVL,/experiments/ENCSR000FEK/,1,0,1,0,0,1,0,0,0,0
ENCFF001RVG,/experiments/ENCSR000FFJ/,0,0,0,0,1,0,0,0,0,0
ENCFF002DNJ,/experiments/ENCSR000FFJ/,0,0,0,0,1,0,0,0,0,0
ENCFF001RVE,/experiments/ENCSR000FFJ/,0,0,0,0,1,0,0,0,0,0
ENCFF002DNL,/experiments/ENCSR000FFJ/,0,0,0,0,1,0,0,0,0,0
ENCFF001RVC,/experiments/ENCSR000FFJ/,0,0,0,0,1,0,0,0,0,0
ENCFF001RVD,/experiments/ENCSR000FFJ/,0,0,0,0,1,0,0,0,0,0
ENCFF001RVF,/experiments/ENCSR000FFJ/,0,0,0,0,1,0,0,0,0,0
ENCFF001RUZ,/experiments/ENCSR000FJH/,0,0,0,0,0,0,0,0,0,1
ENCFF001RUV,/experiments/ENCSR000FJH/,0,0,0,0,0,0,0,0,0,1
ENCFF001RUY,/experiments/ENCSR000FJH/,0,0,0,0,0,0,0,0,0,1
ENCFF001RUU,/experiments/ENCSR000FJH/,0,0,0,0,0,0,0,0,0,1
ENCFF001RUX,/experiments/ENCSR000FJH/,0,0,0,0,0,0,0,0,0,1
ENCFF001RVK,/experiments/ENCSR000FJL/,0,0,0,0,0,0,1,0,1,0
ENCFF002EUX,/experiments/ENCSR000FJL/,0,0,0,0,0,0,1,0,1,0
ENCFF002EVA,/experiments/ENCSR000FJL/,0,0,0,0,0,0,1,0,1,0
ENCFF001RVM,/experiments/ENCSR000FJL/,0,0,0,0,0,0,1,0,1,0
ENCFF002EUZ,/experiments/ENCSR000FJL/,0,0,0,0,0,0,1,0,1,0
ENCFF227TUM,/experiments/ENCSR001QTZ/,0,0,0,1,0,1,0,0,0,0
ENCFF756YES,/experiments/ENCSR001QTZ/,0,0,0,1,0,1,0,0,0,0
ENCFF882VMA,/experiments/ENCSR002IHL/,0,0,0,0,0,0,1,0,0,0
ENCFF712UXR,/experiments/ENCSR002IHL/,0,0,0,0,0,0,1,0,0,0
ENCFF434DXV,/experiments/ENCSR002IHL/,0,0,0,0,0,0,1,0,0,0
ENCFF449JFT,/experiments/ENCSR004SUL/,1,0,1,0,0,0,0,0,0,0
ENCFF918ZIA,/experiments/ENCSR004SUL/,1,0,1,0,0,0,0,0,0,0
ENCFF187SIH,/experiments/ENCSR004SUL/,1,0,1,0,0,0,0,0,0,0
ENCFF608YCF,/experiments/ENCSR004SUL/,1,0,1,0,0,0,0,0,0,0
ENCFF651MHC,/experiments/ENCSR004SUL/,1,0,1,0,0,0,0,0,0,0
ENCFF741UCB,/experiments/ENCSR005WPU/,1,1,0,0,0,1,0,0,0,0
ENCFF610LLQ,/experiments/ENCSR005WPU/,1,1,0,0,0,1,0,0,0,0
ENCFF755MDA,/experiments/ENCSR005WPU/,1,1,0,0,0,1,0,0,0,0
ENCFF069XLI,/experiments/ENCSR005WPU/,1,1,0,0,0,1,0,0,0,0
ENCFF338XTC,/experiments/ENCSR005WPU/,1,1,0,0,0,1,0,0,0,0
ENCFF991DRW,/experiments/ENCSR005WPU/,1,1,0,0,0,1,0,0,0,0
ENCFF818ELP,/experiments/ENCSR005WPU/,1,1,0,0,0,1,0,0,0,0
ENCFF023RRP,/experiments/ENCSR005WPU/,1,1,0,0,0,1,0,0,0,0
ENCFF902EAK,/experiments/ENCSR006DKF/,0,0,0,0,0,0,0,0,0,0
ENCFF633GFB,/experiments/ENCSR006DKF/,0,0,0,0,0,0,0,0,0,0
ENCFF644EGB,/experiments/ENCSR006DKF/,0,0,0,0,0,0,0,0,0,0
ENCFF151JHV,/experiments/ENCSR006DKF/,0,0,0,0,0,0,0,0,0,0
ENCFF015ZRR,/experiments/ENCSR006IJP/,0,0,0,1,0,0,0,0,1,1
ENCFF017AWK,/experiments/ENCSR006IJP/,0,0,0,1,0,0,0,0,1,1
ENCFF952LQK,/experiments/ENCSR006IMH/,0,0,1,1,1,0,0,1,0,0
ENCFF855FUM,/experiments/ENCSR006IMH/,0,0,1,1,1,0,0,1,0,0
ENCFF443PKI,/experiments/ENCSR006MAW/,1,0,1,0,0,0,0,0,0,0
ENCFF253WMD,/experiments/ENCSR006MAW/,1,0,1,0,0,0,0,0,0,0
ENCFF641TVF,/experiments/ENCSR006XED/,0,0,1,1,0,0,0,0,1,0
ENCFF238XAP,/experiments/ENCSR006XFA/,0,0,0,0,0,0,0,0,0,0
ENCFF926TGY,/experiments/ENCSR006XFA/,0,0,0,0,0,0,0,0,0,0
ENCFF600CLF,/experiments/ENCSR006XFA/,0,0,0,0,0,0,0,0,0,0
ENCFF857JQY,/experiments/ENCSR009KWQ/,0,1,0,0,0,0,1,0,0,0
ENCFF164WVX,/experiments/ENCSR009KWQ/,0,1,0,0,0,0,1,0,0,0
ENCFF894SME,/experiments/ENCSR009KWQ/,0,1,0,0,0,0,1,0,0,0
ENCFF895JZT,/experiments/ENCSR009KWQ/,0,1,0,0,0,0,1,0,0,0
ENCFF240XUZ,/experiments/ENCSR009MDC/,0,0,0,0,0,0,1,0,0,0
ENCFF397ZQH,/experiments/ENCSR009MDC/,0,0,0,0,0,0,1,0,0,0
ENCFF582FAU,/experiments/ENCSR010SZN/,0,0,1,1,1,0,0,0,0,0
ENCFF996DBS,/experiments/ENCSR010SZN/,0,0,1,1,1,0,0,0,0,0
ENCFF507CIW,/experiments/ENCSR010TMX/,0,0,0,0,0,1,0,0,1,0
ENCFF454NUV,/experiments/ENCSR010ZMK/,0,0,0,0,0,0,0,0,0,0
ENCFF252AFY,/experiments/ENCSR010ZMK/,0,0,0,0,0,0,0,0,0,0
ENCFF520SFG,/experiments/ENCSR010ZMK/,0,0,0,0,0,0,0,0,0,0
ENCFF501QUJ,/experiments/ENCSR010ZMK/,0,0,0,0,0,0,0,0,0,0
ENCFF997IAN,/experiments/ENCSR010ZMK/,0,0,0,0,0,0,0,0,0,0
ENCFF330JKT,/experiments/ENCSR011SAG/,0,0,0,0,0,0,0,0,1,1
ENCFF168YAQ,/experiments/ENCSR011SAG/,0,0,0,0,0,0,0,0,1,1
ENCFF272JYC,/experiments/ENCSR011VHK/,0,0,1,1,0,0,0,0,0,0
ENCFF016XBG,/experiments/ENCSR011VHK/,0,0,1,1,0,0,0,0,0,0
ENCFF265UWC,/experiments/ENCSR011VJK/,0,0,0,0,1,1,0,0,1,0
ENCFF624LIO,/experiments/ENCSR011VJK/,0,0,0,0,1,1,0,0,1,0
ENCFF863FVV,/experiments/ENCSR011VJK/,0,0,0,0,1,1,0,0,1,0
ENCFF287PVQ,/experiments/ENCSR012RCX/,1,0,1,0,1,0,0,1,0,0
ENCFF371ZED,/experiments/ENCSR012RCX/,1,0,1,0,1,0,0,1,0,0
ENCFF118UOB,/experiments/ENCSR014FPY/,1,0,0,0,0,0,1,1,0,0
ENCFF621NYG,/experiments/ENCSR014GTH/,0,1,0,1,1,0,0,1,0,1
ENCFF137CYD,/experiments/ENCSR014GTH/,0,1,0,1,1,0,0,1,0,1
ENCFF315MYE,/experiments/ENCSR014GTH/,0,1,0,1,1,0,0,1,0,1
ENCFF389ZNS,/experiments/ENCSR014SFF/,0,0,0,0,0,0,0,0,1,0
ENCFF140RBF,/experiments/ENCSR014SFF/,0,0,0,0,0,0,0,0,1,0
ENCFF783TOY,/experiments/ENCSR014SFF/,0,0,0,0,0,0,0,0,1,0
ENCFF875LYD,/experiments/ENCSR014SFF/,0,0,0,0,0,0,0,0,1,0
ENCFF102SFO,/experiments/ENCSR014VAC/,0,0,1,0,0,0,0,0,0,0
ENCFF073KRY,/experiments/ENCSR014VAC/,0,0,1,0,0,0,0,0,0,0
ENCFF709HXO,/experiments/ENCSR014VAC/,0,0,1,0,0,0,0,0,0,0
ENCFF026ZGL,/experiments/ENCSR015BGH/,1,0,0,0,0,1,0,1,0,1
ENCFF492MYK,/experiments/ENCSR015BGH/,1,0,0,0,0,1,0,1,0,1
ENCFF834QQS,/experiments/ENCSR015BGH/,1,0,0,0,0,1,0,1,0,1
ENCFF081FXX,/experiments/ENCSR015FZF/,0,0,0,1,0,0,0,1,0,0
ENCFF601LYG,/experiments/ENCSR016THC/,0,0,0,0,0,0,0,0,1,0
ENCFF423HOT,/experiments/ENCSR016THC/,0,0,0,0,0,0,0,0,1,0
ENCFF544DPT,/experiments/ENCSR016THC/,0,0,0,0,0,0,0,0,1,0
ENCFF477XJY,/experiments/ENCSR017OZH/,1,0,0,0,0,1,0,0,0,0
ENCFF828ANR,/experiments/ENCSR017OZH/,1,0,0,0,0,1,0,0,0,0
ENCFF672UYS,/experiments/ENCSR017OZH/,1,0,0,0,0,1,0,0,0,0
ENCFF996SRQ,/experiments/ENCSR017OZH/,1,0,0,0,0,1,0,0,0,0
ENCFF478BEX,/experiments/ENCSR017OZH/,1,0,0,0,0,1,0,0,0,0
ENCFF259QFW,/experiments/ENCSR017OZH/,1,0,0,0,0,1,0,0,0,0
ENCFF877XFO,/experiments/ENCSR017OZH/,1,0,0,0,0,1,0,0,0,0
ENCFF515FZH,/experiments/ENCSR017OZH/,1,0,0,0,0,1,0,0,0,0
ENCFF701NWS,/experiments/ENCSR017SBI/,0,0,0,1,0,0,0,0,0,0
ENCFF509UEK,/experiments/ENCSR017SBI/,0,0,0,1,0,0,0,0,0,0
ENCFF047CIP,/experiments/ENCSR017TAB/,0,0,0,1,0,1,0,0,0,0
ENCFF381TKC,/experiments/ENCSR017TAB/,0,0,0,1,0,1,0,0,0,0
ENCFF468LUI,/experiments/ENCSR017TFH/,0,0,1,0,0,0,1,0,0,0
ENCFF944VQR,/experiments/ENCSR018FXD/,0,0,0,0,0,0,0,1,0,0
ENCFF459BOX,/experiments/ENCSR018FXD/,0,0,0,0,0,0,0,1,0,0
ENCFF664OQR,/experiments/ENCSR019JDO/,0,0,0,0,1,0,0,0,0,0
ENCFF530MHI,/experiments/ENCSR019JDO/,0,0,0,0,1,0,0,0,0,0
ENCFF183MGA,/experiments/ENCSR019JDO/,0,0,0,0,1,0,0,0,0,0
ENCFF229LSI,/experiments/ENCSR019JDO/,0,0,0,0,1,0,0,0,0,0
ENCFF158QNF,/experiments/ENCSR019JDO/,0,0,0,0,1,0,0,0,0,0
ENCFF141EDB,/experiments/ENCSR019MZH/,0,0,1,0,0,1,0,0,0,0
ENCFF370BGP,/experiments/ENCSR020LUD/,0,1,0,0,0,0,0,0,0,0
ENCFF119QNS,/experiments/ENCSR020LUD/,0,1,0,0,0,0,0,0,0,0
ENCFF752YDO,/experiments/ENCSR020LUD/,0,1,0,0,0,0,0,0,0,0
ENCFF362KIJ,/experiments/ENCSR020LUD/,0,1,0,0,0,0,0,0,0,0
ENCFF456GLQ,/experiments/ENCSR021IRX/,0,0,1,0,1,0,0,0,0,0
ENCFF910SYG,/experiments/ENCSR021IRX/,0,0,1,0,1,0,0,0,0,0
ENCFF975DIL,/experiments/ENCSR021IRX/,0,0,1,0,1,0,0,0,0,0
ENCFF790RKJ,/experiments/ENCSR021IRX/,0,0,1,0,1,0,0,0,0,0
ENCFF558WAQ,/experiments/ENCSR021LAC/,0,0,0,0,0,1,0,1,0,0
ENCFF900EHP,/experiments/ENCSR021LAC/,0,0,0,0,0,1,0,1,0,0
ENCFF410ABF,/experiments/ENCSR021LAC/,0,0,0,0,0,1,0,1,0,0
ENCFF604MII,/experiments/ENCSR021LAC/,0,0,0,0,0,1,0,1,0,0
ENCFF314SOH,/experiments/ENCSR021NVL/,0,0,0,0,1,1,0,1,0,0
ENCFF614JVN,/experiments/ENCSR021NVL/,0,0,0,0,1,1,0,1,0,0
ENCFF809DAR,/experiments/ENCSR021YFW/,0,0,0,0,0,0,1,1,0,0
ENCFF388SVC,/experiments/ENCSR021YFW/,0,0,0,0,0,0,1,1,0,0
ENCFF768QSF,/experiments/ENCSR021YHN/,0,0,0,0,0,0,1,0,0,0
ENCFF454JCK,/experiments/ENCSR021YHN/,0,0,0,0,0,0,1,0,0,0
ENCFF122RJX,/experiments/ENCSR021YHN/,0,0,0,0,0,0,1,0,0,0
ENCFF640IEE,/experiments/ENCSR021YHN/,0,0,0,0,0,0,1,0,0,0
ENCFF887JZC,/experiments/ENCSR022ECC/,1,1,0,0,0,0,0,1,0,0
ENCFF457FVL,/experiments/ENCSR022ECC/,1,1,0,0,0,0,0,1,0,0
ENCFF923WAX,/experiments/ENCSR022UVL/,0,1,0,0,0,0,0,0,0,1
ENCFF428GQE,/experiments/ENCSR022UVL/,0,1,0,0,0,0,0,0,0,1
ENCFF217ECP,/experiments/ENCSR022UVL/,0,1,0,0,0,0,0,0,0,1
ENCFF078NUU,/experiments/ENCSR023EDS/,0,1,0,0,0,0,0,0,0,0
ENCFF338EKA,/experiments/ENCSR023EDS/,0,1,0,0,0,0,0,0,0,0
ENCFF803TZS,/experiments/ENCSR023EDS/,0,1,0,0,0,0,0,0,0,0
ENCFF176WBF,/experiments/ENCSR023EDS/,0,1,0,0,0,0,0,0,0,0
ENCFF975MAK,/experiments/ENCSR024BXN/,0,0,0,0,1,0,0,0,1,1
ENCFF839PUF,/experiments/ENCSR024BXN/,0,0,0,0,1,0,0,0,1,1
ENCFF506BYQ,/experiments/ENCSR025BWH/,0,0,0,0,0,0,0,0,0,0
ENCFF054EFW,/experiments/ENCSR025BWH/,0,0,0,0,0,0,0,0,0,0
ENCFF829FPX,/experiments/ENCSR025EYJ/,1,0,1,0,0,0,0,0,0,0
ENCFF479HXS,/experiments/ENCSR026EOM/,0,0,1,0,0,0,0,0,1,0
ENCFF460YEJ,/experiments/ENCSR026EOM/,0,0,1,0,0,0,0,0,1,0
ENCFF799LPZ,/experiments/ENCSR026MFT/,0,0,0,0,0,0,0,0,1,0
ENCFF869OVX,/experiments/ENCSR026MFT/,0,0,0,0,0,0,0,0,1,0
ENCFF125TYI,/experiments/ENCSR026MFT/,0,0,0,0,0,0,0,0,1,0
ENCFF230LZH,/experiments/ENCSR026MFT/,0,0,0,0,0,0,0,0,1,0
ENCFF673XPY,/experiments/ENCSR026MFT/,0,0,0,0,0,0,0,0,1,0
ENCFF718ABU,/experiments/ENCSR026MFT/,0,0,0,0,0,0,0,0,1,0
ENCFF036WMG,/experiments/ENCSR029GTO/,0,1,0,0,0,0,0,0,0,1
ENCFF575WGP,/experiments/ENCSR029GTO/,0,1,0,0,0,0,0,0,0,1
ENCFF065UJO,/experiments/ENCSR029GTO/,0,1,0,0,0,0,0,0,0,1
ENCFF127IYL,/experiments/ENCSR029GTO/,0,1,0,0,0,0,0,0,0,1
ENCFF709GLA,/experiments/ENCSR030HFV/,0,0,0,0,0,0,0,0,0,1
ENCFF537ZZS,/experiments/ENCSR030HFV/,0,0,0,0,0,0,0,0,0,1
ENCFF194HHU,/experiments/ENCSR030HFV/,0,0,0,0,0,0,0,0,0,1
ENCFF870TBQ,/experiments/ENCSR030HFV/,0,0,0,0,0,0,0,0,0,1
ENCFF177WFW,/experiments/ENCSR032NNU/,0,0,1,0,0,1,0,0,0,0
ENCFF217FJV,/experiments/ENCSR032NNU/,0,0,1,0,0,1,0,0,0,0
ENCFF171ADA,/experiments/ENCSR032NNU/,0,0,1,0,0,1,0,0,0,0
ENCFF018ZYC,/experiments/ENCSR033DQS/,0,1,0,0,1,1,0,0,1,0
ENCFF667LLC,/experiments/ENCSR033DQS/,0,1,0,0,1,1,0,0,1,0
ENCFF843QNZ,/experiments/ENCSR033DQS/,0,1,0,0,1,1,0,0,1,0
ENCFF635TUS,/experiments/ENCSR033STL/,1,0,0,0,1,0,0,0,0,0
ENCFF972LVN,/experiments/ENCSR033STL/,1,0,0,0,1,0,0,0,0,0
ENCFF900QFT,/experiments/ENCSR035JYT/,0,0,1,1,0,0,1,0,0,0
ENCFF882MYT,/experiments/ENCSR035JYT/,0,0,1,1,0,0,1,0,0,0
ENCFF846AIJ,/experiments/ENCSR035JYT/,0,0,1,1,0,0,1,0,0,0
ENCFF168FYO,/experiments/ENCSR035JYT/,0,0,1,1,0,0,1,0,0,0
ENCFF891RXL,/experiments/ENCSR035JYT/,0,0,1,1,0,0,1,0,0,0
ENCFF906LAI,/experiments/ENCSR035JYT/,0,0,1,1,0,0,1,0,0,0
ENCFF046BPL,/experiments/ENCSR035JYT/,0,0,1,1,0,0,1,0,0,0
ENCFF216FFU,/experiments/ENCSR035JYT/,0,0,1,1,0,0,1,0,0,0
ENCFF601IAH,/experiments/ENCSR035QHH/,0,0,0,0,0,0,0,0,0,1
ENCFF966YBT,/experiments/ENCSR035QHH/,0,0,0,0,0,0,0,0,0,1
ENCFF663KNC,/experiments/ENCSR035QHH/,0,0,0,0,0,0,0,0,0,1
ENCFF511GHD,/experiments/ENCSR035QHH/,0,0,0,0,0,0,0,0,0,1
ENCFF568UXI,/experiments/ENCSR035RVH/,0,1,0,0,0,0,1,0,0,0
ENCFF457CHS,/experiments/ENCSR035RVH/,0,1,0,0,0,0,1,0,0,0
ENCFF811RDN,/experiments/ENCSR035RVH/,0,1,0,0,0,0,1,0,0,0
ENCFF537QTE,/experiments/ENCSR035RVH/,0,1,0,0,0,0,1,0,0,0
ENCFF951RBN,/experiments/ENCSR035RVH/,0,1,0,0,0,0,1,0,0,0
ENCFF144PQT,/experiments/ENCSR035RVH/,0,1,0,0,0,0,1,0,0,0
ENCFF149ACZ,/experiments/ENCSR035SZE/,0,1,0,0,0,0,1,0,0,0
ENCFF597OIM,/experiments/ENCSR036ELY/,0,0,0,1,1,0,0,0,0,1
ENCFF326JUK,/experiments/ENCSR036VRV/,0,1,0,0,1,0,0,0,0,0
ENCFF174IBQ,/experiments/ENCSR036VRV/,0,1,0,0,1,0,0,0,0,0
ENCFF061BEJ,/experiments/ENCSR037PGI/,0,0,0,1,0,1,0,0,0,0
ENCFF869PWD,/experiments/ENCSR037PGI/,0,0,0,1,0,1,0,0,0,0
ENCFF408GKR,/experiments/ENCSR037PGI/,0,0,0,1,0,1,0,0,0,0
ENCFF032DMB,/experiments/ENCSR037PGI/,0,0,0,1,0,1,0,0,0,0
ENCFF926RTB,/experiments/ENCSR037PGI/,0,0,0,1,0,1,0,0,0,0
ENCFF667GXL,/experiments/ENCSR037PGI/,0,0,0,1,0,1,0,0,0,0
ENCFF702GVX,/experiments/ENCSR037PGI/,0,0,0,1,0,1,0,0,0,0
ENCFF323QSL,/experiments/ENCSR037PGI/,0,0,0,1,0,1,0,0,0,0
ENCFF695HHF,/experiments/ENCSR037PIU/,0,0,0,0,0,0,0,0,1,0
ENCFF572KDX,/experiments/ENCSR037PIU/,0,0,0,0,0,0,0,0,1,0
ENCFF644RXB,/experiments/ENCSR038POV/,0,0,0,0,0,0,0,0,0,0
ENCFF186CHP,/experiments/ENCSR038POV/,0,0,0,0,0,0,0,0,0,0
ENCFF836XGP,/experiments/ENCSR038XTK/,0,0,0,1,1,0,0,0,0,0
ENCFF473KCI,/experiments/ENCSR038XTK/,0,0,0,1,1,0,0,0,0,0
ENCFF883RLQ,/experiments/ENCSR038XTK/,0,0,0,1,1,0,0,0,0,0
ENCFF914JWU,/experiments/ENCSR038XTK/,0,0,0,1,1,0,0,0,0,0
ENCFF257NUA,/experiments/ENCSR038XTK/,0,0,0,1,1,0,0,0,0,0
ENCFF237ZRF,/experiments/ENCSR038XTK/,0,0,0,1,1,0,0,0,0,0
ENCFF696PPG,/experiments/ENCSR038XTK/,0,0,0,1,1,0,0,0,0,0
ENCFF381HRG,/experiments/ENCSR038XTK/,0,0,0,1,1,0,0,0,0,0
ENCFF476BPN,/experiments/ENCSR038XTK/,0,0,0,1,1,0,0,0,0,0
ENCFF415FXL,/experiments/ENCSR039FQF/,0,0,0,0,0,1,0,0,1,1
ENCFF262YKR,/experiments/ENCSR039FQF/,0,0,0,0,0,1,0,0,1,1
ENCFF072IHB,/experiments/ENCSR039ZVQ/,1,0,1,0,0,1,0,0,0,0
ENCFF024ZWA,/experiments/ENCSR039ZVQ/,1,0,1,0,0,1,0,0,0,0
ENCFF746WCF,/experiments/ENCSR040DGJ/,1,0,0,0,0,1,0,1,0,1
ENCFF180UOP,/experiments/ENCSR041PCL/,0,0,0,0,0,0,0,0,0,0
ENCFF685UQK,/experiments/ENCSR041PCL/,0,0,0,0,0,0,0,0,0,0
ENCFF703RTZ,/experiments/ENCSR042DVU/,0,0,0,0,0,0,0,1,0,0
ENCFF299YYS,/experiments/ENCSR042DVU/,0,0,0,0,0,0,0,1,0,0
ENCFF760NEL,/experiments/ENCSR042WQA/,0,0,0,0,0,0,0,1,0,0
ENCFF979UBN,/experiments/ENCSR042WQA/,0,0,0,0,0,0,0,1,0,0
ENCFF955IBV,/experiments/ENCSR044JIR/,0,0,0,0,1,0,0,1,0,0
ENCFF621VBU,/experiments/ENCSR047FNH/,0,0,0,0,0,0,0,0,0,0
ENCFF518XRO,/experiments/ENCSR047FNH/,0,0,0,0,0,0,0,0,0,0
ENCFF106QMW,/experiments/ENCSR049ACM/,0,0,0,1,1,1,0,0,0,0
ENCFF152OHV,/experiments/ENCSR049ACM/,0,0,0,1,1,1,0,0,0,0
ENCFF082VRH,/experiments/ENCSR049ACM/,0,0,0,1,1,1,0,0,0,0
ENCFF482UYZ,/experiments/ENCSR049ACM/,0,0,0,1,1,1,0,0,0,0
ENCFF253KWF,/experiments/ENCSR049SVH/,0,0,0,0,0,0,0,0,0,1
ENCFF622RDP,/experiments/ENCSR049SVH/,0,0,0,0,0,0,0,0,0,1
ENCFF157LJF,/experiments/ENCSR050VTC/,0,0,0,1,1,1,0,1,0,1
ENCFF275UFF,/experiments/ENCSR051CYH/,0,1,0,0,0,0,1,0,0,0
ENCFF662RNT,/experiments/ENCSR052AWE/,0,0,0,0,0,0,1,0,0,1
ENCFF736IUT,/experiments/ENCSR052AWE/,0,0,0,0,0,0,1,0,0,1
ENCFF303UIF,/experiments/ENCSR052AWE/,0,0,0,0,0,0,1,0,0,1
ENCFF136VBY,/experiments/ENCSR052AWE/,0,0,0,0,0,0,1,0,0,1
ENCFF221WIP,/experiments/ENCSR052AWE/,0,0,0,0,0,0,1,0,0,1
ENCFF128BDD,/experiments/ENCSR052AWE/,0,0,0,0,0,0,1,0,0,1
ENCFF479JOE,/experiments/ENCSR053ZKP/,0,1,0,1,0,1,0,0,0,0
ENCFF531YKA,/experiments/ENCSR053ZKP/,0,1,0,1,0,1,0,0,0,0
ENCFF859WBE,/experiments/ENCSR056PFI/,0,0,0,0,0,1,0,0,0,0
ENCFF907SYU,/experiments/ENCSR056PFI/,0,0,0,0,0,1,0,0,0,0
ENCFF492ELQ,/experiments/ENCSR057GPV/,0,0,0,0,0,0,0,0,1,0
ENCFF666BWM,/experiments/ENCSR057GPV/,0,0,0,0,0,0,0,0,1,0
ENCFF690VGZ,/experiments/ENCSR058ELM/,1,1,0,0,0,0,0,0,0,0
ENCFF230TEP,/experiments/ENCSR058ELM/,1,1,0,0,0,0,0,0,0,0
ENCFF722ELZ,/experiments/ENCSR058VBM/,0,0,0,0,0,0,1,1,0,0
ENCFF298VQX,/experiments/ENCSR058VBM/,0,0,0,0,0,0,1,1,0,0
ENCFF664KVC,/experiments/ENCSR058VBM/,0,0,0,0,0,0,1,1,0,0
ENCFF970JNT,/experiments/ENCSR059ETS/,0,0,0,0,0,0,0,0,1,1
ENCFF792GBS,/experiments/ENCSR059ETS/,0,0,0,0,0,0,0,0,1,1
ENCFF289VMW,/experiments/ENCSR059LXL/,1,0,0,0,0,0,0,0,0,1
ENCFF401RGR,/experiments/ENCSR059LXL/,1,0,0,0,0,0,0,0,0,1
ENCFF967BSO,/experiments/ENCSR059NIN/,0,1,0,0,1,1,0,0,0,0
ENCFF094HBN,/experiments/ENCSR059NIN/,0,1,0,0,1,1,0,0,0,0
ENCFF115KDA,/experiments/ENCSR059NIN/,0,1,0,0,1,1,0,0,0,0
ENCFF436WHV,/experiments/ENCSR059VAQ/,0,0,0,1,1,1,0,0,0,0
ENCFF083JBX,/experiments/ENCSR059VAQ/,0,0,0,1,1,1,0,0,0,0
ENCFF013ZZR,/experiments/ENCSR059VAQ/,0,0,0,1,1,1,0,0,0,0
ENCFF510JLR,/experiments/ENCSR059VAQ/,0,0,0,1,1,1,0,0,0,0
ENCFF801YES,/experiments/ENCSR060ALG/,1,0,0,1,0,0,0,0,0,0
ENCFF785TIO,/experiments/ENCSR060ALG/,1,0,0,1,0,0,0,0,0,0
ENCFF704TWT,/experiments/ENCSR060ALG/,1,0,0,1,0,0,0,0,0,0
ENCFF972GUR,/experiments/ENCSR060BFU/,1,0,0,0,0,0,1,1,0,0
ENCFF953QYX,/experiments/ENCSR060BFU/,1,0,0,0,0,0,1,1,0,0
ENCFF627NJR,/experiments/ENCSR060BFU/,1,0,0,0,0,0,1,1,0,0
ENCFF266RZG,/experiments/ENCSR060HPL/,0,1,0,1,0,0,0,0,0,1
ENCFF399GZQ,/experiments/ENCSR060HPL/,0,1,0,1,0,0,0,0,0,1
ENCFF830JLH,/experiments/ENCSR060MJY/,0,0,0,0,0,0,0,0,0,0
ENCFF134ZVI,/experiments/ENCSR060MJY/,0,0,0,0,0,0,0,0,0,0
ENCFF953IEW,/experiments/ENCSR060MJY/,0,0,0,0,0,0,0,0,0,0
ENCFF637UNR,/experiments/ENCSR060TTR/,0,0,0,0,0,0,0,0,1,0
ENCFF934FEU,/experiments/ENCSR060UPU/,0,0,0,0,0,0,0,0,0,1
ENCFF121TJY,/experiments/ENCSR060UPU/,0,0,0,0,0,0,0,0,0,1
ENCFF188RWV,/experiments/ENCSR060ZXQ/,0,0,0,0,1,1,0,0,1,0
ENCFF453WYS,/experiments/ENCSR061TLH/,1,0,1,0,0,0,0,0,0,0
ENCFF061LIB,/experiments/ENCSR061TLH/,1,0,1,0,0,0,0,0,0,0
ENCFF121DZH,/experiments/ENCSR061TLH/,1,0,1,0,0,0,0,0,0,0
ENCFF849HIM,/experiments/ENCSR061TLH/,1,0,1,0,0,0,0,0,0,0
ENCFF963UQR,/experiments/ENCSR062DUU/,0,0,0,0,0,1,0,0,1,1
ENCFF728TEN,/experiments/ENCSR062DUU/,0,0,0,0,0,1,0,0,1,1
ENCFF784NTC,/experiments/ENCSR062DXC/,0,1,0,0,0,0,0,0,0,0
ENCFF350TJS,/experiments/ENCSR062DXC/,0,1,0,0,0,0,0,0,0,0
ENCFF163YUT,/experiments/ENCSR062DXC/,0,1,0,0,0,0,0,0,0,0
ENCFF165LIK,/experiments/ENCSR062DXC/,0,1,0,0,0,0,0,0,0,0
ENCFF353FEG,/experiments/ENCSR062DXC/,0,1,0,0,0,0,0,0,0,0
ENCFF252UQF,/experiments/ENCSR062DXC/,0,1,0,0,0,0,0,0,0,0
ENCFF311OBU,/experiments/ENCSR064GBK/,0,1,0,0,0,0,0,0,1,0
ENCFF106CPX,/experiments/ENCSR064GBK/,0,1,0,0,0,0,0,0,1,0
ENCFF923BVC,/experiments/ENCSR064GBK/,0,1,0,0,0,0,0,0,1,0
ENCFF007SPW,/experiments/ENCSR064GBK/,0,1,0,0,0,0,0,0,1,0
ENCFF452AYP,/experiments/ENCSR064GBK/,0,1,0,0,0,0,0,0,1,0
ENCFF818HRF,/experiments/ENCSR066DPD/,1,0,0,0,0,0,0,1,0,0
ENCFF425GAN,/experiments/ENCSR066DPD/,1,0,0,0,0,0,0,1,0,0
ENCFF844JIP,/experiments/ENCSR066DPD/,1,0,0,0,0,0,0,1,0,0
ENCFF775SHK,/experiments/ENCSR066DPD/,1,0,0,0,0,0,0,1,0,0
ENCFF565BAV,/experiments/ENCSR066DPD/,1,0,0,0,0,0,0,1,0,0
ENCFF498XBD,/experiments/ENCSR066WZJ/,0,1,0,0,0,0,0,0,0,0
ENCFF341NUH,/experiments/ENCSR066WZJ/,0,1,0,0,0,0,0,0,0,0
ENCFF768YIX,/experiments/ENCSR066WZJ/,0,1,0,0,0,0,0,0,0,0
ENCFF642ZEF,/experiments/ENCSR066WZJ/,0,1,0,0,0,0,0,0,0,0
ENCFF370WUH,/experiments/ENCSR068KDQ/,0,0,0,0,0,0,0,0,0,0
ENCFF468EPD,/experiments/ENCSR068KDQ/,0,0,0,0,0,0,0,0,0,0
ENCFF459UNR,/experiments/ENCSR068MCK/,0,0,1,0,0,0,1,0,0,0
ENCFF161SVW,/experiments/ENCSR068MCK/,0,0,1,0,0,0,1,0,0,0
ENCFF698DIH,/experiments/ENCSR069ICJ/,0,1,0,0,0,0,0,0,0,0
ENCFF036SUI,/experiments/ENCSR069ICJ/,0,1,0,0,0,0,0,0,0,0
ENCFF497RAM,/experiments/ENCSR069ICJ/,0,1,0,0,0,0,0,0,0,0
ENCFF305QSJ,/experiments/ENCSR070CMW/,1,0,0,0,0,0,0,0,0,0
ENCFF402BOK,/experiments/ENCSR070CMW/,1,0,0,0,0,0,0,0,0,0
ENCFF216MSZ,/experiments/ENCSR072NBR/,0,0,0,0,0,0,0,0,0,0
ENCFF819IAH,/experiments/ENCSR073YXT/,0,1,0,0,0,0,1,0,1,0
ENCFF599GPU,/experiments/ENCSR073YXT/,0,1,0,0,0,0,1,0,1,0
ENCFF126BQC,/experiments/ENCSR074RIB/,1,1,0,0,0,0,0,1,0,0
ENCFF255SWS,/experiments/ENCSR074RIB/,1,1,0,0,0,0,0,1,0,0
ENCFF560WSP,/experiments/ENCSR074RIB/,1,1,0,0,0,0,0,1,0,0
ENCFF033IQT,/experiments/ENCSR074RIB/,1,1,0,0,0,0,0,1,0,0
ENCFF143BEF,/experiments/ENCSR075MQZ/,0,0,1,0,0,1,0,0,0,0
ENCFF389NDR,/experiments/ENCSR076YBB/,0,0,1,0,0,1,0,0,0,0
ENCFF211UDW,/experiments/ENCSR077EYC/,1,0,0,0,0,1,0,0,0,0
ENCFF182HDJ,/experiments/ENCSR077EYC/,1,0,0,0,0,1,0,0,0,0
ENCFF571DBJ,/experiments/ENCSR077EYC/,1,0,0,0,0,1,0,0,0,0
ENCFF692PJP,/experiments/ENCSR077EYC/,1,0,0,0,0,1,0,0,0,0
ENCFF383UOZ,/experiments/ENCSR078JJT/,0,1,0,1,0,1,0,0,0,0
ENCFF121SPR,/experiments/ENCSR078JJT/,0,1,0,1,0,1,0,0,0,0
ENCFF452SYM,/experiments/ENCSR080ISA/,0,0,0,0,0,0,0,1,0,0
ENCFF591BAX,/experiments/ENCSR080ISA/,0,0,0,0,0,0,0,1,0,0
ENCFF741TTG,/experiments/ENCSR080ISA/,0,0,0,0,0,0,0,1,0,0
ENCFF206TOI,/experiments/ENCSR080PZL/,0,1,0,0,1,0,0,1,0,0
ENCFF129QFX,/experiments/ENCSR080PZL/,0,1,0,0,1,0,0,1,0,0
ENCFF482LXG,/experiments/ENCSR082JCE/,0,0,0,0,0,0,0,0,0,1
ENCFF502DNL,/experiments/ENCSR082JCE/,0,0,0,0,0,0,0,0,0,1
ENCFF070UTC,/experiments/ENCSR082JCE/,0,0,0,0,0,0,0,0,0,1
ENCFF707BGK,/experiments/ENCSR082PDJ/,1,0,1,0,0,0,0,0,1,1
ENCFF802BTC,/experiments/ENCSR082PDJ/,1,0,1,0,0,0,0,0,1,1
ENCFF239ACE,/experiments/ENCSR082PDJ/,1,0,1,0,0,0,0,0,1,1
ENCFF288CYZ,/experiments/ENCSR082XEU/,0,0,0,0,0,0,0,0,1,0
ENCFF644PKR,/experiments/ENCSR082XEU/,0,0,0,0,0,0,0,0,1,0
ENCFF727OLN,/experiments/ENCSR082XEU/,0,0,0,0,0,0,0,0,1,0
ENCFF595GZR,/experiments/ENCSR083FBK/,0,0,0,0,0,0,0,0,0,0
ENCFF730TWK,/experiments/ENCSR083FBK/,0,0,0,0,0,0,0,0,0,0
ENCFF347TOL,/experiments/ENCSR083HYP/,0,0,1,0,0,0,0,0,0,0
ENCFF335IDA,/experiments/ENCSR083HYP/,0,0,1,0,0,0,0,0,0,0
ENCFF002EQD,/experiments/ENCSR083STA/,0,0,0,0,0,0,0,1,0,0
ENCFF002EQB,/experiments/ENCSR083STA/,0,0,0,0,0,0,0,1,0,0
ENCFF002EPY,/experiments/ENCSR083STA/,0,0,0,0,0,0,0,1,0,0
ENCFF002EPZ,/experiments/ENCSR083STA/,0,0,0,0,0,0,0,1,0,0
ENCFF002EQF,/experiments/ENCSR083STA/,0,0,0,0,0,0,0,1,0,0
ENCFF766QCD,/experiments/ENCSR084EBB/,0,0,1,0,0,0,0,1,0,1
ENCFF197LCY,/experiments/ENCSR084EBB/,0,0,1,0,0,0,0,1,0,1
ENCFF842HCP,/experiments/ENCSR084EBB/,0,0,1,0,0,0,0,1,0,1
ENCFF360ZTQ,/experiments/ENCSR084EBB/,0,0,1,0,0,0,0,1,0,1
ENCFF181LVI,/experiments/ENCSR085MZL/,1,0,1,1,1,1,0,0,1,0
ENCFF469OIP,/experiments/ENCSR085MZL/,1,0,1,1,1,1,0,0,1,0
ENCFF288DVQ,/experiments/ENCSR085MZL/,1,0,1,1,1,1,0,0,1,0
ENCFF944BCU,/experiments/ENCSR085XKS/,0,1,0,0,0,0,0,1,0,1
ENCFF851VIK,/experiments/ENCSR085XKS/,0,1,0,0,0,0,0,1,0,1
ENCFF195AYA,/experiments/ENCSR086FTP/,0,0,1,0,0,0,0,0,1,0
ENCFF284TWV,/experiments/ENCSR086PIL/,0,1,0,0,0,1,0,0,0,0
ENCFF474WFU,/experiments/ENCSR086PIL/,0,1,0,0,0,1,0,0,0,0
ENCFF705MYG,/experiments/ENCSR087PCD/,1,0,0,0,0,0,0,0,0,0
ENCFF463ROT,/experiments/ENCSR087PCD/,1,0,0,0,0,0,0,0,0,0
ENCFF759AEA,/experiments/ENCSR087PCD/,1,0,0,0,0,0,0,0,0,0
ENCFF492NPH,/experiments/ENCSR087PCD/,1,0,0,0,0,0,0,0,0,0
ENCFF363YRM,/experiments/ENCSR087SUF/,0,0,0,0,0,0,0,0,0,0
ENCFF679RSI,/experiments/ENCSR087SUF/,0,0,0,0,0,0,0,0,0,0
ENCFF862OJT,/experiments/ENCSR087SUF/,0,0,0,0,0,0,0,0,0,0
ENCFF033TYZ,/experiments/ENCSR087SUF/,0,0,0,0,0,0,0,0,0,0
ENCFF185ZBG,/experiments/ENCSR088WAL/,1,1,0,0,0,0,0,1,0,0
ENCFF929FNI,/experiments/ENCSR088WAL/,1,1,0,0,0,0,0,1,0,0
ENCFF729FUE,/experiments/ENCSR088WAL/,1,1,0,0,0,0,0,1,0,0
ENCFF362AHD,/experiments/ENCSR090IDV/,0,0,1,0,0,0,0,0,0,0
ENCFF076ZTW,/experiments/ENCSR090IDV/,0,0,1,0,0,0,0,0,0,0
ENCFF426JXA,/experiments/ENCSR090RLB/,0,0,1,0,1,0,0,0,0,0
ENCFF371FKU,/experiments/ENCSR090RLB/,0,0,1,0,1,0,0,0,0,0
ENCFF712BIB,/experiments/ENCSR090RLB/,0,0,1,0,1,0,0,0,0,0
ENCFF086QQO,/experiments/ENCSR090RLB/,0,0,1,0,1,0,0,0,0,0
ENCFF741VJQ,/experiments/ENCSR090SMP/,0,0,1,0,0,1,0,0,0,0
ENCFF806MOK,/experiments/ENCSR090SMP/,0,0,1,0,0,1,0,0,0,0
ENCFF365IKX,/experiments/ENCSR090SMP/,0,0,1,0,0,1,0,0,0,0
ENCFF051CBK,/experiments/ENCSR090SMP/,0,0,1,0,0,1,0,0,0,0
ENCFF490TVQ,/experiments/ENCSR092OFK/,0,0,0,0,0,0,0,0,1,0
ENCFF132FDZ,/experiments/ENCSR092OFK/,0,0,0,0,0,0,0,0,1,0
ENCFF205QWU,/experiments/ENCSR092OFK/,0,0,0,0,0,0,0,0,1,0
ENCFF133LXL,/experiments/ENCSR092QSI/,0,0,0,0,0,0,0,1,0,0
ENCFF846XZO,/experiments/ENCSR092QSI/,0,0,0,0,0,0,0,1,0,0
ENCFF776RFT,/experiments/ENCSR092WMD/,0,0,0,0,1,1,0,0,0,0
ENCFF629QCK,/experiments/ENCSR092WMD/,0,0,0,0,1,1,0,0,0,0
ENCFF773VRT,/experiments/ENCSR094XAY/,0,1,0,0,0,0,0,1,0,0
ENCFF097AJI,/experiments/ENCSR094XAY/,0,1,0,0,0,0,0,1,0,0
ENCFF066VLB,/experiments/ENCSR094XAY/,0,1,0,0,0,0,0,1,0,0
ENCFF408OTY,/experiments/ENCSR094XAY/,0,1,0,0,0,0,0,1,0,0
ENCFF128JEO,/experiments/ENCSR094XAY/,0,1,0,0,0,0,0,1,0,0
ENCFF261FEV,/experiments/ENCSR094XAY/,0,1,0,0,0,0,0,1,0,0
ENCFF806MFR,/experiments/ENCSR094XAY/,0,1,0,0,0,0,0,1,0,0
ENCFF149PJC,/experiments/ENCSR094XAY/,0,1,0,0,0,0,0,1,0,0
ENCFF160QCA,/experiments/ENCSR094XAY/,0,1,0,0,0,0,0,1,0,0
ENCFF002DUM,/experiments/ENCSR095GWE/,0,0,0,0,0,0,0,0,0,0
ENCFF002DUH,/experiments/ENCSR095GWE/,0,0,0,0,0,0,0,0,0,0
ENCFF002DUJ,/experiments/ENCSR095GWE/,0,0,0,0,0,0,0,0,0,0
ENCFF002DUL,/experiments/ENCSR095GWE/,0,0,0,0,0,0,0,0,0,0
ENCFF002DUO,/experiments/ENCSR095GWE/,0,0,0,0,0,0,0,0,0,0
ENCFF468OHE,/experiments/ENCSR097AMI/,0,0,0,0,0,0,0,1,0,1
ENCFF002DVL,/experiments/ENCSR097BWW/,0,1,0,1,0,0,0,0,0,1
ENCFF002DUR,/experiments/ENCSR097BWW/,0,1,0,1,0,0,0,0,0,1
ENCFF002DVH,/experiments/ENCSR097BWW/,0,1,0,1,0,0,0,0,0,1
ENCFF002DVJ,/experiments/ENCSR097BWW/,0,1,0,1,0,0,0,0,0,1
ENCFF002DVO,/experiments/ENCSR097BWW/,0,1,0,1,0,0,0,0,0,1
ENCFF002DVM,/experiments/ENCSR097BWW/,0,1,0,1,0,0,0,0,0,1
ENCFF002DUP,/experiments/ENCSR097BWW/,0,1,0,1,0,0,0,0,0,1
ENCFF717ZTI,/experiments/ENCSR097IUF/,1,1,0,0,0,1,0,0,0,1
ENCFF146MPV,/experiments/ENCSR097IUF/,1,1,0,0,0,1,0,0,0,1
ENCFF791ZMZ,/experiments/ENCSR097IUF/,1,1,0,0,0,1,0,0,0,1
ENCFF384KTU,/experiments/ENCSR097IUF/,1,1,0,0,0,1,0,0,0,1
ENCFF451OHD,/experiments/ENCSR097TGW/,0,0,0,0,0,0,1,1,0,0
ENCFF676FWM,/experiments/ENCSR097TGW/,0,0,0,0,0,0,1,1,0,0
ENCFF778NDB,/experiments/ENCSR098GIZ/,0,1,0,0,1,0,1,0,0,0
ENCFF988KGZ,/experiments/ENCSR098GIZ/,0,1,0,0,1,0,1,0,0,0
ENCFF461FVJ,/experiments/ENCSR098ISE/,0,0,0,1,0,0,1,1,0,0
ENCFF851RAL,/experiments/ENCSR098ISE/,0,0,0,1,0,0,1,1,0,0
ENCFF032DAF,/experiments/ENCSR098ISE/,0,0,0,1,0,0,1,1,0,0
ENCFF263ZPB,/experiments/ENCSR098PTC/,1,0,1,0,0,0,0,0,0,0
ENCFF451VZX,/experiments/ENCSR098PTC/,1,0,1,0,0,0,0,0,0,0
ENCFF192BKD,/experiments/ENCSR098PTC/,1,0,1,0,0,0,0,0,0,0
ENCFF929XWP,/experiments/ENCSR098PTC/,1,0,1,0,0,0,0,0,0,0
ENCFF884DWZ,/experiments/ENCSR098PTC/,1,0,1,0,0,0,0,0,0,0
ENCFF070HHC,/experiments/ENCSR098PTC/,1,0,1,0,0,0,0,0,0,0
ENCFF219ASX,/experiments/ENCSR098PTC/,1,0,1,0,0,0,0,0,0,0
ENCFF986JCK,/experiments/ENCSR098PTC/,1,0,1,0,0,0,0,0,0,0
ENCFF402OWR,/experiments/ENCSR098PTC/,1,0,1,0,0,0,0,0,0,0
ENCFF121DFF,/experiments/ENCSR100OSB/,1,0,0,0,0,0,0,0,0,0
ENCFF770FUP,/experiments/ENCSR100OSB/,1,0,0,0,0,0,0,0,0,0
ENCFF618CZI,/experiments/ENCSR101HFF/,1,0,1,0,1,0,1,0,0,0
ENCFF919EVI,/experiments/ENCSR101HFF/,1,0,1,0,1,0,1,0,0,0
ENCFF226YBJ,/experiments/ENCSR101QXF/,0,1,0,0,0,0,0,0,0,0
ENCFF780KGZ,/experiments/ENCSR101QXF/,0,1,0,0,0,0,0,0,0,0
ENCFF037LYG,/experiments/ENCSR101RCL/,0,0,0,0,0,0,0,0,0,0
ENCFF607OIV,/experiments/ENCSR101RCL/,0,0,0,0,0,0,0,0,0,0
ENCFF811UGM,/experiments/ENCSR102OZE/,0,0,0,0,0,0,0,1,0,0
ENCFF117MNA,/experiments/ENCSR102OZE/,0,0,0,0,0,0,0,1,0,0
ENCFF717UML,/experiments/ENCSR102OZE/,0,0,0,0,0,0,0,1,0,0
ENCFF879NDD,/experiments/ENCSR102OZE/,0,0,0,0,0,0,0,1,0,0
ENCFF292BDW,/experiments/ENCSR102OZE/,0,0,0,0,0,0,0,1,0,0
ENCFF312DJO,/experiments/ENCSR102OZE/,0,0,0,0,0,0,0,1,0,0
ENCFF478VUT,/experiments/ENCSR102RSU/,0,1,0,0,0,0,1,0,0,0
ENCFF872YSA,/experiments/ENCSR102RSU/,0,1,0,0,0,0,1,0,0,0
ENCFF552LSQ,/experiments/ENCSR104BED/,0,0,0,0,0,0,1,0,0,0
ENCFF588DNW,/experiments/ENCSR104BED/,0,0,0,0,0,0,1,0,0,0
ENCFF877EZH,/experiments/ENCSR104BED/,0,0,0,0,0,0,1,0,0,0
ENCFF728HNN,/experiments/ENCSR104BED/,0,0,0,0,0,0,1,0,0,0
ENCFF875NVW,/experiments/ENCSR104BED/,0,0,0,0,0,0,1,0,0,0
ENCFF340XGK,/experiments/ENCSR104QUE/,1,1,0,0,0,0,0,0,0,0
ENCFF056GWF,/experiments/ENCSR104ZBW/,1,0,1,0,0,0,1,0,0,0
ENCFF178BMM,/experiments/ENCSR104ZBW/,1,0,1,0,0,0,1,0,0,0
ENCFF173TPW,/experiments/ENCSR105BDM/,0,1,0,0,0,0,1,1,0,0
ENCFF243XZY,/experiments/ENCSR105BDM/,0,1,0,0,0,0,1,1,0,0
ENCFF248ZSC,/experiments/ENCSR106OKX/,0,0,0,0,1,0,0,0,0,0
ENCFF308EZW,/experiments/ENCSR106OKX/,0,0,0,0,1,0,0,0,0,0
ENCFF985DKR,/experiments/ENCSR106OKX/,0,0,0,0,1,0,0,0,0,0
ENCFF448ZIW,/experiments/ENCSR106PXP/,0,1,0,0,0,1,0,1,0,0
ENCFF775PHF,/experiments/ENCSR106PXP/,0,1,0,0,0,1,0,1,0,0
ENCFF064IYB,/experiments/ENCSR106PXP/,0,1,0,0,0,1,0,1,0,0
ENCFF215XKT,/experiments/ENCSR106PXP/,0,1,0,0,0,1,0,1,0,0
ENCFF670RHB,/experiments/ENCSR106PXP/,0,1,0,0,0,1,0,1,0,0
ENCFF608IJP,/experiments/ENCSR106RBR/,0,0,1,0,0,0,0,0,0,0
ENCFF844ELO,/experiments/ENCSR106RBR/,0,0,1,0,0,0,0,0,0,0
ENCFF559RUW,/experiments/ENCSR107XZC/,1,0,1,1,0,0,0,0,0,1
ENCFF535FLX,/experiments/ENCSR108PUO/,0,0,0,0,0,1,0,0,0,0
ENCFF626LEA,/experiments/ENCSR108PUO/,0,0,0,0,0,1,0,0,0,0
ENCFF794SGP,/experiments/ENCSR108PUO/,0,0,0,0,0,1,0,0,0,0
ENCFF717JWB,/experiments/ENCSR108SYM/,0,1,0,0,0,0,0,0,0,0
ENCFF835CKB,/experiments/ENCSR108SYM/,0,1,0,0,0,0,0,0,0,0
ENCFF647NSJ,/experiments/ENCSR109DTU/,0,1,0,0,0,0,1,0,0,1
ENCFF477LYU,/experiments/ENCSR109DTU/,0,1,0,0,0,0,1,0,0,1
ENCFF400KEQ,/experiments/ENCSR109RIQ/,0,0,1,0,0,0,1,0,0,1
ENCFF219TEO,/experiments/ENCSR109RIQ/,0,0,1,0,0,0,1,0,0,1
ENCFF726CYU,/experiments/ENCSR109RIQ/,0,0,1,0,0,0,1,0,0,1
ENCFF586VQA,/experiments/ENCSR109RIQ/,0,0,1,0,0,0,1,0,0,1
ENCFF805YHY,/experiments/ENCSR111LTT/,1,0,0,0,0,0,0,0,0,0
ENCFF653YLO,/experiments/ENCSR111LTT/,1,0,0,0,0,0,0,0,0,0
ENCFF427FHV,/experiments/ENCSR111WTE/,0,0,0,0,0,0,1,0,0,0
ENCFF454VBZ,/experiments/ENCSR111WTE/,0,0,0,0,0,0,1,0,0,0
ENCFF733MWC,/experiments/ENCSR112AKE/,0,0,0,0,0,0,0,1,0,1
ENCFF371CIG,/experiments/ENCSR112AKE/,0,0,0,0,0,0,0,1,0,1
ENCFF052RFA,/experiments/ENCSR113CGA/,0,1,0,1,0,0,0,0,1,1
ENCFF519PPR,/experiments/ENCSR113CGA/,0,1,0,1,0,0,0,0,1,1
ENCFF013LUF,/experiments/ENCSR113CGA/,0,1,0,1,0,0,0,0,1,1
ENCFF245LAF,/experiments/ENCSR113CGA/,0,1,0,1,0,0,0,0,1,1
ENCFF717TGS,/experiments/ENCSR113CGA/,0,1,0,1,0,0,0,0,1,1
ENCFF500WIT,/experiments/ENCSR113CGA/,0,1,0,1,0,0,0,0,1,1
ENCFF432UWD,/experiments/ENCSR113CGA/,0,1,0,1,0,0,0,0,1,1
ENCFF255PIH,/experiments/ENCSR113CGA/,0,1,0,1,0,0,0,0,1,1
ENCFF819QBP,/experiments/ENCSR113CGA/,0,1,0,1,0,0,0,0,1,1
ENCFF698MVC,/experiments/ENCSR113DHB/,0,0,0,0,1,0,0,0,0,0
ENCFF558EJP,/experiments/ENCSR113DHB/,0,0,0,0,1,0,0,0,0,0
ENCFF194INM,/experiments/ENCSR114QAK/,0,1,0,0,1,0,0,1,0,0
ENCFF727HJA,/experiments/ENCSR114QAK/,0,1,0,0,1,0,0,1,0,0
ENCFF490FHB,/experiments/ENCSR114XWV/,1,0,1,1,1,0,0,1,0,0
ENCFF023DSA,/experiments/ENCSR114XWV/,1,0,1,1,1,0,0,1,0,0
ENCFF980LVY,/experiments/ENCSR115SWG/,0,0,1,0,0,1,0,0,1,1
ENCFF400MQS,/experiments/ENCSR115SWG/,0,0,1,0,0,1,0,0,1,1
ENCFF953UTY,/experiments/ENCSR115SWG/,0,0,1,0,0,1,0,0,1,1
ENCFF945QXV,/experiments/ENCSR115SWG/,0,0,1,0,0,1,0,0,1,1
ENCFF294MOK,/experiments/ENCSR115YPI/,0,0,0,1,0,0,0,1,0,0
ENCFF159EMB,/experiments/ENCSR115YPI/,0,0,0,1,0,0,0,1,0,0
ENCFF661KTZ,/experiments/ENCSR115YPI/,0,0,0,1,0,0,0,1,0,0
ENCFF110SSK,/experiments/ENCSR116UQH/,0,0,0,0,0,0,0,0,0,1
ENCFF270YCF,/experiments/ENCSR116UQH/,0,0,0,0,0,0,0,0,0,1
ENCFF691XTQ,/experiments/ENCSR116UQH/,0,0,0,0,0,0,0,0,0,1
ENCFF670PIU,/experiments/ENCSR116WWW/,0,0,0,0,1,0,0,1,0,0
ENCFF774AET,/experiments/ENCSR116WWW/,0,0,0,0,1,0,0,1,0,0
ENCFF297ZRF,/experiments/ENCSR118WIQ/,1,0,1,0,0,0,0,1,0,0
ENCFF258YQQ,/experiments/ENCSR118WIQ/,1,0,1,0,0,0,0,1,0,0
ENCFF424NPO,/experiments/ENCSR119HXE/,0,0,1,0,0,1,0,0,0,0
ENCFF752LNT,/experiments/ENCSR119HXE/,0,0,1,0,0,1,0,0,0,0
ENCFF073YNY,/experiments/ENCSR119IUE/,0,0,1,0,0,0,0,0,0,1
ENCFF229XQB,/experiments/ENCSR119IUE/,0,0,1,0,0,0,0,0,0,1
ENCFF507KMV,/experiments/ENCSR119IUE/,0,0,1,0,0,0,0,0,0,1
ENCFF052VQG,/experiments/ENCSR120LVW/,1,0,0,0,0,0,0,0,0,1
ENCFF768FPA,/experiments/ENCSR120LVW/,1,0,0,0,0,0,0,0,0,1
ENCFF689ACC,/experiments/ENCSR121BSW/,1,0,0,0,0,0,1,0,1,0
ENCFF061ZOT,/experiments/ENCSR121BSW/,1,0,0,0,0,0,1,0,1,0
ENCFF520DVP,/experiments/ENCSR121JAB/,0,0,1,1,1,0,0,0,0,0
ENCFF368FAD,/experiments/ENCSR121JAB/,0,0,1,1,1,0,0,0,0,0
ENCFF021VSM,/experiments/ENCSR121JAB/,0,0,1,1,1,0,0,0,0,0
ENCFF369YOW,/experiments/ENCSR121JAB/,0,0,1,1,1,0,0,0,0,0
ENCFF317WNK,/experiments/ENCSR121ZSL/,0,0,0,0,1,0,0,0,0,0
ENCFF973TZB,/experiments/ENCSR121ZSL/,0,0,0,0,1,0,0,0,0,0
ENCFF164WWH,/experiments/ENCSR121ZSL/,0,0,0,0,1,0,0,0,0,0
ENCFF417NWI,/experiments/ENCSR121ZSL/,0,0,0,0,1,0,0,0,0,0
ENCFF589GWR,/experiments/ENCSR121ZSL/,0,0,0,0,1,0,0,0,0,0
ENCFF206TIR,/experiments/ENCSR121ZSL/,0,0,0,0,1,0,0,0,0,0
ENCFF296AKK,/experiments/ENCSR122NRV/,0,0,0,0,0,1,0,1,0,0
ENCFF300JND,/experiments/ENCSR122NRV/,0,0,0,0,0,1,0,1,0,0
ENCFF164DKI,/experiments/ENCSR122VUW/,1,0,1,1,1,0,1,0,0,0
ENCFF395CSF,/experiments/ENCSR122VUW/,1,0,1,1,1,0,1,0,0,0
ENCFF040CIH,/experiments/ENCSR122VUW/,1,0,1,1,1,0,1,0,0,0
ENCFF472HHP,/experiments/ENCSR122VUW/,1,0,1,1,1,0,1,0,0,0
ENCFF613FMP,/experiments/ENCSR122VUW/,1,0,1,1,1,0,1,0,0,0
ENCFF847BSI,/experiments/ENCSR122VUW/,1,0,1,1,1,0,1,0,0,0
ENCFF776EIK,/experiments/ENCSR122VUW/,1,0,1,1,1,0,1,0,0,0
ENCFF794EFX,/experiments/ENCSR124IMM/,0,0,0,1,0,0,1,0,0,1
ENCFF187VZY,/experiments/ENCSR124IMM/,0,0,0,1,0,0,1,0,0,1
ENCFF150HBO,/experiments/ENCSR124PXN/,0,1,0,0,0,0,0,0,1,0
ENCFF310IXA,/experiments/ENCSR125OEJ/,0,0,0,0,0,0,1,0,0,1
ENCFF071MYF,/experiments/ENCSR125OEJ/,0,0,0,0,0,0,1,0,0,1
ENCFF686WQL,/experiments/ENCSR126EVK/,1,0,1,0,0,0,1,0,1,1
ENCFF565LZM,/experiments/ENCSR126EVK/,1,0,1,0,0,0,1,0,1,1
ENCFF103VGC,/experiments/ENCSR126EVX/,0,0,0,1,0,0,0,0,0,0
ENCFF481OZP,/experiments/ENCSR126EVX/,0,0,0,1,0,0,0,0,0,0
ENCFF002DVF,/experiments/ENCSR127PWK/,1,0,0,0,0,1,0,0,0,0
ENCFF002DVD,/experiments/ENCSR127PWK/,1,0,0,0,0,1,0,0,0,0
ENCFF002DVC,/experiments/ENCSR127PWK/,1,0,0,0,0,1,0,0,0,0
ENCFF240HCQ,/experiments/ENCSR128GBN/,1,1,0,0,0,0,0,1,0,1
ENCFF784PHT,/experiments/ENCSR128GBN/,1,1,0,0,0,0,0,1,0,1
ENCFF391HSC,/experiments/ENCSR128IVG/,0,0,0,0,0,0,0,0,0,0
ENCFF087RPB,/experiments/ENCSR128IVG/,0,0,0,0,0,0,0,0,0,0
ENCFF763RWR,/experiments/ENCSR128IVG/,0,0,0,0,0,0,0,0,0,0
ENCFF629TVD,/experiments/ENCSR128IVG/,0,0,0,0,0,0,0,0,0,0
ENCFF353AVW,/experiments/ENCSR129BZE/,0,0,0,0,0,1,0,0,0,0
ENCFF730CZV,/experiments/ENCSR129BZE/,0,0,0,0,0,1,0,0,0,0
ENCFF819TUJ,/experiments/ENCSR129EWE/,0,0,1,0,0,1,0,0,0,0
ENCFF469RWA,/experiments/ENCSR129EWE/,0,0,1,0,0,1,0,0,0,0
ENCFF671RBS,/experiments/ENCSR129EWE/,0,0,1,0,0,1,0,0,0,0
ENCFF450FOE,/experiments/ENCSR129EWE/,0,0,1,0,0,1,0,0,0,0
ENCFF233QVY,/experiments/ENCSR129EWE/,0,0,1,0,0,1,0,0,0,0
ENCFF187DHO,/experiments/ENCSR129EWE/,0,0,1,0,0,1,0,0,0,0
ENCFF645BIK,/experiments/ENCSR129GCL/,0,0,0,0,0,0,0,0,1,0
ENCFF421KOH,/experiments/ENCSR129HDK/,0,0,0,0,0,0,0,0,0,0
ENCFF216XPC,/experiments/ENCSR129KIV/,0,1,0,0,0,1,0,0,0,0
ENCFF764NPI,/experiments/ENCSR129TSG/,1,1,0,1,1,0,0,1,0,0
ENCFF798GEG,/experiments/ENCSR129TSG/,1,1,0,1,1,0,0,1,0,0
ENCFF921UFH,/experiments/ENCSR130HIE/,0,0,0,1,1,1,0,0,1,1
ENCFF020CKO,/experiments/ENCSR130IPN/,0,0,0,0,1,0,1,0,1,0
ENCFF784LNB,/experiments/ENCSR130IPN/,0,0,0,0,1,0,1,0,1,0
ENCFF229BKK,/experiments/ENCSR133BTF/,0,0,0,0,1,1,0,1,0,0
ENCFF025UUM,/experiments/ENCSR133BTF/,0,0,0,0,1,1,0,1,0,0
ENCFF550YBC,/experiments/ENCSR133BTF/,0,0,0,0,1,1,0,1,0,0
ENCFF729QTV,/experiments/ENCSR133BTF/,0,0,0,0,1,1,0,1,0,0
ENCFF714GGU,/experiments/ENCSR133KBX/,0,0,0,0,0,0,0,0,1,0
ENCFF789UJB,/experiments/ENCSR133KBX/,0,0,0,0,0,0,0,0,1,0
ENCFF008LHC,/experiments/ENCSR133OSO/,0,0,0,0,1,0,0,0,1,0
ENCFF845UOA,/experiments/ENCSR133QIE/,1,0,1,0,0,1,0,0,1,0
ENCFF976KSX,/experiments/ENCSR133QIE/,1,0,1,0,0,1,0,0,1,0
ENCFF748VVT,/experiments/ENCSR133QZB/,0,1,0,0,1,0,1,0,0,0
ENCFF752YKE,/experiments/ENCSR133QZB/,0,1,0,0,1,0,1,0,0,0
ENCFF181QVU,/experiments/ENCSR133SPH/,1,0,0,0,0,0,1,1,0,1
ENCFF155UTI,/experiments/ENCSR134BSY/,0,0,0,0,1,1,0,0,0,0
ENCFF931ITA,/experiments/ENCSR134CIY/,1,0,1,0,0,0,0,0,0,1
ENCFF132BYG,/experiments/ENCSR134IUJ/,0,0,0,1,0,0,0,0,0,0
ENCFF498GJF,/experiments/ENCSR134IUJ/,0,0,0,1,0,0,0,0,0,0
ENCFF528LJA,/experiments/ENCSR134IUJ/,0,0,0,1,0,0,0,0,0,0
ENCFF328DXZ,/experiments/ENCSR135XMY/,0,0,1,0,0,0,0,0,0,0
ENCFF888GDG,/experiments/ENCSR136DNA/,0,0,0,0,0,0,1,0,0,0
ENCFF332VRZ,/experiments/ENCSR136DNA/,0,0,0,0,0,0,1,0,0,0
ENCFF385IFF,/experiments/ENCSR136DNA/,0,0,0,0,0,0,1,0,0,0
ENCFF660HXY,/experiments/ENCSR136DNA/,0,0,0,0,0,0,1,0,0,0
ENCFF741IMW,/experiments/ENCSR136KEL/,1,0,0,1,0,0,0,0,0,0
ENCFF332SQY,/experiments/ENCSR136KEL/,1,0,0,1,0,0,0,0,0,0
ENCFF566MNM,/experiments/ENCSR136KEL/,1,0,0,1,0,0,0,0,0,0
ENCFF708PNP,/experiments/ENCSR136KEL/,1,0,0,1,0,0,0,0,0,0
ENCFF939VDJ,/experiments/ENCSR136KEL/,1,0,0,1,0,0,0,0,0,0
ENCFF775KVW,/experiments/ENCSR136KEL/,1,0,0,1,0,0,0,0,0,0
ENCFF665LBB,/experiments/ENCSR136KEL/,1,0,0,1,0,0,0,0,0,0
ENCFF265XQX,/experiments/ENCSR136KEL/,1,0,0,1,0,0,0,0,0,0
ENCFF816WUS,/experiments/ENCSR137FWW/,1,0,0,1,0,0,1,0,0,0
ENCFF226FTL,/experiments/ENCSR137FWW/,1,0,0,1,0,0,1,0,0,0
ENCFF508RNU,/experiments/ENCSR137FWW/,1,0,0,1,0,0,1,0,0,0
ENCFF815RSC,/experiments/ENCSR138UGH/,1,0,0,1,0,1,0,1,0,0
ENCFF308NLP,/experiments/ENCSR138UGH/,1,0,0,1,0,1,0,1,0,0
ENCFF956AND,/experiments/ENCSR139KYP/,0,0,1,0,0,0,0,0,0,1
ENCFF892MUJ,/experiments/ENCSR139PLJ/,0,0,0,0,0,1,0,1,0,0
ENCFF259LYD,/experiments/ENCSR140KPO/,0,0,0,0,0,0,0,1,0,1
ENCFF062BXL,/experiments/ENCSR141DMX/,0,0,1,0,1,1,0,0,1,0
ENCFF569DMT,/experiments/ENCSR141IUS/,0,0,1,0,0,0,0,0,0,0
ENCFF827JVJ,/experiments/ENCSR141IUS/,0,0,1,0,0,0,0,0,0,0
ENCFF852BOV,/experiments/ENCSR141IUS/,0,0,1,0,0,0,0,0,0,0
ENCFF071GAV,/experiments/ENCSR141NSQ/,0,0,1,0,0,0,0,0,1,0
ENCFF794GZI,/experiments/ENCSR141NSQ/,0,0,1,0,0,0,0,0,1,0
ENCFF461DJI,/experiments/ENCSR141NSQ/,0,0,1,0,0,0,0,0,1,0
ENCFF277MLF,/experiments/ENCSR141NSQ/,0,0,1,0,0,0,0,0,1,0
ENCFF344TVX,/experiments/ENCSR141NSQ/,0,0,1,0,0,0,0,0,1,0
ENCFF187JZI,/experiments/ENCSR141NSQ/,0,0,1,0,0,0,0,0,1,0
ENCFF640KPU,/experiments/ENCSR141NSQ/,0,0,1,0,0,0,0,0,1,0
ENCFF845SKM,/experiments/ENCSR141NSQ/,0,0,1,0,0,0,0,0,1,0
ENCFF691GAA,/experiments/ENCSR141NSQ/,0,0,1,0,0,0,0,0,1,0
ENCFF853OKK,/experiments/ENCSR141RSN/,0,0,0,0,0,0,0,1,0,0
ENCFF151UBH,/experiments/ENCSR141RSN/,0,0,0,0,0,0,0,1,0,0
ENCFF423UBQ,/experiments/ENCSR141VGA/,0,0,0,0,0,1,0,0,1,0
ENCFF535PYW,/experiments/ENCSR141VGA/,0,0,0,0,0,1,0,0,1,0
ENCFF896BPP,/experiments/ENCSR141VGA/,0,0,0,0,0,1,0,0,1,0
ENCFF702ESO,/experiments/ENCSR141VGA/,0,0,0,0,0,1,0,0,1,0
ENCFF780KML,/experiments/ENCSR141VGA/,0,0,0,0,0,1,0,0,1,0
ENCFF980AND,/experiments/ENCSR141VGA/,0,0,0,0,0,1,0,0,1,0
ENCFF840WYE,/experiments/ENCSR141VGA/,0,0,0,0,0,1,0,0,1,0
ENCFF004XSP,/experiments/ENCSR141VGA/,0,0,0,0,0,1,0,0,1,0
ENCFF863VHL,/experiments/ENCSR141VGA/,0,0,0,0,0,1,0,0,1,0
ENCFF980DAS,/experiments/ENCSR141VGA/,0,0,0,0,0,1,0,0,1,0
ENCFF963UVX,/experiments/ENCSR141VGA/,0,0,0,0,0,1,0,0,1,0
ENCFF667AAH,/experiments/ENCSR141VGA/,0,0,0,0,0,1,0,0,1,0
ENCFF138EVE,/experiments/ENCSR141VGA/,0,0,0,0,0,1,0,0,1,0
ENCFF863XCN,/experiments/ENCSR144NXI/,1,1,0,1,0,0,1,0,0,1
ENCFF870RYX,/experiments/ENCSR144NXI/,1,1,0,1,0,0,1,0,0,1
ENCFF065WJX,/experiments/ENCSR145GGC/,0,0,0,0,0,0,0,0,1,0
ENCFF611NON,/experiments/ENCSR145GGC/,0,0,0,0,0,0,0,0,1,0
ENCFF832ONY,/experiments/ENCSR145GGC/,0,0,0,0,0,0,0,0,1,0
ENCFF888LMR,/experiments/ENCSR145GGC/,0,0,0,0,0,0,0,0,1,0
ENCFF201WRJ,/experiments/ENCSR145TJB/,0,0,1,0,1,0,0,0,0,0
ENCFF071EVQ,/experiments/ENCSR145TJB/,0,0,1,0,1,0,0,0,0,0
ENCFF316LLF,/experiments/ENCSR145TJB/,0,0,1,0,1,0,0,0,0,0
ENCFF118SET,/experiments/ENCSR145TJB/,0,0,1,0,1,0,0,0,0,0
ENCFF135HYM,/experiments/ENCSR146KDZ/,1,0,0,0,0,0,0,1,0,0
ENCFF283YSN,/experiments/ENCSR146KDZ/,1,0,0,0,0,0,0,1,0,0
ENCFF215NRW,/experiments/ENCSR146KDZ/,1,0,0,0,0,0,0,1,0,0
ENCFF149HIK,/experiments/ENCSR146KFX/,0,0,0,1,1,1,0,0,0,0
ENCFF396LEL,/experiments/ENCSR146KFX/,0,0,0,1,1,1,0,0,0,0
ENCFF406VZH,/experiments/ENCSR146PAW/,0,0,0,0,1,0,0,0,0,0
ENCFF651AQH,/experiments/ENCSR146PAW/,0,0,0,0,1,0,0,0,0,0
ENCFF486TDE,/experiments/ENCSR147AIN/,0,0,0,1,1,0,0,0,0,0
ENCFF086SAO,/experiments/ENCSR147AIN/,0,0,0,1,1,0,0,0,0,0
ENCFF829UZH,/experiments/ENCSR147QLU/,0,0,1,0,0,0,1,0,0,0
ENCFF222EIH,/experiments/ENCSR148MFM/,1,1,0,0,0,0,0,0,0,0
ENCFF854UHG,/experiments/ENCSR148MFM/,1,1,0,0,0,0,0,0,0,0
ENCFF102LEH,/experiments/ENCSR148VUP/,1,1,0,0,0,0,0,1,0,0
ENCFF008URG,/experiments/ENCSR148VUP/,1,1,0,0,0,0,0,1,0,0
ENCFF276UFY,/experiments/ENCSR148VUP/,1,1,0,0,0,0,0,1,0,0
ENCFF398LVQ,/experiments/ENCSR148VUP/,1,1,0,0,0,0,0,1,0,0
ENCFF021EZF,/experiments/ENCSR148VUP/,1,1,0,0,0,0,0,1,0,0
ENCFF736CAO,/experiments/ENCSR148VUP/,1,1,0,0,0,0,0,1,0,0
ENCFF002EQO,/experiments/ENCSR149XIL/,0,0,0,1,0,0,0,0,0,0
ENCFF002EQG,/experiments/ENCSR149XIL/,0,0,0,1,0,0,0,0,0,0
ENCFF002EQK,/experiments/ENCSR149XIL/,0,0,0,1,0,0,0,0,0,0
ENCFF002EQI,/experiments/ENCSR149XIL/,0,0,0,1,0,0,0,0,0,0
ENCFF002EQM,/experiments/ENCSR149XIL/,0,0,0,1,0,0,0,0,0,0
ENCFF960BWN,/experiments/ENCSR152AVY/,1,0,0,0,1,0,0,0,0,0
ENCFF325WIE,/experiments/ENCSR152FWD/,0,1,0,0,0,0,1,0,0,1
ENCFF418DAL,/experiments/ENCSR152FWD/,0,1,0,0,0,0,1,0,0,1
ENCFF324KQA,/experiments/ENCSR153LHP/,0,1,0,0,0,0,1,0,0,0
ENCFF006ENO,/experiments/ENCSR153LHP/,0,1,0,0,0,0,1,0,0,0
ENCFF978TOS,/experiments/ENCSR153LHP/,0,1,0,0,0,0,1,0,0,0
ENCFF280LLD,/experiments/ENCSR153LHP/,0,1,0,0,0,0,1,0,0,0
ENCFF078SWO,/experiments/ENCSR153LHP/,0,1,0,0,0,0,1,0,0,0
ENCFF085YBU,/experiments/ENCSR153LHP/,0,1,0,0,0,0,1,0,0,0
ENCFF760ALR,/experiments/ENCSR154CWQ/,0,0,0,0,0,0,0,0,0,0
ENCFF709MUH,/experiments/ENCSR154CWQ/,0,0,0,0,0,0,0,0,0,0
ENCFF477APB,/experiments/ENCSR154NOT/,0,0,1,0,0,1,0,0,0,0
ENCFF030MAH,/experiments/ENCSR154NYM/,0,0,0,0,0,0,0,0,1,0
ENCFF484SQA,/experiments/ENCSR154NYM/,0,0,0,0,0,0,0,0,1,0
ENCFF906VZI,/experiments/ENCSR154OUQ/,0,0,1,0,0,0,0,0,0,0
ENCFF150NHJ,/experiments/ENCSR154OUQ/,0,0,1,0,0,0,0,0,0,0
ENCFF147DMS,/experiments/ENCSR154YPL/,1,1,0,0,0,0,0,0,0,0
ENCFF353EOV,/experiments/ENCSR154YPL/,1,1,0,0,0,0,0,0,0,0
ENCFF463ZEI,/experiments/ENCSR154ZNQ/,0,0,0,1,0,0,0,0,1,0
ENCFF282LHJ,/experiments/ENCSR154ZNQ/,0,0,0,1,0,0,0,0,1,0
ENCFF628JPF,/experiments/ENCSR155NBS/,1,0,0,0,0,0,0,0,1,0
ENCFF675LIK,/experiments/ENCSR155NBS/,1,0,0,0,0,0,0,0,1,0
ENCFF379QPP,/experiments/ENCSR155NPL/,0,0,0,0,0,0,0,0,0,0
ENCFF252VRK,/experiments/ENCSR156CLC/,0,0,1,0,1,1,0,0,0,0
ENCFF459CQR,/experiments/ENCSR156CLC/,0,0,1,0,1,1,0,0,0,0
ENCFF761ZSC,/experiments/ENCSR158VAT/,0,0,0,0,0,1,0,0,0,0
ENCFF969CNA,/experiments/ENCSR158VAT/,0,0,0,0,0,1,0,0,0,0
ENCFF428IKC,/experiments/ENCSR158VAT/,0,0,0,0,0,1,0,0,0,0
ENCFF431RGV,/experiments/ENCSR158VAT/,0,0,0,0,0,1,0,0,0,0
ENCFF454QVD,/experiments/ENCSR158VAT/,0,0,0,0,0,1,0,0,0,0
ENCFF619PFQ,/experiments/ENCSR158VAT/,0,0,0,0,0,1,0,0,0,0
ENCFF224AJP,/experiments/ENCSR158VAT/,0,0,0,0,0,1,0,0,0,0
ENCFF882XMA,/experiments/ENCSR158VAT/,0,0,0,0,0,1,0,0,0,0
ENCFF424QAX,/experiments/ENCSR158YXM/,1,1,0,0,0,0,1,0,0,0
ENCFF490OVY,/experiments/ENCSR158YXM/,1,1,0,0,0,0,1,0,0,0
ENCFF005CBC,/experiments/ENCSR158YXM/,1,1,0,0,0,0,1,0,0,0
ENCFF707DYO,/experiments/ENCSR160VHJ/,0,0,1,0,0,0,0,0,0,0
ENCFF124EIP,/experiments/ENCSR160VHJ/,0,0,1,0,0,0,0,0,0,0
ENCFF925CXH,/experiments/ENCSR161ZGA/,1,0,0,0,0,1,0,1,0,0
ENCFF168BSJ,/experiments/ENCSR161ZGA/,1,0,0,0,0,1,0,1,0,0
ENCFF453TUJ,/experiments/ENCSR161ZGA/,1,0,0,0,0,1,0,1,0,0
ENCFF027HYB,/experiments/ENCSR162JNV/,0,0,0,0,0,0,0,0,0,1
ENCFF932FJV,/experiments/ENCSR162TZA/,0,0,0,0,0,1,0,0,0,0
ENCFF337BZP,/experiments/ENCSR162TZA/,0,0,0,0,0,1,0,0,0,0
ENCFF513JBD,/experiments/ENCSR162TZA/,0,0,0,0,0,1,0,0,0,0
ENCFF206YWZ,/experiments/ENCSR162TZA/,0,0,0,0,0,1,0,0,0,0
ENCFF649KFK,/experiments/ENCSR163BSC/,0,0,0,0,0,0,0,0,0,0
ENCFF124XOJ,/experiments/ENCSR163BSC/,0,0,0,0,0,0,0,0,0,0
ENCFF935LVL,/experiments/ENCSR163GMC/,0,0,0,0,1,1,0,0,1,0
ENCFF674YIB,/experiments/ENCSR163GMC/,0,0,0,0,1,1,0,0,1,0
ENCFF056LBP,/experiments/ENCSR163GMC/,0,0,0,0,1,1,0,0,1,0
ENCFF203YUF,/experiments/ENCSR163PKT/,0,1,0,0,0,0,0,0,0,0
ENCFF428YEZ,/experiments/ENCSR163PKT/,0,1,0,0,0,0,0,0,0,0
ENCFF719TBP,/experiments/ENCSR163PKT/,0,1,0,0,0,0,0,0,0,0
ENCFF677WNL,/experiments/ENCSR163QXS/,0,0,0,1,1,1,0,0,0,0
ENCFF806QFV,/experiments/ENCSR164PQJ/,0,1,0,0,0,0,0,1,0,1
ENCFF939NEZ,/experiments/ENCSR164PQJ/,0,1,0,0,0,0,0,1,0,1
ENCFF518NCM,/experiments/ENCSR164PQJ/,0,1,0,0,0,0,0,1,0,1
ENCFF107VEQ,/experiments/ENCSR164TBP/,0,0,0,0,0,1,0,0,0,0
ENCFF261ASN,/experiments/ENCSR164TBP/,0,0,0,0,0,1,0,0,0,0
ENCFF052FSH,/experiments/ENCSR164TBP/,0,0,0,0,0,1,0,0,0,0
ENCFF476ZMG,/experiments/ENCSR164WOF/,0,0,1,0,1,1,0,1,0,1
ENCFF045BAR,/experiments/ENCSR164WOF/,0,0,1,0,1,1,0,1,0,1
ENCFF097SKE,/experiments/ENCSR166KPV/,0,0,0,0,0,0,1,1,0,0
ENCFF099UXO,/experiments/ENCSR166KPV/,0,0,0,0,0,0,1,1,0,0
ENCFF667SWK,/experiments/ENCSR166KPV/,0,0,0,0,0,0,1,1,0,0
ENCFF754PQR,/experiments/ENCSR166KPV/,0,0,0,0,0,0,1,1,0,0
ENCFF249RTG,/experiments/ENCSR166TEE/,0,1,0,0,0,0,1,0,1,0
ENCFF388MZH,/experiments/ENCSR167JFX/,0,1,0,0,0,0,0,0,1,0
ENCFF802YCL,/experiments/ENCSR167JFX/,0,1,0,0,0,0,0,0,1,0
ENCFF412KYG,/experiments/ENCSR167JFX/,0,1,0,0,0,0,0,0,1,0
ENCFF041CSN,/experiments/ENCSR167JFX/,0,1,0,0,0,0,0,0,1,0
ENCFF555GBA,/experiments/ENCSR167VIP/,0,1,0,0,0,0,0,0,0,0
ENCFF611HRT,/experiments/ENCSR167XSQ/,0,0,0,0,0,0,0,0,1,1
ENCFF365NYW,/experiments/ENCSR167XSQ/,0,0,0,0,0,0,0,0,1,1
ENCFF365KQE,/experiments/ENCSR167XSQ/,0,0,0,0,0,0,0,0,1,1
ENCFF201FIA,/experiments/ENCSR167XSQ/,0,0,0,0,0,0,0,0,1,1
ENCFF128KEC,/experiments/ENCSR167XSQ/,0,0,0,0,0,0,0,0,1,1
ENCFF048XIV,/experiments/ENCSR168HGB/,0,0,0,0,1,0,1,0,1,0
ENCFF310KFN,/experiments/ENCSR168HGB/,0,0,0,0,1,0,1,0,1,0
ENCFF388XIO,/experiments/ENCSR168HGB/,0,0,0,0,1,0,1,0,1,0
ENCFF965GCU,/experiments/ENCSR168HGB/,0,0,0,0,1,0,1,0,1,0
ENCFF326CXZ,/experiments/ENCSR169KNO/,0,1,0,1,0,0,1,1,0,0
ENCFF357NDV,/experiments/ENCSR169KNO/,0,1,0,1,0,0,1,1,0,0
ENCFF112TXE,/experiments/ENCSR170FAP/,0,1,0,0,0,0,0,0,1,1
ENCFF394QFU,/experiments/ENCSR170FAP/,0,1,0,0,0,0,0,0,1,1
ENCFF753QTT,/experiments/ENCSR170FAP/,0,1,0,0,0,0,0,0,1,1
ENCFF191ZTK,/experiments/ENCSR170FAP/,0,1,0,0,0,0,0,0,1,1
ENCFF126XBF,/experiments/ENCSR171ADO/,0,0,0,0,0,0,1,0,1,0
ENCFF361LWQ,/experiments/ENCSR171ADO/,0,0,0,0,0,0,1,0,1,0
ENCFF065TUN,/experiments/ENCSR171ADO/,0,0,0,0,0,0,1,0,1,0
ENCFF364NMH,/experiments/ENCSR171ADO/,0,0,0,0,0,0,1,0,1,0
ENCFF284IHI,/experiments/ENCSR171APM/,0,1,0,0,1,0,0,0,0,0
ENCFF511KTN,/experiments/ENCSR171ETY/,0,0,0,0,0,0,0,0,1,0
ENCFF435DRI,/experiments/ENCSR171ETY/,0,0,0,0,0,0,0,0,1,0
ENCFF536GTU,/experiments/ENCSR171ETY/,0,0,0,0,0,0,0,0,1,0
ENCFF658PHC,/experiments/ENCSR171ETY/,0,0,0,0,0,0,0,0,1,0
ENCFF819TAP,/experiments/ENCSR171ETY/,0,0,0,0,0,0,0,0,1,0
ENCFF402LYH,/experiments/ENCSR171ETY/,0,0,0,0,0,0,0,0,1,0
ENCFF982BSC,/experiments/ENCSR172PVJ/,0,0,0,0,1,1,0,0,0,0
ENCFF881THL,/experiments/ENCSR172RHR/,1,1,0,0,1,0,0,0,1,0
ENCFF714UXJ,/experiments/ENCSR172RHR/,1,1,0,0,1,0,0,0,1,0
ENCFF138IJH,/experiments/ENCSR172RHR/,1,1,0,0,1,0,0,0,1,0
ENCFF168TZA,/experiments/ENCSR172RHR/,1,1,0,0,1,0,0,0,1,0
ENCFF663KPB,/experiments/ENCSR172RHR/,1,1,0,0,1,0,0,0,1,0
ENCFF862SPB,/experiments/ENCSR172RHR/,1,1,0,0,1,0,0,0,1,0
ENCFF857LVB,/experiments/ENCSR172RHR/,1,1,0,0,1,0,0,0,1,0
ENCFF362BYK,/experiments/ENCSR173BJC/,1,1,0,0,1,0,1,1,0,0
ENCFF269SGJ,/experiments/ENCSR173HPQ/,0,1,0,1,0,0,0,0,0,0
ENCFF231FMG,/experiments/ENCSR173NHL/,0,0,1,0,0,0,0,0,1,0
ENCFF012FIG,/experiments/ENCSR173NHL/,0,0,1,0,0,0,0,0,1,0
ENCFF703BWR,/experiments/ENCSR173NHL/,0,0,1,0,0,0,0,0,1,0
ENCFF987GRK,/experiments/ENCSR173YSO/,0,0,1,0,0,0,0,0,0,0
ENCFF698WVE,/experiments/ENCSR173YSO/,0,0,1,0,0,0,0,0,0,0
ENCFF816NVO,/experiments/ENCSR173YSO/,0,0,1,0,0,0,0,0,0,0
ENCFF198YRW,/experiments/ENCSR174GXG/,0,0,0,0,0,0,0,0,0,0
ENCFF102YUC,/experiments/ENCSR174GXG/,0,0,0,0,0,0,0,0,0,0
ENCFF904JYN,/experiments/ENCSR174GXG/,0,0,0,0,0,0,0,0,0,0
ENCFF735BDG,/experiments/ENCSR174GXG/,0,0,0,0,0,0,0,0,0,0
ENCFF324YWB,/experiments/ENCSR174JMM/,0,0,1,0,0,0,0,0,0,0
ENCFF890TFW,/experiments/ENCSR174JMM/,0,0,1,0,0,0,0,0,0,0
ENCFF159OVJ,/experiments/ENCSR174TIP/,0,0,0,0,1,0,0,1,0,0
ENCFF530SFF,/experiments/ENCSR174TIP/,0,0,0,0,1,0,0,1,0,0
ENCFF909ZUV,/experiments/ENCSR174TIP/,0,0,0,0,1,0,0,1,0,0
ENCFF531ZCO,/experiments/ENCSR175IWT/,0,1,0,0,0,0,1,0,0,0
ENCFF678CRX,/experiments/ENCSR175IWT/,0,1,0,0,0,0,1,0,0,0
ENCFF229TDJ,/experiments/ENCSR175IWT/,0,1,0,0,0,0,1,0,0,0
ENCFF885UOL,/experiments/ENCSR175IWT/,0,1,0,0,0,0,1,0,0,0
ENCFF805LZW,/experiments/ENCSR175IWT/,0,1,0,0,0,0,1,0,0,0
ENCFF687FXF,/experiments/ENCSR175IWT/,0,1,0,0,0,0,1,0,0,0
ENCFF383MTL,/experiments/ENCSR175IWT/,0,1,0,0,0,0,1,0,0,0
ENCFF758BAE,/experiments/ENCSR175IWT/,0,1,0,0,0,0,1,0,0,0
ENCFF710BKI,/experiments/ENCSR175IWT/,0,1,0,0,0,0,1,0,0,0
ENCFF317VZC,/experiments/ENCSR175IWT/,0,1,0,0,0,0,1,0,0,0
ENCFF623BJH,/experiments/ENCSR175IWT/,0,1,0,0,0,0,1,0,0,0
ENCFF353CFS,/experiments/ENCSR175IWT/,0,1,0,0,0,0,1,0,0,0
ENCFF012SFG,/experiments/ENCSR175OHT/,1,0,0,0,0,0,1,0,0,0
ENCFF588WEJ,/experiments/ENCSR176BPJ/,0,0,1,0,0,0,0,0,0,0
ENCFF320DNB,/experiments/ENCSR176BPJ/,0,0,1,0,0,0,0,0,0,0
ENCFF485TQL,/experiments/ENCSR176CFX/,0,1,0,0,0,0,1,1,0,1
ENCFF686EEQ,/experiments/ENCSR176CFX/,0,1,0,0,0,0,1,1,0,1
ENCFF864AQS,/experiments/ENCSR176CFX/,0,1,0,0,0,0,1,1,0,1
ENCFF342JSO,/experiments/ENCSR176CFX/,0,1,0,0,0,0,1,1,0,1
ENCFF346SMK,/experiments/ENCSR176KYD/,0,0,0,0,0,1,0,1,0,0
ENCFF972ZVY,/experiments/ENCSR176KYD/,0,0,0,0,0,1,0,1,0,0
ENCFF707PZQ,/experiments/ENCSR176KYD/,0,0,0,0,0,1,0,1,0,0
ENCFF491YLY,/experiments/ENCSR176KYD/,0,0,0,0,0,1,0,1,0,0
ENCFF657JQO,/experiments/ENCSR176KYD/,0,0,0,0,0,1,0,1,0,0
ENCFF827EBJ,/experiments/ENCSR177GYC/,1,0,0,0,0,1,0,0,0,0
ENCFF065KTA,/experiments/ENCSR177NIJ/,0,0,0,0,0,0,0,0,0,0
ENCFF318MPL,/experiments/ENCSR177NIJ/,0,0,0,0,0,0,0,0,0,0
ENCFF780LKZ,/experiments/ENCSR178JBL/,0,0,0,1,1,0,1,0,0,0
ENCFF890UCG,/experiments/ENCSR178JBL/,0,0,0,1,1,0,1,0,0,0
ENCFF430EOP,/experiments/ENCSR179CDH/,0,1,0,0,0,0,0,1,0,0
ENCFF695HOH,/experiments/ENCSR179CDH/,0,1,0,0,0,0,0,1,0,0
ENCFF459PAV,/experiments/ENCSR179CDH/,0,1,0,0,0,0,0,1,0,0
ENCFF278YNM,/experiments/ENCSR179CDH/,0,1,0,0,0,0,0,1,0,0
ENCFF119LCF,/experiments/ENCSR179CDH/,0,1,0,0,0,0,0,1,0,0
ENCFF894MKA,/experiments/ENCSR179CDH/,0,1,0,0,0,0,0,1,0,0
ENCFF149EUW,/experiments/ENCSR179CDH/,0,1,0,0,0,0,0,1,0,0
ENCFF041BSC,/experiments/ENCSR179CDH/,0,1,0,0,0,0,0,1,0,0
ENCFF846KKT,/experiments/ENCSR179CDH/,0,1,0,0,0,0,0,1,0,0
ENCFF091DTH,/experiments/ENCSR179CDH/,0,1,0,0,0,0,0,1,0,0
ENCFF671NGZ,/experiments/ENCSR179CDH/,0,1,0,0,0,0,0,1,0,0
ENCFF385MYE,/experiments/ENCSR179CDH/,0,1,0,0,0,0,0,1,0,0
ENCFF236MDI,/experiments/ENCSR179CDH/,0,1,0,0,0,0,0,1,0,0
ENCFF968JUL,/experiments/ENCSR179CDH/,0,1,0,0,0,0,0,1,0,0
ENCFF356LUH,/experiments/ENCSR179CDH/,0,1,0,0,0,0,0,1,0,0
ENCFF488YOO,/experiments/ENCSR179CDH/,0,1,0,0,0,0,0,1,0,0
ENCFF208KAC,/experiments/ENCSR179CDH/,0,1,0,0,0,0,0,1,0,0
ENCFF047VYC,/experiments/ENCSR179CDH/,0,1,0,0,0,0,0,1,0,0
ENCFF144BFB,/experiments/ENCSR179CDH/,0,1,0,0,0,0,0,1,0,0
ENCFF982YFY,/experiments/ENCSR179CDH/,0,1,0,0,0,0,0,1,0,0
ENCFF145YHJ,/experiments/ENCSR179CDH/,0,1,0,0,0,0,0,1,0,0
ENCFF654RBE,/experiments/ENCSR179CDH/,0,1,0,0,0,0,0,1,0,0
ENCFF787ORW,/experiments/ENCSR179HEN/,0,0,0,0,0,0,1,0,0,0
ENCFF856OAG,/experiments/ENCSR179HEN/,0,0,0,0,0,0,1,0,0,0
ENCFF132RUG,/experiments/ENCSR179HEN/,0,0,0,0,0,0,1,0,0,0
ENCFF011JKX,/experiments/ENCSR179HEN/,0,0,0,0,0,0,1,0,0,0
ENCFF043JTL,/experiments/ENCSR179PIH/,0,0,0,0,0,0,1,0,0,0
ENCFF171YON,/experiments/ENCSR179PIH/,0,0,0,0,0,0,1,0,0,0
ENCFF566XTU,/experiments/ENCSR179PIH/,0,0,0,0,0,0,1,0,0,0
ENCFF542NRP,/experiments/ENCSR179PIH/,0,0,0,0,0,0,1,0,0,0
ENCFF908FSJ,/experiments/ENCSR179PIH/,0,0,0,0,0,0,1,0,0,0
ENCFF959BLS,/experiments/ENCSR179PIH/,0,0,0,0,0,0,1,0,0,0
ENCFF103JWR,/experiments/ENCSR179PIH/,0,0,0,0,0,0,1,0,0,0
ENCFF465OHI,/experiments/ENCSR179PIH/,0,0,0,0,0,0,1,0,0,0
ENCFF784UME,/experiments/ENCSR180KMR/,1,0,1,0,0,0,0,1,0,0
ENCFF984CMB,/experiments/ENCSR181OGW/,0,0,0,1,0,1,0,0,0,0
ENCFF849COI,/experiments/ENCSR181OGW/,0,0,0,1,0,1,0,0,0,0
ENCFF523DAE,/experiments/ENCSR181OOF/,0,1,0,0,0,0,0,0,0,0
ENCFF434ZQF,/experiments/ENCSR181OOF/,0,1,0,0,0,0,0,0,0,0
ENCFF520KZN,/experiments/ENCSR181OOF/,0,1,0,0,0,0,0,0,0,0
ENCFF059LTL,/experiments/ENCSR181OOF/,0,1,0,0,0,0,0,0,0,0
ENCFF369TUT,/experiments/ENCSR181OOF/,0,1,0,0,0,0,0,0,0,0
ENCFF467BCS,/experiments/ENCSR184DFF/,0,0,0,0,1,1,0,0,0,0
ENCFF048UBW,/experiments/ENCSR184DFF/,0,0,0,0,1,1,0,0,0,0
ENCFF553DKR,/experiments/ENCSR184LMY/,0,0,1,0,0,0,0,0,0,0
ENCFF426NOK,/experiments/ENCSR184LMY/,0,0,1,0,0,0,0,0,0,0
ENCFF645VBV,/experiments/ENCSR184LMY/,0,0,1,0,0,0,0,0,0,0
ENCFF700BMG,/experiments/ENCSR184LMY/,0,0,1,0,0,0,0,0,0,0
ENCFF638STX,/experiments/ENCSR184LMY/,0,0,1,0,0,0,0,0,0,0
ENCFF484CBD,/experiments/ENCSR184LMY/,0,0,1,0,0,0,0,0,0,0
ENCFF106LLL,/experiments/ENCSR184LMY/,0,0,1,0,0,0,0,0,0,0
ENCFF976EWT,/experiments/ENCSR184LMY/,0,0,1,0,0,0,0,0,0,0
ENCFF308CWJ,/experiments/ENCSR184LMY/,0,0,1,0,0,0,0,0,0,0
ENCFF761MPW,/experiments/ENCSR184LMY/,0,0,1,0,0,0,0,0,0,0
ENCFF594NMP,/experiments/ENCSR184LMY/,0,0,1,0,0,0,0,0,0,0
ENCFF186NLY,/experiments/ENCSR184LMY/,0,0,1,0,0,0,0,0,0,0
ENCFF619LDU,/experiments/ENCSR184LMY/,0,0,1,0,0,0,0,0,0,0
ENCFF472QCV,/experiments/ENCSR184TUE/,0,0,1,0,0,0,1,1,0,1
ENCFF120TMM,/experiments/ENCSR184TUE/,0,0,1,0,0,0,1,1,0,1
ENCFF986MPY,/experiments/ENCSR186NTL/,0,0,0,0,0,0,0,0,0,0
ENCFF304VUD,/experiments/ENCSR187PYY/,0,1,0,0,1,0,0,1,0,0
ENCFF137BOM,/experiments/ENCSR187PYY/,0,1,0,0,1,0,0,1,0,0
ENCFF051EYS,/experiments/ENCSR188JLO/,0,0,1,0,0,0,0,0,0,0
ENCFF511EII,/experiments/ENCSR188JLO/,0,0,1,0,0,0,0,0,0,0
ENCFF708CMC,/experiments/ENCSR189YJQ/,0,0,0,0,1,0,1,1,0,0
ENCFF608LGU,/experiments/ENCSR189YJQ/,0,0,0,0,1,0,1,1,0,0
ENCFF610CKQ,/experiments/ENCSR191EII/,0,0,0,0,0,0,0,0,0,1
ENCFF641CJQ,/experiments/ENCSR191EII/,0,0,0,0,0,0,0,0,0,1
ENCFF588LXG,/experiments/ENCSR191EII/,0,0,0,0,0,0,0,0,0,1
ENCFF515KFF,/experiments/ENCSR191EII/,0,0,0,0,0,0,0,0,0,1
ENCFF615NHO,/experiments/ENCSR191EII/,0,0,0,0,0,0,0,0,0,1
ENCFF371NSV,/experiments/ENCSR191EII/,0,0,0,0,0,0,0,0,0,1
ENCFF023ZQH,/experiments/ENCSR191EII/,0,0,0,0,0,0,0,0,0,1
ENCFF692DBR,/experiments/ENCSR191EII/,0,0,0,0,0,0,0,0,0,1
ENCFF263JKC,/experiments/ENCSR191EII/,0,0,0,0,0,0,0,0,0,1
ENCFF455RDA,/experiments/ENCSR191EII/,0,0,0,0,0,0,0,0,0,1
ENCFF900FSF,/experiments/ENCSR191EII/,0,0,0,0,0,0,0,0,0,1
ENCFF168UKL,/experiments/ENCSR191EII/,0,0,0,0,0,0,0,0,0,1
ENCFF268SKT,/experiments/ENCSR191EII/,0,0,0,0,0,0,0,0,0,1
ENCFF271KMT,/experiments/ENCSR193LYA/,0,0,1,0,0,0,0,1,0,1
ENCFF231GOI,/experiments/ENCSR193LYA/,0,0,1,0,0,0,0,1,0,1
ENCFF665RKN,/experiments/ENCSR193LYA/,0,0,1,0,0,0,0,1,0,1
ENCFF710GZN,/experiments/ENCSR193LYA/,0,0,1,0,0,0,0,1,0,1
ENCFF354AUK,/experiments/ENCSR193OYD/,0,1,0,1,0,0,0,0,0,0
ENCFF806NLT,/experiments/ENCSR193OYD/,0,1,0,1,0,0,0,0,0,0
ENCFF358AYW,/experiments/ENCSR193OYD/,0,1,0,1,0,0,0,0,0,0
ENCFF531WSC,/experiments/ENCSR193XFZ/,0,1,0,0,0,0,0,1,0,1
ENCFF276FLT,/experiments/ENCSR193XFZ/,0,1,0,0,0,0,0,1,0,1
ENCFF789WZQ,/experiments/ENCSR193XFZ/,0,1,0,0,0,0,0,1,0,1
ENCFF283OYA,/experiments/ENCSR193XFZ/,0,1,0,0,0,0,0,1,0,1
ENCFF390NUJ,/experiments/ENCSR195GUK/,1,0,0,0,0,0,1,0,0,0
ENCFF374NIJ,/experiments/ENCSR195GUK/,1,0,0,0,0,0,1,0,0,0
ENCFF805WNF,/experiments/ENCSR195ONB/,0,0,1,0,1,0,1,0,0,0
ENCFF985KWX,/experiments/ENCSR195ONB/,0,0,1,0,1,0,1,0,0,0
ENCFF352RVZ,/experiments/ENCSR196VDE/,0,0,1,0,0,1,0,0,0,0
ENCFF069ASF,/experiments/ENCSR196VDE/,0,0,1,0,0,1,0,0,0,0
ENCFF885DRR,/experiments/ENCSR196VDE/,0,0,1,0,0,1,0,0,0,0
ENCFF861IZO,/experiments/ENCSR196VDE/,0,0,1,0,0,1,0,0,0,0
ENCFF993CPF,/experiments/ENCSR196VDE/,0,0,1,0,0,1,0,0,0,0
ENCFF525WWZ,/experiments/ENCSR197BFD/,0,0,1,0,0,0,1,0,0,0
ENCFF053HKC,/experiments/ENCSR197BFD/,0,0,1,0,0,0,1,0,0,0
ENCFF106OCY,/experiments/ENCSR197BFD/,0,0,1,0,0,0,1,0,0,0
ENCFF055RDU,/experiments/ENCSR197ZAV/,0,0,0,0,0,0,1,0,0,0
ENCFF166PQJ,/experiments/ENCSR197ZAV/,0,0,0,0,0,0,1,0,0,0
ENCFF386AZZ,/experiments/ENCSR197ZAV/,0,0,0,0,0,0,1,0,0,0
ENCFF120HQC,/experiments/ENCSR197ZAV/,0,0,0,0,0,0,1,0,0,0
ENCFF405SLB,/experiments/ENCSR197ZAV/,0,0,0,0,0,0,1,0,0,0
ENCFF579XIX,/experiments/ENCSR197ZNW/,0,0,0,1,1,1,0,1,0,0
ENCFF330RAE,/experiments/ENCSR198JXW/,0,0,0,0,0,0,0,0,0,0
ENCFF277CXU,/experiments/ENCSR198JXW/,0,0,0,0,0,0,0,0,0,0
ENCFF664BDA,/experiments/ENCSR198UKY/,0,0,0,0,0,0,0,0,0,0
ENCFF514SKO,/experiments/ENCSR200BNM/,0,0,0,1,0,0,0,0,1,1
ENCFF905ZYA,/experiments/ENCSR200BNM/,0,0,0,1,0,0,0,0,1,1
ENCFF189MNH,/experiments/ENCSR200TAZ/,0,0,0,0,0,1,0,1,0,0
ENCFF486FOZ,/experiments/ENCSR200TAZ/,0,0,0,0,0,1,0,1,0,0
ENCFF193YGY,/experiments/ENCSR200TAZ/,0,0,0,0,0,1,0,1,0,0
ENCFF225GJG,/experiments/ENCSR200TAZ/,0,0,0,0,0,1,0,1,0,0
ENCFF648RFE,/experiments/ENCSR204WCY/,0,0,0,1,0,0,0,0,1,0
ENCFF940HEQ,/experiments/ENCSR204WCY/,0,0,0,1,0,0,0,0,1,0
ENCFF320MEH,/experiments/ENCSR204WCY/,0,0,0,1,0,0,0,0,1,0
ENCFF386WXC,/experiments/ENCSR204WCY/,0,0,0,1,0,0,0,0,1,0
ENCFF228KCG,/experiments/ENCSR205ECC/,0,0,0,0,0,0,0,0,0,0
ENCFF221RTS,/experiments/ENCSR205UJK/,1,0,0,0,0,0,0,1,0,0
ENCFF907RIO,/experiments/ENCSR205UJK/,1,0,0,0,0,0,0,1,0,0
ENCFF741FMO,/experiments/ENCSR205UJK/,1,0,0,0,0,0,0,1,0,0
ENCFF163HUK,/experiments/ENCSR205UJK/,1,0,0,0,0,0,0,1,0,0
ENCFF649OSC,/experiments/ENCSR205UJK/,1,0,0,0,0,0,0,1,0,0
ENCFF102MGT,/experiments/ENCSR206KJN/,0,0,0,0,0,0,0,0,0,0
ENCFF640OOB,/experiments/ENCSR206OJJ/,0,0,0,0,0,0,0,0,0,1
ENCFF911RPB,/experiments/ENCSR206OJJ/,0,0,0,0,0,0,0,0,0,1
ENCFF516KTH,/experiments/ENCSR207CQH/,0,0,0,0,0,0,0,1,0,1
ENCFF766TGF,/experiments/ENCSR207TUX/,0,1,0,1,0,0,0,0,1,1
ENCFF196TBZ,/experiments/ENCSR207TUX/,0,1,0,1,0,0,0,0,1,1
ENCFF141WGT,/experiments/ENCSR208DMX/,0,1,0,0,0,0,0,0,0,0
ENCFF953NRZ,/experiments/ENCSR208DMX/,0,1,0,0,0,0,0,0,0,0
ENCFF667XCZ,/experiments/ENCSR208DMX/,0,1,0,0,0,0,0,0,0,0
ENCFF760GAJ,/experiments/ENCSR208YDK/,1,0,0,0,0,1,0,1,0,0
ENCFF742PXR,/experiments/ENCSR208YDK/,1,0,0,0,0,1,0,1,0,0
ENCFF162ZNE,/experiments/ENCSR209ECO/,1,0,1,0,0,0,0,0,0,1
ENCFF096DRA,/experiments/ENCSR209ECO/,1,0,1,0,0,0,0,0,0,1
ENCFF147VEZ,/experiments/ENCSR209TXI/,1,0,0,0,0,0,0,1,0,1
ENCFF426IQZ,/experiments/ENCSR209TXI/,1,0,0,0,0,0,0,1,0,1
ENCFF503KIS,/experiments/ENCSR209TXI/,1,0,0,0,0,0,0,1,0,1
ENCFF192GDS,/experiments/ENCSR210ESN/,1,0,0,1,0,0,1,0,0,0
ENCFF766ORE,/experiments/ENCSR210ESN/,1,0,0,1,0,0,1,0,0,0
ENCFF886IKQ,/experiments/ENCSR210ESN/,1,0,0,1,0,0,1,0,0,0
ENCFF110KFT,/experiments/ENCSR210JVF/,0,1,0,0,0,0,1,0,0,1
ENCFF295EAT,/experiments/ENCSR211SUT/,1,1,0,1,1,0,0,0,0,0
ENCFF821JSZ,/experiments/ENCSR211SUT/,1,1,0,1,1,0,0,0,0,0
ENCFF229BVF,/experiments/ENCSR211TTY/,0,0,0,0,0,0,0,1,0,1
ENCFF677ZDQ,/experiments/ENCSR211TTY/,0,0,0,0,0,0,0,1,0,1
ENCFF051DPS,/experiments/ENCSR211TTY/,0,0,0,0,0,0,0,1,0,1
ENCFF182PKK,/experiments/ENCSR211TTY/,0,0,0,0,0,0,0,1,0,1
ENCFF556YTX,/experiments/ENCSR212VEN/,1,0,0,0,0,0,0,0,1,0
ENCFF528INE,/experiments/ENCSR212VEN/,1,0,0,0,0,0,0,0,1,0
ENCFF822LAM,/experiments/ENCSR213WNV/,0,0,0,1,0,0,0,1,0,1
ENCFF994NTS,/experiments/ENCSR214NLQ/,1,1,0,0,0,0,0,0,0,0
ENCFF854KSW,/experiments/ENCSR214NLQ/,1,1,0,0,0,0,0,0,0,0
ENCFF807HMG,/experiments/ENCSR214QEO/,0,0,0,0,0,0,0,0,0,0
ENCFF567CGB,/experiments/ENCSR214QEO/,0,0,0,0,0,0,0,0,0,0
ENCFF699DXD,/experiments/ENCSR214QEO/,0,0,0,0,0,0,0,0,0,0
ENCFF444VTK,/experiments/ENCSR214QEO/,0,0,0,0,0,0,0,0,0,0
ENCFF631NIJ,/experiments/ENCSR214QEO/,0,0,0,0,0,0,0,0,0,0
ENCFF546HJX,/experiments/ENCSR214QEO/,0,0,0,0,0,0,0,0,0,0
ENCFF524MLJ,/experiments/ENCSR214QEO/,0,0,0,0,0,0,0,0,0,0
ENCFF090TEE,/experiments/ENCSR214QEO/,0,0,0,0,0,0,0,0,0,0
ENCFF426HTK,/experiments/ENCSR214XJO/,0,0,0,0,0,1,0,0,0,0
ENCFF479MYW,/experiments/ENCSR214XJO/,0,0,0,0,0,1,0,0,0,0
ENCFF776KJZ,/experiments/ENCSR215DXT/,0,1,0,0,0,0,0,0,1,1
ENCFF927GZR,/experiments/ENCSR215DXT/,0,1,0,0,0,0,0,0,1,1
ENCFF970RQO,/experiments/ENCSR216UMD/,1,0,1,1,0,0,0,0,0,0
ENCFF110QUM,/experiments/ENCSR216UMD/,1,0,1,1,0,0,0,0,0,0
ENCFF838GSO,/experiments/ENCSR216UMD/,1,0,1,1,0,0,0,0,0,0
ENCFF539QAB,/experiments/ENCSR216UMD/,1,0,1,1,0,0,0,0,0,0
ENCFF293PYH,/experiments/ENCSR217OHA/,0,0,0,0,0,0,0,1,0,0
ENCFF780JZP,/experiments/ENCSR217OHA/,0,0,0,0,0,0,0,1,0,0
ENCFF264LIO,/experiments/ENCSR217PZP/,0,0,1,0,0,0,1,0,0,0
ENCFF684VSH,/experiments/ENCSR217RVH/,0,0,1,1,0,0,1,0,0,0
ENCFF189ESF,/experiments/ENCSR217RVH/,0,0,1,1,0,0,1,0,0,0
ENCFF938UZE,/experiments/ENCSR217RVH/,0,0,1,1,0,0,1,0,0,0
ENCFF501FQO,/experiments/ENCSR217RVH/,0,0,1,1,0,0,1,0,0,0
ENCFF264NYQ,/experiments/ENCSR217RVH/,0,0,1,1,0,0,1,0,0,0
ENCFF154MEW,/experiments/ENCSR217RVH/,0,0,1,1,0,0,1,0,0,0
ENCFF993PZL,/experiments/ENCSR217RVH/,0,0,1,1,0,0,1,0,0,0
ENCFF963WZO,/experiments/ENCSR217RVH/,0,0,1,1,0,0,1,0,0,0
ENCFF604FBD,/experiments/ENCSR217SET/,0,0,0,0,0,0,1,0,0,0
ENCFF327ULL,/experiments/ENCSR217SET/,0,0,0,0,0,0,1,0,0,0
ENCFF876JIM,/experiments/ENCSR217SET/,0,0,0,0,0,0,1,0,0,0
ENCFF334YQY,/experiments/ENCSR217SET/,0,0,0,0,0,0,1,0,0,0
ENCFF849OEK,/experiments/ENCSR217SET/,0,0,0,0,0,0,1,0,0,0
ENCFF973OCA,/experiments/ENCSR217SET/,0,0,0,0,0,0,1,0,0,0
ENCFF179HKK,/experiments/ENCSR217SET/,0,0,0,0,0,0,1,0,0,0
ENCFF122PFO,/experiments/ENCSR217SET/,0,0,0,0,0,0,1,0,0,0
ENCFF618XNK,/experiments/ENCSR217TAW/,1,1,0,0,0,0,1,1,0,1
ENCFF400MSN,/experiments/ENCSR217TAW/,1,1,0,0,0,0,1,1,0,1
ENCFF313TQJ,/experiments/ENCSR217TAW/,1,1,0,0,0,0,1,1,0,1
ENCFF405CPB,/experiments/ENCSR217TAW/,1,1,0,0,0,0,1,1,0,1
ENCFF521XIS,/experiments/ENCSR217TAW/,1,1,0,0,0,0,1,1,0,1
ENCFF065TLM,/experiments/ENCSR217YRJ/,0,0,1,0,0,1,0,0,0,0
ENCFF751CGQ,/experiments/ENCSR218AFD/,0,0,1,1,0,1,0,0,0,1
ENCFF847GYA,/experiments/ENCSR218AFD/,0,0,1,1,0,1,0,0,0,1
ENCFF249GWR,/experiments/ENCSR218FJD/,0,0,1,0,0,0,1,0,1,0
ENCFF419QSP,/experiments/ENCSR218FSP/,0,0,1,0,0,0,0,0,0,0
ENCFF537NAX,/experiments/ENCSR218FSP/,0,0,1,0,0,0,0,0,0,0
ENCFF684JTJ,/experiments/ENCSR218FSP/,0,0,1,0,0,0,0,0,0,0
ENCFF604JCF,/experiments/ENCSR218FSP/,0,0,1,0,0,0,0,0,0,0
ENCFF202BCB,/experiments/ENCSR218FSP/,0,0,1,0,0,0,0,0,0,0
ENCFF002IIU,/experiments/ENCSR219KTW/,1,0,0,1,0,0,1,0,0,0
ENCFF966ZSD,/experiments/ENCSR221ROM/,0,0,0,0,0,0,0,0,1,0
ENCFF893HWF,/experiments/ENCSR221ROM/,0,0,0,0,0,0,0,0,1,0
ENCFF221BAW,/experiments/ENCSR222CLC/,0,0,0,0,0,0,0,0,0,0
ENCFF799PFU,/experiments/ENCSR222CLC/,0,0,0,0,0,0,0,0,0,0
ENCFF239ICB,/experiments/ENCSR222CLC/,0,0,0,0,0,0,0,0,0,0
ENCFF505SQO,/experiments/ENCSR223KKX/,0,0,0,0,0,0,1,0,1,0
ENCFF889BGW,/experiments/ENCSR223KKX/,0,0,0,0,0,0,1,0,1,0
ENCFF057XGU,/experiments/ENCSR223XND/,0,0,0,0,0,0,0,0,0,1
ENCFF794GOU,/experiments/ENCSR223XND/,0,0,0,0,0,0,0,0,0,1
ENCFF882PWT,/experiments/ENCSR223XND/,0,0,0,0,0,0,0,0,0,1
ENCFF899JOL,/experiments/ENCSR224FBA/,1,1,0,0,0,1,0,0,0,0
ENCFF071YFS,/experiments/ENCSR224FBA/,1,1,0,0,0,1,0,0,0,0
ENCFF784QHR,/experiments/ENCSR224FOA/,1,0,0,1,0,1,0,0,0,1
ENCFF891TEY,/experiments/ENCSR224FOA/,1,0,0,1,0,1,0,0,0,1
ENCFF683XCG,/experiments/ENCSR224IYD/,0,0,0,0,0,0,0,1,0,1
ENCFF907OCI,/experiments/ENCSR224IYD/,0,0,0,0,0,0,0,1,0,1
ENCFF403UDJ,/experiments/ENCSR224IYD/,0,0,0,0,0,0,0,1,0,1
ENCFF205PYZ,/experiments/ENCSR224IYD/,0,0,0,0,0,0,0,1,0,1
ENCFF870MOY,/experiments/ENCSR224IYD/,0,0,0,0,0,0,0,1,0,1
ENCFF086MIY,/experiments/ENCSR224IYD/,0,0,0,0,0,0,0,1,0,1
ENCFF321ZDO,/experiments/ENCSR224IYD/,0,0,0,0,0,0,0,1,0,1
ENCFF199EXC,/experiments/ENCSR224YYX/,0,0,0,0,0,0,1,0,0,0
ENCFF461ERQ,/experiments/ENCSR224YYX/,0,0,0,0,0,0,1,0,0,0
ENCFF838TKD,/experiments/ENCSR224YYX/,0,0,0,0,0,0,1,0,0,0
ENCFF015MXY,/experiments/ENCSR224YYX/,0,0,0,0,0,0,1,0,0,0
ENCFF913FAL,/experiments/ENCSR224YYX/,0,0,0,0,0,0,1,0,0,0
ENCFF500WPO,/experiments/ENCSR224YYX/,0,0,0,0,0,0,1,0,0,0
ENCFF648WZF,/experiments/ENCSR224YYX/,0,0,0,0,0,0,1,0,0,0
ENCFF379OBU,/experiments/ENCSR224YYX/,0,0,0,0,0,0,1,0,0,0
ENCFF349LFQ,/experiments/ENCSR224ZGJ/,0,0,1,0,0,0,0,0,0,0
ENCFF457QNU,/experiments/ENCSR224ZGJ/,0,0,1,0,0,0,0,0,0,0
ENCFF605IOO,/experiments/ENCSR224ZGJ/,0,0,1,0,0,0,0,0,0,0
ENCFF700QEE,/experiments/ENCSR224ZGJ/,0,0,1,0,0,0,0,0,0,0
ENCFF940ZEG,/experiments/ENCSR226JLK/,0,1,0,0,0,0,0,0,0,0
ENCFF308BQS,/experiments/ENCSR226JLK/,0,1,0,0,0,0,0,0,0,0
ENCFF430OKE,/experiments/ENCSR226JLK/,0,1,0,0,0,0,0,0,0,0
ENCFF557KTB,/experiments/ENCSR226JLK/,0,1,0,0,0,0,0,0,0,0
ENCFF280LEM,/experiments/ENCSR226LVB/,1,0,0,0,0,0,0,0,0,0
ENCFF247SMX,/experiments/ENCSR228BOM/,0,0,0,0,0,0,0,1,0,0
ENCFF604EYO,/experiments/ENCSR228BOM/,0,0,0,0,0,0,0,1,0,0
ENCFF982IAW,/experiments/ENCSR228IKB/,0,1,0,0,1,0,1,0,0,0
ENCFF622ABQ,/experiments/ENCSR228IKB/,0,1,0,0,1,0,1,0,0,0
ENCFF613TFL,/experiments/ENCSR228IKB/,0,1,0,0,1,0,1,0,0,0
ENCFF228JTT,/experiments/ENCSR228IKB/,0,1,0,0,1,0,1,0,0,0
ENCFF962CXQ,/experiments/ENCSR228IKB/,0,1,0,0,1,0,1,0,0,0
ENCFF096WNB,/experiments/ENCSR228IKB/,0,1,0,0,1,0,1,0,0,0
ENCFF379ROL,/experiments/ENCSR228IKB/,0,1,0,0,1,0,1,0,0,0
ENCFF920SOC,/experiments/ENCSR228IKB/,0,1,0,0,1,0,1,0,0,0
ENCFF040XDV,/experiments/ENCSR228VNQ/,0,0,0,0,0,0,0,0,0,0
ENCFF464VLQ,/experiments/ENCSR228VNQ/,0,0,0,0,0,0,0,0,0,0
ENCFF660OYN,/experiments/ENCSR228VNQ/,0,0,0,0,0,0,0,0,0,0
ENCFF426PKC,/experiments/ENCSR228VNQ/,0,0,0,0,0,0,0,0,0,0
ENCFF356XGS,/experiments/ENCSR228VNQ/,0,0,0,0,0,0,0,0,0,0
ENCFF914GIZ,/experiments/ENCSR228VNQ/,0,0,0,0,0,0,0,0,0,0
ENCFF802SYW,/experiments/ENCSR229BGG/,1,1,0,0,0,0,0,0,0,1
ENCFF123ZLW,/experiments/ENCSR229BGG/,1,1,0,0,0,0,0,0,0,1
ENCFF224BWS,/experiments/ENCSR231NBX/,0,0,1,0,0,0,0,0,0,0
ENCFF107COP,/experiments/ENCSR231NBX/,0,0,1,0,0,0,0,0,0,0
ENCFF987QLS,/experiments/ENCSR232ELD/,0,1,0,0,0,0,0,0,1,0
ENCFF769PGG,/experiments/ENCSR232ELD/,0,1,0,0,0,0,0,0,1,0
ENCFF406UEG,/experiments/ENCSR232FAS/,1,0,0,1,0,0,0,1,0,1
ENCFF888PGU,/experiments/ENCSR232FAS/,1,0,0,1,0,0,0,1,0,1
ENCFF236BKA,/experiments/ENCSR232NLA/,0,0,0,0,0,0,1,0,1,0
ENCFF973NTE,/experiments/ENCSR232NLA/,0,0,0,0,0,0,1,0,1,0
ENCFF928UUB,/experiments/ENCSR232NLA/,0,0,0,0,0,0,1,0,1,0
ENCFF116DOE,/experiments/ENCSR232NLA/,0,0,0,0,0,0,1,0,1,0
ENCFF910RCB,/experiments/ENCSR233DFT/,0,0,1,1,0,0,0,0,0,0
ENCFF240ZLZ,/experiments/ENCSR233DFT/,0,0,1,1,0,0,0,0,0,0
ENCFF996FQI,/experiments/ENCSR233DFT/,0,0,1,1,0,0,0,0,0,0
ENCFF067MTA,/experiments/ENCSR234FTX/,0,0,0,1,0,1,0,0,0,0
ENCFF503NAE,/experiments/ENCSR234FTX/,0,0,0,1,0,1,0,0,0,0
ENCFF514UER,/experiments/ENCSR234VLI/,0,1,0,0,0,0,1,1,0,0
ENCFF844HGQ,/experiments/ENCSR234VLI/,0,1,0,0,0,0,1,1,0,0
ENCFF449AKY,/experiments/ENCSR234VLI/,0,1,0,0,0,0,1,1,0,0
ENCFF808LSZ,/experiments/ENCSR235KWU/,0,0,0,0,1,0,1,1,0,0
ENCFF030YVQ,/experiments/ENCSR235KWU/,0,0,0,0,1,0,1,1,0,0
ENCFF301TJR,/experiments/ENCSR235KWU/,0,0,0,0,1,0,1,1,0,0
ENCFF716FZQ,/experiments/ENCSR235KWU/,0,0,0,0,1,0,1,1,0,0
ENCFF604VYL,/experiments/ENCSR235OZX/,0,1,0,0,0,1,0,1,0,0
ENCFF307OLN,/experiments/ENCSR236KPK/,0,0,0,0,0,0,1,0,1,0
ENCFF989CLN,/experiments/ENCSR236KPK/,0,0,0,0,0,0,1,0,1,0
ENCFF782UDE,/experiments/ENCSR237BOF/,0,1,0,0,0,1,0,0,0,1
ENCFF489OVA,/experiments/ENCSR237WJY/,0,0,0,0,0,0,0,0,0,0
ENCFF026UVD,/experiments/ENCSR237WJY/,0,0,0,0,0,0,0,0,0,0
ENCFF454GEF,/experiments/ENCSR237WJY/,0,0,0,0,0,0,0,0,0,0
ENCFF431CNR,/experiments/ENCSR238FMP/,0,1,0,1,0,0,0,0,0,0
ENCFF836DJZ,/experiments/ENCSR238FMP/,0,1,0,1,0,0,0,0,0,0
ENCFF205NFA,/experiments/ENCSR239MQN/,0,0,0,0,1,0,0,0,1,0
ENCFF191ZJF,/experiments/ENCSR239MQN/,0,0,0,0,1,0,0,0,1,0
ENCFF954RIO,/experiments/ENCSR239XNU/,0,0,0,1,0,0,1,0,1,0
ENCFF549PIR,/experiments/ENCSR239XNU/,0,0,0,1,0,0,1,0,1,0
ENCFF110MVL,/experiments/ENCSR239XNU/,0,0,0,1,0,0,1,0,1,0
ENCFF689KYD,/experiments/ENCSR240TPI/,0,0,0,0,0,0,0,0,0,1
ENCFF868ROQ,/experiments/ENCSR240TPI/,0,0,0,0,0,0,0,0,0,1
ENCFF351GQX,/experiments/ENCSR240TPI/,0,0,0,0,0,0,0,0,0,1
ENCFF044EKO,/experiments/ENCSR240TPI/,0,0,0,0,0,0,0,0,0,1
ENCFF938QAP,/experiments/ENCSR240TPI/,0,0,0,0,0,0,0,0,0,1
ENCFF701IAJ,/experiments/ENCSR240TZG/,0,0,0,0,0,1,0,0,0,1
ENCFF928XJQ,/experiments/ENCSR240XYH/,1,0,0,0,0,0,0,1,0,0
ENCFF037TVB,/experiments/ENCSR240XYH/,1,0,0,0,0,0,0,1,0,0
ENCFF697MKV,/experiments/ENCSR240XYH/,1,0,0,0,0,0,0,1,0,0
ENCFF771URN,/experiments/ENCSR240XYH/,1,0,0,0,0,0,0,1,0,0
ENCFF702VNW,/experiments/ENCSR240XYH/,1,0,0,0,0,0,0,1,0,0
ENCFF762QNJ,/experiments/ENCSR240XYH/,1,0,0,0,0,0,0,1,0,0
ENCFF453ORV,/experiments/ENCSR241BNZ/,0,0,0,0,0,0,0,0,1,0
ENCFF960OEQ,/experiments/ENCSR241BNZ/,0,0,0,0,0,0,0,0,1,0
ENCFF240BQH,/experiments/ENCSR241BNZ/,0,0,0,0,0,0,0,0,1,0
ENCFF557MLG,/experiments/ENCSR242CLA/,0,0,0,0,0,1,0,1,0,0
ENCFF355POM,/experiments/ENCSR242CLA/,0,0,0,0,0,1,0,1,0,0
ENCFF706UXM,/experiments/ENCSR242RPQ/,0,0,0,0,0,1,0,0,0,0
ENCFF058ANH,/experiments/ENCSR242RPQ/,0,0,0,0,0,1,0,0,0,0
ENCFF254WRC,/experiments/ENCSR245AXW/,0,0,0,0,0,0,0,0,1,0
ENCFF545EYN,/experiments/ENCSR245AXW/,0,0,0,0,0,0,0,0,1,0
ENCFF502JHP,/experiments/ENCSR246PXX/,0,1,0,0,0,0,1,0,1,0
ENCFF044OTP,/experiments/ENCSR246PXX/,0,1,0,0,0,0,1,0,1,0
ENCFF008FDD,/experiments/ENCSR246VSO/,0,0,0,0,1,0,0,0,0,0
ENCFF163LXS,/experiments/ENCSR246VSO/,0,0,0,0,1,0,0,0,0,0
ENCFF666GUI,/experiments/ENCSR247IUJ/,0,0,0,0,0,0,0,0,1,1
ENCFF064WNA,/experiments/ENCSR247IUJ/,0,0,0,0,0,0,0,0,1,1
ENCFF749BHU,/experiments/ENCSR247PTA/,0,0,0,0,0,0,1,0,0,0
ENCFF059AEA,/experiments/ENCSR247PTA/,0,0,0,0,0,0,1,0,0,0
ENCFF122BRC,/experiments/ENCSR247PTA/,0,0,0,0,0,0,1,0,0,0
ENCFF265LQG,/experiments/ENCSR247PTA/,0,0,0,0,0,0,1,0,0,0
ENCFF941COX,/experiments/ENCSR249BYV/,1,0,0,0,1,0,0,1,0,0
ENCFF987FBY,/experiments/ENCSR249BYV/,1,0,0,0,1,0,0,1,0,0
ENCFF892QTV,/experiments/ENCSR249BYV/,1,0,0,0,1,0,0,1,0,0
ENCFF968NLM,/experiments/ENCSR249BYV/,1,0,0,0,1,0,0,1,0,0
ENCFF005KIH,/experiments/ENCSR249BYV/,1,0,0,0,1,0,0,1,0,0
ENCFF103FXL,/experiments/ENCSR249BYV/,1,0,0,0,1,0,0,1,0,0
ENCFF419QCQ,/experiments/ENCSR249BYV/,1,0,0,0,1,0,0,1,0,0
ENCFF308AWG,/experiments/ENCSR249BYV/,1,0,0,0,1,0,0,1,0,0
ENCFF033VSP,/experiments/ENCSR249RFY/,1,0,0,0,0,0,1,0,1,0
ENCFF994SKO,/experiments/ENCSR249RFY/,1,0,0,0,0,0,1,0,1,0
ENCFF517DJD,/experiments/ENCSR250GDW/,0,0,1,1,0,0,1,0,1,1
ENCFF882CGA,/experiments/ENCSR250GDW/,0,0,1,1,0,0,1,0,1,1
ENCFF281ACZ,/experiments/ENCSR251INE/,0,0,0,1,1,0,0,0,1,1
ENCFF399RVE,/experiments/ENCSR251UPG/,0,0,0,0,0,0,0,1,0,0
ENCFF099TON,/experiments/ENCSR251UPG/,0,0,0,0,0,0,0,1,0,0
ENCFF602LUO,/experiments/ENCSR251UPG/,0,0,0,0,0,0,0,1,0,0
ENCFF961WWR,/experiments/ENCSR252NVI/,0,1,0,0,0,0,0,1,0,0
ENCFF302MJP,/experiments/ENCSR252NVI/,0,1,0,0,0,0,0,1,0,0
ENCFF450AJZ,/experiments/ENCSR254AGA/,1,0,0,0,0,0,0,0,0,0
ENCFF381XZO,/experiments/ENCSR254BCA/,0,0,1,0,0,0,0,0,0,0
ENCFF607ZSY,/experiments/ENCSR254KUF/,0,0,1,0,0,0,0,0,0,1
ENCFF673EDO,/experiments/ENCSR254KUF/,0,0,1,0,0,0,0,0,0,1
ENCFF622BWV,/experiments/ENCSR255OGF/,0,0,0,0,1,1,0,0,0,0
ENCFF017WGK,/experiments/ENCSR255QUX/,0,0,0,0,0,0,1,0,0,1
ENCFF348HTD,/experiments/ENCSR255QUX/,0,0,0,0,0,0,1,0,0,1
ENCFF833ZYF,/experiments/ENCSR255STJ/,0,0,0,0,0,0,1,0,0,0
ENCFF970OVN,/experiments/ENCSR255STJ/,0,0,0,0,0,0,1,0,0,0
ENCFF278UAQ,/experiments/ENCSR255STJ/,0,0,0,0,0,0,1,0,0,0
ENCFF227KKO,/experiments/ENCSR255STJ/,0,0,0,0,0,0,1,0,0,0
ENCFF492MNF,/experiments/ENCSR257BGZ/,1,0,1,0,0,0,1,0,0,0
ENCFF359NYK,/experiments/ENCSR257BGZ/,1,0,1,0,0,0,1,0,0,0
ENCFF991JKH,/experiments/ENCSR257BGZ/,1,0,1,0,0,0,1,0,0,0
ENCFF581DBL,/experiments/ENCSR257BGZ/,1,0,1,0,0,0,1,0,0,0
ENCFF903ZJS,/experiments/ENCSR257BGZ/,1,0,1,0,0,0,1,0,0,0
ENCFF711MPH,/experiments/ENCSR257BGZ/,1,0,1,0,0,0,1,0,0,0
ENCFF684QCH,/experiments/ENCSR257BGZ/,1,0,1,0,0,0,1,0,0,0
ENCFF368STO,/experiments/ENCSR257BGZ/,1,0,1,0,0,0,1,0,0,0
ENCFF958TVD,/experiments/ENCSR257BGZ/,1,0,1,0,0,0,1,0,0,0
ENCFF840MEP,/experiments/ENCSR257CIZ/,0,0,0,0,1,0,1,0,0,0
ENCFF158QWF,/experiments/ENCSR257CIZ/,0,0,0,0,1,0,1,0,0,0
ENCFF283PYG,/experiments/ENCSR257CIZ/,0,0,0,0,1,0,1,0,0,0
ENCFF842FVQ,/experiments/ENCSR257CIZ/,0,0,0,0,1,0,1,0,0,0
ENCFF909ULM,/experiments/ENCSR258IBL/,0,0,1,0,0,0,1,1,0,0
ENCFF052JNW,/experiments/ENCSR258IBL/,0,0,1,0,0,0,1,1,0,0
ENCFF770YNO,/experiments/ENCSR258IBL/,0,0,1,0,0,0,1,1,0,0
ENCFF768GNX,/experiments/ENCSR258IBL/,0,0,1,0,0,0,1,1,0,0
ENCFF061DNQ,/experiments/ENCSR258IBL/,0,0,1,0,0,0,1,1,0,0
ENCFF445HLC,/experiments/ENCSR258IBL/,0,0,1,0,0,0,1,1,0,0
ENCFF806MUH,/experiments/ENCSR258IBL/,0,0,1,0,0,0,1,1,0,0
ENCFF792IMC,/experiments/ENCSR258POP/,0,1,0,0,0,0,0,0,0,0
ENCFF767WHW,/experiments/ENCSR258POP/,0,1,0,0,0,0,0,0,0,0
ENCFF315KUW,/experiments/ENCSR258POP/,0,1,0,0,0,0,0,0,0,0
ENCFF882XQL,/experiments/ENCSR259GYP/,1,0,0,0,0,0,1,1,0,1
ENCFF521SSC,/experiments/ENCSR259GYP/,1,0,0,0,0,0,1,1,0,1
ENCFF192DOK,/experiments/ENCSR260SFQ/,0,0,0,0,0,0,0,0,1,0
ENCFF427NQS,/experiments/ENCSR260SFQ/,0,0,0,0,0,0,0,0,1,0
ENCFF456TVO,/experiments/ENCSR260UJJ/,0,1,0,0,0,0,0,0,0,0
ENCFF376TVO,/experiments/ENCSR261RWJ/,0,0,0,0,0,0,1,0,0,0
ENCFF438IKT,/experiments/ENCSR261RWJ/,0,0,0,0,0,0,1,0,0,0
ENCFF463BGN,/experiments/ENCSR261SMF/,0,0,1,1,0,0,0,0,0,0
ENCFF272FPH,/experiments/ENCSR262QJC/,0,0,1,0,0,0,1,0,1,0
ENCFF083NYS,/experiments/ENCSR262QJC/,0,0,1,0,0,0,1,0,1,0
ENCFF746WJD,/experiments/ENCSR263IGU/,0,1,0,1,0,0,0,1,0,0
ENCFF352EYU,/experiments/ENCSR263IGU/,0,1,0,1,0,0,0,1,0,0
ENCFF922JIL,/experiments/ENCSR263IGU/,0,1,0,1,0,0,0,1,0,0
ENCFF477YSI,/experiments/ENCSR265TEK/,0,0,0,0,0,1,0,1,0,0
ENCFF515EHI,/experiments/ENCSR265TEK/,0,0,0,0,0,1,0,1,0,0
ENCFF435GUD,/experiments/ENCSR265TEK/,0,0,0,0,0,1,0,1,0,0
ENCFF881CKI,/experiments/ENCSR265TEK/,0,0,0,0,0,1,0,1,0,0
ENCFF941ABD,/experiments/ENCSR265TEK/,0,0,0,0,0,1,0,1,0,0
ENCFF424QDY,/experiments/ENCSR266NDC/,0,0,1,0,0,0,0,0,0,0
ENCFF232DBE,/experiments/ENCSR267UFM/,1,0,0,0,1,1,0,0,0,0
ENCFF758NHE,/experiments/ENCSR267UFM/,1,0,0,0,1,1,0,0,0,0
ENCFF692VUZ,/experiments/ENCSR267UFM/,1,0,0,0,1,1,0,0,0,0
ENCFF671NKI,/experiments/ENCSR268GBM/,0,0,0,0,0,0,1,1,0,0
ENCFF621DNI,/experiments/ENCSR268GBM/,0,0,0,0,0,0,1,1,0,0
ENCFF948AVM,/experiments/ENCSR268QCH/,0,0,1,0,0,0,0,1,0,0
ENCFF863QQW,/experiments/ENCSR268QCH/,0,0,1,0,0,0,0,1,0,0
ENCFF934XHE,/experiments/ENCSR268QCH/,0,0,1,0,0,0,0,1,0,0
ENCFF838LOC,/experiments/ENCSR268QCH/,0,0,1,0,0,0,0,1,0,0
ENCFF882KUN,/experiments/ENCSR268QCH/,0,0,1,0,0,0,0,1,0,0
ENCFF705NSS,/experiments/ENCSR268QCH/,0,0,1,0,0,0,0,1,0,0
ENCFF455IUH,/experiments/ENCSR268QCH/,0,0,1,0,0,0,0,1,0,0
ENCFF126QMK,/experiments/ENCSR269SIA/,0,0,0,0,0,1,0,0,1,0
ENCFF002EQR,/experiments/ENCSR269SIA/,0,0,0,0,0,1,0,0,1,0
ENCFF002EQQ,/experiments/ENCSR269SIA/,0,0,0,0,0,1,0,0,1,0
ENCFF063SUY,/experiments/ENCSR269SIA/,0,0,0,0,0,1,0,0,1,0
ENCFF002EQS,/experiments/ENCSR269SIA/,0,0,0,0,0,1,0,0,1,0
ENCFF364PLZ,/experiments/ENCSR270DJQ/,1,0,0,0,0,0,0,0,0,0
ENCFF550BYF,/experiments/ENCSR270DJQ/,1,0,0,0,0,0,0,0,0,0
ENCFF293TTH,/experiments/ENCSR270DJQ/,1,0,0,0,0,0,0,0,0,0
ENCFF773FFP,/experiments/ENCSR270DJQ/,1,0,0,0,0,0,0,0,0,0
ENCFF385EGK,/experiments/ENCSR270DJQ/,1,0,0,0,0,0,0,0,0,0
ENCFF797XMK,/experiments/ENCSR270DJQ/,1,0,0,0,0,0,0,0,0,0
ENCFF826TLW,/experiments/ENCSR270JQK/,0,0,0,0,1,0,1,1,0,0
ENCFF339JND,/experiments/ENCSR270LZE/,0,0,1,1,0,1,0,1,0,0
ENCFF459TOT,/experiments/ENCSR270LZE/,0,0,1,1,0,1,0,1,0,0
ENCFF203AQX,/experiments/ENCSR270LZE/,0,0,1,1,0,1,0,1,0,0
ENCFF549SPM,/experiments/ENCSR270LZE/,0,0,1,1,0,1,0,1,0,0
ENCFF982MAP,/experiments/ENCSR270LZE/,0,0,1,1,0,1,0,1,0,0
ENCFF293FCP,/experiments/ENCSR270LZE/,0,0,1,1,0,1,0,1,0,0
ENCFF315OYT,/experiments/ENCSR270LZE/,0,0,1,1,0,1,0,1,0,0
ENCFF740WMI,/experiments/ENCSR271QID/,0,0,0,1,0,0,1,1,0,1
ENCFF098ANU,/experiments/ENCSR271QID/,0,0,0,1,0,0,1,1,0,1
ENCFF514PUG,/experiments/ENCSR271QSV/,0,0,0,0,1,0,0,0,0,0
ENCFF129TBF,/experiments/ENCSR271QSV/,0,0,0,0,1,0,0,0,0,0
ENCFF750WDX,/experiments/ENCSR271QSV/,0,0,0,0,1,0,0,0,0,0
ENCFF667ZMM,/experiments/ENCSR271QSV/,0,0,0,0,1,0,0,0,0,0
ENCFF381YIO,/experiments/ENCSR272RQX/,1,0,0,1,0,1,0,0,0,0
ENCFF293XWS,/experiments/ENCSR272RQX/,1,0,0,1,0,1,0,0,0,0
ENCFF582OEH,/experiments/ENCSR272RQX/,1,0,0,1,0,1,0,0,0,0
ENCFF595MJV,/experiments/ENCSR272RQX/,1,0,0,1,0,1,0,0,0,0
ENCFF564EXJ,/experiments/ENCSR273GCF/,0,0,0,0,0,0,1,1,0,1
ENCFF040TDY,/experiments/ENCSR273USD/,0,0,0,0,1,0,0,0,0,0
ENCFF914GGC,/experiments/ENCSR274FZD/,1,0,1,0,0,0,0,0,0,1
ENCFF484LFR,/experiments/ENCSR274FZD/,1,0,1,0,0,0,0,0,0,1
ENCFF766XLL,/experiments/ENCSR274SDO/,0,0,0,0,0,0,1,0,0,0
ENCFF203VAT,/experiments/ENCSR274SDO/,0,0,0,0,0,0,1,0,0,0
ENCFF564KKJ,/experiments/ENCSR274XTS/,0,0,0,0,0,0,0,1,0,0
ENCFF746WYN,/experiments/ENCSR274XTS/,0,0,0,0,0,0,0,1,0,0
ENCFF430RFL,/experiments/ENCSR275ICP/,0,0,0,1,0,0,0,0,0,0
ENCFF839KXF,/experiments/ENCSR275ICP/,0,0,0,1,0,0,0,0,0,0
ENCFF669ING,/experiments/ENCSR275ICP/,0,0,0,1,0,0,0,0,0,0
ENCFF204ZMP,/experiments/ENCSR275ICP/,0,0,0,1,0,0,0,0,0,0
ENCFF255JSR,/experiments/ENCSR276ITP/,0,1,0,0,0,0,1,1,0,0
ENCFF059PYS,/experiments/ENCSR276ITP/,0,1,0,0,0,0,1,1,0,0
ENCFF658NJD,/experiments/ENCSR276MDV/,0,0,0,0,0,1,0,0,0,0
ENCFF273NJA,/experiments/ENCSR276MDV/,0,0,0,0,0,1,0,0,0,0
ENCFF623GDQ,/experiments/ENCSR277KRY/,0,0,1,0,0,1,0,1,0,0
ENCFF860YFN,/experiments/ENCSR277KRY/,0,0,1,0,0,1,0,1,0,0
ENCFF554NRL,/experiments/ENCSR277ZHX/,0,1,0,0,0,0,0,0,1,0
ENCFF226IDY,/experiments/ENCSR277ZHX/,0,1,0,0,0,0,0,0,1,0
ENCFF530NCF,/experiments/ENCSR277ZHX/,0,1,0,0,0,0,0,0,1,0
ENCFF909TTR,/experiments/ENCSR277ZHX/,0,1,0,0,0,0,0,0,1,0
ENCFF025KGA,/experiments/ENCSR278FHC/,0,0,0,0,0,0,0,0,0,0
ENCFF109QYQ,/experiments/ENCSR278FHC/,0,0,0,0,0,0,0,0,0,0
ENCFF084HAF,/experiments/ENCSR278FVO/,0,0,0,0,0,0,0,0,1,0
ENCFF098KRD,/experiments/ENCSR278FVO/,0,0,0,0,0,0,0,0,1,0
ENCFF547PHP,/experiments/ENCSR278FVO/,0,0,0,0,0,0,0,0,1,0
ENCFF519CZQ,/experiments/ENCSR278FVO/,0,0,0,0,0,0,0,0,1,0
ENCFF902DVM,/experiments/ENCSR278FVO/,0,0,0,0,0,0,0,0,1,0
ENCFF827HIG,/experiments/ENCSR278FVO/,0,0,0,0,0,0,0,0,1,0
ENCFF942ADO,/experiments/ENCSR278FVO/,0,0,0,0,0,0,0,0,1,0
ENCFF969KVS,/experiments/ENCSR278FVO/,0,0,0,0,0,0,0,0,1,0
ENCFF298GVQ,/experiments/ENCSR278FVO/,0,0,0,0,0,0,0,0,1,0
ENCFF079GRE,/experiments/ENCSR278SKG/,0,0,0,0,0,0,1,0,0,1
ENCFF228WQY,/experiments/ENCSR278SKG/,0,0,0,0,0,0,1,0,0,1
ENCFF649MEF,/experiments/ENCSR279SXQ/,1,0,1,0,0,0,1,1,0,0
ENCFF906UGI,/experiments/ENCSR279SXQ/,1,0,1,0,0,0,1,1,0,0
ENCFF174JIH,/experiments/ENCSR279SXQ/,1,0,1,0,0,0,1,1,0,0
ENCFF054DDP,/experiments/ENCSR280ZEI/,1,0,0,1,1,0,0,0,0,0
ENCFF643TGW,/experiments/ENCSR280ZEI/,1,0,0,1,1,0,0,0,0,0
ENCFF994YLL,/experiments/ENCSR280ZEI/,1,0,0,1,1,0,0,0,0,0
ENCFF851MCE,/experiments/ENCSR280ZEI/,1,0,0,1,1,0,0,0,0,0
ENCFF334CUI,/experiments/ENCSR281HBB/,0,0,0,0,0,0,0,0,0,0
ENCFF115DGW,/experiments/ENCSR281HBB/,0,0,0,0,0,0,0,0,0,0
ENCFF833YVU,/experiments/ENCSR281HBB/,0,0,0,0,0,0,0,0,0,0
ENCFF169SIW,/experiments/ENCSR282IXW/,1,0,0,0,0,0,0,0,0,0
ENCFF802VQY,/experiments/ENCSR282IXW/,1,0,0,0,0,0,0,0,0,0
ENCFF810IHW,/experiments/ENCSR282IXW/,1,0,0,0,0,0,0,0,0,0
ENCFF588PYN,/experiments/ENCSR282IXW/,1,0,0,0,0,0,0,0,0,0
ENCFF951PII,/experiments/ENCSR282IXW/,1,0,0,0,0,0,0,0,0,0
ENCFF886KIY,/experiments/ENCSR282QFE/,0,1,0,1,0,1,0,0,0,0
ENCFF805OCQ,/experiments/ENCSR282QFE/,0,1,0,1,0,1,0,0,0,0
ENCFF650MCI,/experiments/ENCSR282QFE/,0,1,0,1,0,1,0,0,0,0
ENCFF392PUD,/experiments/ENCSR282QFE/,0,1,0,1,0,1,0,0,0,0
ENCFF471ZCN,/experiments/ENCSR283MZJ/,0,0,0,0,0,1,0,0,0,0
ENCFF086LTS,/experiments/ENCSR283MZJ/,0,0,0,0,0,1,0,0,0,0
ENCFF024GKE,/experiments/ENCSR283TME/,0,0,1,1,0,0,0,1,0,0
ENCFF742VRB,/experiments/ENCSR283TME/,0,0,1,1,0,0,0,1,0,0
ENCFF978PNE,/experiments/ENCSR284GAG/,0,0,0,1,1,1,0,0,0,1
ENCFF517WUF,/experiments/ENCSR284VNJ/,0,1,0,0,1,0,0,1,0,0
ENCFF434GVL,/experiments/ENCSR285LPX/,0,0,0,0,1,0,1,0,1,0
ENCFF184WAQ,/experiments/ENCSR285LPX/,0,0,0,0,1,0,1,0,1,0
ENCFF579UPO,/experiments/ENCSR285LPX/,0,0,0,0,1,0,1,0,1,0
ENCFF729ISP,/experiments/ENCSR286WIA/,0,0,0,1,0,1,0,0,1,0
ENCFF249EZK,/experiments/ENCSR286WIA/,0,0,0,1,0,1,0,0,1,0
ENCFF319VZE,/experiments/ENCSR287GYT/,0,1,0,0,1,0,1,0,1,0
ENCFF544QKY,/experiments/ENCSR289BTM/,0,0,0,0,0,0,0,1,0,0
ENCFF577TFJ,/experiments/ENCSR289BTM/,0,0,0,0,0,0,0,1,0,0
ENCFF311DPY,/experiments/ENCSR289BTM/,0,0,0,0,0,0,0,1,0,0
ENCFF089SCA,/experiments/ENCSR289BTM/,0,0,0,0,0,0,0,1,0,0
ENCFF803PFQ,/experiments/ENCSR289GZQ/,0,1,0,0,0,0,0,0,0,1
ENCFF366GGE,/experiments/ENCSR289GZQ/,0,1,0,0,0,0,0,0,0,1
ENCFF202JDS,/experiments/ENCSR290NGL/,0,0,1,0,0,1,0,0,0,0
ENCFF312DWE,/experiments/ENCSR291HMM/,0,1,0,0,0,0,1,0,0,0
ENCFF032TAS,/experiments/ENCSR291HMM/,0,1,0,0,0,0,1,0,0,0
ENCFF733IED,/experiments/ENCSR291KQU/,0,0,0,0,1,0,1,0,0,0
ENCFF327LRW,/experiments/ENCSR291KQU/,0,0,0,0,1,0,1,0,0,0
ENCFF650SOK,/experiments/ENCSR291KQU/,0,0,0,0,1,0,1,0,0,0
ENCFF530MQO,/experiments/ENCSR292QBA/,0,0,0,0,0,0,1,0,0,0
ENCFF494STF,/experiments/ENCSR292QBA/,0,0,0,0,0,0,1,0,0,0
ENCFF287TAP,/experiments/ENCSR292QBA/,0,0,0,0,0,0,1,0,0,0
ENCFF313EPE,/experiments/ENCSR292QBA/,0,0,0,0,0,0,1,0,0,0
ENCFF196ALP,/experiments/ENCSR292QBA/,0,0,0,0,0,0,1,0,0,0
ENCFF037FUN,/experiments/ENCSR292QBA/,0,0,0,0,0,0,1,0,0,0
ENCFF181MRK,/experiments/ENCSR293BBH/,0,0,1,0,1,0,0,0,0,0
ENCFF793MBG,/experiments/ENCSR293BBH/,0,0,1,0,1,0,0,0,0,0
ENCFF178XHR,/experiments/ENCSR293BBH/,0,0,1,0,1,0,0,0,0,0
ENCFF772ZKX,/experiments/ENCSR293SQC/,1,0,0,0,0,0,0,0,1,0
ENCFF610DJT,/experiments/ENCSR293SQC/,1,0,0,0,0,0,0,0,1,0
ENCFF638LJI,/experiments/ENCSR294DND/,0,0,1,0,1,1,0,0,0,0
ENCFF405LVY,/experiments/ENCSR294DND/,0,0,1,0,1,1,0,0,0,0
ENCFF742WIO,/experiments/ENCSR294QCR/,1,0,0,0,0,0,1,0,0,0
ENCFF361UWR,/experiments/ENCSR294QCR/,1,0,0,0,0,0,1,0,0,0
ENCFF272WWY,/experiments/ENCSR294QCR/,1,0,0,0,0,0,1,0,0,0
ENCFF808QSC,/experiments/ENCSR294QCR/,1,0,0,0,0,0,1,0,0,0
ENCFF775ZPX,/experiments/ENCSR294XUZ/,0,1,0,0,1,0,0,0,0,0
ENCFF611VOM,/experiments/ENCSR294XUZ/,0,1,0,0,1,0,0,0,0,0
ENCFF298IMS,/experiments/ENCSR294XUZ/,0,1,0,0,1,0,0,0,0,0
ENCFF633VNH,/experiments/ENCSR294XUZ/,0,1,0,0,1,0,0,0,0,0
ENCFF111IQM,/experiments/ENCSR294YEJ/,0,0,1,0,0,0,1,0,0,0
ENCFF636RDF,/experiments/ENCSR294YEJ/,0,0,1,0,0,0,1,0,0,0
ENCFF316ZOO,/experiments/ENCSR295DUI/,0,0,0,0,0,0,0,0,1,0
ENCFF443QJN,/experiments/ENCSR295DUI/,0,0,0,0,0,0,0,0,1,0
ENCFF225CLL,/experiments/ENCSR295ELC/,0,0,0,1,0,0,0,0,0,0
ENCFF282HOP,/experiments/ENCSR295ELC/,0,0,0,1,0,0,0,0,0,0
ENCFF673KNK,/experiments/ENCSR295ELC/,0,0,0,1,0,0,0,0,0,0
ENCFF648HCV,/experiments/ENCSR295UXT/,0,0,0,0,0,0,0,1,0,1
ENCFF838MUY,/experiments/ENCSR295UXT/,0,0,0,0,0,0,0,1,0,1
ENCFF945HDA,/experiments/ENCSR296TFH/,1,0,0,0,0,1,0,0,0,0
ENCFF481YWO,/experiments/ENCSR297ORG/,0,0,0,0,0,0,0,0,0,0
ENCFF241GTO,/experiments/ENCSR297ORG/,0,0,0,0,0,0,0,0,0,0
ENCFF792OYK,/experiments/ENCSR297ORG/,0,0,0,0,0,0,0,0,0,0
ENCFF535RGT,/experiments/ENCSR297ORG/,0,0,0,0,0,0,0,0,0,0
ENCFF505FYZ,/experiments/ENCSR297ORG/,0,0,0,0,0,0,0,0,0,0
ENCFF786MHH,/experiments/ENCSR297ORG/,0,0,0,0,0,0,0,0,0,0
ENCFF175SLR,/experiments/ENCSR297ORG/,0,0,0,0,0,0,0,0,0,0
ENCFF101OMS,/experiments/ENCSR297ORG/,0,0,0,0,0,0,0,0,0,0
ENCFF269DFT,/experiments/ENCSR297ORG/,0,0,0,0,0,0,0,0,0,0
ENCFF916CUH,/experiments/ENCSR297ORG/,0,0,0,0,0,0,0,0,0,0
ENCFF356XGW,/experiments/ENCSR297WRG/,0,0,0,1,0,0,0,0,0,0
ENCFF460MVF,/experiments/ENCSR297WRG/,0,0,0,1,0,0,0,0,0,0
ENCFF176HAM,/experiments/ENCSR297WRG/,0,0,0,1,0,0,0,0,0,0
ENCFF791GZD,/experiments/ENCSR297YSC/,0,1,0,1,0,0,0,0,1,0
ENCFF885KKM,/experiments/ENCSR297YSC/,0,1,0,1,0,0,0,0,1,0
ENCFF469BTC,/experiments/ENCSR298OIK/,1,0,0,0,0,0,0,0,0,0
ENCFF496RXW,/experiments/ENCSR298OIK/,1,0,0,0,0,0,0,0,0,0
ENCFF212LHS,/experiments/ENCSR298SDT/,0,0,1,0,0,0,0,0,1,0
ENCFF883ASJ,/experiments/ENCSR298SDT/,0,0,1,0,0,0,0,0,1,0
ENCFF330RYM,/experiments/ENCSR298SDT/,0,0,1,0,0,0,0,0,1,0
ENCFF298FPQ,/experiments/ENCSR299BQG/,0,0,0,0,1,0,0,0,0,0
ENCFF946BEE,/experiments/ENCSR299BQG/,0,0,0,0,1,0,0,0,0,0
ENCFF922IPA,/experiments/ENCSR299INS/,0,1,0,0,0,0,0,0,1,0
ENCFF776KRS,/experiments/ENCSR299INS/,0,1,0,0,0,0,0,0,1,0
ENCFF075GVG,/experiments/ENCSR299QGI/,0,0,0,0,0,1,0,1,0,0
ENCFF934ABI,/experiments/ENCSR299QGI/,0,0,0,0,0,1,0,1,0,0
ENCFF334GAX,/experiments/ENCSR300NZA/,0,0,0,0,0,0,0,0,0,0
ENCFF222FVM,/experiments/ENCSR300NZA/,0,0,0,0,0,0,0,0,0,0
ENCFF524YTI,/experiments/ENCSR300NZA/,0,0,0,0,0,0,0,0,0,0
ENCFF262DYI,/experiments/ENCSR300NZA/,0,0,0,0,0,0,0,0,0,0
ENCFF713MBF,/experiments/ENCSR300NZA/,0,0,0,0,0,0,0,0,0,0
ENCFF509PJK,/experiments/ENCSR300NZA/,0,0,0,0,0,0,0,0,0,0
ENCFF066TNK,/experiments/ENCSR300SJS/,0,0,0,0,0,0,0,0,1,1
ENCFF258VDL,/experiments/ENCSR300SJS/,0,0,0,0,0,0,0,0,1,1
ENCFF742MRB,/experiments/ENCSR300SJS/,0,0,0,0,0,0,0,0,1,1
ENCFF904TTZ,/experiments/ENCSR301OGM/,0,0,0,1,1,0,0,0,0,0
ENCFF059ZPB,/experiments/ENCSR301OGM/,0,0,0,1,1,0,0,0,0,0
ENCFF864MNT,/experiments/ENCSR301OGM/,0,0,0,1,1,0,0,0,0,0
ENCFF410INF,/experiments/ENCSR301OGM/,0,0,0,1,1,0,0,0,0,0
ENCFF265LOT,/experiments/ENCSR301OGM/,0,0,0,1,1,0,0,0,0,0
ENCFF215HDW,/experiments/ENCSR301OGM/,0,0,0,1,1,0,0,0,0,0
ENCFF415RML,/experiments/ENCSR301OGM/,0,0,0,1,1,0,0,0,0,0
ENCFF976RXK,/experiments/ENCSR301RCD/,0,0,0,0,1,0,0,0,1,0
ENCFF545CSC,/experiments/ENCSR301RCD/,0,0,0,0,1,0,0,0,1,0
ENCFF192OLO,/experiments/ENCSR302MYX/,0,0,0,0,1,0,0,0,0,0
ENCFF130XKP,/experiments/ENCSR302MYX/,0,0,0,0,1,0,0,0,0,0
ENCFF638PZH,/experiments/ENCSR303JDG/,0,0,0,0,0,0,0,0,1,1
ENCFF671NFD,/experiments/ENCSR303JDG/,0,0,0,0,0,0,0,0,1,1
ENCFF500PCM,/experiments/ENCSR303YII/,0,0,0,1,1,0,0,0,0,0
ENCFF762DDD,/experiments/ENCSR303YII/,0,0,0,1,1,0,0,0,0,0
ENCFF243CEU,/experiments/ENCSR303YII/,0,0,0,1,1,0,0,0,0,0
ENCFF794SFF,/experiments/ENCSR303YII/,0,0,0,1,1,0,0,0,0,0
ENCFF709WUS,/experiments/ENCSR303YII/,0,0,0,1,1,0,0,0,0,0
ENCFF244EEK,/experiments/ENCSR303YII/,0,0,0,1,1,0,0,0,0,0
ENCFF400PCJ,/experiments/ENCSR303YII/,0,0,0,1,1,0,0,0,0,0
ENCFF677QYQ,/experiments/ENCSR303YII/,0,0,0,1,1,0,0,0,0,0
ENCFF187JEI,/experiments/ENCSR303YII/,0,0,0,1,1,0,0,0,0,0
ENCFF463KGC,/experiments/ENCSR304CXS/,0,1,0,0,0,0,0,0,0,0
ENCFF819CSB,/experiments/ENCSR304CXS/,0,1,0,0,0,0,0,0,0,0
ENCFF015AGN,/experiments/ENCSR305UJX/,0,0,0,0,0,0,0,1,0,1
ENCFF103XAL,/experiments/ENCSR305UJX/,0,0,0,0,0,0,0,1,0,1
ENCFF554JRB,/experiments/ENCSR305WAA/,0,0,0,0,0,0,0,1,0,0
ENCFF214REE,/experiments/ENCSR305WAA/,0,0,0,0,0,0,0,1,0,0
ENCFF046DGS,/experiments/ENCSR305WLF/,0,1,0,0,0,0,0,0,1,0
ENCFF091SBH,/experiments/ENCSR306BHE/,0,0,1,0,0,0,0,0,1,0
ENCFF502IEY,/experiments/ENCSR306BHE/,0,0,1,0,0,0,0,0,1,0
ENCFF852YFA,/experiments/ENCSR306BHE/,0,0,1,0,0,0,0,0,1,0
ENCFF683CSD,/experiments/ENCSR306BHE/,0,0,1,0,0,0,0,0,1,0
ENCFF848XST,/experiments/ENCSR306LNA/,0,0,1,0,1,0,0,1,0,0
ENCFF029TYW,/experiments/ENCSR306LNA/,0,0,1,0,1,0,0,1,0,0
ENCFF922ZGB,/experiments/ENCSR309FOO/,0,0,0,0,0,0,0,0,0,0
ENCFF084ZUJ,/experiments/ENCSR309YDN/,0,1,0,1,0,0,0,0,0,0
ENCFF002GVJ,/experiments/ENCSR309YDN/,0,1,0,1,0,0,0,0,0,0
ENCFF579YIF,/experiments/ENCSR309YDN/,0,1,0,1,0,0,0,0,0,0
ENCFF632DNM,/experiments/ENCSR309YDN/,0,1,0,1,0,0,0,0,0,0
ENCFF870NHJ,/experiments/ENCSR310ZGQ/,1,0,0,1,0,0,0,0,0,0
ENCFF461HKP,/experiments/ENCSR311EEL/,0,0,1,0,0,0,0,1,0,0
ENCFF558MTC,/experiments/ENCSR311EEL/,0,0,1,0,0,0,0,1,0,0
ENCFF750NNA,/experiments/ENCSR311LLZ/,0,1,0,0,0,0,1,0,0,0
ENCFF206UCI,/experiments/ENCSR311LLZ/,0,1,0,0,0,0,1,0,0,0
ENCFF336UXE,/experiments/ENCSR312INU/,0,0,0,1,0,0,0,0,1,0
ENCFF865FOZ,/experiments/ENCSR312INU/,0,0,0,1,0,0,0,0,1,0
ENCFF025QPZ,/experiments/ENCSR312QVY/,1,0,0,0,1,0,0,0,0,0
ENCFF979VLN,/experiments/ENCSR312QVY/,1,0,0,0,1,0,0,0,0,0
ENCFF165SXM,/experiments/ENCSR312QVY/,1,0,0,0,1,0,0,0,0,0
ENCFF908LAB,/experiments/ENCSR312QVY/,1,0,0,0,1,0,0,0,0,0
ENCFF611SPI,/experiments/ENCSR312QVY/,1,0,0,0,1,0,0,0,0,0
ENCFF166IHG,/experiments/ENCSR312QVY/,1,0,0,0,1,0,0,0,0,0
ENCFF492BWT,/experiments/ENCSR312QVY/,1,0,0,0,1,0,0,0,0,0
ENCFF774WAN,/experiments/ENCSR312QVY/,1,0,0,0,1,0,0,0,0,0
ENCFF574QLJ,/experiments/ENCSR312QVY/,1,0,0,0,1,0,0,0,0,0
ENCFF964SFQ,/experiments/ENCSR312QVY/,1,0,0,0,1,0,0,0,0,0
ENCFF796MWW,/experiments/ENCSR312ZTS/,0,0,0,0,1,0,1,0,0,1
ENCFF141IBP,/experiments/ENCSR314EZY/,0,0,0,0,0,0,1,1,0,0
ENCFF052FTK,/experiments/ENCSR314EZY/,0,0,0,0,0,0,1,1,0,0
ENCFF643FQZ,/experiments/ENCSR314EZY/,0,0,0,0,0,0,1,1,0,0
ENCFF879GXD,/experiments/ENCSR314EZY/,0,0,0,0,0,0,1,1,0,0
ENCFF271AEW,/experiments/ENCSR314EZY/,0,0,0,0,0,0,1,1,0,0
ENCFF669ZNS,/experiments/ENCSR314EZY/,0,0,0,0,0,0,1,1,0,0
ENCFF141FJO,/experiments/ENCSR314EZY/,0,0,0,0,0,0,1,1,0,0
ENCFF857PZK,/experiments/ENCSR314EZY/,0,0,0,0,0,0,1,1,0,0
ENCFF784KQK,/experiments/ENCSR314IBN/,0,0,0,0,0,0,0,0,0,0
ENCFF389ACD,/experiments/ENCSR314IOV/,1,0,0,1,0,0,0,0,0,0
ENCFF898PMD,/experiments/ENCSR314IOV/,1,0,0,1,0,0,0,0,0,0
ENCFF068NWL,/experiments/ENCSR315NES/,0,0,0,0,0,0,1,0,0,0
ENCFF344GMP,/experiments/ENCSR315NES/,0,0,0,0,0,0,1,0,0,0
ENCFF095GQO,/experiments/ENCSR315NES/,0,0,0,0,0,0,1,0,0,0
ENCFF349AYT,/experiments/ENCSR315NES/,0,0,0,0,0,0,1,0,0,0
ENCFF636VNX,/experiments/ENCSR315NES/,0,0,0,0,0,0,1,0,0,0
ENCFF053IGH,/experiments/ENCSR315TVO/,0,0,0,0,0,1,0,0,0,1
ENCFF671RDK,/experiments/ENCSR315TVO/,0,0,0,0,0,1,0,0,0,1
ENCFF257TMQ,/experiments/ENCSR315TVO/,0,0,0,0,0,1,0,0,0,1
ENCFF740RVI,/experiments/ENCSR315TVO/,0,0,0,0,0,1,0,0,0,1
ENCFF697JYC,/experiments/ENCSR315WAC/,0,0,0,0,0,0,1,0,0,0
ENCFF463CTP,/experiments/ENCSR316UDN/,0,0,0,0,0,0,1,0,1,0
ENCFF179XHW,/experiments/ENCSR316UDN/,0,0,0,0,0,0,1,0,1,0
ENCFF344UGM,/experiments/ENCSR316UDN/,0,0,0,0,0,0,1,0,1,0
ENCFF368HUM,/experiments/ENCSR317SIH/,1,0,0,0,0,1,0,0,0,1
ENCFF041HUV,/experiments/ENCSR317SIH/,1,0,0,0,0,1,0,0,0,1
ENCFF447RQF,/experiments/ENCSR317SIH/,1,0,0,0,0,1,0,0,0,1
ENCFF304VFH,/experiments/ENCSR317SIH/,1,0,0,0,0,1,0,0,0,1
ENCFF068GRT,/experiments/ENCSR317SIH/,1,0,0,0,0,1,0,0,0,1
ENCFF380UEX,/experiments/ENCSR317SIH/,1,0,0,0,0,1,0,0,0,1
ENCFF678RJO,/experiments/ENCSR317SIH/,1,0,0,0,0,1,0,0,0,1
ENCFF657QAX,/experiments/ENCSR318JAA/,0,0,0,0,1,1,0,1,0,0
ENCFF946SSJ,/experiments/ENCSR318JAA/,0,0,0,0,1,1,0,1,0,0
ENCFF639WUS,/experiments/ENCSR318JAA/,0,0,0,0,1,1,0,1,0,0
ENCFF194RMM,/experiments/ENCSR318PRQ/,1,0,0,0,0,1,0,0,0,0
ENCFF531WDX,/experiments/ENCSR318PRQ/,1,0,0,0,0,1,0,0,0,0
ENCFF902QMZ,/experiments/ENCSR318PRQ/,1,0,0,0,0,1,0,0,0,0
ENCFF633PUL,/experiments/ENCSR318PRQ/,1,0,0,0,0,1,0,0,0,0
ENCFF434KPS,/experiments/ENCSR318PRQ/,1,0,0,0,0,1,0,0,0,0
ENCFF374SSB,/experiments/ENCSR318PRQ/,1,0,0,0,0,1,0,0,0,0
ENCFF680ZKN,/experiments/ENCSR318PRQ/,1,0,0,0,0,1,0,0,0,0
ENCFF397ITN,/experiments/ENCSR318PRQ/,1,0,0,0,0,1,0,0,0,0
ENCFF606QAI,/experiments/ENCSR318WOD/,0,0,1,1,0,0,0,0,0,0
ENCFF894PXO,/experiments/ENCSR318WOD/,0,0,1,1,0,0,0,0,0,0
ENCFF740DAX,/experiments/ENCSR319PWR/,0,0,0,0,0,0,0,1,0,0
ENCFF342QAG,/experiments/ENCSR319PWR/,0,0,0,0,0,0,0,1,0,0
ENCFF946EVY,/experiments/ENCSR319PWR/,0,0,0,0,0,0,0,1,0,0
ENCFF559NQI,/experiments/ENCSR319PWR/,0,0,0,0,0,0,0,1,0,0
ENCFF895HJE,/experiments/ENCSR319PWR/,0,0,0,0,0,0,0,1,0,0
ENCFF396IIR,/experiments/ENCSR319PWR/,0,0,0,0,0,0,0,1,0,0
ENCFF778DEM,/experiments/ENCSR320PGJ/,0,0,0,1,0,0,0,0,1,0
ENCFF186VMD,/experiments/ENCSR320PGJ/,0,0,0,1,0,0,0,0,1,0
ENCFF767VEQ,/experiments/ENCSR320SVK/,1,0,0,0,0,0,1,0,0,0
ENCFF065NFR,/experiments/ENCSR320SVK/,1,0,0,0,0,0,1,0,0,0
ENCFF771XJT,/experiments/ENCSR320SVK/,1,0,0,0,0,0,1,0,0,0
ENCFF431EYP,/experiments/ENCSR320SVK/,1,0,0,0,0,0,1,0,0,0
ENCFF045DNW,/experiments/ENCSR320TUJ/,0,0,1,0,0,1,0,0,0,1
ENCFF764OUC,/experiments/ENCSR320TUJ/,0,0,1,0,0,1,0,0,0,1
ENCFF449SGR,/experiments/ENCSR320TUJ/,0,0,1,0,0,1,0,0,0,1
ENCFF356BXY,/experiments/ENCSR321KUC/,0,0,0,0,0,0,0,0,0,0
ENCFF562NYM,/experiments/ENCSR321KUC/,0,0,0,0,0,0,0,0,0,0
ENCFF085BDT,/experiments/ENCSR322AIL/,0,0,0,0,0,0,0,1,0,0
ENCFF395EMO,/experiments/ENCSR322AIL/,0,0,0,0,0,0,0,1,0,0
ENCFF557SKP,/experiments/ENCSR322AIL/,0,0,0,0,0,0,0,1,0,0
ENCFF750UZS,/experiments/ENCSR322AIL/,0,0,0,0,0,0,0,1,0,0
ENCFF573KLD,/experiments/ENCSR322BYN/,0,0,0,0,0,0,0,1,0,0
ENCFF117OFM,/experiments/ENCSR323LVJ/,0,0,0,0,0,0,0,0,0,0
ENCFF129TJI,/experiments/ENCSR323LVJ/,0,0,0,0,0,0,0,0,0,0
ENCFF433GLU,/experiments/ENCSR323PWV/,0,0,0,0,1,1,0,0,1,0
ENCFF165AHQ,/experiments/ENCSR323TXQ/,0,1,0,0,1,0,0,0,1,0
ENCFF166HZP,/experiments/ENCSR323TXQ/,0,1,0,0,1,0,0,0,1,0
ENCFF325MJC,/experiments/ENCSR323UTX/,1,0,0,1,0,1,0,0,0,0
ENCFF143QYO,/experiments/ENCSR323UTX/,1,0,0,1,0,1,0,0,0,0
ENCFF613VNO,/experiments/ENCSR324NVG/,0,0,0,0,0,0,1,1,0,0
ENCFF892RKU,/experiments/ENCSR324NVG/,0,0,0,0,0,0,1,1,0,0
ENCFF370DKB,/experiments/ENCSR324OTS/,1,1,0,0,0,0,0,0,1,0
ENCFF463QZA,/experiments/ENCSR324OTS/,1,1,0,0,0,0,0,0,1,0
ENCFF447WWN,/experiments/ENCSR324SGE/,0,1,0,1,0,0,0,0,0,0
ENCFF363TPI,/experiments/ENCSR325FWM/,0,0,0,0,1,0,0,0,0,0
ENCFF799MEJ,/experiments/ENCSR325FWM/,0,0,0,0,1,0,0,0,0,0
ENCFF725LCR,/experiments/ENCSR325FWM/,0,0,0,0,1,0,0,0,0,0
ENCFF382JLU,/experiments/ENCSR325FWM/,0,0,0,0,1,0,0,0,0,0
ENCFF196ZYF,/experiments/ENCSR325GNM/,0,0,1,0,0,0,0,1,0,0
ENCFF862ENL,/experiments/ENCSR325GNM/,0,0,1,0,0,0,0,1,0,0
ENCFF741KSG,/experiments/ENCSR325GNM/,0,0,1,0,0,0,0,1,0,0
ENCFF424QPB,/experiments/ENCSR325GNM/,0,0,1,0,0,0,0,1,0,0
ENCFF141YFK,/experiments/ENCSR325GNM/,0,0,1,0,0,0,0,1,0,0
ENCFF653DWP,/experiments/ENCSR325GNM/,0,0,1,0,0,0,0,1,0,0
ENCFF147WLE,/experiments/ENCSR325LYJ/,0,0,0,1,0,1,0,1,0,0
ENCFF646KFD,/experiments/ENCSR325LYJ/,0,0,0,1,0,1,0,1,0,0
ENCFF470VJF,/experiments/ENCSR325LYJ/,0,0,0,1,0,1,0,1,0,0
ENCFF442YRN,/experiments/ENCSR325LYJ/,0,0,0,1,0,1,0,1,0,0
ENCFF711OXJ,/experiments/ENCSR325RZJ/,0,1,0,1,0,0,0,0,0,0
ENCFF671ZIM,/experiments/ENCSR325RZJ/,0,1,0,1,0,0,0,0,0,0
ENCFF866VNH,/experiments/ENCSR326TID/,0,0,1,1,0,0,0,0,0,0
ENCFF081UFR,/experiments/ENCSR326TID/,0,0,1,1,0,0,0,0,0,0
ENCFF568PXT,/experiments/ENCSR328UMC/,0,1,0,1,0,0,1,0,0,0
ENCFF786HIG,/experiments/ENCSR328UMC/,0,1,0,1,0,0,1,0,0,0
ENCFF700NTG,/experiments/ENCSR328UMC/,0,1,0,1,0,0,1,0,0,0
ENCFF406NNH,/experiments/ENCSR328UMC/,0,1,0,1,0,0,1,0,0,0
ENCFF166XTQ,/experiments/ENCSR328UMC/,0,1,0,1,0,0,1,0,0,0
ENCFF998PQJ,/experiments/ENCSR328UMC/,0,1,0,1,0,0,1,0,0,0
ENCFF570XEE,/experiments/ENCSR328UMC/,0,1,0,1,0,0,1,0,0,0
ENCFF558JZG,/experiments/ENCSR329FAP/,1,0,1,0,0,0,0,1,0,1
ENCFF963OOW,/experiments/ENCSR329FAP/,1,0,1,0,0,0,0,1,0,1
ENCFF307BNE,/experiments/ENCSR329FHR/,0,0,1,0,0,0,0,0,0,1
ENCFF361EGL,/experiments/ENCSR329FHR/,0,0,1,0,0,0,0,0,0,1
ENCFF873SEM,/experiments/ENCSR329FHR/,0,0,1,0,0,0,0,0,0,1
ENCFF913KDZ,/experiments/ENCSR330JXM/,0,0,1,1,1,0,0,0,0,1
ENCFF363WEB,/experiments/ENCSR330JXM/,0,0,1,1,1,0,0,0,0,1
ENCFF603LNV,/experiments/ENCSR330LFP/,0,0,1,0,0,1,0,0,0,0
ENCFF989PHK,/experiments/ENCSR330LFP/,0,0,1,0,0,1,0,0,0,0
ENCFF263AIE,/experiments/ENCSR330LFP/,0,0,1,0,0,1,0,0,0,0
ENCFF435MUE,/experiments/ENCSR330ZBO/,0,1,0,0,0,0,0,1,0,0
ENCFF174QTN,/experiments/ENCSR330ZBO/,0,1,0,0,0,0,0,1,0,0
ENCFF470BSC,/experiments/ENCSR330ZBO/,0,1,0,0,0,0,0,1,0,0
ENCFF565AAT,/experiments/ENCSR332BSB/,0,0,0,0,0,0,0,1,0,0
ENCFF263BYX,/experiments/ENCSR332BSB/,0,0,0,0,0,0,0,1,0,0
ENCFF047LVN,/experiments/ENCSR332HAD/,0,0,0,0,0,0,0,1,0,0
ENCFF368PZR,/experiments/ENCSR333BUP/,0,0,0,0,1,0,1,0,0,0
ENCFF499MBD,/experiments/ENCSR333BUP/,0,0,0,0,1,0,1,0,0,0
ENCFF731DQI,/experiments/ENCSR333BUP/,0,0,0,0,1,0,1,0,0,0
ENCFF494PMI,/experiments/ENCSR334MDJ/,1,0,0,1,1,0,0,0,0,1
ENCFF687KJO,/experiments/ENCSR334MDJ/,1,0,0,1,1,0,0,0,0,1
ENCFF234FGJ,/experiments/ENCSR335EYA/,1,0,0,0,0,0,0,0,0,0
ENCFF563OXH,/experiments/ENCSR335LOQ/,0,0,0,0,0,0,0,1,0,0
ENCFF924NUH,/experiments/ENCSR335MHR/,0,0,1,0,0,0,0,0,1,0
ENCFF888CSS,/experiments/ENCSR335MHR/,0,0,1,0,0,0,0,0,1,0
ENCFF610QDF,/experiments/ENCSR336MBU/,0,0,1,1,0,0,0,0,0,0
ENCFF854BIV,/experiments/ENCSR336MBU/,0,0,1,1,0,0,0,0,0,0
ENCFF053IYR,/experiments/ENCSR336QAO/,0,0,0,0,1,0,0,0,1,1
ENCFF512DUZ,/experiments/ENCSR336QAO/,0,0,0,0,1,0,0,0,1,1
ENCFF700KZI,/experiments/ENCSR336RGT/,0,0,0,0,1,0,0,0,0,1
ENCFF208ILJ,/experiments/ENCSR336RGT/,0,0,0,0,1,0,0,0,0,1
ENCFF885DDN,/experiments/ENCSR337EDG/,0,0,0,0,0,0,0,1,0,0
ENCFF023IFS,/experiments/ENCSR337EDG/,0,0,0,0,0,0,0,1,0,0
ENCFF245ETL,/experiments/ENCSR337EDG/,0,0,0,0,0,0,0,1,0,0
ENCFF231TOJ,/experiments/ENCSR337EDG/,0,0,0,0,0,0,0,1,0,0
ENCFF154UVU,/experiments/ENCSR337EDG/,0,0,0,0,0,0,0,1,0,0
ENCFF262MUM,/experiments/ENCSR337EDG/,0,0,0,0,0,0,0,1,0,0
ENCFF700PZE,/experiments/ENCSR337EDG/,0,0,0,0,0,0,0,1,0,0
ENCFF295LLM,/experiments/ENCSR337EDG/,0,0,0,0,0,0,0,1,0,0
ENCFF383OYB,/experiments/ENCSR337EDG/,0,0,0,0,0,0,0,1,0,0
ENCFF926DBS,/experiments/ENCSR337IRF/,0,0,0,0,1,0,0,0,0,0
ENCFF671DGC,/experiments/ENCSR337IRF/,0,0,0,0,1,0,0,0,0,0
ENCFF964CVD,/experiments/ENCSR337IRF/,0,0,0,0,1,0,0,0,0,0
ENCFF569AKP,/experiments/ENCSR337IRF/,0,0,0,0,1,0,0,0,0,0
ENCFF921ZSK,/experiments/ENCSR337IRF/,0,0,0,0,1,0,0,0,0,0
ENCFF810ESA,/experiments/ENCSR337IRF/,0,0,0,0,1,0,0,0,0,0
ENCFF698HEU,/experiments/ENCSR337IRF/,0,0,0,0,1,0,0,0,0,0
ENCFF541OVV,/experiments/ENCSR337IRF/,0,0,0,0,1,0,0,0,0,0
ENCFF634HSQ,/experiments/ENCSR337IRF/,0,0,0,0,1,0,0,0,0,0
ENCFF204GEA,/experiments/ENCSR337IRF/,0,0,0,0,1,0,0,0,0,0
ENCFF586TJI,/experiments/ENCSR337IRF/,0,0,0,0,1,0,0,0,0,0
ENCFF088WWQ,/experiments/ENCSR337IRF/,0,0,0,0,1,0,0,0,0,0
ENCFF686XBH,/experiments/ENCSR337IRF/,0,0,0,0,1,0,0,0,0,0
ENCFF674DTQ,/experiments/ENCSR337IRF/,0,0,0,0,1,0,0,0,0,0
ENCFF429GYU,/experiments/ENCSR338GYD/,0,0,1,0,0,0,0,1,0,0
ENCFF950FGO,/experiments/ENCSR338GYD/,0,0,1,0,0,0,0,1,0,0
ENCFF869PQK,/experiments/ENCSR338GYD/,0,0,1,0,0,0,0,1,0,0
ENCFF284STW,/experiments/ENCSR338GYD/,0,0,1,0,0,0,0,1,0,0
ENCFF649JAZ,/experiments/ENCSR338NEI/,0,0,0,0,1,1,0,0,0,0
ENCFF822MKL,/experiments/ENCSR338NEI/,0,0,0,0,1,1,0,0,0,0
ENCFF887WPX,/experiments/ENCSR339TVH/,0,0,1,0,0,0,0,0,1,0
ENCFF223MUD,/experiments/ENCSR339TVH/,0,0,1,0,0,0,0,0,1,0
ENCFF176JDT,/experiments/ENCSR340MRJ/,0,0,1,0,0,0,0,1,0,0
ENCFF758GKR,/experiments/ENCSR340MRJ/,0,0,1,0,0,0,0,1,0,0
ENCFF726RCJ,/experiments/ENCSR340XQX/,0,0,0,0,0,0,1,0,1,0
ENCFF939SIL,/experiments/ENCSR340XQX/,0,0,0,0,0,0,1,0,1,0
ENCFF495UCW,/experiments/ENCSR342NCX/,0,1,0,0,1,1,0,0,1,0
ENCFF600YUQ,/experiments/ENCSR342NCX/,0,1,0,0,1,1,0,0,1,0
ENCFF512KLF,/experiments/ENCSR342NCX/,0,1,0,0,1,1,0,0,1,0
ENCFF695NWV,/experiments/ENCSR342OGI/,0,0,0,0,0,0,1,0,1,0
ENCFF790VTA,/experiments/ENCSR343MCI/,0,0,0,0,0,0,1,0,1,1
ENCFF471BMJ,/experiments/ENCSR344FLH/,1,1,0,0,0,0,0,0,0,1
ENCFF052DZH,/experiments/ENCSR344FLH/,1,1,0,0,0,0,0,0,0,1
ENCFF038HRN,/experiments/ENCSR344FLH/,1,1,0,0,0,0,0,0,0,1
ENCFF322YHJ,/experiments/ENCSR344FLH/,1,1,0,0,0,0,0,0,0,1
ENCFF190ZRR,/experiments/ENCSR346GIP/,0,0,0,0,0,0,0,1,0,0
ENCFF002EOO,/experiments/ENCSR346IHH/,1,0,1,1,1,1,0,0,0,1
ENCFF002EOU,/experiments/ENCSR346IHH/,1,0,1,1,1,1,0,0,0,1
ENCFF002EOX,/experiments/ENCSR346IHH/,1,0,1,1,1,1,0,0,0,1
ENCFF002EOQ,/experiments/ENCSR346IHH/,1,0,1,1,1,1,0,0,0,1
ENCFF002EPA,/experiments/ENCSR346IHH/,1,0,1,1,1,1,0,0,0,1
ENCFF002EOT,/experiments/ENCSR346IHH/,1,0,1,1,1,1,0,0,0,1
ENCFF002EOY,/experiments/ENCSR346IHH/,1,0,1,1,1,1,0,0,0,1
ENCFF002EOS,/experiments/ENCSR346IHH/,1,0,1,1,1,1,0,0,0,1
ENCFF007JBO,/experiments/ENCSR346JWH/,0,0,1,0,0,0,0,0,1,1
ENCFF218ZWJ,/experiments/ENCSR346JWH/,0,0,1,0,0,0,0,0,1,1
ENCFF313RDF,/experiments/ENCSR346JWH/,0,0,1,0,0,0,0,0,1,1
ENCFF756DZL,/experiments/ENCSR346JWH/,0,0,1,0,0,0,0,0,1,1
ENCFF540WMJ,/experiments/ENCSR346JWH/,0,0,1,0,0,0,0,0,1,1
ENCFF221DWJ,/experiments/ENCSR347CEH/,0,0,0,0,1,1,0,1,0,0
ENCFF068EVB,/experiments/ENCSR347CEH/,0,0,0,0,1,1,0,1,0,0
ENCFF791VAA,/experiments/ENCSR347CEH/,0,0,0,0,1,1,0,1,0,0
ENCFF943UNX,/experiments/ENCSR347CEH/,0,0,0,0,1,1,0,1,0,0
ENCFF205EDR,/experiments/ENCSR348NWY/,1,0,1,0,0,0,1,0,1,0
ENCFF580ELT,/experiments/ENCSR348NWY/,1,0,1,0,0,0,1,0,1,0
ENCFF881GOB,/experiments/ENCSR348NWY/,1,0,1,0,0,0,1,0,1,0
ENCFF334TPG,/experiments/ENCSR348NWY/,1,0,1,0,0,0,1,0,1,0
ENCFF241SXS,/experiments/ENCSR351FWN/,0,0,1,0,0,0,0,0,0,0
ENCFF513NXK,/experiments/ENCSR351FWN/,0,0,1,0,0,0,0,0,0,0
ENCFF940IIO,/experiments/ENCSR351FWN/,0,0,1,0,0,0,0,0,0,0
ENCFF010FQR,/experiments/ENCSR352FCL/,0,0,0,0,0,0,0,0,1,1
ENCFF321UDU,/experiments/ENCSR352FCL/,0,0,0,0,0,0,0,0,1,1
ENCFF292KJL,/experiments/ENCSR354FBA/,1,1,0,1,0,0,1,0,1,1
ENCFF706CDD,/experiments/ENCSR354FBA/,1,1,0,1,0,0,1,0,1,1
ENCFF248TPL,/experiments/ENCSR354SDH/,0,0,0,0,1,1,0,0,0,0
ENCFF040VCC,/experiments/ENCSR354SDH/,0,0,0,0,1,1,0,0,0,0
ENCFF689EFG,/experiments/ENCSR355ARR/,0,0,0,0,0,1,0,0,0,0
ENCFF958OWN,/experiments/ENCSR355PNF/,0,0,0,0,1,0,0,0,0,0
ENCFF207YKN,/experiments/ENCSR355PNF/,0,0,0,0,1,0,0,0,0,0
ENCFF717YRL,/experiments/ENCSR355WAJ/,0,0,0,0,0,1,0,0,0,0
ENCFF254AQX,/experiments/ENCSR355WAJ/,0,0,0,0,0,1,0,0,0,0
ENCFF078VIJ,/experiments/ENCSR356QCD/,1,1,0,0,0,1,0,0,0,0
ENCFF696VPH,/experiments/ENCSR356QCD/,1,1,0,0,0,1,0,0,0,0
ENCFF594KCY,/experiments/ENCSR356RNZ/,0,0,0,0,0,1,0,1,0,0
ENCFF051FBQ,/experiments/ENCSR356RNZ/,0,0,0,0,0,1,0,1,0,0
ENCFF139BRN,/experiments/ENCSR356RNZ/,0,0,0,0,0,1,0,1,0,0
ENCFF241IRR,/experiments/ENCSR356UVK/,1,1,0,1,0,0,1,1,0,0
ENCFF590NAV,/experiments/ENCSR356UVK/,1,1,0,1,0,0,1,1,0,0
ENCFF474MTR,/experiments/ENCSR356UVK/,1,1,0,1,0,0,1,1,0,0
ENCFF284AAQ,/experiments/ENCSR356UVK/,1,1,0,1,0,0,1,1,0,0
ENCFF232VUZ,/experiments/ENCSR357AWH/,0,0,0,0,0,0,0,0,1,0
ENCFF810GAJ,/experiments/ENCSR357AWH/,0,0,0,0,0,0,0,0,1,0
ENCFF273BFB,/experiments/ENCSR357PMV/,1,0,0,1,0,0,0,0,0,0
ENCFF825SDM,/experiments/ENCSR357PMV/,1,0,0,1,0,0,0,0,0,0
ENCFF248XSX,/experiments/ENCSR357RED/,0,0,0,0,0,0,1,0,0,1
ENCFF527MIJ,/experiments/ENCSR357RED/,0,0,0,0,0,0,1,0,0,1
ENCFF100CTE,/experiments/ENCSR357REQ/,0,0,0,1,0,0,0,0,1,1
ENCFF777LSN,/experiments/ENCSR357REQ/,0,0,0,1,0,0,0,0,1,1
ENCFF356BUS,/experiments/ENCSR357REQ/,0,0,0,1,0,0,0,0,1,1
ENCFF690ZHB,/experiments/ENCSR357REQ/,0,0,0,1,0,0,0,0,1,1
ENCFF546JQZ,/experiments/ENCSR358ESL/,0,1,0,1,0,0,0,0,0,0
ENCFF290TTO,/experiments/ENCSR358ESL/,0,1,0,1,0,0,0,0,0,0
ENCFF365AVU,/experiments/ENCSR358ESL/,0,1,0,1,0,0,0,0,0,0
ENCFF363CIZ,/experiments/ENCSR358ESL/,0,1,0,1,0,0,0,0,0,0
ENCFF013KMC,/experiments/ENCSR358ESL/,0,1,0,1,0,0,0,0,0,0
ENCFF407WMG,/experiments/ENCSR358ESL/,0,1,0,1,0,0,0,0,0,0
ENCFF838UET,/experiments/ENCSR358ESL/,0,1,0,1,0,0,0,0,0,0
ENCFF127XWK,/experiments/ENCSR358ESL/,0,1,0,1,0,0,0,0,0,0
ENCFF009IVW,/experiments/ENCSR358ESL/,0,1,0,1,0,0,0,0,0,0
ENCFF872XVT,/experiments/ENCSR358ESL/,0,1,0,1,0,0,0,0,0,0
ENCFF968FSR,/experiments/ENCSR358ESL/,0,1,0,1,0,0,0,0,0,0
ENCFF079QBT,/experiments/ENCSR358ESL/,0,1,0,1,0,0,0,0,0,0
ENCFF280OBN,/experiments/ENCSR358ESL/,0,1,0,1,0,0,0,0,0,0
ENCFF882QWY,/experiments/ENCSR358ESL/,0,1,0,1,0,0,0,0,0,0
ENCFF836RXB,/experiments/ENCSR360LBD/,0,0,0,0,0,1,0,0,0,0
ENCFF593MYJ,/experiments/ENCSR360LBD/,0,0,0,0,0,1,0,0,0,0
ENCFF865ORR,/experiments/ENCSR360LBD/,0,0,0,0,0,1,0,0,0,0
ENCFF419BYU,/experiments/ENCSR360LBD/,0,0,0,0,0,1,0,0,0,0
ENCFF416LGF,/experiments/ENCSR360XIS/,0,0,0,0,0,1,0,0,1,0
ENCFF675RFO,/experiments/ENCSR360XIS/,0,0,0,0,0,1,0,0,1,0
ENCFF368GVL,/experiments/ENCSR361DND/,1,0,0,0,0,0,0,0,0,0
ENCFF463JGQ,/experiments/ENCSR361DND/,1,0,0,0,0,0,0,0,0,0
ENCFF680WHB,/experiments/ENCSR361FXJ/,0,0,0,1,1,0,1,0,1,1
ENCFF953SKV,/experiments/ENCSR361FXJ/,0,0,0,1,1,0,1,0,1,1
ENCFF568THJ,/experiments/ENCSR361FXJ/,0,0,0,1,1,0,1,0,1,1
ENCFF129ISJ,/experiments/ENCSR361FXJ/,0,0,0,1,1,0,1,0,1,1
ENCFF817DSL,/experiments/ENCSR361FXJ/,0,0,0,1,1,0,1,0,1,1
ENCFF553YPA,/experiments/ENCSR361FXJ/,0,0,0,1,1,0,1,0,1,1
ENCFF736OBZ,/experiments/ENCSR362JSZ/,0,0,0,0,0,0,1,1,0,0
ENCFF501BQN,/experiments/ENCSR362JSZ/,0,0,0,0,0,0,1,1,0,0
ENCFF725IPL,/experiments/ENCSR362JSZ/,0,0,0,0,0,0,1,1,0,0
ENCFF575YOC,/experiments/ENCSR362JSZ/,0,0,0,0,0,0,1,1,0,0
ENCFF303MTS,/experiments/ENCSR362JSZ/,0,0,0,0,0,0,1,1,0,0
ENCFF173UMG,/experiments/ENCSR362JSZ/,0,0,0,0,0,0,1,1,0,0
ENCFF860SYL,/experiments/ENCSR362ZFC/,1,0,0,0,0,0,1,0,1,1
ENCFF057RHN,/experiments/ENCSR362ZFC/,1,0,0,0,0,0,1,0,1,1
ENCFF504VRF,/experiments/ENCSR362ZRQ/,0,0,1,0,0,1,0,1,0,0
ENCFF911SBK,/experiments/ENCSR362ZRQ/,0,0,1,0,0,1,0,1,0,0
ENCFF807PFD,/experiments/ENCSR362ZRQ/,0,0,1,0,0,1,0,1,0,0
ENCFF567NTL,/experiments/ENCSR362ZRQ/,0,0,1,0,0,1,0,1,0,0
ENCFF122POS,/experiments/ENCSR363BTB/,0,0,0,0,0,0,1,1,0,0
ENCFF769NSJ,/experiments/ENCSR363BTB/,0,0,0,0,0,0,1,1,0,0
ENCFF567SRR,/experiments/ENCSR363LUK/,1,0,0,0,0,1,0,0,0,0
ENCFF015XNE,/experiments/ENCSR363LUK/,1,0,0,0,0,1,0,0,0,0
ENCFF326QAT,/experiments/ENCSR364MFN/,0,0,0,0,0,0,0,0,0,0
ENCFF754VPL,/experiments/ENCSR364MFN/,0,0,0,0,0,0,0,0,0,0
ENCFF013EWP,/experiments/ENCSR364MFN/,0,0,0,0,0,0,0,0,0,0
ENCFF364MZF,/experiments/ENCSR364MFN/,0,0,0,0,0,0,0,0,0,0
ENCFF415CLL,/experiments/ENCSR364MFN/,0,0,0,0,0,0,0,0,0,0
ENCFF287MXM,/experiments/ENCSR364MFN/,0,0,0,0,0,0,0,0,0,0
ENCFF128PNW,/experiments/ENCSR364TKL/,0,0,1,0,0,0,0,0,0,1
ENCFF315MZE,/experiments/ENCSR364TKL/,0,0,1,0,0,0,0,0,0,1
ENCFF539CMH,/experiments/ENCSR364TKL/,0,0,1,0,0,0,0,0,0,1
ENCFF678HJR,/experiments/ENCSR364TKL/,0,0,1,0,0,0,0,0,0,1
ENCFF825TSF,/experiments/ENCSR365CUB/,1,0,0,0,0,0,0,0,0,0
ENCFF225RDI,/experiments/ENCSR365CUB/,1,0,0,0,0,0,0,0,0,0
ENCFF568DON,/experiments/ENCSR365FVU/,0,0,0,0,1,0,0,0,0,1
ENCFF071KUI,/experiments/ENCSR365FVU/,0,0,0,0,1,0,0,0,0,1
ENCFF398JVT,/experiments/ENCSR365FVU/,0,0,0,0,1,0,0,0,0,1
ENCFF506KSK,/experiments/ENCSR365LKY/,1,0,0,1,0,0,0,0,1,0
ENCFF718EQQ,/experiments/ENCSR365LKY/,1,0,0,1,0,0,0,0,1,0
ENCFF612JQF,/experiments/ENCSR365LKY/,1,0,0,1,0,0,0,0,1,0
ENCFF345DGW,/experiments/ENCSR365LKY/,1,0,0,1,0,0,0,0,1,0
ENCFF462WPC,/experiments/ENCSR365NDK/,0,0,0,0,0,0,0,0,1,0
ENCFF234YEI,/experiments/ENCSR365NDK/,0,0,0,0,0,0,0,0,1,0
ENCFF593ILG,/experiments/ENCSR366EGE/,0,1,0,0,0,0,0,0,1,0
ENCFF489WSS,/experiments/ENCSR366EGE/,0,1,0,0,0,0,0,0,1,0
ENCFF621FWH,/experiments/ENCSR366EGE/,0,1,0,0,0,0,0,0,1,0
ENCFF004QQU,/experiments/ENCSR366EQH/,0,0,0,0,0,1,0,1,0,0
ENCFF743SDH,/experiments/ENCSR366EQH/,0,0,0,0,0,1,0,1,0,0
ENCFF346WOO,/experiments/ENCSR366KPR/,1,0,0,0,0,1,0,0,1,0
ENCFF666SMZ,/experiments/ENCSR366NBE/,0,0,1,1,0,1,0,0,0,0
ENCFF775JHZ,/experiments/ENCSR366NBE/,0,0,1,1,0,1,0,0,0,0
ENCFF878KQW,/experiments/ENCSR366NBE/,0,0,1,1,0,1,0,0,0,0
ENCFF043TTV,/experiments/ENCSR366NBE/,0,0,1,1,0,1,0,0,0,0
ENCFF527BTI,/experiments/ENCSR366YTD/,0,0,0,0,0,0,0,0,0,0
ENCFF666SSQ,/experiments/ENCSR366YTD/,0,0,0,0,0,0,0,0,0,0
ENCFF261ZCJ,/experiments/ENCSR367FCW/,0,0,0,0,0,0,0,1,0,0
ENCFF022TYM,/experiments/ENCSR367FCW/,0,0,0,0,0,0,0,1,0,0
ENCFF259CJR,/experiments/ENCSR367FCW/,0,0,0,0,0,0,0,1,0,0
ENCFF395SHG,/experiments/ENCSR367FCW/,0,0,0,0,0,0,0,1,0,0
ENCFF415XFC,/experiments/ENCSR367FCW/,0,0,0,0,0,0,0,1,0,0
ENCFF580VAX,/experiments/ENCSR367FCW/,0,0,0,0,0,0,0,1,0,0
ENCFF906PLJ,/experiments/ENCSR367FCW/,0,0,0,0,0,0,0,1,0,0
ENCFF732VRK,/experiments/ENCSR367FCW/,0,0,0,0,0,0,0,1,0,0
ENCFF099PAE,/experiments/ENCSR367FKP/,0,0,0,0,0,0,1,0,0,0
ENCFF040UHY,/experiments/ENCSR367FKP/,0,0,0,0,0,0,1,0,0,0
ENCFF971WJT,/experiments/ENCSR367FKP/,0,0,0,0,0,0,1,0,0,0
ENCFF093ARC,/experiments/ENCSR367FKP/,0,0,0,0,0,0,1,0,0,0
ENCFF651DJQ,/experiments/ENCSR367FKP/,0,0,0,0,0,0,1,0,0,0
ENCFF680TNN,/experiments/ENCSR367FKP/,0,0,0,0,0,0,1,0,0,0
ENCFF159NFL,/experiments/ENCSR367WVH/,0,0,0,0,0,0,0,0,0,0
ENCFF079XNQ,/experiments/ENCSR367WVH/,0,0,0,0,0,0,0,0,0,0
ENCFF939ISG,/experiments/ENCSR370VVJ/,1,0,0,1,0,0,0,0,0,0
ENCFF590OHO,/experiments/ENCSR370VVJ/,1,0,0,1,0,0,0,0,0,0
ENCFF166GAY,/experiments/ENCSR370VVJ/,1,0,0,1,0,0,0,0,0,0
ENCFF516ITA,/experiments/ENCSR370VVJ/,1,0,0,1,0,0,0,0,0,0
ENCFF952ZKG,/experiments/ENCSR371CCL/,1,0,0,0,0,0,0,0,0,1
ENCFF480YUE,/experiments/ENCSR371CCL/,1,0,0,0,0,0,0,0,0,1
ENCFF524CMR,/experiments/ENCSR371CCL/,1,0,0,0,0,0,0,0,0,1
ENCFF709OXB,/experiments/ENCSR371CCL/,1,0,0,0,0,0,0,0,0,1
ENCFF682FRI,/experiments/ENCSR371KRY/,0,1,0,0,0,1,0,0,0,0
ENCFF857VZC,/experiments/ENCSR371KRY/,0,1,0,0,0,1,0,0,0,0
ENCFF920PES,/experiments/ENCSR371KRY/,0,1,0,0,0,1,0,0,0,0
ENCFF121IJO,/experiments/ENCSR371KRY/,0,1,0,0,0,1,0,0,0,0
ENCFF106SPD,/experiments/ENCSR371KRY/,0,1,0,0,0,1,0,0,0,0
ENCFF884BLA,/experiments/ENCSR372SMH/,1,0,1,1,0,1,0,0,0,0
ENCFF282OVX,/experiments/ENCSR372SMH/,1,0,1,1,0,1,0,0,0,0
ENCFF642DPF,/experiments/ENCSR372SMH/,1,0,1,1,0,1,0,0,0,0
ENCFF195LXT,/experiments/ENCSR372SMH/,1,0,1,1,0,1,0,0,0,0
ENCFF606BBT,/experiments/ENCSR372SMH/,1,0,1,1,0,1,0,0,0,0
ENCFF102SFY,/experiments/ENCSR373BIX/,0,0,1,0,1,1,0,0,0,0
ENCFF647BIA,/experiments/ENCSR373BIX/,0,0,1,0,1,1,0,0,0,0
ENCFF501EPQ,/experiments/ENCSR373BIX/,0,0,1,0,1,1,0,0,0,0
ENCFF815YZV,/experiments/ENCSR373BIX/,0,0,1,0,1,1,0,0,0,0
ENCFF230IDD,/experiments/ENCSR373BIX/,0,0,1,0,1,1,0,0,0,0
ENCFF727LFZ,/experiments/ENCSR373BIX/,0,0,1,0,1,1,0,0,0,0
ENCFF140ERY,/experiments/ENCSR373BIX/,0,0,1,0,1,1,0,0,0,0
ENCFF283PCF,/experiments/ENCSR373TLU/,0,0,0,0,0,1,0,0,0,0
ENCFF800JVU,/experiments/ENCSR373TLU/,0,0,0,0,0,1,0,0,0,0
ENCFF232KJW,/experiments/ENCSR373TLU/,0,0,0,0,0,1,0,0,0,0
ENCFF737MDN,/experiments/ENCSR373ZJT/,0,0,1,0,0,0,0,0,0,1
ENCFF704ROE,/experiments/ENCSR373ZJT/,0,0,1,0,0,0,0,0,0,1
ENCFF078HBR,/experiments/ENCSR373ZJT/,0,0,1,0,0,0,0,0,0,1
ENCFF952HTK,/experiments/ENCSR373ZJT/,0,0,1,0,0,0,0,0,0,1
ENCFF300LYK,/experiments/ENCSR374VQC/,1,0,0,0,1,0,0,0,0,0
ENCFF999YOG,/experiments/ENCSR374VQC/,1,0,0,0,1,0,0,0,0,0
ENCFF146LVB,/experiments/ENCSR376DAE/,0,0,0,0,0,0,0,0,0,1
ENCFF379JKQ,/experiments/ENCSR376DAE/,0,0,0,0,0,0,0,0,0,1
ENCFF908VAX,/experiments/ENCSR376DAE/,0,0,0,0,0,0,0,0,0,1
ENCFF793TWU,/experiments/ENCSR377CRU/,0,0,0,1,0,0,0,0,0,1
ENCFF492RCC,/experiments/ENCSR380TXB/,0,1,0,0,0,0,0,0,0,0
ENCFF690DNK,/experiments/ENCSR380VCU/,1,0,1,1,0,0,0,0,0,0
ENCFF013OAW,/experiments/ENCSR380VCU/,1,0,1,1,0,0,0,0,0,0
ENCFF044UFD,/experiments/ENCSR380VCU/,1,0,1,1,0,0,0,0,0,0
ENCFF569KJP,/experiments/ENCSR380VCU/,1,0,1,1,0,0,0,0,0,0
ENCFF759SXV,/experiments/ENCSR381PXW/,0,0,0,1,0,1,0,0,0,0
ENCFF519OTF,/experiments/ENCSR381PXW/,0,0,0,1,0,1,0,0,0,0
ENCFF528MVU,/experiments/ENCSR381PXW/,0,0,0,1,0,1,0,0,0,0
ENCFF336XNG,/experiments/ENCSR381PXW/,0,0,0,1,0,1,0,0,0,0
ENCFF110JAO,/experiments/ENCSR382JUJ/,1,0,0,0,0,0,0,0,0,0
ENCFF377ANI,/experiments/ENCSR382JUJ/,1,0,0,0,0,0,0,0,0,0
ENCFF358EEH,/experiments/ENCSR383BLX/,0,0,0,0,1,0,1,0,0,0
ENCFF825BPA,/experiments/ENCSR383BLX/,0,0,0,0,1,0,1,0,0,0
ENCFF400WOO,/experiments/ENCSR383BLX/,0,0,0,0,1,0,1,0,0,0
ENCFF263DOK,/experiments/ENCSR383BLX/,0,0,0,0,1,0,1,0,0,0
ENCFF218EJJ,/experiments/ENCSR383BLX/,0,0,0,0,1,0,1,0,0,0
ENCFF690GRZ,/experiments/ENCSR383BLX/,0,0,0,0,1,0,1,0,0,0
ENCFF974NCL,/experiments/ENCSR383BLX/,0,0,0,0,1,0,1,0,0,0
ENCFF940YSY,/experiments/ENCSR383BLX/,0,0,0,0,1,0,1,0,0,0
ENCFF159HUA,/experiments/ENCSR383BLX/,0,0,0,0,1,0,1,0,0,0
ENCFF631NRS,/experiments/ENCSR383BLX/,0,0,0,0,1,0,1,0,0,0
ENCFF145VHT,/experiments/ENCSR383BLX/,0,0,0,0,1,0,1,0,0,0
ENCFF065ZSM,/experiments/ENCSR383SNM/,0,0,0,0,0,1,0,1,0,0
ENCFF645WSF,/experiments/ENCSR383SNM/,0,0,0,0,0,1,0,1,0,0
ENCFF250PHO,/experiments/ENCSR383SNM/,0,0,0,0,0,1,0,1,0,0
ENCFF423BFT,/experiments/ENCSR383SNM/,0,0,0,0,0,1,0,1,0,0
ENCFF528RQX,/experiments/ENCSR383SNM/,0,0,0,0,0,1,0,1,0,0
ENCFF726ORU,/experiments/ENCSR383SNM/,0,0,0,0,0,1,0,1,0,0
ENCFF280LEU,/experiments/ENCSR383SNM/,0,0,0,0,0,1,0,1,0,0
ENCFF859AWU,/experiments/ENCSR383SNM/,0,0,0,0,0,1,0,1,0,0
ENCFF932RNN,/experiments/ENCSR383SNM/,0,0,0,0,0,1,0,1,0,0
ENCFF468OTK,/experiments/ENCSR383SNM/,0,0,0,0,0,1,0,1,0,0
ENCFF854MCP,/experiments/ENCSR383SNM/,0,0,0,0,0,1,0,1,0,0
ENCFF355EAK,/experiments/ENCSR383SNM/,0,0,0,0,0,1,0,1,0,0
ENCFF829LHE,/experiments/ENCSR383SNM/,0,0,0,0,0,1,0,1,0,0
ENCFF360KSW,/experiments/ENCSR383SNM/,0,0,0,0,0,1,0,1,0,0
ENCFF582QMQ,/experiments/ENCSR383SNM/,0,0,0,0,0,1,0,1,0,0
ENCFF862UXO,/experiments/ENCSR383SNM/,0,0,0,0,0,1,0,1,0,0
ENCFF222OAD,/experiments/ENCSR383SNM/,0,0,0,0,0,1,0,1,0,0
ENCFF022SLX,/experiments/ENCSR383SNM/,0,0,0,0,0,1,0,1,0,0
ENCFF699TAL,/experiments/ENCSR383SNM/,0,0,0,0,0,1,0,1,0,0
ENCFF951XGR,/experiments/ENCSR383SNM/,0,0,0,0,0,1,0,1,0,0
ENCFF669AKX,/experiments/ENCSR383XSU/,1,0,0,0,0,1,0,0,0,0
ENCFF172QKY,/experiments/ENCSR383XSU/,1,0,0,0,0,1,0,0,0,0
ENCFF789RYS,/experiments/ENCSR383XSU/,1,0,0,0,0,1,0,0,0,0
ENCFF387NSP,/experiments/ENCSR383XSU/,1,0,0,0,0,1,0,0,0,0
ENCFF059BVS,/experiments/ENCSR383XSU/,1,0,0,0,0,1,0,0,0,0
ENCFF975ARN,/experiments/ENCSR383XSU/,1,0,0,0,0,1,0,0,0,0
ENCFF645EXI,/experiments/ENCSR383XSU/,1,0,0,0,0,1,0,0,0,0
ENCFF767BTC,/experiments/ENCSR384GGJ/,0,0,1,0,0,0,0,0,1,0
ENCFF751YQQ,/experiments/ENCSR384KCZ/,0,0,0,0,0,0,0,0,0,0
ENCFF724ITE,/experiments/ENCSR384KCZ/,0,0,0,0,0,0,0,0,0,0
ENCFF524MGE,/experiments/ENCSR384KCZ/,0,0,0,0,0,0,0,0,0,0
ENCFF392QBW,/experiments/ENCSR384KCZ/,0,0,0,0,0,0,0,0,0,0
ENCFF095DFB,/experiments/ENCSR384KCZ/,0,0,0,0,0,0,0,0,0,0
ENCFF135DMC,/experiments/ENCSR385AMY/,0,0,1,0,0,0,0,0,0,0
ENCFF949DLJ,/experiments/ENCSR385AMY/,0,0,1,0,0,0,0,0,0,0
ENCFF640JML,/experiments/ENCSR385DQL/,1,1,0,1,0,0,0,0,0,0
ENCFF519PYI,/experiments/ENCSR385DQL/,1,1,0,1,0,0,0,0,0,0
ENCFF427LOL,/experiments/ENCSR385DQL/,1,1,0,1,0,0,0,0,0,0
ENCFF692SFP,/experiments/ENCSR385DQL/,1,1,0,1,0,0,0,0,0,0
ENCFF758NRO,/experiments/ENCSR385MRA/,0,0,0,0,0,0,0,0,0,0
ENCFF713NSQ,/experiments/ENCSR385MRA/,0,0,0,0,0,0,0,0,0,0
ENCFF250LQU,/experiments/ENCSR385MRA/,0,0,0,0,0,0,0,0,0,0
ENCFF735PZU,/experiments/ENCSR385MRA/,0,0,0,0,0,0,0,0,0,0
ENCFF756AHD,/experiments/ENCSR385SZQ/,0,0,0,0,0,0,0,0,1,0
ENCFF979ZGA,/experiments/ENCSR385SZQ/,0,0,0,0,0,0,0,0,1,0
ENCFF499XYU,/experiments/ENCSR385SZQ/,0,0,0,0,0,0,0,0,1,0
ENCFF289NQF,/experiments/ENCSR385SZQ/,0,0,0,0,0,0,0,0,1,0
ENCFF718JEZ,/experiments/ENCSR385XHV/,0,0,0,0,0,0,0,0,0,0
ENCFF974KTW,/experiments/ENCSR386BOX/,0,0,0,0,0,0,0,0,1,0
ENCFF448MWS,/experiments/ENCSR386BOX/,0,0,0,0,0,0,0,0,1,0
ENCFF761BVB,/experiments/ENCSR386OBA/,0,0,0,0,0,0,0,0,0,0
ENCFF915OMZ,/experiments/ENCSR386OBA/,0,0,0,0,0,0,0,0,0,0
ENCFF845KBH,/experiments/ENCSR386OBA/,0,0,0,0,0,0,0,0,0,0
ENCFF212PWQ,/experiments/ENCSR386OBA/,0,0,0,0,0,0,0,0,0,0
ENCFF447GQA,/experiments/ENCSR386XPD/,0,0,1,0,0,0,1,0,1,0
ENCFF242MUD,/experiments/ENCSR386XPD/,0,0,1,0,0,0,1,0,1,0
ENCFF058HSD,/experiments/ENCSR387EYA/,1,0,0,0,0,0,0,0,0,0
ENCFF597BGI,/experiments/ENCSR387EYA/,1,0,0,0,0,0,0,0,0,0
ENCFF404VRX,/experiments/ENCSR388DHS/,1,0,0,0,0,0,0,0,0,0
ENCFF719GAZ,/experiments/ENCSR388DHS/,1,0,0,0,0,0,0,0,0,0
ENCFF977OWN,/experiments/ENCSR388NOI/,0,0,1,1,0,0,0,0,1,0
ENCFF757ZVN,/experiments/ENCSR388NOI/,0,0,1,1,0,0,0,0,1,0
ENCFF345WCH,/experiments/ENCSR389BWT/,0,0,0,0,0,0,0,1,0,0
ENCFF877JRW,/experiments/ENCSR389IHS/,0,0,0,0,0,0,0,0,0,0
ENCFF503UXH,/experiments/ENCSR391LJN/,1,0,1,0,0,0,1,1,0,0
ENCFF292LQR,/experiments/ENCSR391LJN/,1,0,1,0,0,0,1,1,0,0
ENCFF933XOL,/experiments/ENCSR391LJN/,1,0,1,0,0,0,1,1,0,0
ENCFF333SXO,/experiments/ENCSR391LJN/,1,0,1,0,0,0,1,1,0,0
ENCFF523XNG,/experiments/ENCSR391YAV/,1,0,1,0,0,1,0,0,0,1
ENCFF459VFQ,/experiments/ENCSR391YAV/,1,0,1,0,0,1,0,0,0,1
ENCFF380IZN,/experiments/ENCSR391YAV/,1,0,1,0,0,1,0,0,0,1
ENCFF922AHO,/experiments/ENCSR391YHC/,0,0,0,0,1,0,0,1,0,0
ENCFF288DIT,/experiments/ENCSR391YHC/,0,0,0,0,1,0,0,1,0,0
ENCFF505GRL,/experiments/ENCSR391YHC/,0,0,0,0,1,0,0,1,0,0
ENCFF437SYO,/experiments/ENCSR391YHC/,0,0,0,0,1,0,0,1,0,0
ENCFF622PZV,/experiments/ENCSR391YHC/,0,0,0,0,1,0,0,1,0,0
ENCFF151KDO,/experiments/ENCSR392GCE/,0,0,1,0,0,0,1,0,0,0
ENCFF943TNE,/experiments/ENCSR392GCE/,0,0,1,0,0,0,1,0,0,0
ENCFF278ZNT,/experiments/ENCSR392GCE/,0,0,1,0,0,0,1,0,0,0
ENCFF210JWW,/experiments/ENCSR392GCE/,0,0,1,0,0,0,1,0,0,0
ENCFF416ZBD,/experiments/ENCSR392GCE/,0,0,1,0,0,0,1,0,0,0
ENCFF275IBO,/experiments/ENCSR395EZY/,0,0,0,0,0,0,0,0,0,0
ENCFF502WEJ,/experiments/ENCSR395EZY/,0,0,0,0,0,0,0,0,0,0
ENCFF545EPR,/experiments/ENCSR395HAE/,1,1,0,0,0,0,0,0,1,0
ENCFF172MDS,/experiments/ENCSR395HAE/,1,1,0,0,0,0,0,0,1,0
ENCFF117EBK,/experiments/ENCSR395HAE/,1,1,0,0,0,0,0,0,1,0
ENCFF037CCQ,/experiments/ENCSR396EWH/,0,1,0,0,0,0,0,0,0,0
ENCFF836BDM,/experiments/ENCSR396EWH/,0,1,0,0,0,0,0,0,0,0
ENCFF531NOL,/experiments/ENCSR396ZIN/,1,0,0,0,0,1,0,0,1,0
ENCFF375NRJ,/experiments/ENCSR398CXD/,0,1,0,0,0,0,0,1,0,0
ENCFF228CXD,/experiments/ENCSR398CXD/,0,1,0,0,0,0,0,1,0,0
ENCFF229BOE,/experiments/ENCSR398JUP/,1,0,0,0,0,0,0,0,0,1
ENCFF994WQE,/experiments/ENCSR398JUP/,1,0,0,0,0,0,0,0,0,1
ENCFF151ITT,/experiments/ENCSR398LUY/,1,0,0,0,0,0,0,0,0,1
ENCFF712GOQ,/experiments/ENCSR398LUY/,1,0,0,0,0,0,0,0,0,1
ENCFF315FOU,/experiments/ENCSR398LUY/,1,0,0,0,0,0,0,0,0,1
ENCFF375JME,/experiments/ENCSR398LUY/,1,0,0,0,0,0,0,0,0,1
ENCFF655CBF,/experiments/ENCSR398LUY/,1,0,0,0,0,0,0,0,0,1
ENCFF712NPC,/experiments/ENCSR400MOP/,0,0,1,0,0,1,0,0,0,0
ENCFF557AOB,/experiments/ENCSR400MOP/,0,0,1,0,0,1,0,0,0,0
ENCFF009DGM,/experiments/ENCSR400YJR/,0,0,1,1,0,0,0,1,0,1
ENCFF794FAU,/experiments/ENCSR400YJR/,0,0,1,1,0,0,0,1,0,1
ENCFF318KVK,/experiments/ENCSR401ESD/,0,0,0,0,0,0,0,1,0,0
ENCFF203LXQ,/experiments/ENCSR401ESD/,0,0,0,0,0,0,0,1,0,0
ENCFF931ITF,/experiments/ENCSR401UZL/,0,0,1,0,0,0,1,0,0,0
ENCFF458RFK,/experiments/ENCSR401UZL/,0,0,1,0,0,0,1,0,0,0
ENCFF342FCT,/experiments/ENCSR401UZL/,0,0,1,0,0,0,1,0,0,0
ENCFF980IWZ,/experiments/ENCSR404TSP/,0,0,1,0,0,0,0,0,0,0
ENCFF435LIH,/experiments/ENCSR404TSP/,0,0,1,0,0,0,0,0,0,0
ENCFF573XHS,/experiments/ENCSR405FAK/,0,0,0,1,0,1,0,1,0,0
ENCFF418NYM,/experiments/ENCSR405FAK/,0,0,0,1,0,1,0,1,0,0
ENCFF200MWF,/experiments/ENCSR405FAK/,0,0,0,1,0,1,0,1,0,0
ENCFF556GMY,/experiments/ENCSR405FAK/,0,0,0,1,0,1,0,1,0,0
ENCFF259JBY,/experiments/ENCSR405TXU/,0,0,0,0,0,1,0,0,1,0
ENCFF826WKZ,/experiments/ENCSR405TXU/,0,0,0,0,0,1,0,0,1,0
ENCFF084TFZ,/experiments/ENCSR405TXU/,0,0,0,0,0,1,0,0,1,0
ENCFF864VIN,/experiments/ENCSR405TXU/,0,0,0,0,0,1,0,0,1,0
ENCFF782IQK,/experiments/ENCSR405TXU/,0,0,0,0,0,1,0,0,1,0
ENCFF770XQJ,/experiments/ENCSR405TXU/,0,0,0,0,0,1,0,0,1,0
ENCFF773SXA,/experiments/ENCSR405YLV/,0,0,0,0,0,0,0,0,0,0
ENCFF209THG,/experiments/ENCSR405YLV/,0,0,0,0,0,0,0,0,0,0
ENCFF189RGG,/experiments/ENCSR406EMB/,0,0,0,0,1,0,0,0,1,0
ENCFF362IJG,/experiments/ENCSR406EMB/,0,0,0,0,1,0,0,0,1,0
ENCFF196FGZ,/experiments/ENCSR406EMB/,0,0,0,0,1,0,0,0,1,0
ENCFF330CYN,/experiments/ENCSR406EMB/,0,0,0,0,1,0,0,0,1,0
ENCFF067CYL,/experiments/ENCSR406EMB/,0,0,0,0,1,0,0,0,1,0
ENCFF913TGL,/experiments/ENCSR406JCQ/,0,0,0,0,0,0,1,0,0,0
ENCFF499JMV,/experiments/ENCSR406JCQ/,0,0,0,0,0,0,1,0,0,0
ENCFF463IQR,/experiments/ENCSR407WGG/,1,0,0,0,0,0,1,0,0,0
ENCFF898BNF,/experiments/ENCSR407WGG/,1,0,0,0,0,0,1,0,0,0
ENCFF132EMO,/experiments/ENCSR408GYQ/,0,0,1,1,0,0,0,0,0,0
ENCFF903XXW,/experiments/ENCSR408GYQ/,0,0,1,1,0,0,0,0,0,0
ENCFF726QLJ,/experiments/ENCSR408JZW/,0,0,0,1,1,0,0,0,0,1
ENCFF487JOK,/experiments/ENCSR408JZW/,0,0,0,1,1,0,0,0,0,1
ENCFF350USQ,/experiments/ENCSR408JZW/,0,0,0,1,1,0,0,0,0,1
ENCFF767KSL,/experiments/ENCSR408JZW/,0,0,0,1,1,0,0,0,0,1
ENCFF957XIW,/experiments/ENCSR409LVQ/,0,0,1,0,0,0,0,1,0,0
ENCFF570BJT,/experiments/ENCSR409LVQ/,0,0,1,0,0,0,0,1,0,0
ENCFF494WPO,/experiments/ENCSR409LVQ/,0,0,1,0,0,0,0,1,0,0
ENCFF052IUJ,/experiments/ENCSR409LVQ/,0,0,1,0,0,0,0,1,0,0
ENCFF985QED,/experiments/ENCSR409LVQ/,0,0,1,0,0,0,0,1,0,0
ENCFF452IGJ,/experiments/ENCSR409ZBD/,0,0,0,1,0,0,0,0,0,0
ENCFF259BVJ,/experiments/ENCSR409ZBD/,0,0,0,1,0,0,0,0,0,0
ENCFF490HWW,/experiments/ENCSR409ZBD/,0,0,0,1,0,0,0,0,0,0
ENCFF038QOH,/experiments/ENCSR410IYF/,0,0,1,1,1,1,0,0,0,0
ENCFF527ARD,/experiments/ENCSR410MFU/,0,0,0,0,0,1,0,1,0,0
ENCFF257VKO,/experiments/ENCSR410MFU/,0,0,0,0,0,1,0,1,0,0
ENCFF999ESQ,/experiments/ENCSR410MFU/,0,0,0,0,0,1,0,1,0,0
ENCFF960FLE,/experiments/ENCSR411MGY/,0,0,0,0,0,0,0,0,1,0
ENCFF178YPM,/experiments/ENCSR411MGY/,0,0,0,0,0,0,0,0,1,0
ENCFF696BJV,/experiments/ENCSR411MGY/,0,0,0,0,0,0,0,0,1,0
ENCFF626NMJ,/experiments/ENCSR411MGY/,0,0,0,0,0,0,0,0,1,0
ENCFF702ERL,/experiments/ENCSR411MGY/,0,0,0,0,0,0,0,0,1,0
ENCFF934CFY,/experiments/ENCSR412NMI/,0,0,0,1,0,0,0,1,0,1
ENCFF130WTM,/experiments/ENCSR412NMI/,0,0,0,1,0,0,0,1,0,1
ENCFF673QAV,/experiments/ENCSR412NMI/,0,0,0,1,0,0,0,1,0,1
ENCFF107IYK,/experiments/ENCSR412NMI/,0,0,0,1,0,0,0,1,0,1
ENCFF202GMZ,/experiments/ENCSR414IHC/,0,1,0,0,0,0,1,0,0,0
ENCFF416QON,/experiments/ENCSR414IHC/,0,1,0,0,0,0,1,0,0,0
ENCFF949QBB,/experiments/ENCSR414VXP/,0,0,0,1,1,1,0,0,1,0
ENCFF038MCF,/experiments/ENCSR414VXP/,0,0,0,1,1,1,0,0,1,0
ENCFF712AXB,/experiments/ENCSR414VXP/,0,0,0,1,1,1,0,0,1,0
ENCFF592HQS,/experiments/ENCSR414VXP/,0,0,0,1,1,1,0,0,1,0
ENCFF121RVB,/experiments/ENCSR414ZUA/,0,0,1,0,0,0,0,0,0,0
ENCFF886RUH,/experiments/ENCSR414ZUA/,0,0,1,0,0,0,0,0,0,0
ENCFF986GHD,/experiments/ENCSR414ZUA/,0,0,1,0,0,0,0,0,0,0
ENCFF375WZW,/experiments/ENCSR415MMR/,0,1,0,1,0,0,0,0,0,0
ENCFF305MAC,/experiments/ENCSR415MMR/,0,1,0,1,0,0,0,0,0,0
ENCFF459GNJ,/experiments/ENCSR416QNA/,0,0,0,0,1,0,1,0,1,0
ENCFF284CWP,/experiments/ENCSR417LPB/,1,0,0,0,0,0,0,1,0,1
ENCFF427QTN,/experiments/ENCSR417LPB/,1,0,0,0,0,0,0,1,0,1
ENCFF708PLW,/experiments/ENCSR419CKG/,0,0,1,0,0,0,0,0,0,1
ENCFF295GYU,/experiments/ENCSR419KXU/,0,0,0,0,0,0,1,0,0,0
ENCFF908IDX,/experiments/ENCSR419KXU/,0,0,0,0,0,0,1,0,0,0
ENCFF935ZKA,/experiments/ENCSR419KXU/,0,0,0,0,0,0,1,0,0,0
ENCFF783HCO,/experiments/ENCSR419MZH/,0,0,0,0,0,0,1,0,0,0
ENCFF828MHF,/experiments/ENCSR419MZH/,0,0,0,0,0,0,1,0,0,0
ENCFF217BAD,/experiments/ENCSR419MZH/,0,0,0,0,0,0,1,0,0,0
ENCFF111FYY,/experiments/ENCSR419MZH/,0,0,0,0,0,0,1,0,0,0
ENCFF526UOG,/experiments/ENCSR419OAR/,0,1,0,0,0,0,0,0,1,0
ENCFF812YDQ,/experiments/ENCSR420HOT/,0,0,0,1,1,0,0,1,0,0
ENCFF765DPM,/experiments/ENCSR420NOA/,0,0,0,1,0,0,0,0,0,1
ENCFF909EFO,/experiments/ENCSR420NOA/,0,0,0,1,0,0,0,0,0,1
ENCFF376ADI,/experiments/ENCSR420NOA/,0,0,0,1,0,0,0,0,0,1
ENCFF770UXQ,/experiments/ENCSR420NOA/,0,0,0,1,0,0,0,0,0,1
ENCFF295MPY,/experiments/ENCSR420NOA/,0,0,0,1,0,0,0,0,0,1
ENCFF679JKS,/experiments/ENCSR420NOA/,0,0,0,1,0,0,0,0,0,1
ENCFF513NIQ,/experiments/ENCSR420NOA/,0,0,0,1,0,0,0,0,0,1
ENCFF321DAV,/experiments/ENCSR420NOA/,0,0,0,1,0,0,0,0,0,1
ENCFF002DYE,/experiments/ENCSR420RWU/,0,1,0,0,0,0,0,0,0,0
ENCFF002DYD,/experiments/ENCSR420RWU/,0,1,0,0,0,0,0,0,0,0
ENCFF147RCR,/experiments/ENCSR422IIZ/,0,1,0,0,0,0,0,0,0,0
ENCFF064ISM,/experiments/ENCSR422IIZ/,0,1,0,0,0,0,0,0,0,0
ENCFF435DGK,/experiments/ENCSR422PVL/,1,0,0,0,1,1,0,0,1,0
ENCFF383SMT,/experiments/ENCSR422PVL/,1,0,0,0,1,1,0,0,1,0
ENCFF494MJM,/experiments/ENCSR424JJO/,0,0,0,0,0,0,0,0,0,0
ENCFF414IPS,/experiments/ENCSR424JJO/,0,0,0,0,0,0,0,0,0,0
ENCFF911ZWF,/experiments/ENCSR424JJO/,0,0,0,0,0,0,0,0,0,0
ENCFF655NND,/experiments/ENCSR424JJO/,0,0,0,0,0,0,0,0,0,0
ENCFF554WYR,/experiments/ENCSR424JPH/,0,0,1,0,0,0,0,0,1,1
ENCFF099YTU,/experiments/ENCSR424JPH/,0,0,1,0,0,0,0,0,1,1
ENCFF027FUV,/experiments/ENCSR424MWH/,0,0,0,0,0,0,1,1,0,0
ENCFF444MZB,/experiments/ENCSR424MWH/,0,0,0,0,0,0,1,1,0,0
ENCFF353ABR,/experiments/ENCSR425MRQ/,1,0,0,1,0,1,0,0,1,0
ENCFF575NEZ,/experiments/ENCSR425MRQ/,1,0,0,1,0,1,0,0,1,0
ENCFF178WLB,/experiments/ENCSR426IEA/,0,1,0,0,0,0,0,0,0,0
ENCFF901FSW,/experiments/ENCSR426IEA/,0,1,0,0,0,0,0,0,0,0
ENCFF266WWA,/experiments/ENCSR426IEA/,0,1,0,0,0,0,0,0,0,0
ENCFF302JOP,/experiments/ENCSR426IEA/,0,1,0,0,0,0,0,0,0,0
ENCFF355JSW,/experiments/ENCSR426IEA/,0,1,0,0,0,0,0,0,0,0
ENCFF377AOZ,/experiments/ENCSR426IEA/,0,1,0,0,0,0,0,0,0,0
ENCFF665FKP,/experiments/ENCSR426IEA/,0,1,0,0,0,0,0,0,0,0
ENCFF593EOR,/experiments/ENCSR426KLJ/,0,0,1,0,0,0,0,0,1,0
ENCFF748RLI,/experiments/ENCSR426KLJ/,0,0,1,0,0,0,0,0,1,0
ENCFF105WUW,/experiments/ENCSR426KLJ/,0,0,1,0,0,0,0,0,1,0
ENCFF239YUP,/experiments/ENCSR426TPQ/,0,0,0,1,0,0,0,0,1,0
ENCFF041IQZ,/experiments/ENCSR426TPQ/,0,0,0,1,0,0,0,0,1,0
ENCFF900AXM,/experiments/ENCSR426TPQ/,0,0,0,1,0,0,0,0,1,0
ENCFF083VCO,/experiments/ENCSR427LHI/,0,0,0,0,0,0,1,0,0,0
ENCFF767ARE,/experiments/ENCSR427LHI/,0,0,0,0,0,0,1,0,0,0
ENCFF493KSR,/experiments/ENCSR427LHI/,0,0,0,0,0,0,1,0,0,0
ENCFF707ASQ,/experiments/ENCSR428CWD/,0,0,1,0,0,0,0,0,0,1
ENCFF873WFA,/experiments/ENCSR428CWD/,0,0,1,0,0,0,0,0,0,1
ENCFF396UHX,/experiments/ENCSR428CWD/,0,0,1,0,0,0,0,0,0,1
ENCFF508IBD,/experiments/ENCSR428CWD/,0,0,1,0,0,0,0,0,0,1
ENCFF979HOG,/experiments/ENCSR428XAX/,0,0,0,0,0,1,0,0,0,0
ENCFF659QQK,/experiments/ENCSR428XAX/,0,0,0,0,0,1,0,0,0,0
ENCFF807LFY,/experiments/ENCSR428ZCP/,0,0,0,0,0,0,0,1,0,0
ENCFF541WLR,/experiments/ENCSR428ZCP/,0,0,0,0,0,0,0,1,0,0
ENCFF946JWA,/experiments/ENCSR428ZCP/,0,0,0,0,0,0,0,1,0,0
ENCFF760YDK,/experiments/ENCSR429RHR/,1,0,0,0,0,0,0,1,0,0
ENCFF504UIW,/experiments/ENCSR429RHR/,1,0,0,0,0,0,0,1,0,0
ENCFF784YDQ,/experiments/ENCSR429RHR/,1,0,0,0,0,0,0,1,0,0
ENCFF865EFF,/experiments/ENCSR429RHR/,1,0,0,0,0,0,0,1,0,0
ENCFF072DEL,/experiments/ENCSR429RHR/,1,0,0,0,0,0,0,1,0,0
ENCFF590LKS,/experiments/ENCSR429RHR/,1,0,0,0,0,0,0,1,0,0
ENCFF771PVT,/experiments/ENCSR431UEM/,0,0,1,1,0,0,0,0,0,0
ENCFF217OZN,/experiments/ENCSR431UEM/,0,0,1,1,0,0,0,0,0,0
ENCFF368DLW,/experiments/ENCSR432QFU/,0,0,0,0,0,1,0,0,1,1
ENCFF356PJA,/experiments/ENCSR432QFU/,0,0,0,0,0,1,0,0,1,1
ENCFF614UHU,/experiments/ENCSR432QFU/,0,0,0,0,0,1,0,0,1,1
ENCFF354NGS,/experiments/ENCSR433NEX/,0,1,0,1,0,0,0,0,1,0
ENCFF437VDY,/experiments/ENCSR433NEX/,0,1,0,1,0,0,0,0,1,0
ENCFF145OOJ,/experiments/ENCSR433WOV/,0,0,1,1,1,1,0,0,0,1
ENCFF112ZLT,/experiments/ENCSR434OBM/,0,1,0,0,0,0,0,0,0,0
ENCFF614GYZ,/experiments/ENCSR434OBM/,0,1,0,0,0,0,0,0,0,0
ENCFF593WDW,/experiments/ENCSR434OBM/,0,1,0,0,0,0,0,0,0,0
ENCFF654FWE,/experiments/ENCSR434OBM/,0,1,0,0,0,0,0,0,0,0
ENCFF585OVR,/experiments/ENCSR434OBM/,0,1,0,0,0,0,0,0,0,0
ENCFF001QIF,/experiments/ENCSR434TGY/,0,0,0,1,0,0,0,0,0,0
ENCFF001QIE,/experiments/ENCSR434TGY/,0,0,0,1,0,0,0,0,0,0
ENCFF975DDZ,/experiments/ENCSR435NHO/,0,0,0,0,0,0,0,0,0,0
ENCFF809RQM,/experiments/ENCSR435NHO/,0,0,0,0,0,0,0,0,0,0
ENCFF985ZNG,/experiments/ENCSR435NHO/,0,0,0,0,0,0,0,0,0,0
ENCFF851KCQ,/experiments/ENCSR435NHO/,0,0,0,0,0,0,0,0,0,0
ENCFF389JQX,/experiments/ENCSR435NHO/,0,0,0,0,0,0,0,0,0,0
ENCFF655CNK,/experiments/ENCSR435NHO/,0,0,0,0,0,0,0,0,0,0
ENCFF308WWJ,/experiments/ENCSR436JRE/,0,0,0,0,0,1,0,1,0,0
ENCFF043XYX,/experiments/ENCSR436JRE/,0,0,0,0,0,1,0,1,0,0
ENCFF318BSP,/experiments/ENCSR437AYW/,0,1,0,0,0,1,0,0,0,0
ENCFF423XZE,/experiments/ENCSR437AYW/,0,1,0,0,0,1,0,0,0,0
ENCFF409DZC,/experiments/ENCSR437AYW/,0,1,0,0,0,1,0,0,0,0
ENCFF009RHR,/experiments/ENCSR437KLY/,0,1,0,0,1,0,0,1,0,0
ENCFF970TXW,/experiments/ENCSR437KLY/,0,1,0,0,1,0,0,1,0,0
ENCFF196NVH,/experiments/ENCSR437KLY/,0,1,0,0,1,0,0,1,0,0
ENCFF134FWH,/experiments/ENCSR437PXY/,0,0,0,1,0,0,0,0,1,0
ENCFF721SSE,/experiments/ENCSR437PXY/,0,0,0,1,0,0,0,0,1,0
ENCFF356CGC,/experiments/ENCSR438LZG/,1,0,0,0,0,0,1,0,0,1
ENCFF480XGQ,/experiments/ENCSR438LZG/,1,0,0,0,0,0,1,0,0,1
ENCFF976PDL,/experiments/ENCSR438TWI/,0,0,0,0,0,0,0,0,0,1
ENCFF358PEY,/experiments/ENCSR438TWI/,0,0,0,0,0,0,0,0,0,1
ENCFF203RGL,/experiments/ENCSR438TWI/,0,0,0,0,0,0,0,0,0,1
ENCFF093KGC,/experiments/ENCSR438USP/,0,1,0,0,0,0,1,0,0,0
ENCFF066PTW,/experiments/ENCSR440BPA/,0,0,0,0,0,0,0,0,1,0
ENCFF370XDO,/experiments/ENCSR440BPA/,0,0,0,0,0,0,0,0,1,0
ENCFF516RIM,/experiments/ENCSR440FZS/,0,0,0,0,0,0,0,0,0,0
ENCFF957NFZ,/experiments/ENCSR440FZS/,0,0,0,0,0,0,0,0,0,0
ENCFF258AND,/experiments/ENCSR440FZS/,0,0,0,0,0,0,0,0,0,0
ENCFF954UVC,/experiments/ENCSR440FZS/,0,0,0,0,0,0,0,0,0,0
ENCFF678FEA,/experiments/ENCSR440QMR/,1,0,0,1,1,0,1,0,0,1
ENCFF072FIM,/experiments/ENCSR441MMO/,0,1,0,0,0,0,0,0,1,0
ENCFF712ERR,/experiments/ENCSR441MMO/,0,1,0,0,0,0,0,0,1,0
ENCFF061CJP,/experiments/ENCSR441MWY/,0,0,1,0,0,0,1,0,0,0
ENCFF381MHA,/experiments/ENCSR441MWY/,0,0,1,0,0,0,1,0,0,0
ENCFF942OXO,/experiments/ENCSR441MWY/,0,0,1,0,0,0,1,0,0,0
ENCFF989PUV,/experiments/ENCSR441OGH/,0,0,0,0,0,0,0,0,1,0
ENCFF489UHT,/experiments/ENCSR441OGH/,0,0,0,0,0,0,0,0,1,0
ENCFF632BDK,/experiments/ENCSR442GKD/,0,1,0,1,0,0,0,1,0,0
ENCFF053OJY,/experiments/ENCSR442SDV/,0,0,0,0,1,0,0,0,0,0
ENCFF568ABK,/experiments/ENCSR443DSO/,0,0,0,1,0,0,0,0,0,1
ENCFF720SFI,/experiments/ENCSR443DSO/,0,0,0,1,0,0,0,0,0,1
ENCFF384OIC,/experiments/ENCSR443DSO/,0,0,0,1,0,0,0,0,0,1
ENCFF125HAI,/experiments/ENCSR443DSO/,0,0,0,1,0,0,0,0,0,1
ENCFF593VAU,/experiments/ENCSR443DSO/,0,0,0,1,0,0,0,0,0,1
ENCFF912OPP,/experiments/ENCSR443YJP/,1,0,1,0,0,0,0,0,0,0
ENCFF248TQK,/experiments/ENCSR443YJP/,1,0,1,0,0,0,0,0,0,0
ENCFF313WCP,/experiments/ENCSR443YJP/,1,0,1,0,0,0,0,0,0,0
ENCFF680ACW,/experiments/ENCSR443YJP/,1,0,1,0,0,0,0,0,0,0
ENCFF070ZPW,/experiments/ENCSR444VTC/,0,0,0,0,0,0,0,0,0,1
ENCFF528OCE,/experiments/ENCSR444VTC/,0,0,0,0,0,0,0,0,0,1
ENCFF191CMF,/experiments/ENCSR445QDZ/,0,0,0,0,0,0,0,0,0,0
ENCFF681OOS,/experiments/ENCSR445QDZ/,0,0,0,0,0,0,0,0,0,0
ENCFF427YAL,/experiments/ENCSR445XYW/,0,0,1,0,1,0,1,0,0,1
ENCFF346VUR,/experiments/ENCSR445XYW/,0,0,1,0,1,0,1,0,0,1
ENCFF731KEG,/experiments/ENCSR448KDU/,0,0,0,0,0,1,0,0,0,0
ENCFF087GGS,/experiments/ENCSR448KDU/,0,0,0,0,0,1,0,0,0,0
ENCFF678DJQ,/experiments/ENCSR448KDU/,0,0,0,0,0,1,0,0,0,0
ENCFF145PMC,/experiments/ENCSR448KDU/,0,0,0,0,0,1,0,0,0,0
ENCFF245JVJ,/experiments/ENCSR449HOQ/,1,1,0,0,0,0,0,0,0,0
ENCFF742KDI,/experiments/ENCSR449HOQ/,1,1,0,0,0,0,0,0,0,0
ENCFF514JMJ,/experiments/ENCSR450PWF/,1,0,0,1,0,0,0,0,1,0
ENCFF254UOL,/experiments/ENCSR450PWF/,1,0,0,1,0,0,0,0,1,0
ENCFF682BKA,/experiments/ENCSR450ROJ/,0,0,1,0,1,0,1,0,0,0
ENCFF800YUB,/experiments/ENCSR450ROJ/,0,0,1,0,1,0,1,0,0,0
ENCFF044JEI,/experiments/ENCSR450ROJ/,0,0,1,0,1,0,1,0,0,0
ENCFF411NTV,/experiments/ENCSR450ROJ/,0,0,1,0,1,0,1,0,0,0
ENCFF971DJA,/experiments/ENCSR452DCM/,0,0,0,1,0,0,0,0,0,0
ENCFF250JVY,/experiments/ENCSR452DCM/,0,0,0,1,0,0,0,0,0,0
ENCFF825CSV,/experiments/ENCSR452EGE/,0,1,0,0,0,0,0,1,0,1
ENCFF285UIQ,/experiments/ENCSR452EGE/,0,1,0,0,0,0,0,1,0,1
ENCFF412PPZ,/experiments/ENCSR452RAX/,0,0,0,0,0,0,1,0,0,0
ENCFF763UJK,/experiments/ENCSR452RAX/,0,0,0,0,0,0,1,0,0,0
ENCFF673QOZ,/experiments/ENCSR453EVC/,0,0,0,1,0,1,0,0,0,0
ENCFF331UYM,/experiments/ENCSR453EVC/,0,0,0,1,0,1,0,0,0,0
ENCFF467ADD,/experiments/ENCSR453EVC/,0,0,0,1,0,1,0,0,0,0
ENCFF984KZE,/experiments/ENCSR453EVC/,0,0,0,1,0,1,0,0,0,0
ENCFF570HNL,/experiments/ENCSR453EVC/,0,0,0,1,0,1,0,0,0,0
ENCFF270ZPP,/experiments/ENCSR453EVC/,0,0,0,1,0,1,0,0,0,0
ENCFF482MFT,/experiments/ENCSR453EVC/,0,0,0,1,0,1,0,0,0,0
ENCFF433OQW,/experiments/ENCSR453OSR/,0,0,0,1,0,1,0,0,1,0
ENCFF068CAZ,/experiments/ENCSR453OSR/,0,0,0,1,0,1,0,0,1,0
ENCFF902CBM,/experiments/ENCSR453RFW/,0,1,0,1,1,0,0,0,0,0
ENCFF408OFZ,/experiments/ENCSR455GUW/,0,0,0,0,0,1,0,0,1,0
ENCFF221YCW,/experiments/ENCSR455GUW/,0,0,0,0,0,1,0,0,1,0
ENCFF775VVL,/experiments/ENCSR455VIA/,0,0,0,0,0,0,0,1,0,0
ENCFF350ROW,/experiments/ENCSR455VIA/,0,0,0,0,0,0,0,1,0,0
ENCFF529LSK,/experiments/ENCSR455VIA/,0,0,0,0,0,0,0,1,0,0
ENCFF261DJO,/experiments/ENCSR455VIA/,0,0,0,0,0,0,0,1,0,0
ENCFF942PFR,/experiments/ENCSR456KDF/,0,0,0,0,1,0,0,0,0,0
ENCFF637XDH,/experiments/ENCSR456SOX/,0,0,1,0,0,0,0,0,1,0
ENCFF003PTJ,/experiments/ENCSR456SOX/,0,0,1,0,0,0,0,0,1,0
ENCFF984PAZ,/experiments/ENCSR456SOX/,0,0,1,0,0,0,0,0,1,0
ENCFF677FUH,/experiments/ENCSR456SOX/,0,0,1,0,0,0,0,0,1,0
ENCFF441HRO,/experiments/ENCSR457ILW/,1,1,0,0,0,0,1,0,0,0
ENCFF817YDV,/experiments/ENCSR457ILW/,1,1,0,0,0,0,1,0,0,0
ENCFF525ZLD,/experiments/ENCSR457ILW/,1,1,0,0,0,0,1,0,0,0
ENCFF600PWA,/experiments/ENCSR457JOG/,0,0,0,1,0,1,0,0,0,1
ENCFF291SRO,/experiments/ENCSR457RVC/,0,0,0,1,0,0,0,0,0,0
ENCFF079YTO,/experiments/ENCSR458AOS/,0,0,0,1,0,1,0,0,0,0
ENCFF526GVQ,/experiments/ENCSR458AOS/,0,0,0,1,0,1,0,0,0,0
ENCFF052KGA,/experiments/ENCSR458LIB/,0,1,0,0,0,0,0,0,1,0
ENCFF007TOP,/experiments/ENCSR458LIB/,0,1,0,0,0,0,0,0,1,0
ENCFF907CWH,/experiments/ENCSR458LIB/,0,1,0,0,0,0,0,0,1,0
ENCFF458WNO,/experiments/ENCSR458LIB/,0,1,0,0,0,0,0,0,1,0
ENCFF578XLP,/experiments/ENCSR458LIB/,0,1,0,0,0,0,0,0,1,0
ENCFF294BAO,/experiments/ENCSR458LIB/,0,1,0,0,0,0,0,0,1,0
ENCFF917MKA,/experiments/ENCSR459CXJ/,0,0,0,0,0,0,0,0,1,0
ENCFF157DJN,/experiments/ENCSR459CXJ/,0,0,0,0,0,0,0,0,1,0
ENCFF167BPY,/experiments/ENCSR462XTM/,0,0,0,0,0,1,0,0,1,0
ENCFF333LUA,/experiments/ENCSR462XTM/,0,0,0,0,0,1,0,0,1,0
ENCFF858RHD,/experiments/ENCSR464ETX/,0,0,0,0,0,0,0,0,1,0
ENCFF362OFY,/experiments/ENCSR464ETX/,0,0,0,0,0,0,0,0,1,0
ENCFF210VHC,/experiments/ENCSR464ETX/,0,0,0,0,0,0,0,0,1,0
ENCFF810EVZ,/experiments/ENCSR464ETX/,0,0,0,0,0,0,0,0,1,0
ENCFF018FDS,/experiments/ENCSR464TKV/,0,0,0,0,0,0,0,0,0,0
ENCFF621IZU,/experiments/ENCSR464TKV/,0,0,0,0,0,0,0,0,0,0
ENCFF517TSE,/experiments/ENCSR466SUZ/,1,0,0,0,0,0,1,0,0,1
ENCFF598MJL,/experiments/ENCSR466SUZ/,1,0,0,0,0,0,1,0,0,1
ENCFF310MUP,/experiments/ENCSR467LJT/,0,0,1,0,0,1,0,0,0,0
ENCFF058ZKZ,/experiments/ENCSR467MSP/,1,0,0,0,0,1,0,0,0,0
ENCFF963SJQ,/experiments/ENCSR467YCD/,1,0,1,0,1,0,0,0,1,0
ENCFF402JXB,/experiments/ENCSR467YCD/,1,0,1,0,1,0,0,0,1,0
ENCFF156JWD,/experiments/ENCSR468AKF/,0,0,0,0,0,0,1,1,0,0
ENCFF726OGS,/experiments/ENCSR468AKF/,0,0,0,0,0,0,1,1,0,0
ENCFF490CTH,/experiments/ENCSR468AKF/,0,0,0,0,0,0,1,1,0,0
ENCFF551FHH,/experiments/ENCSR468OVW/,0,0,0,1,0,1,0,1,0,0
ENCFF497CUV,/experiments/ENCSR468OVW/,0,0,0,1,0,1,0,1,0,0
ENCFF461HIP,/experiments/ENCSR468OVW/,0,0,0,1,0,1,0,1,0,0
ENCFF666OGL,/experiments/ENCSR468OVW/,0,0,0,1,0,1,0,1,0,0
ENCFF925NBM,/experiments/ENCSR468OVW/,0,0,0,1,0,1,0,1,0,0
ENCFF244DOB,/experiments/ENCSR468OVW/,0,0,0,1,0,1,0,1,0,0
ENCFF977WQN,/experiments/ENCSR468OVW/,0,0,0,1,0,1,0,1,0,0
ENCFF999PLN,/experiments/ENCSR468OVW/,0,0,0,1,0,1,0,1,0,0
ENCFF135VOG,/experiments/ENCSR468OVW/,0,0,0,1,0,1,0,1,0,0
ENCFF844FEA,/experiments/ENCSR468ZXN/,0,0,0,0,0,0,0,0,0,0
ENCFF974JGY,/experiments/ENCSR468ZXN/,0,0,0,0,0,0,0,0,0,0
ENCFF157XZN,/experiments/ENCSR468ZXN/,0,0,0,0,0,0,0,0,0,0
ENCFF922IHT,/experiments/ENCSR468ZXN/,0,0,0,0,0,0,0,0,0,0
ENCFF067LGT,/experiments/ENCSR468ZXN/,0,0,0,0,0,0,0,0,0,0
ENCFF786HSP,/experiments/ENCSR468ZXN/,0,0,0,0,0,0,0,0,0,0
ENCFF876QLC,/experiments/ENCSR468ZXN/,0,0,0,0,0,0,0,0,0,0
ENCFF606CPB,/experiments/ENCSR468ZXN/,0,0,0,0,0,0,0,0,0,0
ENCFF055GTW,/experiments/ENCSR468ZXN/,0,0,0,0,0,0,0,0,0,0
ENCFF881MKS,/experiments/ENCSR469VGZ/,0,0,0,0,1,0,0,1,0,1
ENCFF954GWE,/experiments/ENCSR469VGZ/,0,0,0,0,1,0,0,1,0,1
ENCFF332ZOT,/experiments/ENCSR469VGZ/,0,0,0,0,1,0,0,1,0,1
ENCFF856MHX,/experiments/ENCSR469VGZ/,0,0,0,0,1,0,0,1,0,1
ENCFF106ZGX,/experiments/ENCSR469VGZ/,0,0,0,0,1,0,0,1,0,1
ENCFF726EBG,/experiments/ENCSR469VGZ/,0,0,0,0,1,0,0,1,0,1
ENCFF388BUS,/experiments/ENCSR469VGZ/,0,0,0,0,1,0,0,1,0,1
ENCFF745FZP,/experiments/ENCSR469VGZ/,0,0,0,0,1,0,0,1,0,1
ENCFF221OAG,/experiments/ENCSR470QCE/,0,0,0,0,0,0,1,0,0,0
ENCFF457GGM,/experiments/ENCSR471DVS/,0,0,0,0,0,0,0,0,1,0
ENCFF946IXC,/experiments/ENCSR471DVS/,0,0,0,0,0,0,0,0,1,0
ENCFF408UNC,/experiments/ENCSR471RHG/,1,0,0,0,0,1,0,0,0,1
ENCFF835PJY,/experiments/ENCSR473LSX/,0,1,0,0,0,0,0,1,0,0
ENCFF001ZWS,/experiments/ENCSR474GZQ/,0,1,0,1,0,0,0,0,0,0
ENCFF001ZXG,/experiments/ENCSR474GZQ/,0,1,0,1,0,0,0,0,0,0
ENCFF001ZWQ,/experiments/ENCSR474GZQ/,0,1,0,1,0,0,0,0,0,0
ENCFF001ZWU,/experiments/ENCSR474GZQ/,0,1,0,1,0,0,0,0,0,0
ENCFF001ZWW,/experiments/ENCSR474GZQ/,0,1,0,1,0,0,0,0,0,0
ENCFF001ZWX,/experiments/ENCSR474GZQ/,0,1,0,1,0,0,0,0,0,0
ENCFF001ZWR,/experiments/ENCSR474GZQ/,0,1,0,1,0,0,0,0,0,0
ENCFF943SPF,/experiments/ENCSR474HQW/,0,0,0,1,0,0,0,0,0,1
ENCFF716WKO,/experiments/ENCSR475SYH/,0,0,1,0,0,0,0,0,1,1
ENCFF503BZM,/experiments/ENCSR475SYH/,0,0,1,0,0,0,0,0,1,1
ENCFF373PSV,/experiments/ENCSR475SYH/,0,0,1,0,0,0,0,0,1,1
ENCFF790FQW,/experiments/ENCSR475SYH/,0,0,1,0,0,0,0,0,1,1
ENCFF002DWM,/experiments/ENCSR475VQD/,0,0,0,0,0,1,0,1,0,0
ENCFF002DWN,/experiments/ENCSR475VQD/,0,0,0,0,0,1,0,1,0,0
ENCFF002EBB,/experiments/ENCSR475VQD/,0,0,0,0,0,1,0,1,0,0
ENCFF002EAW,/experiments/ENCSR475VQD/,0,0,0,0,0,1,0,1,0,0
ENCFF002DWJ,/experiments/ENCSR475VQD/,0,0,0,0,0,1,0,1,0,0
ENCFF218ASF,/experiments/ENCSR476SDZ/,0,0,0,0,0,0,0,0,1,1
ENCFF643TXW,/experiments/ENCSR476SDZ/,0,0,0,0,0,0,0,0,1,1
ENCFF255YNC,/experiments/ENCSR477IQW/,0,1,0,0,0,0,0,0,0,0
ENCFF023LQC,/experiments/ENCSR477IQW/,0,1,0,0,0,0,0,0,0,0
ENCFF375HRF,/experiments/ENCSR477IQW/,0,1,0,0,0,0,0,0,0,0
ENCFF094ZVE,/experiments/ENCSR477IQW/,0,1,0,0,0,0,0,0,0,0
ENCFF512CYT,/experiments/ENCSR477RTP/,0,0,0,0,0,0,0,1,0,0
ENCFF578MLQ,/experiments/ENCSR477RTP/,0,0,0,0,0,0,0,1,0,0
ENCFF070YBE,/experiments/ENCSR477RTP/,0,0,0,0,0,0,0,1,0,0
ENCFF246LTW,/experiments/ENCSR477RTP/,0,0,0,0,0,0,0,1,0,0
ENCFF522WXH,/experiments/ENCSR477RTP/,0,0,0,0,0,0,0,1,0,0
ENCFF050ZJT,/experiments/ENCSR477RTP/,0,0,0,0,0,0,0,1,0,0
ENCFF265VSL,/experiments/ENCSR477RTP/,0,0,0,0,0,0,0,1,0,0
ENCFF930ENR,/experiments/ENCSR477RTP/,0,0,0,0,0,0,0,1,0,0
ENCFF803LVR,/experiments/ENCSR477RTP/,0,0,0,0,0,0,0,1,0,0
ENCFF198GVG,/experiments/ENCSR477RTP/,0,0,0,0,0,0,0,1,0,0
ENCFF695VZI,/experiments/ENCSR477RTP/,0,0,0,0,0,0,0,1,0,0
ENCFF986DMI,/experiments/ENCSR477RTP/,0,0,0,0,0,0,0,1,0,0
ENCFF750DMY,/experiments/ENCSR477RTP/,0,0,0,0,0,0,0,1,0,0
ENCFF475MAO,/experiments/ENCSR477RTP/,0,0,0,0,0,0,0,1,0,0
ENCFF948EUG,/experiments/ENCSR477RTP/,0,0,0,0,0,0,0,1,0,0
ENCFF446ZFF,/experiments/ENCSR477RTP/,0,0,0,0,0,0,0,1,0,0
ENCFF175PZA,/experiments/ENCSR477RTP/,0,0,0,0,0,0,0,1,0,0
ENCFF505KRD,/experiments/ENCSR477RTP/,0,0,0,0,0,0,0,1,0,0
ENCFF762MHA,/experiments/ENCSR477RTP/,0,0,0,0,0,0,0,1,0,0
ENCFF997KAI,/experiments/ENCSR477RTP/,0,0,0,0,0,0,0,1,0,0
ENCFF110BTT,/experiments/ENCSR478SWA/,0,0,0,0,1,0,0,0,0,0
ENCFF313YFN,/experiments/ENCSR478SWA/,0,0,0,0,1,0,0,0,0,0
ENCFF595INY,/experiments/ENCSR480SNC/,0,1,0,0,0,0,0,1,0,0
ENCFF236GMO,/experiments/ENCSR480SNC/,0,1,0,0,0,0,0,1,0,0
ENCFF353ORD,/experiments/ENCSR482HQE/,1,1,0,0,0,1,0,0,0,0
ENCFF301EXM,/experiments/ENCSR482HQE/,1,1,0,0,0,1,0,0,0,0
ENCFF633XVC,/experiments/ENCSR482HQE/,1,1,0,0,0,1,0,0,0,0
ENCFF577EJV,/experiments/ENCSR483HUW/,1,0,0,0,0,0,0,0,0,0
ENCFF137CPJ,/experiments/ENCSR483HUW/,1,0,0,0,0,0,0,0,0,0
ENCFF977MCZ,/experiments/ENCSR483PGP/,0,0,1,0,0,0,0,1,0,1
ENCFF058UHE,/experiments/ENCSR483PGP/,0,0,1,0,0,0,0,1,0,1
ENCFF636DSI,/experiments/ENCSR484UAU/,1,0,1,0,1,0,1,0,0,0
ENCFF476JBF,/experiments/ENCSR484UAU/,1,0,1,0,1,0,1,0,0,0
ENCFF031EWA,/experiments/ENCSR484UAU/,1,0,1,0,1,0,1,0,0,0
ENCFF280WYH,/experiments/ENCSR485UQY/,0,0,1,0,1,0,0,0,0,0
ENCFF493CBT,/experiments/ENCSR485UQY/,0,0,1,0,1,0,0,0,0,0
ENCFF823WFD,/experiments/ENCSR486FMF/,0,0,0,1,1,1,0,0,1,0
ENCFF413ZZT,/experiments/ENCSR486KKY/,0,0,1,0,0,0,1,0,1,0
ENCFF702UYY,/experiments/ENCSR488PHT/,1,1,0,0,0,1,0,0,1,0
ENCFF217NRI,/experiments/ENCSR488PHT/,1,1,0,0,0,1,0,0,1,0
ENCFF062BWT,/experiments/ENCSR488VEQ/,0,0,0,0,0,0,0,1,0,0
ENCFF639WHU,/experiments/ENCSR488VEQ/,0,0,0,0,0,0,0,1,0,0
ENCFF747VCR,/experiments/ENCSR488VEQ/,0,0,0,0,0,0,0,1,0,0
ENCFF817WJD,/experiments/ENCSR488VEQ/,0,0,0,0,0,0,0,1,0,0
ENCFF443LQI,/experiments/ENCSR488VEQ/,0,0,0,0,0,0,0,1,0,0
ENCFF730SMZ,/experiments/ENCSR488VEQ/,0,0,0,0,0,0,0,1,0,0
ENCFF287UEE,/experiments/ENCSR488VEQ/,0,0,0,0,0,0,0,1,0,0
ENCFF278PEG,/experiments/ENCSR488VEQ/,0,0,0,0,0,0,0,1,0,0
ENCFF826OCN,/experiments/ENCSR489NAM/,0,0,0,0,0,0,0,0,0,0
ENCFF302WLX,/experiments/ENCSR489NAM/,0,0,0,0,0,0,0,0,0,0
ENCFF296GWV,/experiments/ENCSR489NAM/,0,0,0,0,0,0,0,0,0,0
ENCFF534XXU,/experiments/ENCSR489NAM/,0,0,0,0,0,0,0,0,0,0
ENCFF566ZHI,/experiments/ENCSR489NAM/,0,0,0,0,0,0,0,0,0,0
ENCFF350WGE,/experiments/ENCSR489NAM/,0,0,0,0,0,0,0,0,0,0
ENCFF234CDF,/experiments/ENCSR490UQP/,1,1,0,0,0,1,0,1,0,0
ENCFF199YKA,/experiments/ENCSR490UQP/,1,1,0,0,0,1,0,1,0,0
ENCFF904FEY,/experiments/ENCSR493IAY/,0,0,0,0,1,0,0,0,0,0
ENCFF118KTP,/experiments/ENCSR493IAY/,0,0,0,0,1,0,0,0,0,0
ENCFF364YMS,/experiments/ENCSR493IAY/,0,0,0,0,1,0,0,0,0,0
ENCFF297WPP,/experiments/ENCSR493IQY/,0,0,1,0,1,0,1,1,0,0
ENCFF141YKM,/experiments/ENCSR493VDS/,0,0,0,0,0,0,0,0,0,0
ENCFF576PPN,/experiments/ENCSR493VDS/,0,0,0,0,0,0,0,0,0,0
ENCFF346TTY,/experiments/ENCSR493VDS/,0,0,0,0,0,0,0,0,0,0
ENCFF830OFV,/experiments/ENCSR493VDS/,0,0,0,0,0,0,0,0,0,0
ENCFF929TRF,/experiments/ENCSR494IWJ/,1,1,0,0,1,0,0,0,1,1
ENCFF981HVE,/experiments/ENCSR495INQ/,0,0,0,0,0,0,1,0,0,0
ENCFF656BUQ,/experiments/ENCSR495INQ/,0,0,0,0,0,0,1,0,0,0
ENCFF287YTW,/experiments/ENCSR495INQ/,0,0,0,0,0,0,1,0,0,0
ENCFF618HHF,/experiments/ENCSR496PSH/,0,1,0,0,0,0,0,0,0,0
ENCFF407CBJ,/experiments/ENCSR496PSH/,0,1,0,0,0,0,0,0,0,0
ENCFF475PFS,/experiments/ENCSR496PSH/,0,1,0,0,0,0,0,0,0,0
ENCFF069NRJ,/experiments/ENCSR496UER/,0,0,0,0,0,0,0,0,0,0
ENCFF217ORD,/experiments/ENCSR496UJY/,0,0,1,0,0,0,1,0,1,0
ENCFF009LNO,/experiments/ENCSR496UJY/,0,0,1,0,0,0,1,0,1,0
ENCFF475DAF,/experiments/ENCSR497NLU/,0,1,0,0,0,0,0,0,0,0
ENCFF865RLI,/experiments/ENCSR497NLU/,0,1,0,0,0,0,0,0,0,0
ENCFF646FVN,/experiments/ENCSR498FCF/,0,0,1,0,0,1,0,0,0,0
ENCFF986AZQ,/experiments/ENCSR498FCF/,0,0,1,0,0,1,0,0,0,0
ENCFF326WQU,/experiments/ENCSR498GAH/,1,0,0,1,0,0,1,0,0,1
ENCFF246JKD,/experiments/ENCSR498GAH/,1,0,0,1,0,0,1,0,0,1
ENCFF969PYK,/experiments/ENCSR498JAW/,0,0,0,0,0,0,1,0,0,1
ENCFF437CEP,/experiments/ENCSR498JAW/,0,0,0,0,0,0,1,0,0,1
ENCFF222WRH,/experiments/ENCSR498JAW/,0,0,0,0,0,0,1,0,0,1
ENCFF477EWQ,/experiments/ENCSR498JAW/,0,0,0,0,0,0,1,0,0,1
ENCFF758JPL,/experiments/ENCSR498JAW/,0,0,0,0,0,0,1,0,0,1
ENCFF225DWI,/experiments/ENCSR498RLX/,1,0,0,1,0,0,1,1,0,0
ENCFF732VFV,/experiments/ENCSR498RLX/,1,0,0,1,0,0,1,1,0,0
ENCFF997MYX,/experiments/ENCSR498SCU/,1,0,0,0,0,0,0,0,0,0
ENCFF553SLM,/experiments/ENCSR498SCU/,1,0,0,0,0,0,0,0,0,0
ENCFF913WQN,/experiments/ENCSR498SCU/,1,0,0,0,0,0,0,0,0,0
ENCFF351QPU,/experiments/ENCSR498SCU/,1,0,0,0,0,0,0,0,0,0
ENCFF400FPY,/experiments/ENCSR498SCU/,1,0,0,0,0,0,0,0,0,0
ENCFF447QXO,/experiments/ENCSR498SCU/,1,0,0,0,0,0,0,0,0,0
ENCFF088UUB,/experiments/ENCSR498SCU/,1,0,0,0,0,0,0,0,0,0
ENCFF396RMP,/experiments/ENCSR499IFY/,0,0,1,1,1,1,0,0,0,0
ENCFF358GNR,/experiments/ENCSR499IFY/,0,0,1,1,1,1,0,0,0,0
ENCFF078AGI,/experiments/ENCSR499IFY/,0,0,1,1,1,1,0,0,0,0
ENCFF530TVL,/experiments/ENCSR499IFY/,0,0,1,1,1,1,0,0,0,0
ENCFF396YNZ,/experiments/ENCSR499IFY/,0,0,1,1,1,1,0,0,0,0
ENCFF045WQF,/experiments/ENCSR499IFY/,0,0,1,1,1,1,0,0,0,0
ENCFF517DAT,/experiments/ENCSR499PZA/,0,0,0,0,0,0,1,0,0,0
ENCFF251AML,/experiments/ENCSR499PZA/,0,0,0,0,0,0,1,0,0,0
ENCFF622GSA,/experiments/ENCSR499UQO/,0,0,0,0,0,1,0,0,1,0
ENCFF102VOP,/experiments/ENCSR499UQO/,0,0,0,0,0,1,0,0,1,0
ENCFF775EOH,/experiments/ENCSR499UQO/,0,0,0,0,0,1,0,0,1,0
ENCFF675UCD,/experiments/ENCSR499UQO/,0,0,0,0,0,1,0,0,1,0
ENCFF156VGB,/experiments/ENCSR499UQO/,0,0,0,0,0,1,0,0,1,0
ENCFF931ANB,/experiments/ENCSR499UQO/,0,0,0,0,0,1,0,0,1,0
ENCFF360UWE,/experiments/ENCSR499UQO/,0,0,0,0,0,1,0,0,1,0
ENCFF506EOA,/experiments/ENCSR499UQO/,0,0,0,0,0,1,0,0,1,0
ENCFF670XUB,/experiments/ENCSR501FWC/,0,0,0,0,0,0,0,0,0,1
ENCFF849DKX,/experiments/ENCSR501FWC/,0,0,0,0,0,0,0,0,0,1
ENCFF622JSG,/experiments/ENCSR501FWC/,0,0,0,0,0,0,0,0,0,1
ENCFF796XFP,/experiments/ENCSR501FWC/,0,0,0,0,0,0,0,0,0,1
ENCFF744INK,/experiments/ENCSR502FPR/,0,1,0,1,0,0,1,1,0,0
ENCFF043VZT,/experiments/ENCSR502FPR/,0,1,0,1,0,0,1,1,0,0
ENCFF292EVX,/experiments/ENCSR502FPR/,0,1,0,1,0,0,1,1,0,0
ENCFF513RET,/experiments/ENCSR502GWQ/,1,1,0,0,0,0,0,1,0,0
ENCFF098RZZ,/experiments/ENCSR502NDK/,0,0,0,0,0,1,0,0,0,1
ENCFF698BGB,/experiments/ENCSR502NDK/,0,0,0,0,0,1,0,0,0,1
ENCFF463POG,/experiments/ENCSR502NDK/,0,0,0,0,0,1,0,0,0,1
ENCFF227QSK,/experiments/ENCSR502NYH/,0,1,0,0,0,0,0,0,1,0
ENCFF523KQN,/experiments/ENCSR502NYH/,0,1,0,0,0,0,0,0,1,0
ENCFF634TXD,/experiments/ENCSR503BEM/,0,1,0,1,1,0,0,0,0,0
ENCFF806JEL,/experiments/ENCSR503BEM/,0,1,0,1,1,0,0,0,0,0
ENCFF339BYV,/experiments/ENCSR503BEM/,0,1,0,1,1,0,0,0,0,0
ENCFF521VPX,/experiments/ENCSR503BEM/,0,1,0,1,1,0,0,0,0,0
ENCFF951KHW,/experiments/ENCSR503BEM/,0,1,0,1,1,0,0,0,0,0
ENCFF438CMX,/experiments/ENCSR503BEM/,0,1,0,1,1,0,0,0,0,0
ENCFF998FIO,/experiments/ENCSR503BEM/,0,1,0,1,1,0,0,0,0,0
ENCFF121YNS,/experiments/ENCSR503BEM/,0,1,0,1,1,0,0,0,0,0
ENCFF589IAD,/experiments/ENCSR503BEM/,0,1,0,1,1,0,0,0,0,0
ENCFF121GSG,/experiments/ENCSR503BEM/,0,1,0,1,1,0,0,0,0,0
ENCFF629IFT,/experiments/ENCSR503BEM/,0,1,0,1,1,0,0,0,0,0
ENCFF002DWT,/experiments/ENCSR503HIB/,0,0,0,1,0,0,0,0,0,0
ENCFF002DWS,/experiments/ENCSR503HIB/,0,0,0,1,0,0,0,0,0,0
ENCFF002DWW,/experiments/ENCSR503HIB/,0,0,0,1,0,0,0,0,0,0
ENCFF002DWV,/experiments/ENCSR503HIB/,0,0,0,1,0,0,0,0,0,0
ENCFF002DWQ,/experiments/ENCSR503HIB/,0,0,0,1,0,0,0,0,0,0
ENCFF002DVV,/experiments/ENCSR503HIB/,0,0,0,1,0,0,0,0,0,0
ENCFF467FQB,/experiments/ENCSR503HIB/,0,0,0,1,0,0,0,0,0,0
ENCFF930IMA,/experiments/ENCSR503JJC/,1,0,1,0,0,1,0,0,1,0
ENCFF273BGJ,/experiments/ENCSR503JJC/,1,0,1,0,0,1,0,0,1,0
ENCFF742CGJ,/experiments/ENCSR503JJC/,1,0,1,0,0,1,0,0,1,0
ENCFF924JWD,/experiments/ENCSR503JJC/,1,0,1,0,0,1,0,0,1,0
ENCFF830BSV,/experiments/ENCSR503RWO/,0,0,0,0,0,0,1,0,1,0
ENCFF957SXL,/experiments/ENCSR503RWO/,0,0,0,0,0,0,1,0,1,0
ENCFF727ALC,/experiments/ENCSR503UFM/,0,0,0,0,0,0,0,0,1,0
ENCFF788GON,/experiments/ENCSR503UFM/,0,0,0,0,0,0,0,0,1,0
ENCFF718NSX,/experiments/ENCSR503UFM/,0,0,0,0,0,0,0,0,1,0
ENCFF162DGR,/experiments/ENCSR503UNA/,0,1,0,0,0,0,0,0,0,0
ENCFF967NHN,/experiments/ENCSR503UNA/,0,1,0,0,0,0,0,0,0,0
ENCFF016MMS,/experiments/ENCSR503UNA/,0,1,0,0,0,0,0,0,0,0
ENCFF279OFZ,/experiments/ENCSR503UNA/,0,1,0,0,0,0,0,0,0,0
ENCFF252GDO,/experiments/ENCSR503UNA/,0,1,0,0,0,0,0,0,0,0
ENCFF620FOV,/experiments/ENCSR503UNA/,0,1,0,0,0,0,0,0,0,0
ENCFF686ROX,/experiments/ENCSR504KZE/,0,0,1,0,1,0,1,0,0,0
ENCFF803BOW,/experiments/ENCSR504WYA/,0,0,0,0,0,1,0,0,0,0
ENCFF789LVT,/experiments/ENCSR504WYA/,0,0,0,0,0,1,0,0,0,0
ENCFF123JGV,/experiments/ENCSR504WYA/,0,0,0,0,0,1,0,0,0,0
ENCFF830AJL,/experiments/ENCSR504WYA/,0,0,0,0,0,1,0,0,0,0
ENCFF860PAO,/experiments/ENCSR506QJJ/,0,1,0,0,0,0,0,0,0,1
ENCFF060TGU,/experiments/ENCSR506QJJ/,0,1,0,0,0,0,0,0,0,1
ENCFF930GXH,/experiments/ENCSR506QJJ/,0,1,0,0,0,0,0,0,0,1
ENCFF897ZAK,/experiments/ENCSR506QJJ/,0,1,0,0,0,0,0,0,0,1
ENCFF168KYD,/experiments/ENCSR506QJJ/,0,1,0,0,0,0,0,0,0,1
ENCFF546IFJ,/experiments/ENCSR506QJJ/,0,1,0,0,0,0,0,0,0,1
ENCFF977GSY,/experiments/ENCSR507DQC/,0,1,0,0,0,0,0,0,0,0
ENCFF473TQJ,/experiments/ENCSR507DQC/,0,1,0,0,0,0,0,0,0,0
ENCFF190YPM,/experiments/ENCSR507GFJ/,0,1,0,0,0,0,0,1,0,0
ENCFF382HGK,/experiments/ENCSR507GFJ/,0,1,0,0,0,0,0,1,0,0
ENCFF827XWN,/experiments/ENCSR507XBY/,0,0,0,0,1,1,0,0,0,0
ENCFF666NIU,/experiments/ENCSR508FVM/,0,0,0,1,0,0,0,0,1,1
ENCFF123LBK,/experiments/ENCSR508FVM/,0,0,0,1,0,0,0,0,1,1
ENCFF721TOO,/experiments/ENCSR508FVM/,0,0,0,1,0,0,0,0,1,1
ENCFF596OAL,/experiments/ENCSR510GRY/,1,0,0,0,0,1,0,0,1,0
ENCFF406XLP,/experiments/ENCSR510GRY/,1,0,0,0,0,1,0,0,1,0
ENCFF639RTQ,/experiments/ENCSR510ITB/,0,0,0,0,0,0,1,0,1,0
ENCFF970FYA,/experiments/ENCSR511GQA/,1,0,0,1,0,0,0,0,1,1
ENCFF842IUG,/experiments/ENCSR511PFY/,1,0,0,1,0,0,0,0,1,0
ENCFF160IZW,/experiments/ENCSR511PFY/,1,0,0,1,0,0,0,0,1,0
ENCFF002DXB,/experiments/ENCSR512CWR/,0,1,0,0,1,0,0,0,0,0
ENCFF519LXB,/experiments/ENCSR512CWR/,0,1,0,0,1,0,0,0,0,0
ENCFF808ALS,/experiments/ENCSR512CWR/,0,1,0,0,1,0,0,0,0,0
ENCFF002DWZ,/experiments/ENCSR512CWR/,0,1,0,0,1,0,0,0,0,0
ENCFF002DWY,/experiments/ENCSR512CWR/,0,1,0,0,1,0,0,0,0,0
ENCFF050CPH,/experiments/ENCSR514QHN/,0,0,0,0,0,0,0,0,0,0
ENCFF396CDS,/experiments/ENCSR514QHN/,0,0,0,0,0,0,0,0,0,0
ENCFF047XAX,/experiments/ENCSR515DVK/,0,0,0,0,0,0,0,1,0,0
ENCFF002EPP,/experiments/ENCSR515EWI/,1,1,0,0,0,0,0,0,0,1
ENCFF002EPE,/experiments/ENCSR515EWI/,1,1,0,0,0,0,0,0,0,1
ENCFF002EPG,/experiments/ENCSR515EWI/,1,1,0,0,0,0,0,0,0,1
ENCFF002EPC,/experiments/ENCSR515EWI/,1,1,0,0,0,0,0,0,0,1
ENCFF002EPT,/experiments/ENCSR515EWI/,1,1,0,0,0,0,0,0,0,1
ENCFF002EPF,/experiments/ENCSR515EWI/,1,1,0,0,0,0,0,0,0,1
ENCFF002EPJ,/experiments/ENCSR515EWI/,1,1,0,0,0,0,0,0,0,1
ENCFF002EPR,/experiments/ENCSR515EWI/,1,1,0,0,0,0,0,0,0,1
ENCFF002EPL,/experiments/ENCSR515EWI/,1,1,0,0,0,0,0,0,0,1
ENCFF002EPO,/experiments/ENCSR515EWI/,1,1,0,0,0,0,0,0,0,1
ENCFF002EPN,/experiments/ENCSR515EWI/,1,1,0,0,0,0,0,0,0,1
ENCFF509TIQ,/experiments/ENCSR515PDV/,0,0,0,0,0,0,0,0,0,0
ENCFF730KLO,/experiments/ENCSR515PDV/,0,0,0,0,0,0,0,0,0,0
ENCFF294VPB,/experiments/ENCSR516JCM/,1,0,0,1,0,1,0,0,0,0
ENCFF067FNH,/experiments/ENCSR516JCM/,1,0,0,1,0,1,0,0,0,0
ENCFF032URK,/experiments/ENCSR516RTV/,0,0,0,1,0,0,0,0,0,0
ENCFF980LLI,/experiments/ENCSR516RTV/,0,0,0,1,0,0,0,0,0,0
ENCFF415GQM,/experiments/ENCSR517NHP/,0,0,0,0,0,0,0,0,0,1
ENCFF817VSJ,/experiments/ENCSR517NHP/,0,0,0,0,0,0,0,0,0,1
ENCFF848LBN,/experiments/ENCSR518JGY/,0,1,0,0,0,1,0,0,0,0
ENCFF650RRO,/experiments/ENCSR518JGY/,0,1,0,0,0,1,0,0,0,0
ENCFF725IKN,/experiments/ENCSR518JGY/,0,1,0,0,0,1,0,0,0,0
ENCFF335ZRE,/experiments/ENCSR518JGY/,0,1,0,0,0,1,0,0,0,0
ENCFF729RJK,/experiments/ENCSR518WRP/,0,0,0,1,0,0,0,0,1,0
ENCFF770JQL,/experiments/ENCSR518WRP/,0,0,0,1,0,0,0,0,1,0
ENCFF411GKW,/experiments/ENCSR518YYX/,0,0,1,0,1,0,1,0,1,0
ENCFF709ETM,/experiments/ENCSR518YYX/,0,0,1,0,1,0,1,0,1,0
ENCFF360SAB,/experiments/ENCSR518YYX/,0,0,1,0,1,0,1,0,1,0
ENCFF734BWB,/experiments/ENCSR518YYX/,0,0,1,0,1,0,1,0,1,0
ENCFF589ZGT,/experiments/ENCSR518YYX/,0,0,1,0,1,0,1,0,1,0
ENCFF590VVD,/experiments/ENCSR520BAD/,0,0,0,0,0,0,0,0,0,1
ENCFF274PCT,/experiments/ENCSR520BAD/,0,0,0,0,0,0,0,0,0,1
ENCFF968QQG,/experiments/ENCSR520WTV/,0,0,0,0,0,0,0,0,0,0
ENCFF693LQU,/experiments/ENCSR520WTV/,0,0,0,0,0,0,0,0,0,0
ENCFF664HHT,/experiments/ENCSR520WTV/,0,0,0,0,0,0,0,0,0,0
ENCFF486VTJ,/experiments/ENCSR520WTV/,0,0,0,0,0,0,0,0,0,0
ENCFF024PXH,/experiments/ENCSR521WNU/,0,0,1,0,0,0,1,1,0,1
ENCFF656NSM,/experiments/ENCSR521WNU/,0,0,1,0,0,0,1,1,0,1
ENCFF251IXX,/experiments/ENCSR521WNU/,0,0,1,0,0,0,1,1,0,1
ENCFF980ITV,/experiments/ENCSR521WNU/,0,0,1,0,0,0,1,1,0,1
ENCFF957QCQ,/experiments/ENCSR522FGG/,0,1,0,0,1,0,0,1,0,1
ENCFF123KCR,/experiments/ENCSR522WLH/,0,0,1,1,0,0,0,0,0,0
ENCFF124NVR,/experiments/ENCSR522WLH/,0,0,1,1,0,0,0,0,0,0
ENCFF969OBA,/experiments/ENCSR522WLH/,0,0,1,1,0,0,0,0,0,0
ENCFF658ZRQ,/experiments/ENCSR522WLH/,0,0,1,1,0,0,0,0,0,0
ENCFF569DYW,/experiments/ENCSR522WLH/,0,0,1,1,0,0,0,0,0,0
ENCFF047FNG,/experiments/ENCSR523FJT/,0,0,0,1,0,0,0,0,0,1
ENCFF798SWQ,/experiments/ENCSR523FJT/,0,0,0,1,0,0,0,0,0,1
ENCFF204FPY,/experiments/ENCSR523FJT/,0,0,0,1,0,0,0,0,0,1
ENCFF698TBJ,/experiments/ENCSR523FJT/,0,0,0,1,0,0,0,0,0,1
ENCFF761BFW,/experiments/ENCSR524DWS/,0,0,1,0,0,0,0,1,0,0
ENCFF326FXP,/experiments/ENCSR524QBS/,0,0,0,0,0,0,1,0,1,0
ENCFF460KPA,/experiments/ENCSR524QBS/,0,0,0,0,0,0,1,0,1,0
ENCFF492EFD,/experiments/ENCSR524QBS/,0,0,0,0,0,0,1,0,1,0
ENCFF519UNG,/experiments/ENCSR524QPZ/,1,1,0,0,1,1,0,0,0,1
ENCFF511KRD,/experiments/ENCSR524QPZ/,1,1,0,0,1,1,0,0,0,1
ENCFF456ZHF,/experiments/ENCSR525VCH/,0,0,0,0,0,0,1,0,0,0
ENCFF766GDF,/experiments/ENCSR525VCH/,0,0,0,0,0,0,1,0,0,0
ENCFF794VBA,/experiments/ENCSR526NSY/,0,0,0,1,0,0,0,1,0,0
ENCFF426QDH,/experiments/ENCSR526TFD/,0,0,0,0,0,0,0,1,0,0
ENCFF503OHT,/experiments/ENCSR526TFD/,0,0,0,0,0,0,0,1,0,0
ENCFF995GGE,/experiments/ENCSR529QVB/,0,0,1,0,0,0,0,1,0,0
ENCFF766HOL,/experiments/ENCSR529QVB/,0,0,1,0,0,0,0,1,0,0
ENCFF711CJJ,/experiments/ENCSR529VRP/,0,0,1,0,0,0,0,0,0,0
ENCFF067TXE,/experiments/ENCSR529VRP/,0,0,1,0,0,0,0,0,0,0
ENCFF987LMR,/experiments/ENCSR529VRP/,0,0,1,0,0,0,0,0,0,0
ENCFF941TSD,/experiments/ENCSR529VRP/,0,0,1,0,0,0,0,0,0,0
ENCFF591KYZ,/experiments/ENCSR531AYV/,0,1,0,0,0,0,0,0,0,1
ENCFF932HYQ,/experiments/ENCSR531HPD/,0,0,0,1,1,0,0,0,1,0
ENCFF566QXH,/experiments/ENCSR531HPD/,0,0,0,1,1,0,0,0,1,0
ENCFF055DMG,/experiments/ENCSR531HPD/,0,0,0,1,1,0,0,0,1,0
ENCFF929JRC,/experiments/ENCSR531UVE/,1,0,1,0,0,0,0,0,0,0
ENCFF970SKT,/experiments/ENCSR531UVE/,1,0,1,0,0,0,0,0,0,0
ENCFF962HUB,/experiments/ENCSR532CRI/,0,0,0,0,0,0,0,0,0,0
ENCFF257XLK,/experiments/ENCSR532CRI/,0,0,0,0,0,0,0,0,0,0
ENCFF812KWI,/experiments/ENCSR532CRI/,0,0,0,0,0,0,0,0,0,0
ENCFF310IUW,/experiments/ENCSR532CRI/,0,0,0,0,0,0,0,0,0,0
ENCFF598FGB,/experiments/ENCSR532CRI/,0,0,0,0,0,0,0,0,0,0
ENCFF691CVP,/experiments/ENCSR532CRI/,0,0,0,0,0,0,0,0,0,0
ENCFF409NYE,/experiments/ENCSR532CRI/,0,0,0,0,0,0,0,0,0,0
ENCFF840QPG,/experiments/ENCSR532CRI/,0,0,0,0,0,0,0,0,0,0
ENCFF769YHR,/experiments/ENCSR532DBH/,0,0,0,0,0,0,1,0,0,1
ENCFF362DGF,/experiments/ENCSR532DBH/,0,0,0,0,0,0,1,0,0,1
ENCFF398UZU,/experiments/ENCSR532DBH/,0,0,0,0,0,0,1,0,0,1
ENCFF459UJR,/experiments/ENCSR533VAF/,0,1,0,0,0,0,0,0,1,0
ENCFF220OBT,/experiments/ENCSR533VAF/,0,1,0,0,0,0,0,0,1,0
ENCFF548JKO,/experiments/ENCSR534OJE/,0,0,0,0,0,0,0,0,0,1
ENCFF025ISC,/experiments/ENCSR534RXN/,1,1,0,0,0,0,0,0,0,0
ENCFF521HDY,/experiments/ENCSR534RXN/,1,1,0,0,0,0,0,0,0,0
ENCFF104BQD,/experiments/ENCSR536FZI/,0,0,0,0,1,0,1,0,0,0
ENCFF307CCJ,/experiments/ENCSR536FZI/,0,0,0,0,1,0,1,0,0,0
ENCFF134NGQ,/experiments/ENCSR536FZI/,0,0,0,0,1,0,1,0,0,0
ENCFF507LRQ,/experiments/ENCSR536FZI/,0,0,0,0,1,0,1,0,0,0
ENCFF654UIT,/experiments/ENCSR536NGW/,0,0,1,1,0,0,0,0,0,1
ENCFF331IYI,/experiments/ENCSR536NGW/,0,0,1,1,0,0,0,0,0,1
ENCFF503DGQ,/experiments/ENCSR536NGW/,0,0,1,1,0,0,0,0,0,1
ENCFF876RMR,/experiments/ENCSR536VAY/,0,0,1,0,1,0,0,0,0,0
ENCFF277RVV,/experiments/ENCSR537BGX/,0,0,0,0,0,0,0,0,0,0
ENCFF660UIN,/experiments/ENCSR537BGX/,0,0,0,0,0,0,0,0,0,0
ENCFF085FKN,/experiments/ENCSR537TXP/,0,1,0,0,0,0,0,0,0,0
ENCFF496QRF,/experiments/ENCSR537TXP/,0,1,0,0,0,0,0,0,0,0
ENCFF908YIX,/experiments/ENCSR538SKV/,0,0,0,0,0,0,0,0,0,0
ENCFF762XXQ,/experiments/ENCSR538SKV/,0,0,0,0,0,0,0,0,0,0
ENCFF284WCO,/experiments/ENCSR539WBA/,0,0,0,0,0,0,0,0,0,0
ENCFF959SPF,/experiments/ENCSR539WBA/,0,0,0,0,0,0,0,0,0,0
ENCFF509QMW,/experiments/ENCSR539WBA/,0,0,0,0,0,0,0,0,0,0
ENCFF892SRC,/experiments/ENCSR540PVZ/,1,0,0,0,0,0,0,0,1,0
ENCFF889RBT,/experiments/ENCSR540PVZ/,1,0,0,0,0,0,0,0,1,0
ENCFF530YSE,/experiments/ENCSR540PVZ/,1,0,0,0,0,0,0,0,1,0
ENCFF405GWK,/experiments/ENCSR540VTN/,1,0,0,0,0,0,0,0,0,0
ENCFF217UQG,/experiments/ENCSR541AVF/,1,0,0,0,1,0,0,0,0,0
ENCFF801XBO,/experiments/ENCSR541AVF/,1,0,0,0,1,0,0,0,0,0
ENCFF127FGJ,/experiments/ENCSR541IET/,0,1,0,0,0,0,0,0,0,1
ENCFF709UPL,/experiments/ENCSR541IET/,0,1,0,0,0,0,0,0,0,1
ENCFF851FRU,/experiments/ENCSR541IET/,0,1,0,0,0,0,0,0,0,1
ENCFF876WDQ,/experiments/ENCSR541IET/,0,1,0,0,0,0,0,0,0,1
ENCFF830BVJ,/experiments/ENCSR541JMK/,0,0,0,0,0,0,1,0,0,0
ENCFF031XLZ,/experiments/ENCSR541JMK/,0,0,0,0,0,0,1,0,0,0
ENCFF586PVW,/experiments/ENCSR541MWB/,0,0,0,1,0,0,1,0,0,1
ENCFF248GZE,/experiments/ENCSR541MWB/,0,0,0,1,0,0,1,0,0,1
ENCFF821OIK,/experiments/ENCSR541MWB/,0,0,0,1,0,0,1,0,0,1
ENCFF348XFN,/experiments/ENCSR541MWB/,0,0,0,1,0,0,1,0,0,1
ENCFF885ITC,/experiments/ENCSR541MWB/,0,0,0,1,0,0,1,0,0,1
ENCFF462LAV,/experiments/ENCSR541PUY/,1,0,0,0,0,0,1,0,0,0
ENCFF689BVC,/experiments/ENCSR541PUY/,1,0,0,0,0,0,1,0,0,0
ENCFF212KRE,/experiments/ENCSR541RQH/,0,0,0,0,0,1,0,0,0,1
ENCFF736YBA,/experiments/ENCSR541RQH/,0,0,0,0,0,1,0,0,0,1
ENCFF821ZOO,/experiments/ENCSR541RQH/,0,0,0,0,0,1,0,0,0,1
ENCFF496OMB,/experiments/ENCSR541UPY/,1,0,1,0,1,0,0,1,0,0
ENCFF901HTM,/experiments/ENCSR541UPY/,1,0,1,0,1,0,0,1,0,0
ENCFF284FZH,/experiments/ENCSR541UPY/,1,0,1,0,1,0,0,1,0,0
ENCFF180CPH,/experiments/ENCSR541ZOU/,1,0,0,0,0,1,0,0,0,0
ENCFF550TOC,/experiments/ENCSR542GKI/,0,0,0,0,0,0,0,0,0,0
ENCFF251JWH,/experiments/ENCSR542UWN/,0,0,1,0,0,1,0,0,0,0
ENCFF801HBW,/experiments/ENCSR542UWN/,0,0,1,0,0,1,0,0,0,0
ENCFF692TOW,/experiments/ENCSR542UWN/,0,0,1,0,0,1,0,0,0,0
ENCFF964IXS,/experiments/ENCSR542UWN/,0,0,1,0,0,1,0,0,0,0
ENCFF961PCW,/experiments/ENCSR542UWN/,0,0,1,0,0,1,0,0,0,0
ENCFF929AON,/experiments/ENCSR542UWN/,0,0,1,0,0,1,0,0,0,0
ENCFF681WRD,/experiments/ENCSR543WNA/,1,0,0,0,0,0,1,1,0,0
ENCFF945VCS,/experiments/ENCSR543YPH/,0,0,0,1,0,0,1,0,1,1
ENCFF375NVM,/experiments/ENCSR543YPH/,0,0,0,1,0,0,1,0,1,1
ENCFF248QPB,/experiments/ENCSR544KDB/,0,0,0,0,0,1,0,0,0,0
ENCFF368AUD,/experiments/ENCSR544KDB/,0,0,0,0,0,1,0,0,0,0
ENCFF319JGP,/experiments/ENCSR544UYQ/,0,0,0,0,1,1,0,0,0,0
ENCFF715DJJ,/experiments/ENCSR544UYQ/,0,0,0,0,1,1,0,0,0,0
ENCFF677PRD,/experiments/ENCSR544UYQ/,0,0,0,0,1,1,0,0,0,0
ENCFF161WAW,/experiments/ENCSR544UYQ/,0,0,0,0,1,1,0,0,0,0
ENCFF681RKK,/experiments/ENCSR545ADK/,0,0,0,0,0,0,0,0,0,0
ENCFF523CMA,/experiments/ENCSR545ADK/,0,0,0,0,0,0,0,0,0,0
ENCFF831WPJ,/experiments/ENCSR545ADK/,0,0,0,0,0,0,0,0,0,0
ENCFF320AAM,/experiments/ENCSR545KQR/,1,0,0,0,0,0,0,0,0,0
ENCFF040KRW,/experiments/ENCSR545KQR/,1,0,0,0,0,0,0,0,0,0
ENCFF821SXH,/experiments/ENCSR546FUC/,0,0,0,1,0,0,0,0,0,1
ENCFF513JFC,/experiments/ENCSR546FUC/,0,0,0,1,0,0,0,0,0,1
ENCFF208EFQ,/experiments/ENCSR548KXH/,0,1,0,0,0,0,0,0,1,0
ENCFF487PJH,/experiments/ENCSR548MMD/,0,0,1,0,0,1,0,0,0,0
ENCFF941JZT,/experiments/ENCSR548MMD/,0,0,1,0,0,1,0,0,0,0
ENCFF430ACM,/experiments/ENCSR548MMD/,0,0,1,0,0,1,0,0,0,0
ENCFF463JZY,/experiments/ENCSR548MMD/,0,0,1,0,0,1,0,0,0,0
ENCFF663GVZ,/experiments/ENCSR548MMD/,0,0,1,0,0,1,0,0,0,0
ENCFF147LVA,/experiments/ENCSR548MMD/,0,0,1,0,0,1,0,0,0,0
ENCFF684GPA,/experiments/ENCSR548MMD/,0,0,1,0,0,1,0,0,0,0
ENCFF584IML,/experiments/ENCSR548MMD/,0,0,1,0,0,1,0,0,0,0
ENCFF494FOB,/experiments/ENCSR548MMD/,0,0,1,0,0,1,0,0,0,0
ENCFF909ZLQ,/experiments/ENCSR549NRK/,0,0,0,0,0,0,0,0,0,0
ENCFF901MDT,/experiments/ENCSR549NRK/,0,0,0,0,0,0,0,0,0,0
ENCFF971PIK,/experiments/ENCSR550UWM/,0,0,1,1,0,1,0,0,0,0
ENCFF289UKR,/experiments/ENCSR550UWM/,0,0,1,1,0,1,0,0,0,0
ENCFF553VIY,/experiments/ENCSR550UWM/,0,0,1,1,0,1,0,0,0,0
ENCFF697SCS,/experiments/ENCSR550UWM/,0,0,1,1,0,1,0,0,0,0
ENCFF950AOY,/experiments/ENCSR551FWJ/,0,0,1,1,1,0,0,0,0,0
ENCFF975ABO,/experiments/ENCSR551FWJ/,0,0,1,1,1,0,0,0,0,0
ENCFF323VPU,/experiments/ENCSR551FWJ/,0,0,1,1,1,0,0,0,0,0
ENCFF792RVZ,/experiments/ENCSR551FWJ/,0,0,1,1,1,0,0,0,0,0
ENCFF594EVD,/experiments/ENCSR551LAH/,0,0,1,0,1,0,0,0,1,1
ENCFF903EPD,/experiments/ENCSR551ZTT/,0,0,0,0,0,0,1,0,1,0
ENCFF274FVU,/experiments/ENCSR551ZTT/,0,0,0,0,0,0,1,0,1,0
ENCFF109CVL,/experiments/ENCSR552BOB/,0,0,0,0,0,0,0,1,0,0
ENCFF923FBI,/experiments/ENCSR552BOB/,0,0,0,0,0,0,0,1,0,0
ENCFF869KJB,/experiments/ENCSR552BOB/,0,0,0,0,0,0,0,1,0,0
ENCFF461NEQ,/experiments/ENCSR552BOB/,0,0,0,0,0,0,0,1,0,0
ENCFF637MHZ,/experiments/ENCSR552RKI/,0,0,1,0,0,0,1,0,0,0
ENCFF189UWJ,/experiments/ENCSR552RKI/,0,0,1,0,0,0,1,0,0,0
ENCFF834CJC,/experiments/ENCSR552RKI/,0,0,1,0,0,0,1,0,0,0
ENCFF640IFZ,/experiments/ENCSR552RKI/,0,0,1,0,0,0,1,0,0,0
ENCFF736UVU,/experiments/ENCSR552TPH/,0,0,1,0,0,0,0,1,0,0
ENCFF631LKI,/experiments/ENCSR552XJI/,0,1,0,0,0,0,0,0,0,0
ENCFF607EAZ,/experiments/ENCSR552XJI/,0,1,0,0,0,0,0,0,0,0
ENCFF205EJU,/experiments/ENCSR553WJB/,0,0,1,1,0,0,0,0,0,0
ENCFF431ZDV,/experiments/ENCSR553WJB/,0,0,1,1,0,0,0,0,0,0
ENCFF051KGT,/experiments/ENCSR554WUJ/,0,0,1,1,1,0,0,0,0,1
ENCFF455PKR,/experiments/ENCSR554WUJ/,0,0,1,1,1,0,0,0,0,1
ENCFF683ODM,/experiments/ENCSR554WUJ/,0,0,1,1,1,0,0,0,0,1
ENCFF724ZYG,/experiments/ENCSR554WUJ/,0,0,1,1,1,0,0,0,0,1
ENCFF740XPA,/experiments/ENCSR554WUJ/,0,0,1,1,1,0,0,0,0,1
ENCFF177KKW,/experiments/ENCSR554WUJ/,0,0,1,1,1,0,0,0,0,1
ENCFF948ITI,/experiments/ENCSR555DLG/,0,0,0,0,0,1,0,0,1,0
ENCFF057GJU,/experiments/ENCSR555DLG/,0,0,0,0,0,1,0,0,1,0
ENCFF934MIQ,/experiments/ENCSR555TFE/,0,0,1,0,0,0,0,0,0,0
ENCFF520IRK,/experiments/ENCSR555TFE/,0,0,1,0,0,0,0,0,0,0
ENCFF239ZYQ,/experiments/ENCSR555TFE/,0,0,1,0,0,0,0,0,0,0
ENCFF904EEO,/experiments/ENCSR555TFE/,0,0,1,0,0,0,0,0,0,0
ENCFF364VZD,/experiments/ENCSR555TFE/,0,0,1,0,0,0,0,0,0,0
ENCFF229SJJ,/experiments/ENCSR556ARS/,0,0,0,0,0,0,1,0,0,0
ENCFF974FKI,/experiments/ENCSR558SUT/,1,1,0,0,0,0,0,0,0,1
ENCFF059ZYC,/experiments/ENCSR558SUT/,1,1,0,0,0,0,0,0,0,1
ENCFF635SJC,/experiments/ENCSR559CFZ/,1,0,0,0,1,0,0,0,0,0
ENCFF979JPF,/experiments/ENCSR559CFZ/,1,0,0,0,1,0,0,0,0,0
ENCFF989YIX,/experiments/ENCSR559QCM/,0,0,0,0,1,0,0,1,0,0
ENCFF427FID,/experiments/ENCSR559QCM/,0,0,0,0,1,0,0,1,0,0
ENCFF002DXE,/experiments/ENCSR559WMK/,1,1,0,0,0,0,0,0,0,0
ENCFF002DXH,/experiments/ENCSR559WMK/,1,1,0,0,0,0,0,0,0,0
ENCFF002DXF,/experiments/ENCSR559WMK/,1,1,0,0,0,0,0,0,0,0
ENCFF060RGY,/experiments/ENCSR560MXA/,0,0,0,0,0,0,1,0,0,0
ENCFF304CDE,/experiments/ENCSR560UTV/,0,1,0,1,0,0,0,0,0,0
ENCFF935WUZ,/experiments/ENCSR560UTV/,0,1,0,1,0,0,0,0,0,0
ENCFF519PBA,/experiments/ENCSR561FZE/,0,0,0,0,0,0,0,0,0,0
ENCFF498NPP,/experiments/ENCSR561FZE/,0,0,0,0,0,0,0,0,0,0
ENCFF441MJA,/experiments/ENCSR561ZLY/,0,1,0,0,0,0,0,0,0,0
ENCFF788FGB,/experiments/ENCSR562ACY/,0,0,1,0,0,1,0,0,1,0
ENCFF678VTO,/experiments/ENCSR562ACY/,0,0,1,0,0,1,0,0,1,0
ENCFF331CWM,/experiments/ENCSR562ACY/,0,0,1,0,0,1,0,0,1,0
ENCFF969OHB,/experiments/ENCSR562ACY/,0,0,1,0,0,1,0,0,1,0
ENCFF196NIH,/experiments/ENCSR562ACY/,0,0,1,0,0,1,0,0,1,0
ENCFF727HFJ,/experiments/ENCSR562FNN/,0,0,0,0,1,0,0,0,0,0
ENCFF263VXS,/experiments/ENCSR563CZB/,1,0,0,0,1,0,1,1,0,0
ENCFF690OQN,/experiments/ENCSR563CZB/,1,0,0,0,1,0,1,1,0,0
ENCFF852PEM,/experiments/ENCSR563CZB/,1,0,0,0,1,0,1,1,0,0
ENCFF796SSC,/experiments/ENCSR563HBG/,0,1,0,0,1,0,0,0,0,1
ENCFF090CJB,/experiments/ENCSR563HBG/,0,1,0,0,1,0,0,0,0,1
ENCFF653XPD,/experiments/ENCSR563XRP/,1,0,0,0,0,0,1,0,0,1
ENCFF740ARY,/experiments/ENCSR564FZH/,0,0,1,0,0,0,0,1,0,1
ENCFF899DOT,/experiments/ENCSR564FZH/,0,0,1,0,0,0,0,1,0,1
ENCFF521VPL,/experiments/ENCSR564FZH/,0,0,1,0,0,0,0,1,0,1
ENCFF044OML,/experiments/ENCSR564JUY/,1,0,1,0,0,1,0,0,0,1
ENCFF002NUK,/experiments/ENCSR564JUY/,1,0,1,0,0,1,0,0,0,1
ENCFF044SMK,/experiments/ENCSR564JUY/,1,0,1,0,0,1,0,0,0,1
ENCFF187SJT,/experiments/ENCSR564JUY/,1,0,1,0,0,1,0,0,0,1
ENCFF054CMZ,/experiments/ENCSR564JUY/,1,0,1,0,0,1,0,0,0,1
ENCFF076GIM,/experiments/ENCSR564JUY/,1,0,1,0,0,1,0,0,0,1
ENCFF306MQP,/experiments/ENCSR564TUY/,0,0,0,0,0,0,1,0,0,1
ENCFF880ECR,/experiments/ENCSR564TUY/,0,0,0,0,0,0,1,0,0,1
ENCFF275TIX,/experiments/ENCSR564TUY/,0,0,0,0,0,0,1,0,0,1
ENCFF761ADJ,/experiments/ENCSR564XXO/,1,0,0,1,0,0,0,0,0,0
ENCFF244ETI,/experiments/ENCSR564XXO/,1,0,0,1,0,0,0,0,0,0
ENCFF534JUF,/experiments/ENCSR564XXO/,1,0,0,1,0,0,0,0,0,0
ENCFF735QYI,/experiments/ENCSR565EBN/,0,0,1,0,0,0,1,0,0,0
ENCFF170UYK,/experiments/ENCSR565EBN/,0,0,1,0,0,0,1,0,0,0
ENCFF295IPV,/experiments/ENCSR565RQI/,0,0,0,0,0,1,0,0,0,0
ENCFF524DRD,/experiments/ENCSR565WPR/,0,0,0,0,0,0,0,0,0,0
ENCFF602YZQ,/experiments/ENCSR565WPR/,0,0,0,0,0,0,0,0,0,0
ENCFF142XUG,/experiments/ENCSR565WPR/,0,0,0,0,0,0,0,0,0,0
ENCFF344LRA,/experiments/ENCSR565WPR/,0,0,0,0,0,0,0,0,0,0
ENCFF825VEF,/experiments/ENCSR566HLQ/,0,0,0,0,0,0,0,0,0,1
ENCFF050NKY,/experiments/ENCSR566VAK/,0,1,0,0,0,0,0,0,0,1
ENCFF881NZX,/experiments/ENCSR566VAK/,0,1,0,0,0,0,0,0,0,1
ENCFF974EPX,/experiments/ENCSR566VOB/,0,0,0,0,0,0,0,0,0,0
ENCFF846RNC,/experiments/ENCSR566VOB/,0,0,0,0,0,0,0,0,0,0
ENCFF229ZNW,/experiments/ENCSR566VOB/,0,0,0,0,0,0,0,0,0,0
ENCFF777VKY,/experiments/ENCSR566VOB/,0,0,0,0,0,0,0,0,0,0
ENCFF927QNI,/experiments/ENCSR566XSD/,1,0,0,0,0,0,0,0,0,0
ENCFF823IKK,/experiments/ENCSR566XSD/,1,0,0,0,0,0,0,0,0,0
ENCFF035QUB,/experiments/ENCSR567EEO/,0,0,1,0,1,0,0,0,0,0
ENCFF819SAR,/experiments/ENCSR567EEO/,0,0,1,0,1,0,0,0,0,0
ENCFF314IMV,/experiments/ENCSR567IWT/,1,0,0,0,0,0,0,1,0,0
ENCFF133PUB,/experiments/ENCSR567IWT/,1,0,0,0,0,0,0,1,0,0
ENCFF965NBZ,/experiments/ENCSR569ATD/,0,0,0,0,0,0,0,1,0,0
ENCFF867KZW,/experiments/ENCSR569ATD/,0,0,0,0,0,0,0,1,0,0
ENCFF405FVS,/experiments/ENCSR570BWW/,0,0,0,0,0,0,1,1,0,0
ENCFF599SEN,/experiments/ENCSR570BWW/,0,0,0,0,0,0,1,1,0,0
ENCFF710GWD,/experiments/ENCSR570BWW/,0,0,0,0,0,0,1,1,0,0
ENCFF652XGA,/experiments/ENCSR571CJM/,1,1,0,0,1,0,0,0,0,0
ENCFF559WLE,/experiments/ENCSR571CJM/,1,1,0,0,1,0,0,0,0,0
ENCFF750XSU,/experiments/ENCSR571UMX/,1,0,1,0,0,0,0,1,0,0
ENCFF927FQK,/experiments/ENCSR571UMX/,1,0,1,0,0,0,0,1,0,0
ENCFF404SSD,/experiments/ENCSR571UMX/,1,0,1,0,0,0,0,1,0,0
ENCFF143RBX,/experiments/ENCSR571UMX/,1,0,1,0,0,0,0,1,0,0
ENCFF888MBZ,/experiments/ENCSR572FSS/,0,0,0,0,0,0,0,0,1,0
ENCFF841SSA,/experiments/ENCSR572HUG/,0,0,0,0,0,0,1,0,0,0
ENCFF923FYC,/experiments/ENCSR572HUG/,0,0,0,0,0,0,1,0,0,0
ENCFF215PUL,/experiments/ENCSR572LDG/,0,0,0,1,0,0,1,0,0,0
ENCFF898VOB,/experiments/ENCSR572LDG/,0,0,0,1,0,0,1,0,0,0
ENCFF264PKT,/experiments/ENCSR572LDG/,0,0,0,1,0,0,1,0,0,0
ENCFF974VPE,/experiments/ENCSR572LDG/,0,0,0,1,0,0,1,0,0,0
ENCFF594GWU,/experiments/ENCSR572LDG/,0,0,0,1,0,0,1,0,0,0
ENCFF642MRK,/experiments/ENCSR573LKK/,0,0,1,0,0,0,0,0,1,0
ENCFF577ACS,/experiments/ENCSR573LKK/,0,0,1,0,0,0,0,0,1,0
ENCFF762POC,/experiments/ENCSR573LKK/,0,0,1,0,0,0,0,0,1,0
ENCFF599JWJ,/experiments/ENCSR573LKK/,0,0,1,0,0,0,0,0,1,0
ENCFF258FPM,/experiments/ENCSR573LKK/,0,0,1,0,0,0,0,0,1,0
ENCFF200HCL,/experiments/ENCSR573LKK/,0,0,1,0,0,0,0,0,1,0
ENCFF874JUP,/experiments/ENCSR575VMI/,0,0,1,0,0,0,0,0,1,0
ENCFF194NKC,/experiments/ENCSR575VMI/,0,0,1,0,0,0,0,0,1,0
ENCFF498RZA,/experiments/ENCSR575VMI/,0,0,1,0,0,0,0,0,1,0
ENCFF523GES,/experiments/ENCSR575VMI/,0,0,1,0,0,0,0,0,1,0
ENCFF576BVB,/experiments/ENCSR575VMI/,0,0,1,0,0,0,0,0,1,0
ENCFF085BKQ,/experiments/ENCSR575VMI/,0,0,1,0,0,0,0,0,1,0
ENCFF380GTI,/experiments/ENCSR575YLW/,0,1,0,0,1,0,0,1,0,0
ENCFF608ONN,/experiments/ENCSR575YLW/,0,1,0,0,1,0,0,1,0,0
ENCFF721QFD,/experiments/ENCSR575YLW/,0,1,0,0,1,0,0,1,0,0
ENCFF579BLG,/experiments/ENCSR575YLW/,0,1,0,0,1,0,0,1,0,0
ENCFF750VGY,/experiments/ENCSR576UAF/,0,0,0,0,0,1,0,0,0,0
ENCFF256KLO,/experiments/ENCSR576UAF/,0,0,0,0,0,1,0,0,0,0
ENCFF542WVP,/experiments/ENCSR577QZP/,1,0,0,0,1,0,0,0,1,0
ENCFF499QRX,/experiments/ENCSR577QZP/,1,0,0,0,1,0,0,0,1,0
ENCFF473DRQ,/experiments/ENCSR577QZP/,1,0,0,0,1,0,0,0,1,0
ENCFF911ENH,/experiments/ENCSR579BNV/,0,0,0,0,0,0,1,0,0,1
ENCFF109IFT,/experiments/ENCSR579BNV/,0,0,0,0,0,0,1,0,0,1
ENCFF781NZZ,/experiments/ENCSR579BNV/,0,0,0,0,0,0,1,0,0,1
ENCFF435FIG,/experiments/ENCSR579BNV/,0,0,0,0,0,0,1,0,0,1
ENCFF009GQQ,/experiments/ENCSR579DBA/,0,0,0,0,1,0,0,0,0,1
ENCFF229KKO,/experiments/ENCSR579KDC/,1,0,0,0,0,0,0,0,0,0
ENCFF237ZOA,/experiments/ENCSR579KDC/,1,0,0,0,0,0,0,0,0,0
ENCFF059YXA,/experiments/ENCSR579RVI/,1,0,0,0,0,0,1,1,0,0
ENCFF539AMI,/experiments/ENCSR579RVI/,1,0,0,0,0,0,1,1,0,0
ENCFF045ZNO,/experiments/ENCSR580OAH/,1,0,0,0,0,0,1,0,0,0
ENCFF785AHD,/experiments/ENCSR580OAH/,1,0,0,0,0,0,1,0,0,0
ENCFF728KGJ,/experiments/ENCSR581LHW/,0,0,0,0,1,0,0,0,0,0
ENCFF820EQP,/experiments/ENCSR581LHW/,0,0,0,0,1,0,0,0,0,0
ENCFF417RES,/experiments/ENCSR581RSO/,0,0,0,0,1,1,0,0,0,0
ENCFF674EXM,/experiments/ENCSR581XCY/,0,0,0,0,1,0,0,0,0,1
ENCFF503QTW,/experiments/ENCSR581XCY/,0,0,0,0,1,0,0,0,0,1
ENCFF722UJE,/experiments/ENCSR581XCY/,0,0,0,0,1,0,0,0,0,1
ENCFF011WOK,/experiments/ENCSR581XCY/,0,0,0,0,1,0,0,0,0,1
ENCFF133KLY,/experiments/ENCSR581ZXI/,0,0,0,0,0,0,0,0,0,1
ENCFF937FKA,/experiments/ENCSR581ZXI/,0,0,0,0,0,0,0,0,0,1
ENCFF274BYL,/experiments/ENCSR581ZXI/,0,0,0,0,0,0,0,0,0,1
ENCFF815TPF,/experiments/ENCSR581ZXI/,0,0,0,0,0,0,0,0,0,1
ENCFF002DWC,/experiments/ENCSR582IPV/,0,0,1,0,0,0,0,0,0,1
ENCFF002DVZ,/experiments/ENCSR582IPV/,0,0,1,0,0,0,0,0,0,1
ENCFF002DXI,/experiments/ENCSR582IPV/,0,0,1,0,0,0,0,0,0,1
ENCFF002DXN,/experiments/ENCSR582IPV/,0,0,1,0,0,0,0,0,0,1
ENCFF002DWA,/experiments/ENCSR582IPV/,0,0,1,0,0,0,0,0,0,1
ENCFF002DXL,/experiments/ENCSR582IPV/,0,0,1,0,0,0,0,0,0,1
ENCFF475PVN,/experiments/ENCSR582MYC/,0,0,1,0,0,1,0,0,0,1
ENCFF675BGZ,/experiments/ENCSR582MYC/,0,0,1,0,0,1,0,0,0,1
ENCFF436ORS,/experiments/ENCSR582QEW/,1,0,0,0,0,0,1,0,0,0
ENCFF002DXP,/experiments/ENCSR584LUZ/,1,0,0,0,0,0,0,0,1,0
ENCFF002DXR,/experiments/ENCSR584LUZ/,1,0,0,0,0,0,0,0,1,0
ENCFF467CIE,/experiments/ENCSR585CGU/,0,0,0,0,0,1,0,0,0,1
ENCFF713VWJ,/experiments/ENCSR585CGU/,0,0,0,0,0,1,0,0,0,1
ENCFF581VLA,/experiments/ENCSR585JUM/,0,0,0,0,0,0,0,0,0,0
ENCFF997HLQ,/experiments/ENCSR585JUM/,0,0,0,0,0,0,0,0,0,0
ENCFF495BKW,/experiments/ENCSR585JUM/,0,0,0,0,0,0,0,0,0,0
ENCFF644LWE,/experiments/ENCSR585JUM/,0,0,0,0,0,0,0,0,0,0
ENCFF072CLA,/experiments/ENCSR585JUM/,0,0,0,0,0,0,0,0,0,0
ENCFF506LZL,/experiments/ENCSR587HPR/,1,0,1,0,1,1,0,0,1,0
ENCFF445ETU,/experiments/ENCSR587HPR/,1,0,1,0,1,1,0,0,1,0
ENCFF663JQK,/experiments/ENCSR587SZC/,1,0,0,0,1,0,0,0,0,0
ENCFF666QZB,/experiments/ENCSR587SZC/,1,0,0,0,1,0,0,0,0,0
ENCFF711KKQ,/experiments/ENCSR588JXI/,1,0,0,0,0,1,0,0,0,0
ENCFF159XPF,/experiments/ENCSR588JXI/,1,0,0,0,0,1,0,0,0,0
ENCFF043DYQ,/experiments/ENCSR589HAC/,0,0,0,0,0,0,0,0,1,0
ENCFF028WPA,/experiments/ENCSR589HAC/,0,0,0,0,0,0,0,0,1,0
ENCFF962TLP,/experiments/ENCSR590EFT/,1,1,0,0,0,0,0,0,1,0
ENCFF362CGJ,/experiments/ENCSR590EFT/,1,1,0,0,0,0,0,0,1,0
ENCFF944REZ,/experiments/ENCSR590EFT/,1,1,0,0,0,0,0,0,1,0
ENCFF870DKC,/experiments/ENCSR591ILA/,0,0,0,0,0,0,0,0,0,1
ENCFF295ZUM,/experiments/ENCSR591ILA/,0,0,0,0,0,0,0,0,0,1
ENCFF200ULF,/experiments/ENCSR592DQC/,1,0,0,0,1,1,0,0,0,1
ENCFF472DNL,/experiments/ENCSR592DQC/,1,0,0,0,1,1,0,0,0,1
ENCFF049WQG,/experiments/ENCSR592DQC/,1,0,0,0,1,1,0,0,0,1
ENCFF783VDV,/experiments/ENCSR593LTJ/,1,1,0,0,1,0,0,0,0,0
ENCFF247QAD,/experiments/ENCSR593LTJ/,1,1,0,0,1,0,0,0,0,0
ENCFF875XQI,/experiments/ENCSR593LTJ/,1,1,0,0,1,0,0,0,0,0
ENCFF102YVT,/experiments/ENCSR593LTJ/,1,1,0,0,1,0,0,0,0,0
ENCFF678CMG,/experiments/ENCSR593LTJ/,1,1,0,0,1,0,0,0,0,0
ENCFF439SQR,/experiments/ENCSR593LTJ/,1,1,0,0,1,0,0,0,0,0
ENCFF700ZLE,/experiments/ENCSR593OUE/,0,1,0,0,0,0,0,0,0,0
ENCFF724YDD,/experiments/ENCSR593OUE/,0,1,0,0,0,0,0,0,0,0
ENCFF476ZAN,/experiments/ENCSR593WXK/,0,0,0,0,0,0,1,0,0,1
ENCFF278ZHC,/experiments/ENCSR593WXK/,0,0,0,0,0,0,1,0,0,1
ENCFF357TAQ,/experiments/ENCSR593WXK/,0,0,0,0,0,0,1,0,0,1
ENCFF522OUV,/experiments/ENCSR593WXK/,0,0,0,0,0,0,1,0,0,1
ENCFF693HAU,/experiments/ENCSR593WXK/,0,0,0,0,0,0,1,0,0,1
ENCFF012OYT,/experiments/ENCSR594HUH/,1,0,0,0,0,0,1,0,1,0
ENCFF731UUN,/experiments/ENCSR594HUH/,1,0,0,0,0,0,1,0,1,0
ENCFF234IKB,/experiments/ENCSR594HUH/,1,0,0,0,0,0,1,0,1,0
ENCFF561EIR,/experiments/ENCSR594HUH/,1,0,0,0,0,0,1,0,1,0
ENCFF435SJE,/experiments/ENCSR594HUH/,1,0,0,0,0,0,1,0,1,0
ENCFF314GSF,/experiments/ENCSR594NOE/,0,0,0,0,0,0,0,0,0,0
ENCFF878GTG,/experiments/ENCSR594NOE/,0,0,0,0,0,0,0,0,0,0
ENCFF832VXC,/experiments/ENCSR594NOE/,0,0,0,0,0,0,0,0,0,0
ENCFF472KXA,/experiments/ENCSR594NOE/,0,0,0,0,0,0,0,0,0,0
ENCFF955QFS,/experiments/ENCSR594NOE/,0,0,0,0,0,0,0,0,0,0
ENCFF505LCP,/experiments/ENCSR594NOE/,0,0,0,0,0,0,0,0,0,0
ENCFF685UYF,/experiments/ENCSR594NOE/,0,0,0,0,0,0,0,0,0,0
ENCFF593MNP,/experiments/ENCSR594NOE/,0,0,0,0,0,0,0,0,0,0
ENCFF708XQL,/experiments/ENCSR594NOE/,0,0,0,0,0,0,0,0,0,0
ENCFF404NLX,/experiments/ENCSR594OWA/,1,0,0,0,1,1,0,1,0,0
ENCFF282WBK,/experiments/ENCSR595CME/,0,0,0,0,0,0,1,0,0,0
ENCFF732LDK,/experiments/ENCSR595CME/,0,0,0,0,0,0,1,0,0,0
ENCFF773HPF,/experiments/ENCSR595CME/,0,0,0,0,0,0,1,0,0,0
ENCFF002DXT,/experiments/ENCSR595CSH/,0,0,0,0,0,0,0,0,1,0
ENCFF002DWF,/experiments/ENCSR595CSH/,0,0,0,0,0,0,0,0,1,0
ENCFF002DWH,/experiments/ENCSR595CSH/,0,0,0,0,0,0,0,0,1,0
ENCFF002DWI,/experiments/ENCSR595CSH/,0,0,0,0,0,0,0,0,1,0
ENCFF002DXU,/experiments/ENCSR595CSH/,0,0,0,0,0,0,0,0,1,0
ENCFF443FAT,/experiments/ENCSR595DQM/,0,1,0,0,0,0,1,0,0,0
ENCFF275CXV,/experiments/ENCSR595DQM/,0,1,0,0,0,0,1,0,0,0
ENCFF985FNS,/experiments/ENCSR595HZQ/,0,1,0,0,0,0,0,0,0,0
ENCFF457ONU,/experiments/ENCSR595HZQ/,0,1,0,0,0,0,0,0,0,0
ENCFF761ZHT,/experiments/ENCSR595THL/,1,0,0,1,1,0,0,0,0,0
ENCFF002SGY,/experiments/ENCSR597NVK/,1,0,0,0,0,0,0,0,1,0
ENCFF296PIU,/experiments/ENCSR597NVK/,1,0,0,0,0,0,0,0,1,0
ENCFF652RZI,/experiments/ENCSR597NVK/,1,0,0,0,0,0,0,0,1,0
ENCFF921WSJ,/experiments/ENCSR597QYA/,0,1,0,0,1,0,0,0,0,0
ENCFF636VAJ,/experiments/ENCSR597QYA/,0,1,0,0,1,0,0,0,0,0
ENCFF456NRY,/experiments/ENCSR597QYA/,0,1,0,0,1,0,0,0,0,0
ENCFF496GFO,/experiments/ENCSR597QYA/,0,1,0,0,1,0,0,0,0,0
ENCFF834OBR,/experiments/ENCSR597UIG/,0,0,0,0,0,0,0,0,0,0
ENCFF763HXU,/experiments/ENCSR597UIG/,0,0,0,0,0,0,0,0,0,0
ENCFF569VXR,/experiments/ENCSR597UIG/,0,0,0,0,0,0,0,0,0,0
ENCFF985EQM,/experiments/ENCSR597URK/,0,0,1,0,0,0,0,0,0,1
ENCFF289HZH,/experiments/ENCSR597URK/,0,0,1,0,0,0,0,0,0,1
ENCFF732TPP,/experiments/ENCSR598RRF/,0,0,1,0,1,1,0,1,0,0
ENCFF183ADG,/experiments/ENCSR598RRF/,0,0,1,0,1,1,0,1,0,0
ENCFF818SLU,/experiments/ENCSR598RVJ/,1,0,0,0,0,0,0,0,0,0
ENCFF664LYZ,/experiments/ENCSR598RVJ/,1,0,0,0,0,0,0,0,0,0
ENCFF534WFK,/experiments/ENCSR599JZA/,1,0,0,0,0,0,0,0,0,0
ENCFF139ZOA,/experiments/ENCSR599JZA/,1,0,0,0,0,0,0,0,0,0
ENCFF715KPH,/experiments/ENCSR599WJC/,1,0,0,0,0,0,0,0,0,0
ENCFF865XMX,/experiments/ENCSR599WJC/,1,0,0,0,0,0,0,0,0,0
ENCFF952UCZ,/experiments/ENCSR599WJC/,1,0,0,0,0,0,0,0,0,0
ENCFF742ZPG,/experiments/ENCSR599WJC/,1,0,0,0,0,0,0,0,0,0
ENCFF062PJD,/experiments/ENCSR600RAA/,1,0,1,0,0,0,0,0,0,0
ENCFF982BSB,/experiments/ENCSR600RAA/,1,0,1,0,0,0,0,0,0,0
ENCFF366AJK,/experiments/ENCSR601CHF/,0,1,0,0,0,0,1,0,0,0
ENCFF350KJX,/experiments/ENCSR601CHF/,0,1,0,0,0,0,1,0,0,0
ENCFF454BXZ,/experiments/ENCSR601CHF/,0,1,0,0,0,0,1,0,0,0
ENCFF091JRO,/experiments/ENCSR601CHF/,0,1,0,0,0,0,1,0,0,0
ENCFF156ERM,/experiments/ENCSR603SOS/,0,0,0,1,0,0,0,1,0,0
ENCFF782TSP,/experiments/ENCSR603SOS/,0,0,0,1,0,0,0,1,0,0
ENCFF668MIM,/experiments/ENCSR604FER/,0,1,0,0,0,0,0,0,0,0
ENCFF161FBQ,/experiments/ENCSR604FER/,0,1,0,0,0,0,0,0,0,0
ENCFF654BUD,/experiments/ENCSR605PMM/,0,1,0,0,0,0,0,0,1,1
ENCFF932AIP,/experiments/ENCSR605PMM/,0,1,0,0,0,0,0,0,1,1
ENCFF485TMW,/experiments/ENCSR605PMM/,0,1,0,0,0,0,0,0,1,1
ENCFF614PVR,/experiments/ENCSR605PMM/,0,1,0,0,0,0,0,0,1,1
ENCFF338UDU,/experiments/ENCSR605PMM/,0,1,0,0,0,0,0,0,1,1
ENCFF854SQY,/experiments/ENCSR605PMM/,0,1,0,0,0,0,0,0,1,1
ENCFF972JYA,/experiments/ENCSR605PMM/,0,1,0,0,0,0,0,0,1,1
ENCFF993OCJ,/experiments/ENCSR605PMM/,0,1,0,0,0,0,0,0,1,1
ENCFF075XTR,/experiments/ENCSR605PMM/,0,1,0,0,0,0,0,0,1,1
ENCFF035KZB,/experiments/ENCSR605SQL/,0,0,1,0,0,0,0,0,1,0
ENCFF662YXT,/experiments/ENCSR606KBX/,0,0,0,1,0,0,0,0,1,1
ENCFF082LPF,/experiments/ENCSR606KBX/,0,0,0,1,0,0,0,0,1,1
ENCFF427GIN,/experiments/ENCSR606KBX/,0,0,0,1,0,0,0,0,1,1
ENCFF915WPK,/experiments/ENCSR606KBX/,0,0,0,1,0,0,0,0,1,1
ENCFF195YXG,/experiments/ENCSR606KBX/,0,0,0,1,0,0,0,0,1,1
ENCFF115ELY,/experiments/ENCSR606QDB/,0,0,1,1,0,0,1,0,1,0
ENCFF219GKO,/experiments/ENCSR606QDB/,0,0,1,1,0,0,1,0,1,0
ENCFF818GWS,/experiments/ENCSR606UAR/,0,0,1,0,0,0,0,0,1,1
ENCFF187MFH,/experiments/ENCSR606UAR/,0,0,1,0,0,0,0,0,1,1
ENCFF606UHL,/experiments/ENCSR607EJV/,0,0,0,0,0,0,0,0,0,0
ENCFF947SKH,/experiments/ENCSR607HIL/,1,0,0,1,0,0,0,1,0,0
ENCFF945DAZ,/experiments/ENCSR607HIL/,1,0,0,1,0,0,0,1,0,0
ENCFF883FMW,/experiments/ENCSR608AHQ/,0,0,0,1,1,0,1,0,1,0
ENCFF088TXE,/experiments/ENCSR608AHQ/,0,0,0,1,1,0,1,0,1,0
ENCFF718MLB,/experiments/ENCSR608AHQ/,0,0,0,1,1,0,1,0,1,0
ENCFF985UXU,/experiments/ENCSR608AHQ/,0,0,0,1,1,0,1,0,1,0
ENCFF135RGN,/experiments/ENCSR608AHQ/,0,0,0,1,1,0,1,0,1,0
ENCFF426THC,/experiments/ENCSR608AHQ/,0,0,0,1,1,0,1,0,1,0
ENCFF491MFA,/experiments/ENCSR608AHQ/,0,0,0,1,1,0,1,0,1,0
ENCFF780HTB,/experiments/ENCSR608AHQ/,0,0,0,1,1,0,1,0,1,0
ENCFF745YPD,/experiments/ENCSR608NWP/,0,0,0,0,0,0,0,1,0,0
ENCFF564HGS,/experiments/ENCSR608NWP/,0,0,0,0,0,0,0,1,0,0
ENCFF405FDO,/experiments/ENCSR609DDQ/,0,0,0,0,0,1,0,0,1,0
ENCFF433CGU,/experiments/ENCSR609DDQ/,0,0,0,0,0,1,0,0,1,0
ENCFF298CZZ,/experiments/ENCSR609SJP/,0,0,0,0,0,0,0,0,1,0
ENCFF660DOV,/experiments/ENCSR609SJP/,0,0,0,0,0,0,0,0,1,0
ENCFF929NUT,/experiments/ENCSR611CEJ/,0,0,0,0,0,0,0,0,0,0
ENCFF900AZQ,/experiments/ENCSR611CEJ/,0,0,0,0,0,0,0,0,0,0
ENCFF559FBB,/experiments/ENCSR611CEJ/,0,0,0,0,0,0,0,0,0,0
ENCFF290PQW,/experiments/ENCSR611CEJ/,0,0,0,0,0,0,0,0,0,0
ENCFF475GWJ,/experiments/ENCSR612CTW/,0,0,1,0,0,0,0,0,0,0
ENCFF149BJO,/experiments/ENCSR612CTW/,0,0,1,0,0,0,0,0,0,0
ENCFF627VOC,/experiments/ENCSR612IKQ/,0,0,0,0,0,1,0,1,0,0
ENCFF476ZIU,/experiments/ENCSR612IKQ/,0,0,0,0,0,1,0,1,0,0
ENCFF646CND,/experiments/ENCSR612IKQ/,0,0,0,0,0,1,0,1,0,0
ENCFF104RAL,/experiments/ENCSR613LJB/,0,0,0,0,0,0,0,1,0,0
ENCFF093IAK,/experiments/ENCSR613LJB/,0,0,0,0,0,0,0,1,0,0
ENCFF404PJS,/experiments/ENCSR614NSH/,0,0,1,0,0,0,0,0,0,1
ENCFF491FSG,/experiments/ENCSR614NSH/,0,0,1,0,0,0,0,0,0,1
ENCFF713FUJ,/experiments/ENCSR615WIN/,0,0,0,0,0,0,0,0,0,1
ENCFF440LEH,/experiments/ENCSR615WIN/,0,0,0,0,0,0,0,0,0,1
ENCFF705KVP,/experiments/ENCSR615WIN/,0,0,0,0,0,0,0,0,0,1
ENCFF889XTL,/experiments/ENCSR615WIN/,0,0,0,0,0,0,0,0,0,1
ENCFF612EBF,/experiments/ENCSR616AEG/,1,1,0,0,1,0,0,0,1,0
ENCFF911IEK,/experiments/ENCSR616AEG/,1,1,0,0,1,0,0,0,1,0
ENCFF629KFD,/experiments/ENCSR617NTY/,0,1,0,0,0,0,0,1,0,0
ENCFF422DDN,/experiments/ENCSR617SVO/,0,1,0,0,0,0,0,1,0,0
ENCFF977UQB,/experiments/ENCSR617SVO/,0,1,0,0,0,0,0,1,0,0
ENCFF079UAX,/experiments/ENCSR618EUZ/,1,1,0,1,1,0,0,0,0,0
ENCFF260NZM,/experiments/ENCSR618EUZ/,1,1,0,1,1,0,0,0,0,0
ENCFF833ETG,/experiments/ENCSR618EUZ/,1,1,0,1,1,0,0,0,0,0
ENCFF603PXR,/experiments/ENCSR618EUZ/,1,1,0,1,1,0,0,0,0,0
ENCFF789NMT,/experiments/ENCSR618HFT/,0,1,0,0,0,0,1,0,0,1
ENCFF361WMO,/experiments/ENCSR619BNL/,0,0,0,0,0,0,0,0,0,0
ENCFF275RLH,/experiments/ENCSR619BNL/,0,0,0,0,0,0,0,0,0,0
ENCFF470SQB,/experiments/ENCSR619BNL/,0,0,0,0,0,0,0,0,0,0
ENCFF127YSW,/experiments/ENCSR619BNL/,0,0,0,0,0,0,0,0,0,0
ENCFF199YHV,/experiments/ENCSR619BNL/,0,0,0,0,0,0,0,0,0,0
ENCFF672ZLY,/experiments/ENCSR619BNL/,0,0,0,0,0,0,0,0,0,0
ENCFF645TCS,/experiments/ENCSR619BNL/,0,0,0,0,0,0,0,0,0,0
ENCFF019IJO,/experiments/ENCSR619BNL/,0,0,0,0,0,0,0,0,0,0
ENCFF553IKK,/experiments/ENCSR619BNL/,0,0,0,0,0,0,0,0,0,0
ENCFF697XMW,/experiments/ENCSR619BNL/,0,0,0,0,0,0,0,0,0,0
ENCFF568EUW,/experiments/ENCSR619DRM/,0,1,0,1,0,0,0,0,0,0
ENCFF287NFY,/experiments/ENCSR619DRM/,0,1,0,1,0,0,0,0,0,0
ENCFF779WIH,/experiments/ENCSR619DRM/,0,1,0,1,0,0,0,0,0,0
ENCFF741ZUN,/experiments/ENCSR620QNS/,0,0,0,0,1,1,0,0,1,0
ENCFF870EOR,/experiments/ENCSR620QNS/,0,0,0,0,1,1,0,0,1,0
ENCFF457EHA,/experiments/ENCSR620QNS/,0,0,0,0,1,1,0,0,1,0
ENCFF131KZH,/experiments/ENCSR620QNS/,0,0,0,0,1,1,0,0,1,0
ENCFF082FNN,/experiments/ENCSR620QNS/,0,0,0,0,1,1,0,0,1,0
ENCFF805FSX,/experiments/ENCSR620QNS/,0,0,0,0,1,1,0,0,1,0
ENCFF002EOL,/experiments/ENCSR620WAR/,0,0,1,1,0,0,0,0,0,1
ENCFF002EON,/experiments/ENCSR620WAR/,0,0,1,1,0,0,0,0,0,1
ENCFF002EOH,/experiments/ENCSR620WAR/,0,0,1,1,0,0,0,0,0,1
ENCFF002EOJ,/experiments/ENCSR620WAR/,0,0,1,1,0,0,0,0,0,1
ENCFF002EOD,/experiments/ENCSR620WAR/,0,0,1,1,0,0,0,0,0,1
ENCFF002ENY,/experiments/ENCSR620WAR/,0,0,1,1,0,0,0,0,0,1
ENCFF002EOF,/experiments/ENCSR620WAR/,0,0,1,1,0,0,0,0,0,1
ENCFF002EOB,/experiments/ENCSR620WAR/,0,0,1,1,0,0,0,0,0,1
ENCFF002ENZ,/experiments/ENCSR620WAR/,0,0,1,1,0,0,0,0,0,1
ENCFF002EOE,/experiments/ENCSR620WAR/,0,0,1,1,0,0,0,0,0,1
ENCFF001ZWO,/experiments/ENCSR621ENC/,1,0,1,0,0,0,0,0,1,1
ENCFF001ZWK,/experiments/ENCSR621ENC/,1,0,1,0,0,0,0,0,1,1
ENCFF001ZWJ,/experiments/ENCSR621ENC/,1,0,1,0,0,0,0,0,1,1
ENCFF001ZWM,/experiments/ENCSR621ENC/,1,0,1,0,0,0,0,0,1,1
ENCFF173RST,/experiments/ENCSR622CAH/,0,0,0,0,0,0,0,0,0,0
ENCFF127LTY,/experiments/ENCSR622HTS/,0,0,0,0,1,0,0,0,0,0
ENCFF354PFI,/experiments/ENCSR622HTS/,0,0,0,0,1,0,0,0,0,0
ENCFF831RGZ,/experiments/ENCSR622TWS/,0,0,0,0,1,0,0,0,0,0
ENCFF264UDE,/experiments/ENCSR622TWS/,0,0,0,0,1,0,0,0,0,0
ENCFF378JFC,/experiments/ENCSR622TWS/,0,0,0,0,1,0,0,0,0,0
ENCFF711KTK,/experiments/ENCSR623PVB/,0,0,1,0,0,0,0,0,0,0
ENCFF007WCD,/experiments/ENCSR625WLB/,0,0,0,0,0,1,0,1,0,0
ENCFF674SOV,/experiments/ENCSR626RVD/,0,1,0,1,0,0,1,0,0,1
ENCFF977EUX,/experiments/ENCSR626RVD/,0,1,0,1,0,0,1,0,0,1
ENCFF447HQG,/experiments/ENCSR626RVD/,0,1,0,1,0,0,1,0,0,1
ENCFF185JDV,/experiments/ENCSR626RVD/,0,1,0,1,0,0,1,0,0,1
ENCFF335WYY,/experiments/ENCSR626RVD/,0,1,0,1,0,0,1,0,0,1
ENCFF634HDQ,/experiments/ENCSR626RVD/,0,1,0,1,0,0,1,0,0,1
ENCFF286LAO,/experiments/ENCSR627KFV/,0,0,1,0,0,0,0,1,0,0
ENCFF626JTB,/experiments/ENCSR627KFV/,0,0,1,0,0,0,0,1,0,0
ENCFF539REZ,/experiments/ENCSR627KFV/,0,0,1,0,0,0,0,1,0,0
ENCFF002DXY,/experiments/ENCSR627NIF/,0,0,0,0,0,0,1,0,0,0
ENCFF197BAR,/experiments/ENCSR627NIF/,0,0,0,0,0,0,1,0,0,0
ENCFF002DXX,/experiments/ENCSR627NIF/,0,0,0,0,0,0,1,0,0,0
ENCFF664GEI,/experiments/ENCSR627NIF/,0,0,0,0,0,0,1,0,0,0
ENCFF002DYA,/experiments/ENCSR627NIF/,0,0,0,0,0,0,1,0,0,0
ENCFF273NGY,/experiments/ENCSR627NIF/,0,0,0,0,0,0,1,0,0,0
ENCFF107UGZ,/experiments/ENCSR627NIF/,0,0,0,0,0,0,1,0,0,0
ENCFF770PZG,/experiments/ENCSR627QIA/,0,0,0,0,0,0,0,0,1,0
ENCFF404IHD,/experiments/ENCSR627UDJ/,1,1,0,1,1,0,0,0,0,0
ENCFF226JMV,/experiments/ENCSR627UDJ/,1,1,0,1,1,0,0,0,0,0
ENCFF768BSB,/experiments/ENCSR628GQE/,0,0,1,0,0,0,1,0,0,0
ENCFF661UJA,/experiments/ENCSR628GQE/,0,0,1,0,0,0,1,0,0,0
ENCFF565NNH,/experiments/ENCSR628IRM/,0,0,0,0,0,1,0,1,0,0
ENCFF736PJE,/experiments/ENCSR628IRM/,0,0,0,0,0,1,0,1,0,0
ENCFF705KGJ,/experiments/ENCSR628NEA/,0,1,0,0,0,0,1,0,0,0
ENCFF345ZJI,/experiments/ENCSR628NEA/,0,1,0,0,0,0,1,0,0,0
ENCFF501RFN,/experiments/ENCSR629TMA/,1,0,1,0,0,1,0,0,1,0
ENCFF696STQ,/experiments/ENCSR629TMA/,1,0,1,0,0,1,0,0,1,0
ENCFF994FEU,/experiments/ENCSR630XDN/,0,0,0,0,0,0,0,0,0,0
ENCFF559OIG,/experiments/ENCSR631XIF/,0,0,1,0,0,0,0,0,0,0
ENCFF128TQS,/experiments/ENCSR631XIF/,0,0,1,0,0,0,0,0,0,0
ENCFF689ONP,/experiments/ENCSR632BLV/,1,1,0,0,0,1,0,0,0,1
ENCFF285AUG,/experiments/ENCSR632BLV/,1,1,0,0,0,1,0,0,0,1
ENCFF779IWX,/experiments/ENCSR632BLV/,1,1,0,0,0,1,0,0,0,1
ENCFF902VKC,/experiments/ENCSR632BLV/,1,1,0,0,0,1,0,0,0,1
ENCFF036XAQ,/experiments/ENCSR632ONQ/,0,0,0,0,0,0,0,0,0,0
ENCFF834MLU,/experiments/ENCSR632ONQ/,0,0,0,0,0,0,0,0,0,0
ENCFF080KAX,/experiments/ENCSR634YVQ/,0,1,0,0,0,1,0,0,1,0
ENCFF333RQJ,/experiments/ENCSR634YVQ/,0,1,0,0,0,1,0,0,1,0
ENCFF171HLE,/experiments/ENCSR634ZDI/,0,1,0,0,0,1,0,0,0,0
ENCFF593LQC,/experiments/ENCSR634ZDI/,0,1,0,0,0,1,0,0,0,0
ENCFF190UGR,/experiments/ENCSR634ZDI/,0,1,0,0,0,1,0,0,0,0
ENCFF853SSD,/experiments/ENCSR634ZDI/,0,1,0,0,0,1,0,0,0,0
ENCFF705QRM,/experiments/ENCSR634ZDI/,0,1,0,0,0,1,0,0,0,0
ENCFF081JFU,/experiments/ENCSR634ZYB/,0,0,0,0,1,0,0,0,1,0
ENCFF216IBV,/experiments/ENCSR635GDW/,0,0,0,0,0,0,0,0,1,1
ENCFF125JSC,/experiments/ENCSR635GDW/,0,0,0,0,0,0,0,0,1,1
ENCFF582XSV,/experiments/ENCSR635QIZ/,0,0,0,0,0,1,0,0,0,0
ENCFF477AGP,/experiments/ENCSR635URJ/,0,0,0,0,0,0,0,1,0,1
ENCFF621RQA,/experiments/ENCSR635VQU/,0,0,0,0,0,0,0,0,1,0
ENCFF515VNX,/experiments/ENCSR635VQU/,0,0,0,0,0,0,0,0,1,0
ENCFF221CYP,/experiments/ENCSR636DIR/,0,0,1,0,0,0,0,0,0,1
ENCFF188BOB,/experiments/ENCSR636DIR/,0,0,1,0,0,0,0,0,0,1
ENCFF969PYZ,/experiments/ENCSR636NXY/,0,0,1,0,0,0,0,0,0,1
ENCFF909IPT,/experiments/ENCSR636NXY/,0,0,1,0,0,0,0,0,0,1
ENCFF592GJX,/experiments/ENCSR636NXY/,0,0,1,0,0,0,0,0,0,1
ENCFF736OEB,/experiments/ENCSR636NXY/,0,0,1,0,0,0,0,0,0,1
ENCFF593IOT,/experiments/ENCSR636NXY/,0,0,1,0,0,0,0,0,0,1
ENCFF993TBF,/experiments/ENCSR636NXY/,0,0,1,0,0,0,0,0,0,1
ENCFF463WDD,/experiments/ENCSR636QXK/,0,0,0,0,0,1,0,0,1,1
ENCFF522ZYG,/experiments/ENCSR636QXK/,0,0,0,0,0,1,0,0,1,1
ENCFF759QBB,/experiments/ENCSR636QXK/,0,0,0,0,0,1,0,0,1,1
ENCFF824HRJ,/experiments/ENCSR637IGL/,0,0,0,0,1,0,0,0,0,0
ENCFF141YAE,/experiments/ENCSR637IGL/,0,0,0,0,1,0,0,0,0,0
ENCFF790KWI,/experiments/ENCSR637IGL/,0,0,0,0,1,0,0,0,0,0
ENCFF740AAL,/experiments/ENCSR637ZLM/,0,0,0,0,0,1,0,0,0,0
ENCFF931JGP,/experiments/ENCSR637ZLM/,0,0,0,0,0,1,0,0,0,0
ENCFF066LJN,/experiments/ENCSR638PZJ/,0,0,1,0,0,0,0,0,0,0
ENCFF986WQW,/experiments/ENCSR638PZJ/,0,0,1,0,0,0,0,0,0,0
ENCFF665CSC,/experiments/ENCSR638QBF/,0,0,0,0,0,0,0,0,0,0
ENCFF714BUS,/experiments/ENCSR638QBF/,0,0,0,0,0,0,0,0,0,0
ENCFF040WOV,/experiments/ENCSR638QBF/,0,0,0,0,0,0,0,0,0,0
ENCFF328ZOR,/experiments/ENCSR638QBF/,0,0,0,0,0,0,0,0,0,0
ENCFF158RQF,/experiments/ENCSR638QBF/,0,0,0,0,0,0,0,0,0,0
ENCFF976PAH,/experiments/ENCSR639CNY/,0,0,0,1,1,0,0,0,0,0
ENCFF495VRK,/experiments/ENCSR639CNY/,0,0,0,1,1,0,0,0,0,0
ENCFF975NVZ,/experiments/ENCSR639CNY/,0,0,0,1,1,0,0,0,0,0
ENCFF427LEV,/experiments/ENCSR639CNY/,0,0,0,1,1,0,0,0,0,0
ENCFF425TII,/experiments/ENCSR639OQQ/,0,0,0,1,1,0,0,0,0,0
ENCFF027NYG,/experiments/ENCSR639OQQ/,0,0,0,1,1,0,0,0,0,0
ENCFF989NBZ,/experiments/ENCSR639OQQ/,0,0,0,1,1,0,0,0,0,0
ENCFF505OBY,/experiments/ENCSR639OQQ/,0,0,0,1,1,0,0,0,0,0
ENCFF733QHX,/experiments/ENCSR639OQQ/,0,0,0,1,1,0,0,0,0,0
ENCFF785KER,/experiments/ENCSR639OQQ/,0,0,0,1,1,0,0,0,0,0
ENCFF098CHK,/experiments/ENCSR639OQQ/,0,0,0,1,1,0,0,0,0,0
ENCFF724DIZ,/experiments/ENCSR639VTO/,0,0,0,0,0,1,0,0,1,0
ENCFF858YLU,/experiments/ENCSR639VTO/,0,0,0,0,0,1,0,0,1,0
ENCFF442AIW,/experiments/ENCSR639VTO/,0,0,0,0,0,1,0,0,1,0
ENCFF962CEA,/experiments/ENCSR639XWF/,0,0,1,0,0,0,0,0,0,1
ENCFF450MOY,/experiments/ENCSR639XWF/,0,0,1,0,0,0,0,0,0,1
ENCFF272YRE,/experiments/ENCSR639ZJI/,0,0,0,0,0,0,0,0,0,0
ENCFF583VXM,/experiments/ENCSR641XZF/,1,0,1,1,0,0,1,0,1,0
ENCFF698AKI,/experiments/ENCSR641XZF/,1,0,1,1,0,0,1,0,1,0
ENCFF254THD,/experiments/ENCSR641XZF/,1,0,1,1,0,0,1,0,1,0
ENCFF520VQY,/experiments/ENCSR641YOC/,0,0,0,0,0,0,1,1,0,0
ENCFF579WCJ,/experiments/ENCSR641YOC/,0,0,0,0,0,0,1,1,0,0
ENCFF801HZF,/experiments/ENCSR641YOC/,0,0,0,0,0,0,1,1,0,0
ENCFF139EAV,/experiments/ENCSR641YOC/,0,0,0,0,0,0,1,1,0,0
ENCFF765CBG,/experiments/ENCSR641YOC/,0,0,0,0,0,0,1,1,0,0
ENCFF618QLC,/experiments/ENCSR641YOC/,0,0,0,0,0,0,1,1,0,0
ENCFF575AXQ,/experiments/ENCSR641ZPF/,0,1,0,0,1,0,1,0,0,0
ENCFF843RMW,/experiments/ENCSR641ZPF/,0,1,0,0,1,0,1,0,0,0
ENCFF949MJX,/experiments/ENCSR641ZPF/,0,1,0,0,1,0,1,0,0,0
ENCFF009RXK,/experiments/ENCSR642BXP/,0,0,1,0,0,0,0,1,0,0
ENCFF566WKD,/experiments/ENCSR642BXP/,0,0,1,0,0,0,0,1,0,0
ENCFF982YNL,/experiments/ENCSR642DZF/,0,0,0,0,1,0,0,0,0,1
ENCFF947ORJ,/experiments/ENCSR643GHI/,0,0,0,0,0,0,1,0,0,1
ENCFF263GAW,/experiments/ENCSR643GHI/,0,0,0,0,0,0,1,0,0,1
ENCFF435LSN,/experiments/ENCSR643ZGR/,0,0,0,1,0,0,0,0,0,0
ENCFF215ZNU,/experiments/ENCSR643ZGR/,0,0,0,1,0,0,0,0,0,0
ENCFF814OVH,/experiments/ENCSR643ZGR/,0,0,0,1,0,0,0,0,0,0
ENCFF694RCJ,/experiments/ENCSR645GJD/,0,0,0,0,0,0,1,0,0,0
ENCFF225KUK,/experiments/ENCSR645GJD/,0,0,0,0,0,0,1,0,0,0
ENCFF333NMB,/experiments/ENCSR645GJD/,0,0,0,0,0,0,1,0,0,0
ENCFF541OGR,/experiments/ENCSR645HET/,1,1,0,0,0,0,0,1,0,0
ENCFF121FOR,/experiments/ENCSR645HET/,1,1,0,0,0,0,0,1,0,0
ENCFF962YVE,/experiments/ENCSR646BJT/,0,0,0,0,1,1,0,0,0,0
ENCFF136TPZ,/experiments/ENCSR646JBR/,0,0,0,0,1,0,0,0,0,0
ENCFF550VIY,/experiments/ENCSR646JBR/,0,0,0,0,1,0,0,0,0,0
ENCFF431JCP,/experiments/ENCSR648GDP/,0,0,0,0,0,1,0,0,0,1
ENCFF361GDN,/experiments/ENCSR648GDP/,0,0,0,0,0,1,0,0,0,1
ENCFF181WWK,/experiments/ENCSR648GDP/,0,0,0,0,0,1,0,0,0,1
ENCFF165CJG,/experiments/ENCSR648GDP/,0,0,0,0,0,1,0,0,0,1
ENCFF603DTZ,/experiments/ENCSR648GZU/,1,0,1,0,0,0,0,0,0,0
ENCFF280MJD,/experiments/ENCSR648GZU/,1,0,1,0,0,0,0,0,0,0
ENCFF592ECT,/experiments/ENCSR648RAX/,1,0,0,1,0,0,1,0,0,0
ENCFF289EVP,/experiments/ENCSR648RAX/,1,0,0,1,0,0,1,0,0,0
ENCFF588YCZ,/experiments/ENCSR648RAX/,1,0,0,1,0,0,1,0,0,0
ENCFF131PMY,/experiments/ENCSR648RAX/,1,0,0,1,0,0,1,0,0,0
ENCFF247HOP,/experiments/ENCSR648RAX/,1,0,0,1,0,0,1,0,0,0
ENCFF476FKP,/experiments/ENCSR649KBB/,0,1,0,0,0,0,1,0,0,0
ENCFF722ANN,/experiments/ENCSR649KBB/,0,1,0,0,0,0,1,0,0,0
ENCFF941LIC,/experiments/ENCSR649KBB/,0,1,0,0,0,0,1,0,0,0
ENCFF971QTK,/experiments/ENCSR649KBB/,0,1,0,0,0,0,1,0,0,0
ENCFF510VCD,/experiments/ENCSR649KBB/,0,1,0,0,0,0,1,0,0,0
ENCFF969IVZ,/experiments/ENCSR649KBB/,0,1,0,0,0,0,1,0,0,0
ENCFF689VMQ,/experiments/ENCSR649KBB/,0,1,0,0,0,0,1,0,0,0
ENCFF418LUV,/experiments/ENCSR649KBB/,0,1,0,0,0,0,1,0,0,0
ENCFF456IBX,/experiments/ENCSR649KBB/,0,1,0,0,0,0,1,0,0,0
ENCFF872SIK,/experiments/ENCSR649KBB/,0,1,0,0,0,0,1,0,0,0
ENCFF193NEG,/experiments/ENCSR649KBB/,0,1,0,0,0,0,1,0,0,0
ENCFF694ONM,/experiments/ENCSR649KBB/,0,1,0,0,0,0,1,0,0,0
ENCFF496CZR,/experiments/ENCSR649MJI/,0,0,0,1,1,0,1,0,1,1
ENCFF502YJB,/experiments/ENCSR649MJI/,0,0,0,1,1,0,1,0,1,1
ENCFF515CUP,/experiments/ENCSR649PJN/,0,1,0,0,0,1,0,0,0,0
ENCFF623MFR,/experiments/ENCSR649PJN/,0,1,0,0,0,1,0,0,0,0
ENCFF893WSA,/experiments/ENCSR649PJN/,0,1,0,0,0,1,0,0,0,0
ENCFF052PXD,/experiments/ENCSR649PJN/,0,1,0,0,0,1,0,0,0,0
ENCFF646OUF,/experiments/ENCSR649XRC/,0,0,0,0,0,0,0,0,0,0
ENCFF681KQG,/experiments/ENCSR650FLQ/,0,1,0,1,0,1,0,0,0,1
ENCFF777HTK,/experiments/ENCSR650FLQ/,0,1,0,1,0,1,0,0,0,1
ENCFF561TTK,/experiments/ENCSR650TZF/,0,0,0,0,0,0,0,0,0,0
ENCFF499GBO,/experiments/ENCSR650TZF/,0,0,0,0,0,0,0,0,0,0
ENCFF820KDZ,/experiments/ENCSR652IZW/,1,0,0,0,0,1,0,0,0,1
ENCFF464YFI,/experiments/ENCSR652IZW/,1,0,0,0,0,1,0,0,0,1
ENCFF361ISO,/experiments/ENCSR653ISV/,1,0,0,0,1,0,1,0,0,0
ENCFF730IZQ,/experiments/ENCSR653ISV/,1,0,0,0,1,0,1,0,0,0
ENCFF099OXB,/experiments/ENCSR653OVF/,0,0,0,1,0,0,0,1,0,0
ENCFF209JDB,/experiments/ENCSR654GSG/,0,1,0,0,0,0,0,0,1,1
ENCFF796EDQ,/experiments/ENCSR654GSG/,0,1,0,0,0,0,0,0,1,1
ENCFF168ETJ,/experiments/ENCSR654LST/,0,0,1,0,1,1,0,0,0,0
ENCFF572YOX,/experiments/ENCSR654LST/,0,0,1,0,1,1,0,0,0,0
ENCFF421AZN,/experiments/ENCSR654WXX/,0,1,0,0,1,0,0,0,0,0
ENCFF641ABP,/experiments/ENCSR655LUX/,0,1,0,0,0,0,1,0,0,1
ENCFF107MLP,/experiments/ENCSR655LUX/,0,1,0,0,0,0,1,0,0,1
ENCFF981TPC,/experiments/ENCSR655LUX/,0,1,0,0,0,0,1,0,0,1
ENCFF641DGZ,/experiments/ENCSR655MEK/,0,0,0,0,0,0,0,0,0,0
ENCFF690JMM,/experiments/ENCSR655MEK/,0,0,0,0,0,0,0,0,0,0
ENCFF460YOK,/experiments/ENCSR655WKX/,0,1,0,0,1,0,0,0,0,1
ENCFF769ETE,/experiments/ENCSR655WKX/,0,1,0,0,1,0,0,0,0,1
ENCFF966DQW,/experiments/ENCSR655WKX/,0,1,0,0,1,0,0,0,0,1
ENCFF237QUK,/experiments/ENCSR655WKX/,0,1,0,0,1,0,0,0,0,1
ENCFF260IMZ,/experiments/ENCSR656KLT/,0,0,0,0,0,0,0,1,0,0
ENCFF091UGO,/experiments/ENCSR656KLT/,0,0,0,0,0,0,0,1,0,0
ENCFF913FFG,/experiments/ENCSR656QYL/,0,0,1,0,0,1,0,0,0,1
ENCFF682YEO,/experiments/ENCSR656QYL/,0,0,1,0,0,1,0,0,0,1
ENCFF454RDB,/experiments/ENCSR656QYL/,0,0,1,0,0,1,0,0,0,1
ENCFF721WKL,/experiments/ENCSR657DFR/,0,0,0,0,0,0,1,1,0,1
ENCFF427QLC,/experiments/ENCSR657DFR/,0,0,0,0,0,0,1,1,0,1
ENCFF565PXL,/experiments/ENCSR657DFR/,0,0,0,0,0,0,1,1,0,1
ENCFF137KIG,/experiments/ENCSR657DFR/,0,0,0,0,0,0,1,1,0,1
ENCFF688LER,/experiments/ENCSR657DFR/,0,0,0,0,0,0,1,1,0,1
ENCFF516SZA,/experiments/ENCSR657DFR/,0,0,0,0,0,0,1,1,0,1
ENCFF447ZPE,/experiments/ENCSR657DFR/,0,0,0,0,0,0,1,1,0,1
ENCFF555SXD,/experiments/ENCSR657WHR/,0,1,0,1,0,0,0,0,1,1
ENCFF275WYX,/experiments/ENCSR657WHR/,0,1,0,1,0,0,0,0,1,1
ENCFF597VVO,/experiments/ENCSR657WHR/,0,1,0,1,0,0,0,0,1,1
ENCFF374NUF,/experiments/ENCSR657WHR/,0,1,0,1,0,0,0,0,1,1
ENCFF680MEF,/experiments/ENCSR658EHM/,0,0,1,0,0,0,1,0,0,0
ENCFF566BTA,/experiments/ENCSR658EHM/,0,0,1,0,0,0,1,0,0,0
ENCFF663WYP,/experiments/ENCSR658NVL/,1,0,0,1,0,0,0,0,1,0
ENCFF055SAI,/experiments/ENCSR658UBE/,0,0,0,0,0,0,0,0,0,0
ENCFF127WGE,/experiments/ENCSR658UBE/,0,0,0,0,0,0,0,0,0,0
ENCFF668YLU,/experiments/ENCSR658UBE/,0,0,0,0,0,0,0,0,0,0
ENCFF489VYL,/experiments/ENCSR659JPP/,1,1,0,1,0,0,1,0,1,1
ENCFF849BEL,/experiments/ENCSR659JPP/,1,1,0,1,0,0,1,0,1,1
ENCFF563DGP,/experiments/ENCSR660FSU/,0,0,0,1,1,1,0,0,0,0
ENCFF726YOC,/experiments/ENCSR660OQE/,1,0,1,0,0,0,0,0,0,0
ENCFF982MRE,/experiments/ENCSR660OQE/,1,0,1,0,0,0,0,0,0,0
ENCFF501SFY,/experiments/ENCSR660OQE/,1,0,1,0,0,0,0,0,0,0
ENCFF153UYT,/experiments/ENCSR660OQE/,1,0,1,0,0,0,0,0,0,0
ENCFF756VML,/experiments/ENCSR660OQE/,1,0,1,0,0,0,0,0,0,0
ENCFF698DMX,/experiments/ENCSR661AMM/,0,1,0,0,0,1,0,0,0,0
ENCFF598EQZ,/experiments/ENCSR661AMM/,0,1,0,0,0,1,0,0,0,0
ENCFF538QBC,/experiments/ENCSR661GMU/,0,1,0,0,0,0,0,1,0,1
ENCFF214VVR,/experiments/ENCSR661GMU/,0,1,0,0,0,0,0,1,0,1
ENCFF447DHE,/experiments/ENCSR661GMU/,0,1,0,0,0,0,0,1,0,1
ENCFF971VLQ,/experiments/ENCSR661GMU/,0,1,0,0,0,0,0,1,0,1
ENCFF776KZD,/experiments/ENCSR661HDP/,0,0,0,1,0,1,0,0,1,0
ENCFF532BFX,/experiments/ENCSR661HDP/,0,0,0,1,0,1,0,0,1,0
ENCFF784YUT,/experiments/ENCSR661HDP/,0,0,0,1,0,1,0,0,1,0
ENCFF846FBJ,/experiments/ENCSR661HDP/,0,0,0,1,0,1,0,0,1,0
ENCFF139KFS,/experiments/ENCSR661HDP/,0,0,0,1,0,1,0,0,1,0
ENCFF950WVE,/experiments/ENCSR661HDP/,0,0,0,1,0,1,0,0,1,0
ENCFF871XQA,/experiments/ENCSR661HDP/,0,0,0,1,0,1,0,0,1,0
ENCFF043AWS,/experiments/ENCSR661HDP/,0,0,0,1,0,1,0,0,1,0
ENCFF012DID,/experiments/ENCSR661HDP/,0,0,0,1,0,1,0,0,1,0
ENCFF597HXO,/experiments/ENCSR661HDP/,0,0,0,1,0,1,0,0,1,0
ENCFF622NYI,/experiments/ENCSR661HDP/,0,0,0,1,0,1,0,0,1,0
ENCFF854AFM,/experiments/ENCSR662HMO/,0,0,0,0,0,0,0,1,0,0
ENCFF912MSY,/experiments/ENCSR662HMO/,0,0,0,0,0,0,0,1,0,0
ENCFF701YRV,/experiments/ENCSR662HMO/,0,0,0,0,0,0,0,1,0,0
ENCFF488OQD,/experiments/ENCSR662HMO/,0,0,0,0,0,0,0,1,0,0
ENCFF201CUZ,/experiments/ENCSR662HMO/,0,0,0,0,0,0,0,1,0,0
ENCFF455ZDQ,/experiments/ENCSR662HMO/,0,0,0,0,0,0,0,1,0,0
ENCFF612PGM,/experiments/ENCSR662HMO/,0,0,0,0,0,0,0,1,0,0
ENCFF228QBA,/experiments/ENCSR662HMO/,0,0,0,0,0,0,0,1,0,0
ENCFF300VMN,/experiments/ENCSR662HMO/,0,0,0,0,0,0,0,1,0,0
ENCFF910ACO,/experiments/ENCSR662IRS/,1,0,0,0,0,0,0,0,0,0
ENCFF873CET,/experiments/ENCSR662IRS/,1,0,0,0,0,0,0,0,0,0
ENCFF262BIZ,/experiments/ENCSR662RIZ/,0,1,0,0,0,0,0,0,0,0
ENCFF279EOK,/experiments/ENCSR662RIZ/,0,1,0,0,0,0,0,0,0,0
ENCFF067XRT,/experiments/ENCSR662RIZ/,0,1,0,0,0,0,0,0,0,0
ENCFF827WRK,/experiments/ENCSR663MNQ/,0,0,0,1,0,0,0,0,0,0
ENCFF606BGR,/experiments/ENCSR663MNQ/,0,0,0,1,0,0,0,0,0,0
ENCFF276SAH,/experiments/ENCSR664IBN/,0,0,0,0,0,0,0,1,0,1
ENCFF785DTX,/experiments/ENCSR664IBN/,0,0,0,0,0,0,0,1,0,1
ENCFF547GPH,/experiments/ENCSR664IBN/,0,0,0,0,0,0,0,1,0,1
ENCFF961DKK,/experiments/ENCSR664IBN/,0,0,0,0,0,0,0,1,0,1
ENCFF489YXE,/experiments/ENCSR664PKM/,1,0,0,1,0,0,0,0,0,0
ENCFF229OLT,/experiments/ENCSR664PKM/,1,0,0,1,0,0,0,0,0,0
ENCFF654SGF,/experiments/ENCSR664PKM/,1,0,0,1,0,0,0,0,0,0
ENCFF899VDP,/experiments/ENCSR664PKM/,1,0,0,1,0,0,0,0,0,0
ENCFF406HKI,/experiments/ENCSR664PKM/,1,0,0,1,0,0,0,0,0,0
ENCFF280VUZ,/experiments/ENCSR664PKM/,1,0,0,1,0,0,0,0,0,0
ENCFF325WIV,/experiments/ENCSR664PKM/,1,0,0,1,0,0,0,0,0,0
ENCFF472FDX,/experiments/ENCSR666HFH/,1,0,0,0,0,0,0,0,0,0
ENCFF468LOR,/experiments/ENCSR666HFH/,1,0,0,0,0,0,0,0,0,0
ENCFF213USK,/experiments/ENCSR666HFH/,1,0,0,0,0,0,0,0,0,0
ENCFF017QYA,/experiments/ENCSR666HFH/,1,0,0,0,0,0,0,0,0,0
ENCFF595BUB,/experiments/ENCSR666HFH/,1,0,0,0,0,0,0,0,0,0
ENCFF607ZPA,/experiments/ENCSR666HFH/,1,0,0,0,0,0,0,0,0,0
ENCFF532NDD,/experiments/ENCSR666YVE/,0,0,0,0,1,0,1,0,0,0
ENCFF964HSE,/experiments/ENCSR666YVE/,0,0,0,0,1,0,1,0,0,0
ENCFF705ZIK,/experiments/ENCSR667KPL/,0,0,0,1,0,1,0,0,0,0
ENCFF638YVZ,/experiments/ENCSR667KPL/,0,0,0,1,0,1,0,0,0,0
ENCFF072DME,/experiments/ENCSR669NQZ/,0,1,0,0,0,0,1,0,1,0
ENCFF537PID,/experiments/ENCSR670BGI/,0,0,0,0,0,0,1,0,1,0
ENCFF288CMH,/experiments/ENCSR670BGI/,0,0,0,0,0,0,1,0,1,0
ENCFF237LHM,/experiments/ENCSR670MKJ/,0,0,0,0,0,0,0,0,0,0
ENCFF958RZO,/experiments/ENCSR670MKJ/,0,0,0,0,0,0,0,0,0,0
ENCFF411LDI,/experiments/ENCSR670MKJ/,0,0,0,0,0,0,0,0,0,0
ENCFF073LTG,/experiments/ENCSR670VQZ/,1,0,0,0,1,0,1,0,0,0
ENCFF837RWQ,/experiments/ENCSR670VQZ/,1,0,0,0,1,0,1,0,0,0
ENCFF684DAZ,/experiments/ENCSR670VQZ/,1,0,0,0,1,0,1,0,0,0
ENCFF920GUM,/experiments/ENCSR670VQZ/,1,0,0,0,1,0,1,0,0,0
ENCFF029KDA,/experiments/ENCSR670ZSA/,0,1,0,0,0,0,1,0,0,0
ENCFF100GXK,/experiments/ENCSR670ZSA/,0,1,0,0,0,0,1,0,0,0
ENCFF321JMG,/experiments/ENCSR671GDA/,0,0,0,1,0,0,0,0,0,0
ENCFF849ONU,/experiments/ENCSR671GDA/,0,0,0,1,0,0,0,0,0,0
ENCFF565IKU,/experiments/ENCSR671GNH/,0,0,0,0,0,0,1,0,0,1
ENCFF520DTN,/experiments/ENCSR671GNH/,0,0,0,0,0,0,1,0,0,1
ENCFF255NXT,/experiments/ENCSR671JNA/,0,1,0,0,1,0,0,0,0,0
ENCFF756FDI,/experiments/ENCSR671JNA/,0,1,0,0,1,0,0,0,0,0
ENCFF751LVJ,/experiments/ENCSR671JNA/,0,1,0,0,1,0,0,0,0,0
ENCFF160ZLW,/experiments/ENCSR671JNA/,0,1,0,0,1,0,0,0,0,0
ENCFF126YYD,/experiments/ENCSR671NPO/,0,0,0,0,1,0,0,1,0,0
ENCFF357HVG,/experiments/ENCSR671NPO/,0,0,0,0,1,0,0,1,0,0
ENCFF712YIX,/experiments/ENCSR671NPO/,0,0,0,0,1,0,0,1,0,0
ENCFF811BAE,/experiments/ENCSR671NPO/,0,0,0,0,1,0,0,1,0,0
ENCFF946XKH,/experiments/ENCSR671SQM/,1,0,0,0,0,0,0,0,0,0
ENCFF729YUT,/experiments/ENCSR671SQM/,1,0,0,0,0,0,0,0,0,0
ENCFF220LUA,/experiments/ENCSR671SQM/,1,0,0,0,0,0,0,0,0,0
ENCFF923VPI,/experiments/ENCSR671SQM/,1,0,0,0,0,0,0,0,0,0
ENCFF762FYV,/experiments/ENCSR671YPX/,1,0,0,0,0,0,0,0,0,0
ENCFF320GPJ,/experiments/ENCSR671YPX/,1,0,0,0,0,0,0,0,0,0
ENCFF481BJH,/experiments/ENCSR671ZRV/,0,0,0,0,0,0,0,0,0,0
ENCFF570FNC,/experiments/ENCSR672DWH/,0,1,0,0,0,0,1,0,0,0
ENCFF879RJX,/experiments/ENCSR672EWY/,0,0,0,0,0,0,0,1,0,0
ENCFF659MYE,/experiments/ENCSR672EWY/,0,0,0,0,0,0,0,1,0,0
ENCFF274FCZ,/experiments/ENCSR672EWY/,0,0,0,0,0,0,0,1,0,0
ENCFF659SIO,/experiments/ENCSR672EWY/,0,0,0,0,0,0,0,1,0,0
ENCFF025PXL,/experiments/ENCSR672MOG/,1,0,0,0,0,0,0,0,0,0
ENCFF854TBX,/experiments/ENCSR672MOG/,1,0,0,0,0,0,0,0,0,0
ENCFF690LNW,/experiments/ENCSR674JIL/,0,0,0,0,0,1,0,1,0,0
ENCFF839CPW,/experiments/ENCSR676GAW/,0,0,0,1,0,1,0,1,0,0
ENCFF183AZY,/experiments/ENCSR676GAW/,0,0,0,1,0,1,0,1,0,0
ENCFF159HXQ,/experiments/ENCSR677CPE/,0,0,0,0,0,0,0,0,0,0
ENCFF944VUX,/experiments/ENCSR677CPE/,0,0,0,0,0,0,0,0,0,0
ENCFF648VJA,/experiments/ENCSR677CPE/,0,0,0,0,0,0,0,0,0,0
ENCFF175FXY,/experiments/ENCSR677CPE/,0,0,0,0,0,0,0,0,0,0
ENCFF539HQQ,/experiments/ENCSR677XGD/,0,0,0,1,0,0,0,0,1,0
ENCFF146LIP,/experiments/ENCSR677XGD/,0,0,0,1,0,0,0,0,1,0
ENCFF313HSR,/experiments/ENCSR678ILN/,0,1,0,0,0,0,0,0,1,0
ENCFF399AJD,/experiments/ENCSR678ILN/,0,1,0,0,0,0,0,0,1,0
ENCFF763MIQ,/experiments/ENCSR678ILN/,0,1,0,0,0,0,0,0,1,0
ENCFF733PHT,/experiments/ENCSR678ILN/,0,1,0,0,0,0,0,0,1,0
ENCFF561COV,/experiments/ENCSR678ILN/,0,1,0,0,0,0,0,0,1,0
ENCFF695HTB,/experiments/ENCSR678NQS/,0,0,0,0,0,1,0,0,0,0
ENCFF442XGK,/experiments/ENCSR678NQS/,0,0,0,0,0,1,0,0,0,0
ENCFF550HFS,/experiments/ENCSR678NQS/,0,0,0,0,0,1,0,0,0,0
ENCFF531XJU,/experiments/ENCSR678NQS/,0,0,0,0,0,1,0,0,0,0
ENCFF155YWZ,/experiments/ENCSR678NQS/,0,0,0,0,0,1,0,0,0,0
ENCFF632ZQO,/experiments/ENCSR678NQS/,0,0,0,0,0,1,0,0,0,0
ENCFF482FZZ,/experiments/ENCSR678PDD/,0,0,1,1,0,0,1,0,0,0
ENCFF645CWZ,/experiments/ENCSR678PDD/,0,0,1,1,0,0,1,0,0,0
ENCFF095FCA,/experiments/ENCSR678PDD/,0,0,1,1,0,0,1,0,0,0
ENCFF209FFZ,/experiments/ENCSR678PDD/,0,0,1,1,0,0,1,0,0,0
ENCFF959JBI,/experiments/ENCSR679EFH/,0,1,0,0,0,0,0,0,0,0
ENCFF422YYG,/experiments/ENCSR679IFH/,0,0,0,0,0,0,0,0,0,0
ENCFF782HQR,/experiments/ENCSR680SDS/,0,0,0,0,1,0,1,0,1,0
ENCFF587ZMK,/experiments/ENCSR680SDS/,0,0,0,0,1,0,1,0,1,0
ENCFF223XQV,/experiments/ENCSR680SDS/,0,0,0,0,1,0,1,0,1,0
ENCFF395PRO,/experiments/ENCSR682PKY/,0,0,0,0,0,1,0,0,0,0
ENCFF586YQW,/experiments/ENCSR682PKY/,0,0,0,0,0,1,0,0,0,0
ENCFF886IWZ,/experiments/ENCSR682PKY/,0,0,0,0,0,1,0,0,0,0
ENCFF348BSK,/experiments/ENCSR682PKY/,0,0,0,0,0,1,0,0,0,0
ENCFF053CCZ,/experiments/ENCSR682ZZT/,0,0,0,0,0,0,0,0,0,0
ENCFF466WQT,/experiments/ENCSR682ZZT/,0,0,0,0,0,0,0,0,0,0
ENCFF291GSG,/experiments/ENCSR682ZZT/,0,0,0,0,0,0,0,0,0,0
ENCFF083PGI,/experiments/ENCSR683QJJ/,0,0,0,0,0,0,0,0,0,0
ENCFF862RQS,/experiments/ENCSR683QJJ/,0,0,0,0,0,0,0,0,0,0
ENCFF931EXL,/experiments/ENCSR683QJJ/,0,0,0,0,0,0,0,0,0,0
ENCFF451KWR,/experiments/ENCSR683YLO/,0,0,0,0,1,0,0,0,1,0
ENCFF898RJJ,/experiments/ENCSR683YLO/,0,0,0,0,1,0,0,0,1,0
ENCFF592MLN,/experiments/ENCSR685PCS/,1,0,0,0,0,0,0,0,0,0
ENCFF618VTK,/experiments/ENCSR685PCS/,1,0,0,0,0,0,0,0,0,0
ENCFF949TAC,/experiments/ENCSR686LOE/,0,0,0,0,0,0,0,0,0,1
ENCFF886YEW,/experiments/ENCSR686LOE/,0,0,0,0,0,0,0,0,0,1
ENCFF226NGR,/experiments/ENCSR686LOE/,0,0,0,0,0,0,0,0,0,1
ENCFF885SVB,/experiments/ENCSR686WJL/,0,0,1,0,0,0,0,0,0,0
ENCFF862GNE,/experiments/ENCSR686WJL/,0,0,1,0,0,0,0,0,0,0
ENCFF729QBJ,/experiments/ENCSR686WJL/,0,0,1,0,0,0,0,0,0,0
ENCFF865AVE,/experiments/ENCSR687EAW/,1,0,1,0,0,0,0,0,0,0
ENCFF580GOW,/experiments/ENCSR687EAW/,1,0,1,0,0,0,0,0,0,0
ENCFF484KXY,/experiments/ENCSR687EAW/,1,0,1,0,0,0,0,0,0,0
ENCFF232WIG,/experiments/ENCSR687EAW/,1,0,1,0,0,0,0,0,0,0
ENCFF171NFE,/experiments/ENCSR687EAW/,1,0,1,0,0,0,0,0,0,0
ENCFF150KQS,/experiments/ENCSR687JCD/,0,0,0,0,0,0,0,0,1,0
ENCFF511NFQ,/experiments/ENCSR687JCD/,0,0,0,0,0,0,0,0,1,0
ENCFF815AMD,/experiments/ENCSR687JCD/,0,0,0,0,0,0,0,0,1,0
ENCFF702KBA,/experiments/ENCSR687OIL/,1,0,1,0,0,0,0,0,0,1
ENCFF369YBI,/experiments/ENCSR687OIL/,1,0,1,0,0,0,0,0,0,1
ENCFF562SRV,/experiments/ENCSR687OIL/,1,0,1,0,0,0,0,0,0,1
ENCFF153EFP,/experiments/ENCSR687OIL/,1,0,1,0,0,0,0,0,0,1
ENCFF068VNB,/experiments/ENCSR687OIL/,1,0,1,0,0,0,0,0,0,1
ENCFF768BUD,/experiments/ENCSR688AWP/,0,0,1,0,1,1,0,0,0,0
ENCFF812HZC,/experiments/ENCSR688AWP/,0,0,1,0,1,1,0,0,0,0
ENCFF612QPY,/experiments/ENCSR688DKY/,0,0,0,1,0,0,0,1,0,0
ENCFF859QGE,/experiments/ENCSR688OIJ/,0,0,0,1,0,0,1,0,1,0
ENCFF565HIT,/experiments/ENCSR688XLI/,0,0,0,1,1,0,0,0,0,0
ENCFF484RVB,/experiments/ENCSR688XLI/,0,0,0,1,1,0,0,0,0,0
ENCFF854OVT,/experiments/ENCSR688XLI/,0,0,0,1,1,0,0,0,0,0
ENCFF356STU,/experiments/ENCSR688XLI/,0,0,0,1,1,0,0,0,0,0
ENCFF329FCD,/experiments/ENCSR689DSM/,0,0,0,0,0,0,0,0,0,0
ENCFF531HJI,/experiments/ENCSR689DSM/,0,0,0,0,0,0,0,0,0,0
ENCFF355VEF,/experiments/ENCSR689FYA/,0,0,1,0,0,0,0,0,0,1
ENCFF601LSF,/experiments/ENCSR689FYA/,0,0,1,0,0,0,0,0,0,1
ENCFF442IEZ,/experiments/ENCSR690ADK/,0,1,0,0,0,0,1,0,0,0
ENCFF624HHJ,/experiments/ENCSR690ADK/,0,1,0,0,0,0,1,0,0,0
ENCFF197XRF,/experiments/ENCSR690CVL/,1,0,0,0,1,0,1,1,0,0
ENCFF533KFD,/experiments/ENCSR690CVL/,1,0,0,0,1,0,1,1,0,0
ENCFF116CCI,/experiments/ENCSR690IQA/,0,0,1,0,0,0,1,0,1,0
ENCFF158ZQW,/experiments/ENCSR690IQA/,0,0,1,0,0,0,1,0,1,0
ENCFF503EKF,/experiments/ENCSR690LVC/,0,0,0,1,0,1,0,0,0,0
ENCFF910UBX,/experiments/ENCSR690LVC/,0,0,0,1,0,1,0,0,0,0
ENCFF747PHP,/experiments/ENCSR690LVC/,0,0,0,1,0,1,0,0,0,0
ENCFF305RPD,/experiments/ENCSR690LVC/,0,0,0,1,0,1,0,0,0,0
ENCFF566OHX,/experiments/ENCSR691MQJ/,0,0,0,0,0,0,0,0,0,0
ENCFF917FZF,/experiments/ENCSR691MQJ/,0,0,0,0,0,0,0,0,0,0
ENCFF631PEU,/experiments/ENCSR691MQJ/,0,0,0,0,0,0,0,0,0,0
ENCFF886CPT,/experiments/ENCSR691MQJ/,0,0,0,0,0,0,0,0,0,0
ENCFF756PRJ,/experiments/ENCSR691MQJ/,0,0,0,0,0,0,0,0,0,0
ENCFF022ZKD,/experiments/ENCSR692ASO/,0,0,1,0,0,0,0,0,0,0
ENCFF140OBG,/experiments/ENCSR692ASO/,0,0,1,0,0,0,0,0,0,0
ENCFF112GNE,/experiments/ENCSR692ASO/,0,0,1,0,0,0,0,0,0,0
ENCFF637DQB,/experiments/ENCSR692ASO/,0,0,1,0,0,0,0,0,0,0
ENCFF092HTJ,/experiments/ENCSR692ASO/,0,0,1,0,0,0,0,0,0,0
ENCFF145HMX,/experiments/ENCSR692PKU/,0,1,0,0,0,0,0,1,0,1
ENCFF696FEB,/experiments/ENCSR692PKU/,0,1,0,0,0,0,0,1,0,1
ENCFF752UBC,/experiments/ENCSR693UHT/,0,0,0,1,0,0,0,0,1,0
ENCFF201UOC,/experiments/ENCSR693UHT/,0,0,0,1,0,0,0,0,1,0
ENCFF164CED,/experiments/ENCSR694DOX/,1,0,0,0,0,0,0,0,0,0
ENCFF315LCY,/experiments/ENCSR694DOX/,1,0,0,0,0,0,0,0,0,0
ENCFF858ZQL,/experiments/ENCSR694LFE/,1,0,1,0,1,1,0,0,1,1
ENCFF369URR,/experiments/ENCSR694LFE/,1,0,1,0,1,1,0,0,1,1
ENCFF451XZP,/experiments/ENCSR694YJR/,1,1,0,1,0,0,0,1,0,1
ENCFF946YUX,/experiments/ENCSR694YJR/,1,1,0,1,0,0,0,1,0,1
ENCFF542IGS,/experiments/ENCSR694YJR/,1,1,0,1,0,0,0,1,0,1
ENCFF343XFF,/experiments/ENCSR694YJR/,1,1,0,1,0,0,0,1,0,1
ENCFF231SIM,/experiments/ENCSR695AUY/,0,0,0,0,0,0,0,1,0,0
ENCFF586RAP,/experiments/ENCSR696LPC/,0,0,0,0,1,0,0,0,0,1
ENCFF792WAQ,/experiments/ENCSR696LPC/,0,0,0,0,1,0,0,0,0,1
ENCFF661HFJ,/experiments/ENCSR696XSJ/,0,0,0,0,0,0,1,0,0,1
ENCFF635FAN,/experiments/ENCSR696XSJ/,0,0,0,0,0,0,1,0,0,1
ENCFF047ZIR,/experiments/ENCSR696XSJ/,0,0,0,0,0,0,1,0,0,1
ENCFF318WII,/experiments/ENCSR696XSJ/,0,0,0,0,0,0,1,0,0,1
ENCFF243WQM,/experiments/ENCSR696ZDW/,0,0,1,0,0,1,0,0,0,0
ENCFF438TWX,/experiments/ENCSR696ZDW/,0,0,1,0,0,1,0,0,0,0
ENCFF196LBX,/experiments/ENCSR697ADE/,1,0,0,0,1,1,0,1,0,0
ENCFF348BEF,/experiments/ENCSR697ADE/,1,0,0,0,1,1,0,1,0,0
ENCFF745RTM,/experiments/ENCSR697ADE/,1,0,0,0,1,1,0,1,0,0
ENCFF119LOL,/experiments/ENCSR697ADE/,1,0,0,0,1,1,0,1,0,0
ENCFF230TTW,/experiments/ENCSR697FME/,0,0,1,0,0,0,0,0,0,0
ENCFF446XVP,/experiments/ENCSR698CUE/,0,0,1,1,0,0,0,0,0,0
ENCFF961ZLA,/experiments/ENCSR698CUE/,0,0,1,1,0,0,0,0,0,0
ENCFF347UTJ,/experiments/ENCSR698CUE/,0,0,1,1,0,0,0,0,0,0
ENCFF873JMK,/experiments/ENCSR698CUE/,0,0,1,1,0,0,0,0,0,0
ENCFF914LBJ,/experiments/ENCSR698CUE/,0,0,1,1,0,0,0,0,0,0
ENCFF532NCU,/experiments/ENCSR698CUE/,0,0,1,1,0,0,0,0,0,0
ENCFF055BON,/experiments/ENCSR698CUE/,0,0,1,1,0,0,0,0,0,0
ENCFF691NHA,/experiments/ENCSR698VDM/,0,0,0,0,0,0,0,0,0,0
ENCFF033YUZ,/experiments/ENCSR701ODD/,0,0,0,0,0,0,0,0,0,1
ENCFF763TEY,/experiments/ENCSR701ODD/,0,0,0,0,0,0,0,0,0,1
ENCFF636ZCQ,/experiments/ENCSR701ODD/,0,0,0,0,0,0,0,0,0,1
ENCFF812LHC,/experiments/ENCSR701ODD/,0,0,0,0,0,0,0,0,0,1
ENCFF400KNF,/experiments/ENCSR701ODD/,0,0,0,0,0,0,0,0,0,1
ENCFF865RHE,/experiments/ENCSR702AVR/,0,0,0,0,0,0,1,0,0,1
ENCFF262UKK,/experiments/ENCSR702AVR/,0,0,0,0,0,0,1,0,0,1
ENCFF787EGW,/experiments/ENCSR702DPD/,0,0,0,0,0,0,0,0,1,0
ENCFF599IJZ,/experiments/ENCSR702DPD/,0,0,0,0,0,0,0,0,1,0
ENCFF665QQD,/experiments/ENCSR702VYW/,0,1,0,0,0,0,0,0,0,0
ENCFF774PYC,/experiments/ENCSR702VYW/,0,1,0,0,0,0,0,0,0,0
ENCFF365AXE,/experiments/ENCSR702VYW/,0,1,0,0,0,0,0,0,0,0
ENCFF565GRX,/experiments/ENCSR702VYW/,0,1,0,0,0,0,0,0,0,0
ENCFF470VXY,/experiments/ENCSR703AYZ/,0,1,0,0,0,0,0,0,0,0
ENCFF243DZW,/experiments/ENCSR703AYZ/,0,1,0,0,0,0,0,0,0,0
ENCFF800PWS,/experiments/ENCSR703VGI/,0,0,1,0,0,0,0,1,0,0
ENCFF525HNV,/experiments/ENCSR703VGI/,0,0,1,0,0,0,0,1,0,0
ENCFF423GQM,/experiments/ENCSR704HNG/,0,0,0,0,0,0,1,0,0,0
ENCFF773JXH,/experiments/ENCSR704HNG/,0,0,0,0,0,0,1,0,0,0
ENCFF521XLX,/experiments/ENCSR704HNG/,0,0,0,0,0,0,1,0,0,0
ENCFF384FJC,/experiments/ENCSR704HNG/,0,0,0,0,0,0,1,0,0,0
ENCFF267INY,/experiments/ENCSR705CNJ/,0,0,0,0,0,0,0,0,1,0
ENCFF002DYF,/experiments/ENCSR705CNJ/,0,0,0,0,0,0,0,0,1,0
ENCFF450JHZ,/experiments/ENCSR705CNJ/,0,0,0,0,0,0,0,0,1,0
ENCFF062QPE,/experiments/ENCSR705CNJ/,0,0,0,0,0,0,0,0,1,0
ENCFF002DYJ,/experiments/ENCSR705CNJ/,0,0,0,0,0,0,0,0,1,0
ENCFF002DYH,/experiments/ENCSR705CNJ/,0,0,0,0,0,0,0,0,1,0
ENCFF114EYZ,/experiments/ENCSR705CNJ/,0,0,0,0,0,0,0,0,1,0
ENCFF146ZRY,/experiments/ENCSR705GCU/,0,0,0,0,1,1,0,0,0,0
ENCFF996LJI,/experiments/ENCSR705GCU/,0,0,0,0,1,1,0,0,0,0
ENCFF396KBA,/experiments/ENCSR706HQD/,0,0,0,0,1,0,0,0,0,0
ENCFF446NGV,/experiments/ENCSR706HQD/,0,0,0,0,1,0,0,0,0,0
ENCFF324AKV,/experiments/ENCSR706HQD/,0,0,0,0,1,0,0,0,0,0
ENCFF246ZZB,/experiments/ENCSR706HQD/,0,0,0,0,1,0,0,0,0,0
ENCFF190NID,/experiments/ENCSR706IDL/,0,0,1,0,0,0,1,0,0,1
ENCFF959VGP,/experiments/ENCSR706IDL/,0,0,1,0,0,0,1,0,0,1
ENCFF739YHM,/experiments/ENCSR706IDL/,0,0,1,0,0,0,1,0,0,1
ENCFF960KIH,/experiments/ENCSR706IDL/,0,0,1,0,0,0,1,0,0,1
ENCFF923HPF,/experiments/ENCSR706IDL/,0,0,1,0,0,0,1,0,0,1
ENCFF796KYR,/experiments/ENCSR706IDL/,0,0,1,0,0,0,1,0,0,1
ENCFF996JML,/experiments/ENCSR706IDL/,0,0,1,0,0,0,1,0,0,1
ENCFF516YSB,/experiments/ENCSR706IDL/,0,0,1,0,0,0,1,0,0,1
ENCFF781PCK,/experiments/ENCSR709IYR/,0,1,0,1,0,0,0,0,0,0
ENCFF315TWF,/experiments/ENCSR709IYR/,0,1,0,1,0,0,0,0,0,0
ENCFF790XDR,/experiments/ENCSR709IYR/,0,1,0,1,0,0,0,0,0,0
ENCFF134DSJ,/experiments/ENCSR709PZI/,1,0,0,0,0,0,1,0,0,0
ENCFF342TME,/experiments/ENCSR709PZI/,1,0,0,0,0,0,1,0,0,0
ENCFF250KUG,/experiments/ENCSR709YRE/,0,1,0,0,0,0,1,0,0,0
ENCFF771NVK,/experiments/ENCSR711AQM/,0,1,0,0,1,0,0,1,0,0
ENCFF212UAT,/experiments/ENCSR711AQM/,0,1,0,0,1,0,0,1,0,0
ENCFF918QKA,/experiments/ENCSR711AQM/,0,1,0,0,1,0,0,1,0,0
ENCFF331JVF,/experiments/ENCSR712PYJ/,0,0,0,1,0,0,0,0,1,0
ENCFF827YHI,/experiments/ENCSR712PYJ/,0,0,0,1,0,0,0,0,1,0
ENCFF615NXM,/experiments/ENCSR713KNQ/,0,1,0,0,0,0,0,0,1,0
ENCFF384TGM,/experiments/ENCSR713KNQ/,0,1,0,0,0,0,0,0,1,0
ENCFF955SLG,/experiments/ENCSR714DIF/,0,0,0,0,0,1,0,0,0,0
ENCFF572UGZ,/experiments/ENCSR714DIF/,0,0,0,0,0,1,0,0,0,0
ENCFF860TSH,/experiments/ENCSR714DIF/,0,0,0,0,0,1,0,0,0,0
ENCFF514CTP,/experiments/ENCSR714DIF/,0,0,0,0,0,1,0,0,0,0
ENCFF978QGB,/experiments/ENCSR714DIF/,0,0,0,0,0,1,0,0,0,0
ENCFF117ERJ,/experiments/ENCSR714DIF/,0,0,0,0,0,1,0,0,0,0
ENCFF447LVL,/experiments/ENCSR714DIF/,0,0,0,0,0,1,0,0,0,0
ENCFF167XAM,/experiments/ENCSR714DIF/,0,0,0,0,0,1,0,0,0,0
ENCFF502HBO,/experiments/ENCSR715TMH/,0,0,1,0,0,1,0,0,1,0
ENCFF220ZRF,/experiments/ENCSR717BBR/,0,0,0,1,0,0,0,0,0,1
ENCFF729RJP,/experiments/ENCSR717BBR/,0,0,0,1,0,0,0,0,0,1
ENCFF809SDD,/experiments/ENCSR718AAB/,1,1,0,1,1,0,0,0,0,0
ENCFF431SXN,/experiments/ENCSR718AAB/,1,1,0,1,1,0,0,0,0,0
ENCFF215VQL,/experiments/ENCSR718NBH/,1,1,0,0,0,0,0,0,0,1
ENCFF745GWU,/experiments/ENCSR718NBH/,1,1,0,0,0,0,0,0,0,1
ENCFF765UAS,/experiments/ENCSR720FVJ/,0,0,0,0,0,1,0,0,0,0
ENCFF671YVH,/experiments/ENCSR720FVJ/,0,0,0,0,0,1,0,0,0,0
ENCFF377XPO,/experiments/ENCSR720KMQ/,0,0,1,0,0,1,0,0,0,0
ENCFF478JGP,/experiments/ENCSR720KMQ/,0,0,1,0,0,1,0,0,0,0
ENCFF707YBJ,/experiments/ENCSR720KMQ/,0,0,1,0,0,1,0,0,0,0
ENCFF374HDU,/experiments/ENCSR720KMQ/,0,0,1,0,0,1,0,0,0,0
ENCFF864KEA,/experiments/ENCSR720TCN/,0,0,1,0,1,0,0,0,0,0
ENCFF525GIX,/experiments/ENCSR720TCN/,0,0,1,0,1,0,0,0,0,0
ENCFF263SOA,/experiments/ENCSR721DFB/,0,0,0,0,0,0,0,1,0,0
ENCFF866PQM,/experiments/ENCSR721DFB/,0,0,0,0,0,0,0,1,0,0
ENCFF538WSZ,/experiments/ENCSR721XAP/,0,0,0,0,0,0,0,0,0,0
ENCFF440UHB,/experiments/ENCSR721XAP/,0,0,0,0,0,0,0,0,0,0
ENCFF121DDY,/experiments/ENCSR721XAP/,0,0,0,0,0,0,0,0,0,0
ENCFF517YQT,/experiments/ENCSR721XAP/,0,0,0,0,0,0,0,0,0,0
ENCFF153QAQ,/experiments/ENCSR721XAP/,0,0,0,0,0,0,0,0,0,0
ENCFF021UUC,/experiments/ENCSR721XAP/,0,0,0,0,0,0,0,0,0,0
ENCFF368NOV,/experiments/ENCSR721XAP/,0,0,0,0,0,0,0,0,0,0
ENCFF803ZKB,/experiments/ENCSR722HJG/,0,0,1,1,0,0,0,1,0,0
ENCFF497BSP,/experiments/ENCSR722HJG/,0,0,1,1,0,0,0,1,0,0
ENCFF407XOD,/experiments/ENCSR723IXU/,1,1,0,0,1,0,1,0,1,0
ENCFF633WTL,/experiments/ENCSR723IXU/,1,1,0,0,1,0,1,0,1,0
ENCFF496ERX,/experiments/ENCSR723IXU/,1,1,0,0,1,0,1,0,1,0
ENCFF122BHI,/experiments/ENCSR723IXU/,1,1,0,0,1,0,1,0,1,0
ENCFF505OFY,/experiments/ENCSR723JLG/,1,0,0,0,0,0,0,0,1,1
ENCFF043NIU,/experiments/ENCSR723JLG/,1,0,0,0,0,0,0,0,1,1
ENCFF481JBL,/experiments/ENCSR723VNG/,1,0,0,0,1,0,0,0,0,0
ENCFF757APD,/experiments/ENCSR723VNG/,1,0,0,0,1,0,0,0,0,0
ENCFF697FAU,/experiments/ENCSR724CND/,0,1,0,0,0,0,0,0,1,0
ENCFF440YFN,/experiments/ENCSR724CND/,0,1,0,0,0,0,0,0,1,0
ENCFF008PEH,/experiments/ENCSR724CND/,0,1,0,0,0,0,0,0,1,0
ENCFF221EVR,/experiments/ENCSR724CND/,0,1,0,0,0,0,0,0,1,0
ENCFF398ZYV,/experiments/ENCSR724INK/,0,0,0,0,1,0,0,1,0,0
ENCFF487LBG,/experiments/ENCSR724QTW/,0,0,0,0,0,0,0,0,0,0
ENCFF847HFF,/experiments/ENCSR726YMS/,0,0,0,1,1,0,0,0,1,1
ENCFF155PXO,/experiments/ENCSR726YMS/,0,0,0,1,1,0,0,0,1,1
ENCFF061HHO,/experiments/ENCSR726YMS/,0,0,0,1,1,0,0,0,1,1
ENCFF541DLH,/experiments/ENCSR726YMS/,0,0,0,1,1,0,0,0,1,1
ENCFF149EPY,/experiments/ENCSR728BAD/,0,0,0,0,1,0,0,1,0,0
ENCFF916IPH,/experiments/ENCSR728BAD/,0,0,0,0,1,0,0,1,0,0
ENCFF564QHA,/experiments/ENCSR728BAD/,0,0,0,0,1,0,0,1,0,0
ENCFF934GEX,/experiments/ENCSR728BAD/,0,0,0,0,1,0,0,1,0,0
ENCFF702FIW,/experiments/ENCSR728BAD/,0,0,0,0,1,0,0,1,0,0
ENCFF529NSR,/experiments/ENCSR728BAD/,0,0,0,0,1,0,0,1,0,0
ENCFF414WFK,/experiments/ENCSR728BAD/,0,0,0,0,1,0,0,1,0,0
ENCFF063AKU,/experiments/ENCSR729DRB/,1,0,0,1,0,0,0,1,0,0
ENCFF502LJY,/experiments/ENCSR729DRB/,1,0,0,1,0,0,0,1,0,0
ENCFF734VEK,/experiments/ENCSR729TYE/,0,0,0,0,0,1,0,0,0,0
ENCFF573IFT,/experiments/ENCSR729TYE/,0,0,0,0,0,1,0,0,0,0
ENCFF666ANJ,/experiments/ENCSR730IHD/,0,0,0,1,1,0,1,0,1,0
ENCFF859SRK,/experiments/ENCSR730IHD/,0,0,0,1,1,0,1,0,1,0
ENCFF583RGX,/experiments/ENCSR730MYK/,0,0,0,0,1,1,0,0,1,0
ENCFF906NUI,/experiments/ENCSR730MYK/,0,0,0,0,1,1,0,0,1,0
ENCFF624SIR,/experiments/ENCSR730MYK/,0,0,0,0,1,1,0,0,1,0
ENCFF685WIY,/experiments/ENCSR730MYK/,0,0,0,0,1,1,0,0,1,0
ENCFF611CBQ,/experiments/ENCSR731DJH/,1,0,0,1,0,0,0,0,0,0
ENCFF614ZEE,/experiments/ENCSR731KDL/,1,0,0,0,0,0,0,0,0,0
ENCFF873AJY,/experiments/ENCSR731KDL/,1,0,0,0,0,0,0,0,0,0
ENCFF910MZZ,/experiments/ENCSR731QLJ/,0,0,0,0,0,1,0,0,0,0
ENCFF461HXJ,/experiments/ENCSR731QLJ/,0,0,0,0,0,1,0,0,0,0
ENCFF070ZUX,/experiments/ENCSR731QLJ/,0,0,0,0,0,1,0,0,0,0
ENCFF864ZSR,/experiments/ENCSR731QLJ/,0,0,0,0,0,1,0,0,0,0
ENCFF955RTD,/experiments/ENCSR731QLJ/,0,0,0,0,0,1,0,0,0,0
ENCFF720LUS,/experiments/ENCSR732IFV/,0,0,0,0,0,1,0,1,0,0
ENCFF431AYS,/experiments/ENCSR732IFV/,0,0,0,0,0,1,0,1,0,0
ENCFF724HQZ,/experiments/ENCSR732IZK/,0,0,1,0,1,0,0,0,0,0
ENCFF614ESL,/experiments/ENCSR732IZK/,0,0,1,0,1,0,0,0,0,0
ENCFF314YDW,/experiments/ENCSR732IZK/,0,0,1,0,1,0,0,0,0,0
ENCFF624XGS,/experiments/ENCSR732IZK/,0,0,1,0,1,0,0,0,0,0
ENCFF950SLQ,/experiments/ENCSR732IZK/,0,0,1,0,1,0,0,0,0,0
ENCFF800RGP,/experiments/ENCSR732IZK/,0,0,1,0,1,0,0,0,0,0
ENCFF740JSK,/experiments/ENCSR732IZK/,0,0,1,0,1,0,0,0,0,0
ENCFF534OOJ,/experiments/ENCSR732IZK/,0,0,1,0,1,0,0,0,0,0
ENCFF353LZV,/experiments/ENCSR732RIC/,0,0,0,0,0,0,0,0,1,0
ENCFF124QCC,/experiments/ENCSR732RIC/,0,0,0,0,0,0,0,0,1,0
ENCFF033JQZ,/experiments/ENCSR733YNW/,0,0,1,0,1,1,0,0,1,0
ENCFF204ARC,/experiments/ENCSR733YNW/,0,0,1,0,1,1,0,0,1,0
ENCFF577EKP,/experiments/ENCSR733YNW/,0,0,1,0,1,1,0,0,1,0
ENCFF825ERH,/experiments/ENCSR734VFU/,0,1,0,0,0,0,0,0,0,0
ENCFF029ZYU,/experiments/ENCSR735BIM/,0,1,0,0,0,0,0,0,0,0
ENCFF871NZT,/experiments/ENCSR735MJZ/,0,0,0,0,0,0,1,0,1,1
ENCFF306ZAP,/experiments/ENCSR735NTV/,0,0,0,0,1,0,0,1,0,0
ENCFF796APD,/experiments/ENCSR735NTV/,0,0,0,0,1,0,0,1,0,0
ENCFF936LAA,/experiments/ENCSR735NTV/,0,0,0,0,1,0,0,1,0,0
ENCFF124ZVG,/experiments/ENCSR736DMJ/,0,1,0,0,0,0,0,1,0,0
ENCFF287PGZ,/experiments/ENCSR736DMJ/,0,1,0,0,0,0,0,1,0,0
ENCFF777PTF,/experiments/ENCSR736VVP/,0,0,0,0,0,0,0,0,0,0
ENCFF478QWR,/experiments/ENCSR736VVP/,0,0,0,0,0,0,0,0,0,0
ENCFF953DZJ,/experiments/ENCSR739VKY/,0,0,0,0,0,0,0,0,1,0
ENCFF150RWT,/experiments/ENCSR739VKY/,0,0,0,0,0,0,0,0,1,0
ENCFF495SHV,/experiments/ENCSR740DJQ/,1,0,0,0,1,1,0,0,0,0
ENCFF959IIU,/experiments/ENCSR740DJQ/,1,0,0,0,1,1,0,0,0,0
ENCFF604WJL,/experiments/ENCSR740POH/,1,0,0,0,0,1,0,0,0,0
ENCFF899IIO,/experiments/ENCSR740POH/,1,0,0,0,0,1,0,0,0,0
ENCFF858YEP,/experiments/ENCSR740PXN/,0,0,1,0,0,1,0,0,0,0
ENCFF893SVM,/experiments/ENCSR740PXN/,0,0,1,0,0,1,0,0,0,0
ENCFF803GJW,/experiments/ENCSR740PXN/,0,0,1,0,0,1,0,0,0,0
ENCFF329TYV,/experiments/ENCSR740PXN/,0,0,1,0,0,1,0,0,0,0
ENCFF752VSY,/experiments/ENCSR740PXN/,0,0,1,0,0,1,0,0,0,0
ENCFF351GOC,/experiments/ENCSR740PXN/,0,0,1,0,0,1,0,0,0,0
ENCFF919CCU,/experiments/ENCSR742DUR/,0,0,0,0,0,1,0,0,0,1
ENCFF109IYL,/experiments/ENCSR742DUR/,0,0,0,0,0,1,0,0,0,1
ENCFF939CWI,/experiments/ENCSR742HBK/,0,0,1,0,0,0,0,0,0,0
ENCFF345SQS,/experiments/ENCSR742HBK/,0,0,1,0,0,0,0,0,0,0
ENCFF769ZTE,/experiments/ENCSR742HBK/,0,0,1,0,0,0,0,0,0,0
ENCFF306DPK,/experiments/ENCSR744UQK/,0,0,0,0,0,0,0,0,0,0
ENCFF002FGF,/experiments/ENCSR746RDJ/,0,0,0,0,0,0,0,0,0,0
ENCFF023NTS,/experiments/ENCSR746RDJ/,0,0,0,0,0,0,0,0,0,0
ENCFF032CNY,/experiments/ENCSR746RDJ/,0,0,0,0,0,0,0,0,0,0
ENCFF670DLJ,/experiments/ENCSR746RDJ/,0,0,0,0,0,0,0,0,0,0
ENCFF832WAW,/experiments/ENCSR746RDJ/,0,0,0,0,0,0,0,0,0,0
ENCFF689CSS,/experiments/ENCSR746RDJ/,0,0,0,0,0,0,0,0,0,0
ENCFF888HCI,/experiments/ENCSR746RDJ/,0,0,0,0,0,0,0,0,0,0
ENCFF233QSU,/experiments/ENCSR746ZPP/,0,0,0,1,0,0,1,1,0,1
ENCFF388AWW,/experiments/ENCSR746ZPP/,0,0,0,1,0,0,1,1,0,1
ENCFF589KEA,/experiments/ENCSR746ZPP/,0,0,0,1,0,0,1,1,0,1
ENCFF775YEZ,/experiments/ENCSR746ZPP/,0,0,0,1,0,0,1,1,0,1
ENCFF248JCF,/experiments/ENCSR747RGR/,1,0,0,0,0,0,0,0,1,1
ENCFF921XFE,/experiments/ENCSR747RGR/,1,0,0,0,0,0,0,0,1,1
ENCFF745TAY,/experiments/ENCSR747SEU/,0,0,0,0,1,0,0,1,0,0
ENCFF776KYG,/experiments/ENCSR747SEU/,0,0,0,0,1,0,0,1,0,0
ENCFF700IMY,/experiments/ENCSR749BWV/,0,1,0,0,1,0,0,0,1,0
ENCFF976EET,/experiments/ENCSR749BWV/,0,1,0,0,1,0,0,0,1,0
ENCFF465NIO,/experiments/ENCSR749BWV/,0,1,0,0,1,0,0,0,1,0
ENCFF022RYA,/experiments/ENCSR749BWV/,0,1,0,0,1,0,0,0,1,0
ENCFF597LON,/experiments/ENCSR749BWV/,0,1,0,0,1,0,0,0,1,0
ENCFF413AJL,/experiments/ENCSR749ILN/,0,0,1,0,0,0,0,0,0,0
ENCFF215XVP,/experiments/ENCSR749ILN/,0,0,1,0,0,0,0,0,0,0
ENCFF731FDW,/experiments/ENCSR749ILN/,0,0,1,0,0,0,0,0,0,0
ENCFF938AEP,/experiments/ENCSR749ILN/,0,0,1,0,0,0,0,0,0,0
ENCFF203WUL,/experiments/ENCSR749MUH/,0,0,0,0,0,0,1,0,0,0
ENCFF459TCP,/experiments/ENCSR749MUH/,0,0,0,0,0,0,1,0,0,0
ENCFF191LUN,/experiments/ENCSR749MUH/,0,0,0,0,0,0,1,0,0,0
ENCFF123FAS,/experiments/ENCSR749WVO/,0,0,0,1,1,1,0,0,0,0
ENCFF611OSZ,/experiments/ENCSR749WVO/,0,0,0,1,1,1,0,0,0,0
ENCFF253DPG,/experiments/ENCSR749WVO/,0,0,0,1,1,1,0,0,0,0
ENCFF897SOW,/experiments/ENCSR749YCR/,0,0,0,0,0,0,0,1,0,0
ENCFF905BSB,/experiments/ENCSR751LYJ/,0,0,0,1,0,0,0,0,0,0
ENCFF672YET,/experiments/ENCSR751LYJ/,0,0,0,1,0,0,0,0,0,0
ENCFF360CTA,/experiments/ENCSR751LYJ/,0,0,0,1,0,0,0,0,0,0
ENCFF524TJY,/experiments/ENCSR751LYJ/,0,0,0,1,0,0,0,0,0,0
ENCFF898ENG,/experiments/ENCSR751VMX/,1,1,0,0,0,1,0,0,0,0
ENCFF176YTE,/experiments/ENCSR751VMX/,1,1,0,0,0,1,0,0,0,0
ENCFF327VIK,/experiments/ENCSR751VMX/,1,1,0,0,0,1,0,0,0,0
ENCFF755MFM,/experiments/ENCSR752EPH/,0,0,1,0,0,0,1,0,0,0
ENCFF387LLQ,/experiments/ENCSR752EPH/,0,0,1,0,0,0,1,0,0,0
ENCFF961ZVJ,/experiments/ENCSR752EPH/,0,0,1,0,0,0,1,0,0,0
ENCFF463BBS,/experiments/ENCSR752EPH/,0,0,1,0,0,0,1,0,0,0
ENCFF461IGO,/experiments/ENCSR752EPH/,0,0,1,0,0,0,1,0,0,0
ENCFF027YDE,/experiments/ENCSR752NTF/,0,0,1,1,1,0,1,0,0,0
ENCFF423KHY,/experiments/ENCSR752NTF/,0,0,1,1,1,0,1,0,0,0
ENCFF027HWH,/experiments/ENCSR753QKD/,0,0,0,0,1,0,0,1,0,0
ENCFF594BFV,/experiments/ENCSR754LIN/,0,0,0,0,1,0,1,0,0,0
ENCFF671NXM,/experiments/ENCSR754LIN/,0,0,0,0,1,0,1,0,0,0
ENCFF922JUB,/experiments/ENCSR754LIN/,0,0,0,0,1,0,1,0,0,0
ENCFF111ELP,/experiments/ENCSR754LIN/,0,0,0,0,1,0,1,0,0,0
ENCFF575OHK,/experiments/ENCSR754LIN/,0,0,0,0,1,0,1,0,0,0
ENCFF543HTZ,/experiments/ENCSR754LIN/,0,0,0,0,1,0,1,0,0,0
ENCFF732NGM,/experiments/ENCSR754LIN/,0,0,0,0,1,0,1,0,0,0
ENCFF750SRW,/experiments/ENCSR756AFB/,1,1,0,0,0,0,0,0,1,0
ENCFF390OGO,/experiments/ENCSR756AFB/,1,1,0,0,0,0,0,0,1,0
ENCFF587QVX,/experiments/ENCSR756AFB/,1,1,0,0,0,0,0,0,1,0
ENCFF092JLP,/experiments/ENCSR756AFB/,1,1,0,0,0,0,0,0,1,0
ENCFF051XCF,/experiments/ENCSR756FQD/,0,0,0,0,0,0,1,0,0,1
ENCFF439GSP,/experiments/ENCSR756FQD/,0,0,0,0,0,0,1,0,0,1
ENCFF604EPJ,/experiments/ENCSR756QHG/,0,1,0,0,1,0,0,0,0,0
ENCFF610FVX,/experiments/ENCSR756QHG/,0,1,0,0,1,0,0,0,0,0
ENCFF738FYU,/experiments/ENCSR756SPS/,0,0,0,0,0,0,0,0,1,0
ENCFF652NOR,/experiments/ENCSR756SPS/,0,0,0,0,0,0,0,0,1,0
ENCFF354PNW,/experiments/ENCSR756SPS/,0,0,0,0,0,0,0,0,1,0
ENCFF978BKJ,/experiments/ENCSR756SPS/,0,0,0,0,0,0,0,0,1,0
ENCFF341QLU,/experiments/ENCSR757EPJ/,0,0,0,0,1,0,0,0,1,0
ENCFF197TZM,/experiments/ENCSR757EPJ/,0,0,0,0,1,0,0,0,1,0
ENCFF681MXM,/experiments/ENCSR757NJT/,0,0,0,0,0,1,0,0,1,1
ENCFF112WSX,/experiments/ENCSR757NJT/,0,0,0,0,0,1,0,0,1,1
ENCFF002DVT,/experiments/ENCSR759UNY/,0,0,0,0,1,0,0,0,1,0
ENCFF002DYL,/experiments/ENCSR759UNY/,0,0,0,0,1,0,0,0,1,0
ENCFF002DYO,/experiments/ENCSR759UNY/,0,0,0,0,1,0,0,0,1,0
ENCFF002DVR,/experiments/ENCSR759UNY/,0,0,0,0,1,0,0,0,1,0
ENCFF002DYM,/experiments/ENCSR759UNY/,0,0,0,0,1,0,0,0,1,0
ENCFF052YEP,/experiments/ENCSR759ZVU/,0,0,1,0,1,0,0,0,0,0
ENCFF774BDG,/experiments/ENCSR759ZVU/,0,0,1,0,1,0,0,0,0,0
ENCFF418XCL,/experiments/ENCSR759ZVU/,0,0,1,0,1,0,0,0,0,0
ENCFF567IMM,/experiments/ENCSR759ZVU/,0,0,1,0,1,0,0,0,0,0
ENCFF425IJY,/experiments/ENCSR760QZM/,0,1,0,0,0,0,1,0,1,0
ENCFF710BTM,/experiments/ENCSR760QZM/,0,1,0,0,0,0,1,0,1,0
ENCFF710PWL,/experiments/ENCSR760QZM/,0,1,0,0,0,0,1,0,1,0
ENCFF245ELJ,/experiments/ENCSR761ZFA/,1,1,0,0,0,0,0,1,0,0
ENCFF863PCQ,/experiments/ENCSR761ZFA/,1,1,0,0,0,0,0,1,0,0
ENCFF009UUH,/experiments/ENCSR761ZFA/,1,1,0,0,0,0,0,1,0,0
ENCFF144ZQA,/experiments/ENCSR762FCX/,0,0,1,0,0,0,0,0,0,0
ENCFF895VUK,/experiments/ENCSR762FCX/,0,0,1,0,0,0,0,0,0,0
ENCFF514ZRR,/experiments/ENCSR763AKE/,0,0,1,0,0,0,0,0,0,1
ENCFF275QXI,/experiments/ENCSR763AKE/,0,0,1,0,0,0,0,0,0,1
ENCFF927UEF,/experiments/ENCSR763XBU/,0,0,0,0,0,0,1,0,0,0
ENCFF756EFF,/experiments/ENCSR763XBU/,0,0,0,0,0,0,1,0,0,0
ENCFF389GPO,/experiments/ENCSR765BSU/,1,0,0,0,0,0,0,0,1,0
ENCFF334ABR,/experiments/ENCSR765BSU/,1,0,0,0,0,0,0,0,1,0
ENCFF778EOA,/experiments/ENCSR765TON/,0,0,0,0,0,0,0,0,0,0
ENCFF327ZSB,/experiments/ENCSR765TON/,0,0,0,0,0,0,0,0,0,0
ENCFF450ESS,/experiments/ENCSR765ZML/,0,0,0,0,0,0,0,1,0,0
ENCFF875KDA,/experiments/ENCSR765ZML/,0,0,0,0,0,0,0,1,0,0
ENCFF926AFF,/experiments/ENCSR767AJS/,1,0,0,0,0,0,1,0,1,0
ENCFF504LFX,/experiments/ENCSR767AJS/,1,0,0,0,0,0,1,0,1,0
ENCFF539VYO,/experiments/ENCSR767AJS/,1,0,0,0,0,0,1,0,1,0
ENCFF753XBX,/experiments/ENCSR767AJS/,1,0,0,0,0,0,1,0,1,0
ENCFF310LVJ,/experiments/ENCSR767AJS/,1,0,0,0,0,0,1,0,1,0
ENCFF883KCK,/experiments/ENCSR767AJS/,1,0,0,0,0,0,1,0,1,0
ENCFF148VHT,/experiments/ENCSR767AJS/,1,0,0,0,0,0,1,0,1,0
ENCFF175WVP,/experiments/ENCSR768AWY/,0,0,1,0,0,0,0,0,0,0
ENCFF382SFK,/experiments/ENCSR768OLL/,1,0,1,0,1,1,0,0,0,0
ENCFF849LPN,/experiments/ENCSR768OLL/,1,0,1,0,1,1,0,0,0,0
ENCFF542JVH,/experiments/ENCSR768OLL/,1,0,1,0,1,1,0,0,0,0
ENCFF454POK,/experiments/ENCSR769OIG/,0,0,0,1,0,0,0,0,1,0
ENCFF406PJA,/experiments/ENCSR769OIG/,0,0,0,1,0,0,0,0,1,0
ENCFF920JKV,/experiments/ENCSR770DEN/,0,0,0,0,0,0,0,0,0,0
ENCFF165GWH,/experiments/ENCSR770DEN/,0,0,0,0,0,0,0,0,0,0
ENCFF923BXV,/experiments/ENCSR770DEN/,0,0,0,0,0,0,0,0,0,0
ENCFF003EDE,/experiments/ENCSR770DEN/,0,0,0,0,0,0,0,0,0,0
ENCFF440YSJ,/experiments/ENCSR770DEN/,0,0,0,0,0,0,0,0,0,0
ENCFF853IHR,/experiments/ENCSR770DEN/,0,0,0,0,0,0,0,0,0,0
ENCFF978WLS,/experiments/ENCSR770JCP/,0,1,0,0,0,0,0,0,0,0
ENCFF094UXE,/experiments/ENCSR770JCP/,0,1,0,0,0,0,0,0,0,0
ENCFF140NJJ,/experiments/ENCSR770JCP/,0,1,0,0,0,0,0,0,0,0
ENCFF978XRE,/experiments/ENCSR770OTB/,0,1,0,0,0,1,0,0,0,0
ENCFF897LCH,/experiments/ENCSR770OTB/,0,1,0,0,0,1,0,0,0,0
ENCFF002DYT,/experiments/ENCSR771DAX/,0,0,1,0,1,0,1,1,0,1
ENCFF002DYS,/experiments/ENCSR771DAX/,0,0,1,0,1,0,1,1,0,1
ENCFF002DYQ,/experiments/ENCSR771DAX/,0,0,1,0,1,0,1,1,0,1
ENCFF065RNT,/experiments/ENCSR771DAX/,0,0,1,0,1,0,1,1,0,1
ENCFF258NTO,/experiments/ENCSR771DAX/,0,0,1,0,1,0,1,1,0,1
ENCFF829BUM,/experiments/ENCSR771DAX/,0,0,1,0,1,0,1,1,0,1
ENCFF416DPV,/experiments/ENCSR771DAX/,0,0,1,0,1,0,1,1,0,1
ENCFF749BRH,/experiments/ENCSR771JQH/,0,1,0,1,0,0,0,0,0,0
ENCFF466QDD,/experiments/ENCSR772HUG/,0,0,0,0,0,0,0,0,0,0
ENCFF559KID,/experiments/ENCSR772HUG/,0,0,0,0,0,0,0,0,0,0
ENCFF636CHN,/experiments/ENCSR773SAG/,0,0,0,1,1,0,0,0,0,0
ENCFF334CWH,/experiments/ENCSR773SAG/,0,0,0,1,1,0,0,0,0,0
ENCFF023VWV,/experiments/ENCSR773SAG/,0,0,0,1,1,0,0,0,0,0
ENCFF978GQH,/experiments/ENCSR773SAG/,0,0,0,1,1,0,0,0,0,0
ENCFF189ITP,/experiments/ENCSR774RCO/,1,0,0,0,0,0,0,0,0,0
ENCFF963VXJ,/experiments/ENCSR774RCO/,1,0,0,0,0,0,0,0,0,0
ENCFF284QQA,/experiments/ENCSR774RCO/,1,0,0,0,0,0,0,0,0,0
ENCFF719RAI,/experiments/ENCSR774TQO/,0,1,0,0,0,0,0,0,0,0
ENCFF676XGP,/experiments/ENCSR774TQO/,0,1,0,0,0,0,0,0,0,0
ENCFF675AFR,/experiments/ENCSR774TQO/,0,1,0,0,0,0,0,0,0,0
ENCFF252TCM,/experiments/ENCSR774TQO/,0,1,0,0,0,0,0,0,0,0
ENCFF281VSQ,/experiments/ENCSR774TQO/,0,1,0,0,0,0,0,0,0,0
ENCFF422EKK,/experiments/ENCSR774TQO/,0,1,0,0,0,0,0,0,0,0
ENCFF773TVH,/experiments/ENCSR774TQO/,0,1,0,0,0,0,0,0,0,0
ENCFF188ZNZ,/experiments/ENCSR775KLH/,0,1,0,1,0,0,0,0,1,0
ENCFF754CXQ,/experiments/ENCSR775KLH/,0,1,0,1,0,0,0,0,1,0
ENCFF717NXD,/experiments/ENCSR775YJL/,0,0,0,0,0,0,0,0,0,0
ENCFF506ETH,/experiments/ENCSR775YJL/,0,0,0,0,0,0,0,0,0,0
ENCFF667FEZ,/experiments/ENCSR775YJL/,0,0,0,0,0,0,0,0,0,0
ENCFF198LIX,/experiments/ENCSR775YJL/,0,0,0,0,0,0,0,0,0,0
ENCFF393DWL,/experiments/ENCSR776BTO/,1,0,1,1,0,1,0,0,1,0
ENCFF542DYU,/experiments/ENCSR776BTO/,1,0,1,1,0,1,0,0,1,0
ENCFF800OUU,/experiments/ENCSR777USE/,0,0,0,1,0,1,0,0,0,0
ENCFF828REB,/experiments/ENCSR777USE/,0,0,0,1,0,1,0,0,0,0
ENCFF330EMH,/experiments/ENCSR778DWG/,0,0,0,0,0,0,0,0,0,0
ENCFF618TTI,/experiments/ENCSR780ABS/,0,0,0,0,0,0,0,0,0,0
ENCFF846JNO,/experiments/ENCSR780ABS/,0,0,0,0,0,0,0,0,0,0
ENCFF409HMJ,/experiments/ENCSR781TYE/,0,0,0,0,0,0,0,0,0,0
ENCFF956HVD,/experiments/ENCSR781TYE/,0,0,0,0,0,0,0,0,0,0
ENCFF791SOS,/experiments/ENCSR781TYE/,0,0,0,0,0,0,0,0,0,0
ENCFF776VSY,/experiments/ENCSR781TYE/,0,0,0,0,0,0,0,0,0,0
ENCFF726SST,/experiments/ENCSR782SSS/,0,0,1,0,0,1,0,0,0,1
ENCFF629RQV,/experiments/ENCSR782SSS/,0,0,1,0,0,1,0,0,0,1
ENCFF002DYZ,/experiments/ENCSR782XFY/,0,0,0,0,1,0,0,0,0,0
ENCFF002DUU,/experiments/ENCSR782XFY/,0,0,0,0,1,0,0,0,0,0
ENCFF002DUV,/experiments/ENCSR782XFY/,0,0,0,0,1,0,0,0,0,0
ENCFF002DYW,/experiments/ENCSR782XFY/,0,0,0,0,1,0,0,0,0,0
ENCFF002DUX,/experiments/ENCSR782XFY/,0,0,0,0,1,0,0,0,0,0
ENCFF002DUY,/experiments/ENCSR782XFY/,0,0,0,0,1,0,0,0,0,0
ENCFF002DVB,/experiments/ENCSR782XFY/,0,0,0,0,1,0,0,0,0,0
ENCFF002DYX,/experiments/ENCSR782XFY/,0,0,0,0,1,0,0,0,0,0
ENCFF429JTA,/experiments/ENCSR783OCW/,0,1,0,0,0,0,0,0,1,0
ENCFF369GXC,/experiments/ENCSR783OCW/,0,1,0,0,0,0,0,0,1,0
ENCFF077DYY,/experiments/ENCSR783OCW/,0,1,0,0,0,0,0,0,1,0
ENCFF496NRB,/experiments/ENCSR784GVR/,0,0,0,0,0,0,0,0,0,0
ENCFF675FQY,/experiments/ENCSR784GVR/,0,0,0,0,0,0,0,0,0,0
ENCFF317MGX,/experiments/ENCSR784RMA/,1,0,1,1,1,0,0,0,0,1
ENCFF239JTU,/experiments/ENCSR785BDQ/,0,0,0,0,0,0,0,0,0,1
ENCFF716ZBR,/experiments/ENCSR785BDQ/,0,0,0,0,0,0,0,0,0,1
ENCFF640MXL,/experiments/ENCSR785BDQ/,0,0,0,0,0,0,0,0,0,1
ENCFF960KQI,/experiments/ENCSR785BDQ/,0,0,0,0,0,0,0,0,0,1
ENCFF544CAI,/experiments/ENCSR785BDQ/,0,0,0,0,0,0,0,0,0,1
ENCFF752GHJ,/experiments/ENCSR785BDQ/,0,0,0,0,0,0,0,0,0,1
ENCFF892VZY,/experiments/ENCSR785BDQ/,0,0,0,0,0,0,0,0,0,1
ENCFF244VKW,/experiments/ENCSR785JXR/,0,0,0,0,0,0,0,0,0,0
ENCFF485HKR,/experiments/ENCSR785JXR/,0,0,0,0,0,0,0,0,0,0
ENCFF847EGC,/experiments/ENCSR785MXI/,0,0,0,0,0,0,1,1,0,0
ENCFF906XDO,/experiments/ENCSR785MXI/,0,0,0,0,0,0,1,1,0,0
ENCFF309JFV,/experiments/ENCSR785RIM/,1,0,0,1,0,0,0,0,0,0
ENCFF405DNG,/experiments/ENCSR785ZUI/,1,0,0,1,0,0,1,0,0,0
ENCFF566VIT,/experiments/ENCSR785ZUI/,1,0,0,1,0,0,1,0,0,0
ENCFF465FRV,/experiments/ENCSR785ZUI/,1,0,0,1,0,0,1,0,0,0
ENCFF860VAN,/experiments/ENCSR785ZUI/,1,0,0,1,0,0,1,0,0,0
ENCFF089MAP,/experiments/ENCSR785ZUI/,1,0,0,1,0,0,1,0,0,0
ENCFF943APV,/experiments/ENCSR786FWF/,0,0,0,1,0,0,0,0,0,0
ENCFF296VDO,/experiments/ENCSR786FWF/,0,0,0,1,0,0,0,0,0,0
ENCFF006NJX,/experiments/ENCSR787ERP/,0,0,0,0,0,0,0,0,1,0
ENCFF243LZZ,/experiments/ENCSR788IZL/,1,0,0,0,1,1,0,0,0,0
ENCFF546DIU,/experiments/ENCSR788IZL/,1,0,0,0,1,1,0,0,0,0
ENCFF069QUP,/experiments/ENCSR788IZL/,1,0,0,0,1,1,0,0,0,0
ENCFF595PLX,/experiments/ENCSR788KLG/,0,0,1,0,0,0,0,1,0,0
ENCFF232THD,/experiments/ENCSR788KLG/,0,0,1,0,0,0,0,1,0,0
ENCFF983IWU,/experiments/ENCSR788KLG/,0,0,1,0,0,0,0,1,0,0
ENCFF373CFF,/experiments/ENCSR788KLG/,0,0,1,0,0,0,0,1,0,0
ENCFF703WGJ,/experiments/ENCSR788KLG/,0,0,1,0,0,0,0,1,0,0
ENCFF957JDD,/experiments/ENCSR788KLG/,0,0,1,0,0,0,0,1,0,0
ENCFF978QDQ,/experiments/ENCSR788SKJ/,0,1,0,0,0,1,0,0,0,0
ENCFF369QCM,/experiments/ENCSR788SOI/,0,1,0,0,0,0,0,1,0,0
ENCFF260GSJ,/experiments/ENCSR788SOI/,0,1,0,0,0,0,0,1,0,0
ENCFF613EUA,/experiments/ENCSR789AYI/,0,0,0,0,0,0,0,0,1,0
ENCFF219OAH,/experiments/ENCSR789AYI/,0,0,0,0,0,0,0,0,1,0
ENCFF815ENE,/experiments/ENCSR789AYI/,0,0,0,0,0,0,0,0,1,0
ENCFF510MXR,/experiments/ENCSR789AYI/,0,0,0,0,0,0,0,0,1,0
ENCFF459ZAU,/experiments/ENCSR789FJF/,0,0,1,0,0,0,0,1,0,0
ENCFF530YUT,/experiments/ENCSR789FJF/,0,0,1,0,0,0,0,1,0,0
ENCFF079YWC,/experiments/ENCSR789VGQ/,1,0,1,1,1,0,0,0,1,1
ENCFF380PLM,/experiments/ENCSR789VGQ/,1,0,1,1,1,0,0,0,1,1
ENCFF315JOZ,/experiments/ENCSR789VGQ/,1,0,1,1,1,0,0,0,1,1
ENCFF675XEC,/experiments/ENCSR789VGQ/,1,0,1,1,1,0,0,0,1,1
ENCFF445YBV,/experiments/ENCSR789VGQ/,1,0,1,1,1,0,0,0,1,1
ENCFF907JCI,/experiments/ENCSR790FIS/,0,0,1,0,0,0,0,0,0,1
ENCFF017KXG,/experiments/ENCSR790FIS/,0,0,1,0,0,0,0,0,0,1
ENCFF600OSX,/experiments/ENCSR790FIS/,0,0,1,0,0,0,0,0,0,1
ENCFF992WOH,/experiments/ENCSR791AJY/,0,0,0,0,0,0,1,0,0,1
ENCFF231YUM,/experiments/ENCSR791AJY/,0,0,0,0,0,0,1,0,0,1
ENCFF612PHH,/experiments/ENCSR791BHE/,0,0,0,0,0,0,1,0,0,0
ENCFF538YZN,/experiments/ENCSR791BHE/,0,0,0,0,0,0,1,0,0,0
ENCFF978WKQ,/experiments/ENCSR791BHE/,0,0,0,0,0,0,1,0,0,0
ENCFF223LTH,/experiments/ENCSR792QQE/,0,1,0,0,0,0,0,0,1,0
ENCFF078CNQ,/experiments/ENCSR792QQE/,0,1,0,0,0,0,0,0,1,0
ENCFF837CND,/experiments/ENCSR792ZXA/,0,1,0,0,1,1,0,1,0,1
ENCFF462ZAW,/experiments/ENCSR792ZXA/,0,1,0,0,1,1,0,1,0,1
ENCFF776IEC,/experiments/ENCSR792ZXA/,0,1,0,0,1,1,0,1,0,1
ENCFF884QTC,/experiments/ENCSR792ZXA/,0,1,0,0,1,1,0,1,0,1
ENCFF265TVM,/experiments/ENCSR792ZXA/,0,1,0,0,1,1,0,1,0,1
ENCFF817TTL,/experiments/ENCSR794KUS/,0,0,0,0,0,0,0,0,1,0
ENCFF091KZT,/experiments/ENCSR794KUS/,0,0,0,0,0,0,0,0,1,0
ENCFF375NZA,/experiments/ENCSR794LIK/,0,0,0,1,0,0,0,0,0,0
ENCFF773QSI,/experiments/ENCSR794LIK/,0,0,0,1,0,0,0,0,0,0
ENCFF465FYM,/experiments/ENCSR794TLA/,1,0,0,0,0,0,0,0,1,0
ENCFF709PTI,/experiments/ENCSR794TLA/,1,0,0,0,0,0,0,0,1,0
ENCFF639GQK,/experiments/ENCSR795ZKB/,1,0,0,0,0,0,1,1,0,0
ENCFF364NVN,/experiments/ENCSR795ZKB/,1,0,0,0,0,0,1,1,0,0
ENCFF639LYU,/experiments/ENCSR795ZKB/,1,0,0,0,0,0,1,1,0,0
ENCFF426JPG,/experiments/ENCSR795ZKB/,1,0,0,0,0,0,1,1,0,0
ENCFF474EFD,/experiments/ENCSR796PIM/,0,0,1,0,0,1,0,0,0,1
ENCFF350OPK,/experiments/ENCSR796PIM/,0,0,1,0,0,1,0,0,0,1
ENCFF271BCH,/experiments/ENCSR796SJV/,0,0,0,1,0,0,0,1,0,1
ENCFF122XCL,/experiments/ENCSR796SJV/,0,0,0,1,0,0,0,1,0,1
ENCFF739FTH,/experiments/ENCSR796YOJ/,0,0,0,0,0,0,0,0,0,1
ENCFF644EVV,/experiments/ENCSR796YOJ/,0,0,0,0,0,0,0,0,0,1
ENCFF020IQR,/experiments/ENCSR796YOJ/,0,0,0,0,0,0,0,0,0,1
ENCFF740APZ,/experiments/ENCSR797FIM/,0,0,0,1,0,1,0,0,1,1
ENCFF197EQQ,/experiments/ENCSR797FIM/,0,0,0,1,0,1,0,0,1,1
ENCFF242FSZ,/experiments/ENCSR798XLO/,0,0,1,0,0,0,1,1,0,0
ENCFF814OML,/experiments/ENCSR798XLO/,0,0,1,0,0,0,1,1,0,0
ENCFF149SFI,/experiments/ENCSR799MAX/,1,0,0,0,1,1,0,0,0,1
ENCFF210LLB,/experiments/ENCSR799MVH/,0,0,1,0,0,0,0,0,0,1
ENCFF841SLN,/experiments/ENCSR799MVH/,0,0,1,0,0,0,0,0,0,1
ENCFF291KKU,/experiments/ENCSR800ADR/,1,0,0,0,0,0,0,0,0,0
ENCFF577FCL,/experiments/ENCSR800ADR/,1,0,0,0,0,0,0,0,0,0
ENCFF666DDO,/experiments/ENCSR800KVI/,1,0,1,0,1,0,1,0,1,0
ENCFF193JYY,/experiments/ENCSR800KVI/,1,0,1,0,1,0,1,0,1,0
ENCFF859EGB,/experiments/ENCSR800KVI/,1,0,1,0,1,0,1,0,1,0
ENCFF970ZDP,/experiments/ENCSR800MBE/,0,0,0,0,0,1,0,0,1,1
ENCFF881MFS,/experiments/ENCSR800MBE/,0,0,0,0,0,1,0,0,1,1
ENCFF696JOR,/experiments/ENCSR800QGE/,0,0,1,0,0,0,1,1,0,0
ENCFF469QEG,/experiments/ENCSR800QGE/,0,0,1,0,0,0,1,1,0,0
ENCFF235UAK,/experiments/ENCSR800YHA/,0,0,0,0,0,0,0,1,0,0
ENCFF912TXA,/experiments/ENCSR800YHA/,0,0,0,0,0,0,0,1,0,0
ENCFF596EGS,/experiments/ENCSR801VSK/,1,0,0,0,0,0,1,1,0,0
ENCFF357WPG,/experiments/ENCSR801VSK/,1,0,0,0,0,0,1,1,0,0
ENCFF397AYO,/experiments/ENCSR802AJE/,0,0,0,0,0,0,0,1,0,1
ENCFF822OWF,/experiments/ENCSR802AJE/,0,0,0,0,0,0,0,1,0,1
ENCFF188GIQ,/experiments/ENCSR802MKV/,1,0,1,0,0,0,0,0,1,0
ENCFF353CTD,/experiments/ENCSR802MKV/,1,0,1,0,0,0,0,0,1,0
ENCFF894FCI,/experiments/ENCSR802NBC/,0,0,0,1,1,0,1,0,0,0
ENCFF869GQY,/experiments/ENCSR802NBC/,0,0,0,1,1,0,1,0,0,0
ENCFF496YJX,/experiments/ENCSR802ZYE/,0,0,0,0,0,0,0,0,1,0
ENCFF317HAX,/experiments/ENCSR802ZYE/,0,0,0,0,0,0,0,0,1,0
ENCFF819DOP,/experiments/ENCSR802ZYE/,0,0,0,0,0,0,0,0,1,0
ENCFF977OAG,/experiments/ENCSR803BLT/,0,0,0,0,0,0,0,0,0,0
ENCFF721YVX,/experiments/ENCSR803BLT/,0,0,0,0,0,0,0,0,0,0
ENCFF871JCC,/experiments/ENCSR803BLT/,0,0,0,0,0,0,0,0,0,0
ENCFF178HWR,/experiments/ENCSR803BLT/,0,0,0,0,0,0,0,0,0,0
ENCFF055TGY,/experiments/ENCSR803JVQ/,1,1,0,0,0,0,0,0,0,0
ENCFF236BEH,/experiments/ENCSR803VCR/,0,0,0,0,1,1,0,0,0,0
ENCFF525GTA,/experiments/ENCSR803VCR/,0,0,0,0,1,1,0,0,0,0
ENCFF173LXU,/experiments/ENCSR803VCR/,0,0,0,0,1,1,0,0,0,0
ENCFF424NVY,/experiments/ENCSR803VYN/,0,0,1,0,0,0,1,0,1,0
ENCFF708YTP,/experiments/ENCSR803VYN/,0,0,1,0,0,0,1,0,1,0
ENCFF030ZDL,/experiments/ENCSR803VYN/,0,0,1,0,0,0,1,0,1,0
ENCFF161DDB,/experiments/ENCSR803VYN/,0,0,1,0,0,0,1,0,1,0
ENCFF988TFZ,/experiments/ENCSR803VYN/,0,0,1,0,0,0,1,0,1,0
ENCFF575HJS,/experiments/ENCSR803VYN/,0,0,1,0,0,0,1,0,1,0
ENCFF139GQX,/experiments/ENCSR803VYN/,0,0,1,0,0,0,1,0,1,0
ENCFF389TOS,/experiments/ENCSR803VYN/,0,0,1,0,0,0,1,0,1,0
ENCFF715KYK,/experiments/ENCSR803VYN/,0,0,1,0,0,0,1,0,1,0
ENCFF572CXW,/experiments/ENCSR803VYN/,0,0,1,0,0,0,1,0,1,0
ENCFF826BDT,/experiments/ENCSR804CGV/,0,0,0,1,1,1,0,0,0,0
ENCFF602FUY,/experiments/ENCSR804CGV/,0,0,0,1,1,1,0,0,0,0
ENCFF205XRC,/experiments/ENCSR804CGV/,0,0,0,1,1,1,0,0,0,0
ENCFF635MTW,/experiments/ENCSR804CGV/,0,0,0,1,1,1,0,0,0,0
ENCFF053UHU,/experiments/ENCSR804RSI/,0,0,0,0,1,1,0,0,0,0
ENCFF078EBM,/experiments/ENCSR804RSI/,0,0,0,0,1,1,0,0,0,0
ENCFF978HUW,/experiments/ENCSR805EGZ/,0,0,0,0,0,1,0,0,0,0
ENCFF219INC,/experiments/ENCSR805EGZ/,0,0,0,0,0,1,0,0,0,0
ENCFF712NWT,/experiments/ENCSR805RJA/,0,1,0,0,0,0,1,0,0,0
ENCFF204APE,/experiments/ENCSR805RJA/,0,1,0,0,0,0,1,0,0,0
ENCFF146PWV,/experiments/ENCSR805XIF/,0,0,1,0,0,0,0,0,0,0
ENCFF501UMU,/experiments/ENCSR805XIF/,0,0,1,0,0,0,0,0,0,0
ENCFF002EQU,/experiments/ENCSR809CEA/,0,0,0,0,0,0,1,1,0,0
ENCFF579WHL,/experiments/ENCSR809CEA/,0,0,0,0,0,0,1,1,0,0
ENCFF002EQV,/experiments/ENCSR809CEA/,0,0,0,0,0,0,1,1,0,0
ENCFF270YBM,/experiments/ENCSR809CEA/,0,0,0,0,0,0,1,1,0,0
ENCFF231VNS,/experiments/ENCSR809CEA/,0,0,0,0,0,0,1,1,0,0
ENCFF002EQX,/experiments/ENCSR809CEA/,0,0,0,0,0,0,1,1,0,0
ENCFF164CNX,/experiments/ENCSR809CEA/,0,0,0,0,0,0,1,1,0,0
ENCFF883LZW,/experiments/ENCSR809LCE/,1,0,0,1,1,0,0,1,0,1
ENCFF290TEN,/experiments/ENCSR809LCE/,1,0,0,1,1,0,0,1,0,1
ENCFF442OAX,/experiments/ENCSR809LCE/,1,0,0,1,1,0,0,1,0,1
ENCFF369BNA,/experiments/ENCSR809OXS/,0,0,0,1,0,0,0,0,1,0
ENCFF410EPN,/experiments/ENCSR809OXS/,0,0,0,1,0,0,0,0,1,0
ENCFF451OZN,/experiments/ENCSR809OXS/,0,0,0,1,0,0,0,0,1,0
ENCFF480DNJ,/experiments/ENCSR809OXS/,0,0,0,1,0,0,0,0,1,0
ENCFF712SIL,/experiments/ENCSR809OXS/,0,0,0,1,0,0,0,0,1,0
ENCFF390CSU,/experiments/ENCSR809OXS/,0,0,0,1,0,0,0,0,1,0
ENCFF018TNW,/experiments/ENCSR809OXS/,0,0,0,1,0,0,0,0,1,0
ENCFF168HZY,/experiments/ENCSR809OXS/,0,0,0,1,0,0,0,0,1,0
ENCFF907YLV,/experiments/ENCSR809OXS/,0,0,0,1,0,0,0,0,1,0
ENCFF138IBJ,/experiments/ENCSR809OXS/,0,0,0,1,0,0,0,0,1,0
ENCFF556YXT,/experiments/ENCSR809OXS/,0,0,0,1,0,0,0,0,1,0
ENCFF348ZXX,/experiments/ENCSR809OXS/,0,0,0,1,0,0,0,0,1,0
ENCFF473OHT,/experiments/ENCSR809OXS/,0,0,0,1,0,0,0,0,1,0
ENCFF906MIR,/experiments/ENCSR809OXS/,0,0,0,1,0,0,0,0,1,0
ENCFF843BDI,/experiments/ENCSR809OXS/,0,0,0,1,0,0,0,0,1,0
ENCFF432VPV,/experiments/ENCSR810CTB/,0,0,0,1,0,0,0,0,0,0
ENCFF063KXH,/experiments/ENCSR811COL/,0,0,0,0,0,0,1,0,0,0
ENCFF450TBT,/experiments/ENCSR811COL/,0,0,0,0,0,0,1,0,0,0
ENCFF494VYH,/experiments/ENCSR811COL/,0,0,0,0,0,0,1,0,0,0
ENCFF732CJB,/experiments/ENCSR811COL/,0,0,0,0,0,0,1,0,0,0
ENCFF536XEO,/experiments/ENCSR811OUF/,0,1,0,0,1,0,0,1,0,0
ENCFF191KOG,/experiments/ENCSR811OUF/,0,1,0,0,1,0,0,1,0,0
ENCFF002DZE,/experiments/ENCSR813CKU/,0,0,0,1,0,0,1,1,0,0
ENCFF002DZB,/experiments/ENCSR813CKU/,0,0,0,1,0,0,1,1,0,0
ENCFF386BJO,/experiments/ENCSR814DYF/,0,0,1,0,0,0,1,0,0,1
ENCFF023LCG,/experiments/ENCSR814DYF/,0,0,1,0,0,0,1,0,0,1
ENCFF555KOS,/experiments/ENCSR814KRX/,0,0,0,0,1,0,0,0,0,0
ENCFF298LPS,/experiments/ENCSR814KRX/,0,0,0,0,1,0,0,0,0,0
ENCFF634VCC,/experiments/ENCSR814KRX/,0,0,0,0,1,0,0,0,0,0
ENCFF754HPK,/experiments/ENCSR814KRX/,0,0,0,0,1,0,0,0,0,0
ENCFF473LBM,/experiments/ENCSR814KRX/,0,0,0,0,1,0,0,0,0,0
ENCFF147LJK,/experiments/ENCSR814KRX/,0,0,0,0,1,0,0,0,0,0
ENCFF870DLK,/experiments/ENCSR814KRX/,0,0,0,0,1,0,0,0,0,0
ENCFF002ERC,/experiments/ENCSR814KRX/,0,0,0,0,1,0,0,0,0,0
ENCFF506PET,/experiments/ENCSR814KRX/,0,0,0,0,1,0,0,0,0,0
ENCFF392NUI,/experiments/ENCSR814KRX/,0,0,0,0,1,0,0,0,0,0
ENCFF713RGO,/experiments/ENCSR814KRX/,0,0,0,0,1,0,0,0,0,0
ENCFF057SCH,/experiments/ENCSR814KRX/,0,0,0,0,1,0,0,0,0,0
ENCFF387MHC,/experiments/ENCSR814KRX/,0,0,0,0,1,0,0,0,0,0
ENCFF002ERA,/experiments/ENCSR814KRX/,0,0,0,0,1,0,0,0,0,0
ENCFF684RKL,/experiments/ENCSR814KRX/,0,0,0,0,1,0,0,0,0,0
ENCFF171KNZ,/experiments/ENCSR814KRX/,0,0,0,0,1,0,0,0,0,0
ENCFF978NHU,/experiments/ENCSR815DWW/,0,1,0,1,0,0,0,0,0,1
ENCFF641PLB,/experiments/ENCSR817ALC/,1,0,0,0,0,1,0,0,0,0
ENCFF063JCP,/experiments/ENCSR817ALC/,1,0,0,0,0,1,0,0,0,0
ENCFF798LMV,/experiments/ENCSR818HHN/,1,0,0,0,0,0,0,0,0,0
ENCFF288RRL,/experiments/ENCSR818HHN/,1,0,0,0,0,0,0,0,0,0
ENCFF938SUL,/experiments/ENCSR818JGZ/,0,0,0,1,0,0,0,0,1,0
ENCFF177YLW,/experiments/ENCSR818JGZ/,0,0,0,1,0,0,0,0,1,0
ENCFF667HAO,/experiments/ENCSR818JGZ/,0,0,0,1,0,0,0,0,1,0
ENCFF509BGR,/experiments/ENCSR818JGZ/,0,0,0,1,0,0,0,0,1,0
ENCFF533AZL,/experiments/ENCSR818JGZ/,0,0,0,1,0,0,0,0,1,0
ENCFF958FRC,/experiments/ENCSR818JGZ/,0,0,0,1,0,0,0,0,1,0
ENCFF996YTI,/experiments/ENCSR818JGZ/,0,0,0,1,0,0,0,0,1,0
ENCFF975UBI,/experiments/ENCSR818JGZ/,0,0,0,1,0,0,0,0,1,0
ENCFF761QHI,/experiments/ENCSR818JGZ/,0,0,0,1,0,0,0,0,1,0
ENCFF045UZG,/experiments/ENCSR818JGZ/,0,0,0,1,0,0,0,0,1,0
ENCFF052HTJ,/experiments/ENCSR818JGZ/,0,0,0,1,0,0,0,0,1,0
ENCFF073YNU,/experiments/ENCSR818JGZ/,0,0,0,1,0,0,0,0,1,0
ENCFF679ZXH,/experiments/ENCSR818JGZ/,0,0,0,1,0,0,0,0,1,0
ENCFF163SAA,/experiments/ENCSR819EPD/,0,0,0,0,0,0,0,1,0,0
ENCFF622ADY,/experiments/ENCSR819GAF/,0,0,0,0,0,0,0,0,0,0
ENCFF390NIQ,/experiments/ENCSR819GAF/,0,0,0,0,0,0,0,0,0,0
ENCFF123CPQ,/experiments/ENCSR819GAF/,0,0,0,0,0,0,0,0,0,0
ENCFF673UGD,/experiments/ENCSR820ICX/,0,0,0,0,0,0,0,0,0,0
ENCFF081PQM,/experiments/ENCSR820ICX/,0,0,0,0,0,0,0,0,0,0
ENCFF449DUW,/experiments/ENCSR820ICX/,0,0,0,0,0,0,0,0,0,0
ENCFF221PBW,/experiments/ENCSR820WLP/,0,0,0,0,0,1,0,0,0,0
ENCFF427ZBA,/experiments/ENCSR820WLP/,0,0,0,0,0,1,0,0,0,0
ENCFF783ZDW,/experiments/ENCSR820WLP/,0,0,0,0,0,1,0,0,0,0
ENCFF393SHW,/experiments/ENCSR820WLP/,0,0,0,0,0,1,0,0,0,0
ENCFF558YGM,/experiments/ENCSR820WLP/,0,0,0,0,0,1,0,0,0,0
ENCFF160GMB,/experiments/ENCSR820WLP/,0,0,0,0,0,1,0,0,0,0
ENCFF070AZA,/experiments/ENCSR820WLP/,0,0,0,0,0,1,0,0,0,0
ENCFF587MSJ,/experiments/ENCSR820XRX/,0,0,0,0,1,0,0,0,0,0
ENCFF829USQ,/experiments/ENCSR820XRX/,0,0,0,0,1,0,0,0,0,0
ENCFF392KXC,/experiments/ENCSR822GDF/,1,1,0,0,1,0,0,0,0,0
ENCFF329NSO,/experiments/ENCSR822GDF/,1,1,0,0,1,0,0,0,0,0
ENCFF978IDI,/experiments/ENCSR822RKU/,0,0,0,0,0,0,0,0,0,1
ENCFF618SWW,/experiments/ENCSR822RKU/,0,0,0,0,0,0,0,0,0,1
ENCFF134VSF,/experiments/ENCSR823GSV/,1,0,0,0,1,0,0,0,0,0
ENCFF750BQD,/experiments/ENCSR823GSV/,1,0,0,0,1,0,0,0,0,0
ENCFF685DPB,/experiments/ENCSR823GSV/,1,0,0,0,1,0,0,0,0,0
ENCFF422WPZ,/experiments/ENCSR823GSV/,1,0,0,0,1,0,0,0,0,0
ENCFF962TZJ,/experiments/ENCSR824YLD/,0,0,0,0,0,0,0,0,0,0
ENCFF479PVH,/experiments/ENCSR824YLD/,0,0,0,0,0,0,0,0,0,0
ENCFF473AFK,/experiments/ENCSR824YVS/,0,0,0,0,0,0,1,1,0,0
ENCFF805RTE,/experiments/ENCSR824YVS/,0,0,0,0,0,0,1,1,0,0
ENCFF346INJ,/experiments/ENCSR824YVS/,0,0,0,0,0,0,1,1,0,0
ENCFF990UXQ,/experiments/ENCSR824YVS/,0,0,0,0,0,0,1,1,0,0
ENCFF016EKJ,/experiments/ENCSR824YVS/,0,0,0,0,0,0,1,1,0,0
ENCFF443DXI,/experiments/ENCSR826ERZ/,1,0,1,0,0,0,0,1,0,0
ENCFF337KND,/experiments/ENCSR826ERZ/,1,0,1,0,0,0,0,1,0,0
ENCFF017EYI,/experiments/ENCSR826URD/,0,0,0,0,0,1,0,0,0,0
ENCFF078TMY,/experiments/ENCSR826URD/,0,0,0,0,0,1,0,0,0,0
ENCFF540OUD,/experiments/ENCSR826URD/,0,0,0,0,0,1,0,0,0,0
ENCFF189BRY,/experiments/ENCSR828FVZ/,0,0,0,0,1,1,0,0,1,0
ENCFF434UUJ,/experiments/ENCSR828FVZ/,0,0,0,0,1,1,0,0,1,0
ENCFF601GYB,/experiments/ENCSR828RNY/,0,0,0,0,0,0,0,0,0,1
ENCFF122USR,/experiments/ENCSR828RNY/,0,0,0,0,0,0,0,0,0,1
ENCFF254JEW,/experiments/ENCSR829MXU/,0,0,0,1,0,0,0,0,0,0
ENCFF163WTN,/experiments/ENCSR829MXU/,0,0,0,1,0,0,0,0,0,0
ENCFF360APD,/experiments/ENCSR829MXU/,0,0,0,1,0,0,0,0,0,0
ENCFF043WCU,/experiments/ENCSR829MXU/,0,0,0,1,0,0,0,0,0,0
ENCFF174WFE,/experiments/ENCSR829MXU/,0,0,0,1,0,0,0,0,0,0
ENCFF196TRW,/experiments/ENCSR830IOW/,1,0,0,0,0,0,1,1,0,1
ENCFF278YBG,/experiments/ENCSR830IOW/,1,0,0,0,0,0,1,1,0,1
ENCFF192UER,/experiments/ENCSR830IOW/,1,0,0,0,0,0,1,1,0,1
ENCFF666CKC,/experiments/ENCSR830IOW/,1,0,0,0,0,0,1,1,0,1
ENCFF945EIV,/experiments/ENCSR831ITR/,1,0,0,0,0,0,1,0,0,0
ENCFF827FOV,/experiments/ENCSR831ITR/,1,0,0,0,0,0,1,0,0,0
ENCFF535QFQ,/experiments/ENCSR831ITR/,1,0,0,0,0,0,1,0,0,0
ENCFF273TDC,/experiments/ENCSR831ITR/,1,0,0,0,0,0,1,0,0,0
ENCFF433MKZ,/experiments/ENCSR831ITR/,1,0,0,0,0,0,1,0,0,0
ENCFF901IOZ,/experiments/ENCSR831QMZ/,0,0,1,0,0,0,0,0,0,0
ENCFF910YUY,/experiments/ENCSR831QMZ/,0,0,1,0,0,0,0,0,0,0
ENCFF014HFU,/experiments/ENCSR832IQN/,0,0,0,0,1,0,0,0,0,0
ENCFF217HGX,/experiments/ENCSR832IQN/,0,0,0,0,1,0,0,0,0,0
ENCFF450NWG,/experiments/ENCSR832THJ/,0,0,0,0,0,0,1,0,1,0
ENCFF886EPL,/experiments/ENCSR832XVZ/,0,0,0,0,0,0,0,0,1,0
ENCFF203GXQ,/experiments/ENCSR832XVZ/,0,0,0,0,0,0,0,0,1,0
ENCFF710RIP,/experiments/ENCSR837TJD/,0,0,1,0,0,0,0,1,0,0
ENCFF414QLH,/experiments/ENCSR837TJD/,0,0,1,0,0,0,0,1,0,0
ENCFF981QLX,/experiments/ENCSR837TJD/,0,0,1,0,0,0,0,1,0,0
ENCFF922LLJ,/experiments/ENCSR837TJD/,0,0,1,0,0,0,0,1,0,0
ENCFF261DOR,/experiments/ENCSR837VHE/,0,0,0,0,0,0,1,0,0,1
ENCFF761BBQ,/experiments/ENCSR837VHE/,0,0,0,0,0,0,1,0,0,1
ENCFF612IFF,/experiments/ENCSR837VHE/,0,0,0,0,0,0,1,0,0,1
ENCFF051HLZ,/experiments/ENCSR837VHE/,0,0,0,0,0,0,1,0,0,1
ENCFF169RXD,/experiments/ENCSR837ZSS/,0,1,0,0,0,0,1,0,0,0
ENCFF168LNE,/experiments/ENCSR838IPF/,0,1,0,0,0,0,0,0,0,1
ENCFF376PIL,/experiments/ENCSR838IPF/,0,1,0,0,0,0,0,0,0,1
ENCFF821XYU,/experiments/ENCSR838IPF/,0,1,0,0,0,0,0,0,0,1
ENCFF580BPE,/experiments/ENCSR839DGG/,0,0,0,1,1,0,0,0,0,0
ENCFF036BJU,/experiments/ENCSR839DGG/,0,0,0,1,1,0,0,0,0,0
ENCFF727NKR,/experiments/ENCSR839DGG/,0,0,0,1,1,0,0,0,0,0
ENCFF872BQG,/experiments/ENCSR839DGG/,0,0,0,1,1,0,0,0,0,0
ENCFF498JFJ,/experiments/ENCSR839GHA/,1,0,0,0,0,0,1,0,0,1
ENCFF661VFF,/experiments/ENCSR839GHA/,1,0,0,0,0,0,1,0,0,1
ENCFF328EXX,/experiments/ENCSR839RAJ/,0,0,0,0,0,0,0,0,0,0
ENCFF772YQL,/experiments/ENCSR839RAJ/,0,0,0,0,0,0,0,0,0,0
ENCFF767JAJ,/experiments/ENCSR840HMW/,0,0,0,0,0,0,1,1,0,0
ENCFF506FNS,/experiments/ENCSR840HMW/,0,0,0,0,0,0,1,1,0,0
ENCFF810ITI,/experiments/ENCSR840HMW/,0,0,0,0,0,0,1,1,0,0
ENCFF428VHE,/experiments/ENCSR840HMW/,0,0,0,0,0,0,1,1,0,0
ENCFF957PEB,/experiments/ENCSR840HMW/,0,0,0,0,0,0,1,1,0,0
ENCFF958NTX,/experiments/ENCSR840QLA/,0,1,0,0,0,1,0,0,0,0
ENCFF585WBH,/experiments/ENCSR840TVG/,0,1,0,0,0,1,0,0,1,0
ENCFF527PKX,/experiments/ENCSR840TVG/,0,1,0,0,0,1,0,0,1,0
ENCFF153KIE,/experiments/ENCSR840USW/,0,0,0,1,0,0,1,1,0,0
ENCFF815VDF,/experiments/ENCSR841UCZ/,0,0,0,0,0,0,0,0,1,0
ENCFF081PHP,/experiments/ENCSR842KCP/,0,1,0,1,0,1,0,0,0,0
ENCFF006AMI,/experiments/ENCSR842KCP/,0,1,0,1,0,1,0,0,0,0
ENCFF242LGB,/experiments/ENCSR842KCP/,0,1,0,1,0,1,0,0,0,0
ENCFF218JIY,/experiments/ENCSR842KCP/,0,1,0,1,0,1,0,0,0,0
ENCFF262HIW,/experiments/ENCSR842KCP/,0,1,0,1,0,1,0,0,0,0
ENCFF114UAS,/experiments/ENCSR842KCP/,0,1,0,1,0,1,0,0,0,0
ENCFF206VSW,/experiments/ENCSR842KCP/,0,1,0,1,0,1,0,0,0,0
ENCFF362ZCD,/experiments/ENCSR842KCP/,0,1,0,1,0,1,0,0,0,0
ENCFF931SMP,/experiments/ENCSR842KCP/,0,1,0,1,0,1,0,0,0,0
ENCFF126PXN,/experiments/ENCSR842KCP/,0,1,0,1,0,1,0,0,0,0
ENCFF838SOY,/experiments/ENCSR842VTJ/,0,0,1,0,0,1,0,1,0,1
ENCFF890TXC,/experiments/ENCSR842VTJ/,0,0,1,0,0,1,0,1,0,1
ENCFF518AMG,/experiments/ENCSR842VTJ/,0,0,1,0,0,1,0,1,0,1
ENCFF360YUX,/experiments/ENCSR845CFB/,0,0,0,0,1,1,0,0,0,0
ENCFF994YWK,/experiments/ENCSR845CFB/,0,0,0,0,1,1,0,0,0,0
ENCFF786TTA,/experiments/ENCSR845CFB/,0,0,0,0,1,1,0,0,0,0
ENCFF206RHC,/experiments/ENCSR845CFB/,0,0,0,0,1,1,0,0,0,0
ENCFF328XUE,/experiments/ENCSR845CFB/,0,0,0,0,1,1,0,0,0,0
ENCFF607CEJ,/experiments/ENCSR845CFB/,0,0,0,0,1,1,0,0,0,0
ENCFF126GDU,/experiments/ENCSR845CFB/,0,0,0,0,1,1,0,0,0,0
ENCFF475MIL,/experiments/ENCSR845CFB/,0,0,0,0,1,1,0,0,0,0
ENCFF973BQZ,/experiments/ENCSR845CFB/,0,0,0,0,1,1,0,0,0,0
ENCFF848QPD,/experiments/ENCSR845CFB/,0,0,0,0,1,1,0,0,0,0
ENCFF053NCF,/experiments/ENCSR845CFB/,0,0,0,0,1,1,0,0,0,0
ENCFF314TZW,/experiments/ENCSR845CFB/,0,0,0,0,1,1,0,0,0,0
ENCFF939CBI,/experiments/ENCSR845MEJ/,0,0,1,0,0,0,0,1,0,0
ENCFF477JHS,/experiments/ENCSR845MEJ/,0,0,1,0,0,0,0,1,0,0
ENCFF973AFO,/experiments/ENCSR846CTA/,0,0,0,0,1,0,1,0,1,1
ENCFF723TEH,/experiments/ENCSR846CTA/,0,0,0,0,1,0,1,0,1,1
ENCFF160IDI,/experiments/ENCSR846VGZ/,0,1,0,0,0,0,0,0,0,0
ENCFF846ERW,/experiments/ENCSR846VGZ/,0,1,0,0,0,0,0,0,0,0
ENCFF792OPG,/experiments/ENCSR846VGZ/,0,1,0,0,0,0,0,0,0,0
ENCFF420ZHO,/experiments/ENCSR847RSJ/,0,0,0,0,0,0,0,0,0,0
ENCFF900PGP,/experiments/ENCSR847RSJ/,0,0,0,0,0,0,0,0,0,0
ENCFF987UVQ,/experiments/ENCSR849CYU/,1,0,0,0,1,0,0,1,0,1
ENCFF057FJK,/experiments/ENCSR849CYU/,1,0,0,0,1,0,0,1,0,1
ENCFF936LVM,/experiments/ENCSR849OKE/,0,0,0,0,0,0,1,0,0,0
ENCFF701YTB,/experiments/ENCSR849OKE/,0,0,0,0,0,0,1,0,0,0
ENCFF212CAT,/experiments/ENCSR849WGE/,0,0,0,0,0,0,0,0,0,1
ENCFF239WSW,/experiments/ENCSR849WGE/,0,0,0,0,0,0,0,0,0,1
ENCFF443QCU,/experiments/ENCSR851ZFT/,0,1,0,1,0,0,1,1,0,0
ENCFF532SPJ,/experiments/ENCSR851ZFT/,0,1,0,1,0,0,1,1,0,0
ENCFF265RSB,/experiments/ENCSR851ZFT/,0,1,0,1,0,0,1,1,0,0
ENCFF777KQR,/experiments/ENCSR851ZFT/,0,1,0,1,0,0,1,1,0,0
ENCFF043WWH,/experiments/ENCSR854SEB/,1,0,0,0,0,0,0,0,0,0
ENCFF900ARO,/experiments/ENCSR854SEB/,1,0,0,0,0,0,0,0,0,0
ENCFF938MWM,/experiments/ENCSR854UWF/,0,0,0,0,0,0,0,0,0,1
ENCFF010RDR,/experiments/ENCSR854UWF/,0,0,0,0,0,0,0,0,0,1
ENCFF921BUV,/experiments/ENCSR855ASN/,0,0,1,0,1,0,0,0,1,1
ENCFF561IUN,/experiments/ENCSR855ASN/,0,0,1,0,1,0,0,0,1,1
ENCFF633EZD,/experiments/ENCSR855ASN/,0,0,1,0,1,0,0,0,1,1
ENCFF788KPR,/experiments/ENCSR855ASN/,0,0,1,0,1,0,0,0,1,1
ENCFF253LUB,/experiments/ENCSR855ASN/,0,0,1,0,1,0,0,0,1,1
ENCFF833TZG,/experiments/ENCSR855ASN/,0,0,1,0,1,0,0,0,1,1
ENCFF170LIL,/experiments/ENCSR855ASN/,0,0,1,0,1,0,0,0,1,1
ENCFF339MTK,/experiments/ENCSR855DJV/,0,1,0,0,0,0,1,0,1,0
ENCFF906SAW,/experiments/ENCSR855DJV/,0,1,0,0,0,0,1,0,1,0
ENCFF315GDY,/experiments/ENCSR855DJV/,0,1,0,0,0,0,1,0,1,0
ENCFF751MHH,/experiments/ENCSR855FOP/,0,0,0,0,1,0,0,1,0,0
ENCFF326STI,/experiments/ENCSR855FOP/,0,0,0,0,1,0,0,1,0,0
ENCFF943FLG,/experiments/ENCSR855FOP/,0,0,0,0,1,0,0,1,0,0
ENCFF386CBG,/experiments/ENCSR855FOP/,0,0,0,0,1,0,0,1,0,0
ENCFF664OYA,/experiments/ENCSR855FOP/,0,0,0,0,1,0,0,1,0,0
ENCFF172YUM,/experiments/ENCSR855FOP/,0,0,0,0,1,0,0,1,0,0
ENCFF699JMR,/experiments/ENCSR856NXV/,0,0,0,0,0,0,0,0,1,0
ENCFF513AMT,/experiments/ENCSR856NXV/,0,0,0,0,0,0,0,0,1,0
ENCFF967FOH,/experiments/ENCSR856NXV/,0,0,0,0,0,0,0,0,1,0
ENCFF133EIX,/experiments/ENCSR856NXV/,0,0,0,0,0,0,0,0,1,0
ENCFF023GGN,/experiments/ENCSR856NXV/,0,0,0,0,0,0,0,0,1,0
ENCFF862PBL,/experiments/ENCSR856NXV/,0,0,0,0,0,0,0,0,1,0
ENCFF040RJK,/experiments/ENCSR856NXV/,0,0,0,0,0,0,0,0,1,0
ENCFF357IAW,/experiments/ENCSR856NXV/,0,0,0,0,0,0,0,0,1,0
ENCFF224LJY,/experiments/ENCSR856NXV/,0,0,0,0,0,0,0,0,1,0
ENCFF500CZF,/experiments/ENCSR856QJX/,0,0,0,0,0,1,0,0,1,0
ENCFF695JMI,/experiments/ENCSR856QJX/,0,0,0,0,0,1,0,0,1,0
ENCFF222UAO,/experiments/ENCSR856XGY/,0,0,0,0,0,0,0,1,0,0
ENCFF241LNB,/experiments/ENCSR856XGY/,0,0,0,0,0,0,0,1,0,0
ENCFF012WXL,/experiments/ENCSR856XLJ/,0,0,0,1,0,1,0,0,0,0
ENCFF664BOI,/experiments/ENCSR856XLJ/,0,0,0,1,0,1,0,0,0,0
ENCFF772OJE,/experiments/ENCSR856XLJ/,0,0,0,1,0,1,0,0,0,0
ENCFF802NEE,/experiments/ENCSR857AEB/,1,0,0,1,0,0,1,0,0,0
ENCFF224BRN,/experiments/ENCSR857AEB/,1,0,0,1,0,0,1,0,0,0
ENCFF903LSJ,/experiments/ENCSR857AEB/,1,0,0,1,0,0,1,0,0,0
ENCFF302ERV,/experiments/ENCSR859CZM/,1,0,0,0,1,0,1,0,1,0
ENCFF558FDQ,/experiments/ENCSR859CZM/,1,0,0,0,1,0,1,0,1,0
ENCFF731DFY,/experiments/ENCSR859HEW/,0,0,1,0,1,0,1,0,0,0
ENCFF976QLP,/experiments/ENCSR859HEW/,0,0,1,0,1,0,1,0,0,0
ENCFF118IAO,/experiments/ENCSR859KGQ/,0,0,0,0,1,1,0,0,0,0
ENCFF320GBQ,/experiments/ENCSR859KGQ/,0,0,0,0,1,1,0,0,0,0
ENCFF970PBA,/experiments/ENCSR859KGQ/,0,0,0,0,1,1,0,0,0,0
ENCFF309YOK,/experiments/ENCSR859KGQ/,0,0,0,0,1,1,0,0,0,0
ENCFF822JPF,/experiments/ENCSR859KGQ/,0,0,0,0,1,1,0,0,0,0
ENCFF393VDU,/experiments/ENCSR859KGQ/,0,0,0,0,1,1,0,0,0,0
ENCFF735QZX,/experiments/ENCSR859KGQ/,0,0,0,0,1,1,0,0,0,0
ENCFF076ZYG,/experiments/ENCSR859LTL/,0,1,0,0,1,0,0,0,0,0
ENCFF767NOK,/experiments/ENCSR859LTL/,0,1,0,0,1,0,0,0,0,0
ENCFF084LGV,/experiments/ENCSR860IDO/,0,0,0,0,0,0,0,0,0,1
ENCFF645DKH,/experiments/ENCSR860NDZ/,0,0,0,0,0,1,0,0,0,1
ENCFF894RXP,/experiments/ENCSR860NDZ/,0,0,0,0,0,1,0,0,0,1
ENCFF324RAZ,/experiments/ENCSR860UTH/,1,0,0,1,0,1,0,0,0,0
ENCFF943ALQ,/experiments/ENCSR860UTH/,1,0,0,1,0,1,0,0,0,0
ENCFF351DAM,/experiments/ENCSR861NUH/,0,1,0,0,0,1,0,0,1,0
ENCFF597OWP,/experiments/ENCSR861NUH/,0,1,0,0,0,1,0,0,1,0
ENCFF785OLB,/experiments/ENCSR861NUH/,0,1,0,0,0,1,0,0,1,0
ENCFF494GGV,/experiments/ENCSR861NUH/,0,1,0,0,0,1,0,0,1,0
ENCFF724XGL,/experiments/ENCSR862OIS/,0,1,0,0,0,1,0,0,0,0
ENCFF752NCL,/experiments/ENCSR862OIS/,0,1,0,0,0,1,0,0,0,0
ENCFF326VCD,/experiments/ENCSR862OIS/,0,1,0,0,0,1,0,0,0,0
ENCFF572XYP,/experiments/ENCSR862OIS/,0,1,0,0,0,1,0,0,0,0
ENCFF179KMC,/experiments/ENCSR862SQC/,0,0,0,1,1,0,0,0,0,0
ENCFF019ZAZ,/experiments/ENCSR862SQC/,0,0,0,1,1,0,0,0,0,0
ENCFF597DRW,/experiments/ENCSR862ZDV/,0,0,0,1,0,0,1,0,0,0
ENCFF697JPE,/experiments/ENCSR862ZDV/,0,0,0,1,0,0,1,0,0,0
ENCFF616BBB,/experiments/ENCSR863LZT/,1,0,1,0,0,0,1,1,0,0
ENCFF166RBF,/experiments/ENCSR863SWY/,1,0,0,0,0,0,0,0,0,0
ENCFF356EAC,/experiments/ENCSR863SWY/,1,0,0,0,0,0,0,0,0,0
ENCFF350HWK,/experiments/ENCSR863SWY/,1,0,0,0,0,0,0,0,0,0
ENCFF531KQI,/experiments/ENCSR863SWY/,1,0,0,0,0,0,0,0,0,0
ENCFF311ZPM,/experiments/ENCSR863XNX/,0,0,0,0,1,0,1,1,0,0
ENCFF362PNQ,/experiments/ENCSR863XNX/,0,0,0,0,1,0,1,1,0,0
ENCFF056LLR,/experiments/ENCSR863XNX/,0,0,0,0,1,0,1,1,0,0
ENCFF393NUN,/experiments/ENCSR865CYW/,0,0,0,0,0,0,1,0,0,1
ENCFF637WZF,/experiments/ENCSR865CYW/,0,0,0,0,0,0,1,0,0,1
ENCFF391QPN,/experiments/ENCSR865ICK/,0,0,1,0,0,0,0,0,0,0
ENCFF504HQG,/experiments/ENCSR865ICK/,0,0,1,0,0,0,0,0,0,0
ENCFF629RYZ,/experiments/ENCSR865ICK/,0,0,1,0,0,0,0,0,0,0
ENCFF036OXC,/experiments/ENCSR865ICK/,0,0,1,0,0,0,0,0,0,0
ENCFF349IJY,/experiments/ENCSR866ODX/,0,0,0,1,0,0,1,0,0,0
ENCFF536PRH,/experiments/ENCSR866ODX/,0,0,0,1,0,0,1,0,0,0
ENCFF294INJ,/experiments/ENCSR866RCY/,0,0,0,1,0,0,0,0,0,0
ENCFF461SIX,/experiments/ENCSR866RCY/,0,0,0,1,0,0,0,0,0,0
ENCFF848FPF,/experiments/ENCSR867ITQ/,0,0,0,0,1,0,1,0,0,1
ENCFF583LZK,/experiments/ENCSR867ITQ/,0,0,0,0,1,0,1,0,0,1
ENCFF553FJX,/experiments/ENCSR867ITQ/,0,0,0,0,1,0,1,0,0,1
ENCFF787WPI,/experiments/ENCSR867ITQ/,0,0,0,0,1,0,1,0,0,1
ENCFF638TEF,/experiments/ENCSR867XFA/,0,0,1,0,0,0,0,0,1,1
ENCFF481ZDY,/experiments/ENCSR867XFA/,0,0,1,0,0,0,0,0,1,1
ENCFF078ZUT,/experiments/ENCSR867XFA/,0,0,1,0,0,0,0,0,1,1
ENCFF547NQV,/experiments/ENCSR868XPR/,0,0,1,1,0,0,1,0,0,1
ENCFF995KMZ,/experiments/ENCSR868XPR/,0,0,1,1,0,0,1,0,0,1
ENCFF936QOS,/experiments/ENCSR869JYO/,0,0,0,0,0,0,0,0,0,0
ENCFF637ACF,/experiments/ENCSR871APX/,0,0,0,1,0,0,0,0,0,1
ENCFF620RIJ,/experiments/ENCSR871APX/,0,0,0,1,0,0,0,0,0,1
ENCFF431LGS,/experiments/ENCSR872DUY/,0,0,0,1,0,0,0,0,0,0
ENCFF658GWP,/experiments/ENCSR872DUY/,0,0,0,1,0,0,0,0,0,0
ENCFF869KZB,/experiments/ENCSR872DUY/,0,0,0,1,0,0,0,0,0,0
ENCFF243NDD,/experiments/ENCSR872IXQ/,0,0,0,1,0,0,1,0,1,0
ENCFF006ELC,/experiments/ENCSR873ANE/,0,1,0,0,0,1,0,1,0,0
ENCFF311RLD,/experiments/ENCSR873ANE/,0,1,0,0,0,1,0,1,0,0
ENCFF894NEH,/experiments/ENCSR873ANE/,0,1,0,0,0,1,0,1,0,0
ENCFF662VEL,/experiments/ENCSR873ANE/,0,1,0,0,0,1,0,1,0,0
ENCFF474IVS,/experiments/ENCSR874CAK/,0,0,1,1,0,0,0,0,0,0
ENCFF692TLP,/experiments/ENCSR874CAK/,0,0,1,1,0,0,0,0,0,0
ENCFF639UAY,/experiments/ENCSR874DUP/,0,0,0,0,0,0,0,1,0,0
ENCFF618FBJ,/experiments/ENCSR875IVR/,0,0,0,1,0,0,1,1,0,0
ENCFF101ZMJ,/experiments/ENCSR875IVR/,0,0,0,1,0,0,1,1,0,0
ENCFF263BNT,/experiments/ENCSR876YAF/,0,0,0,0,0,0,1,0,0,1
ENCFF317HCZ,/experiments/ENCSR876YAF/,0,0,0,0,0,0,1,0,0,1
ENCFF386HWI,/experiments/ENCSR876YAF/,0,0,0,0,0,0,1,0,0,1
ENCFF199CCP,/experiments/ENCSR878ITC/,0,0,0,1,0,0,1,1,0,0
ENCFF565GCB,/experiments/ENCSR878VJL/,0,0,0,1,0,0,0,0,0,1
ENCFF340TRD,/experiments/ENCSR878VJL/,0,0,0,1,0,0,0,0,0,1
ENCFF574UWV,/experiments/ENCSR878VJL/,0,0,0,1,0,0,0,0,0,1
ENCFF830OCO,/experiments/ENCSR878VJL/,0,0,0,1,0,0,0,0,0,1
ENCFF614SHW,/experiments/ENCSR879EVD/,0,0,0,1,0,0,1,1,0,0
ENCFF875HJV,/experiments/ENCSR879EVD/,0,0,0,1,0,0,1,1,0,0
ENCFF520OEY,/experiments/ENCSR879XUH/,0,0,0,0,0,0,0,0,1,0
ENCFF590WSJ,/experiments/ENCSR879XUH/,0,0,0,0,0,0,0,0,1,0
ENCFF409VHW,/experiments/ENCSR880CUB/,0,0,0,0,1,0,1,0,0,0
ENCFF539HMU,/experiments/ENCSR880CUB/,0,0,0,0,1,0,1,0,0,0
ENCFF972FAG,/experiments/ENCSR880CUB/,0,0,0,0,1,0,1,0,0,0
ENCFF835FTC,/experiments/ENCSR881CRY/,0,1,0,1,0,0,0,1,0,0
ENCFF034BFA,/experiments/ENCSR881FBS/,1,0,0,0,0,1,0,0,1,0
ENCFF978UJM,/experiments/ENCSR881FBS/,1,0,0,0,0,1,0,0,1,0
ENCFF620FXZ,/experiments/ENCSR883RWB/,0,0,0,0,0,0,0,0,0,0
ENCFF563PPK,/experiments/ENCSR883RWB/,0,0,0,0,0,0,0,0,0,0
ENCFF875ACM,/experiments/ENCSR883RWB/,0,0,0,0,0,0,0,0,0,0
ENCFF961XKY,/experiments/ENCSR883RWB/,0,0,0,0,0,0,0,0,0,0
ENCFF485INU,/experiments/ENCSR883WDW/,1,0,0,0,0,0,0,0,0,0
ENCFF851GCI,/experiments/ENCSR883WDW/,1,0,0,0,0,0,0,0,0,0
ENCFF591NAW,/experiments/ENCSR884MCZ/,0,1,0,0,0,0,1,0,0,0
ENCFF913XMP,/experiments/ENCSR884MCZ/,0,1,0,0,0,0,1,0,0,0
ENCFF308FJZ,/experiments/ENCSR884ODJ/,0,0,1,0,0,0,0,0,0,0
ENCFF737EKG,/experiments/ENCSR885AWF/,0,0,0,0,1,0,0,0,0,0
ENCFF706LWA,/experiments/ENCSR885WWJ/,1,0,1,0,0,0,0,0,0,0
ENCFF721ASA,/experiments/ENCSR885WWJ/,1,0,1,0,0,0,0,0,0,0
ENCFF799WPU,/experiments/ENCSR885WWJ/,1,0,1,0,0,0,0,0,0,0
ENCFF981VTA,/experiments/ENCSR885XDO/,0,0,1,1,0,1,0,0,1,0
ENCFF569HIF,/experiments/ENCSR885XDO/,0,0,1,1,0,1,0,0,1,0
ENCFF631LTC,/experiments/ENCSR885ZBV/,0,0,0,1,1,0,0,1,0,1
ENCFF516GOA,/experiments/ENCSR885ZBV/,0,0,0,1,1,0,0,1,0,1
ENCFF391HSJ,/experiments/ENCSR887BNC/,1,1,0,0,1,0,0,0,1,0
ENCFF855JXV,/experiments/ENCSR887BNC/,1,1,0,0,1,0,0,0,1,0
ENCFF909XYY,/experiments/ENCSR887EBS/,1,0,0,0,1,0,0,0,0,0
ENCFF033XOM,/experiments/ENCSR887EBS/,1,0,0,0,1,0,0,0,0,0
ENCFF384HGW,/experiments/ENCSR887EBS/,1,0,0,0,1,0,0,0,0,0
ENCFF379JXA,/experiments/ENCSR887EBS/,1,0,0,0,1,0,0,0,0,0
ENCFF927JEG,/experiments/ENCSR887VUC/,0,0,0,0,0,0,0,0,0,0
ENCFF560WFW,/experiments/ENCSR887VUC/,0,0,0,0,0,0,0,0,0,0
ENCFF317BCY,/experiments/ENCSR888GBS/,0,0,1,0,0,0,0,0,1,0
ENCFF607AYQ,/experiments/ENCSR888GBS/,0,0,1,0,0,0,0,0,1,0
ENCFF714BGJ,/experiments/ENCSR888UPQ/,0,0,1,1,1,1,0,0,1,0
ENCFF702CZA,/experiments/ENCSR888UPQ/,0,0,1,1,1,1,0,0,1,0
ENCFF830VMZ,/experiments/ENCSR888ZIZ/,0,0,0,0,1,1,0,0,0,0
ENCFF784WGE,/experiments/ENCSR888ZIZ/,0,0,0,0,1,1,0,0,0,0
ENCFF420LGS,/experiments/ENCSR889ONK/,0,0,1,0,0,0,0,0,0,0
ENCFF788KWC,/experiments/ENCSR889ONK/,0,0,1,0,0,0,0,0,0,0
ENCFF192LRB,/experiments/ENCSR889WKL/,0,0,0,1,0,1,0,1,0,1
ENCFF335ZKA,/experiments/ENCSR889WKL/,0,0,0,1,0,1,0,1,0,1
ENCFF314MUP,/experiments/ENCSR889WKL/,0,0,0,1,0,1,0,1,0,1
ENCFF109UYY,/experiments/ENCSR889WKL/,0,0,0,1,0,1,0,1,0,1
ENCFF315FHF,/experiments/ENCSR889WKL/,0,0,0,1,0,1,0,1,0,1
ENCFF732HWX,/experiments/ENCSR889YWJ/,0,1,0,1,0,0,0,0,0,0
ENCFF541ZNP,/experiments/ENCSR891VOV/,0,0,0,0,0,0,1,0,0,1
ENCFF431JPD,/experiments/ENCSR891VOV/,0,0,0,0,0,0,1,0,0,1
ENCFF255ZKA,/experiments/ENCSR892LQT/,0,1,0,0,0,1,0,0,0,0
ENCFF490YDJ,/experiments/ENCSR892LQT/,0,1,0,0,0,1,0,0,0,0
ENCFF123TBL,/experiments/ENCSR894HWV/,0,0,1,0,0,0,0,0,0,1
ENCFF396YZD,/experiments/ENCSR894HWV/,0,0,1,0,0,0,0,0,0,1
ENCFF212BTX,/experiments/ENCSR894HWV/,0,0,1,0,0,0,0,0,0,1
ENCFF681HPN,/experiments/ENCSR895GSY/,0,0,0,0,1,0,0,0,0,0
ENCFF130KLT,/experiments/ENCSR895GSY/,0,0,0,0,1,0,0,0,0,0
ENCFF407XNE,/experiments/ENCSR895KTN/,0,0,0,0,0,0,0,0,0,0
ENCFF184EOG,/experiments/ENCSR895KTN/,0,0,0,0,0,0,0,0,0,0
ENCFF914LDI,/experiments/ENCSR895KTN/,0,0,0,0,0,0,0,0,0,0
ENCFF477PYH,/experiments/ENCSR895KTN/,0,0,0,0,0,0,0,0,0,0
ENCFF893MYT,/experiments/ENCSR895KTN/,0,0,0,0,0,0,0,0,0,0
ENCFF091TUT,/experiments/ENCSR895TUV/,0,0,1,1,0,0,0,0,0,1
ENCFF422QZG,/experiments/ENCSR895TUV/,0,0,1,1,0,0,0,0,0,1
ENCFF401FXN,/experiments/ENCSR896LMT/,0,0,0,0,0,0,0,1,0,0
ENCFF992JUD,/experiments/ENCSR896LMT/,0,0,0,0,0,0,0,1,0,0
ENCFF255WSV,/experiments/ENCSR898KAX/,1,0,0,0,1,0,0,0,1,0
ENCFF439NCW,/experiments/ENCSR898KAX/,1,0,0,0,1,0,0,0,1,0
ENCFF228PIM,/experiments/ENCSR898KAX/,1,0,0,0,1,0,0,0,1,0
ENCFF219CIN,/experiments/ENCSR898KAX/,1,0,0,0,1,0,0,0,1,0
ENCFF051PVI,/experiments/ENCSR898KAX/,1,0,0,0,1,0,0,0,1,0
ENCFF237BPG,/experiments/ENCSR898KAX/,1,0,0,0,1,0,0,0,1,0
ENCFF473AAA,/experiments/ENCSR902XFY/,0,0,0,0,0,0,0,0,0,0
ENCFF142IUW,/experiments/ENCSR902XFY/,0,0,0,0,0,0,0,0,0,0
ENCFF964YRG,/experiments/ENCSR902XFY/,0,0,0,0,0,0,0,0,0,0
ENCFF476DQM,/experiments/ENCSR902XFY/,0,0,0,0,0,0,0,0,0,0
ENCFF863FVN,/experiments/ENCSR902XFY/,0,0,0,0,0,0,0,0,0,0
ENCFF207KVZ,/experiments/ENCSR902XFY/,0,0,0,0,0,0,0,0,0,0
ENCFF882HXM,/experiments/ENCSR902XFY/,0,0,0,0,0,0,0,0,0,0
ENCFF089TZR,/experiments/ENCSR902XFY/,0,0,0,0,0,0,0,0,0,0
ENCFF679WCJ,/experiments/ENCSR902XFY/,0,0,0,0,0,0,0,0,0,0
ENCFF806NNB,/experiments/ENCSR903SKE/,0,0,0,0,0,1,0,0,0,0
ENCFF174PWC,/experiments/ENCSR903SKE/,0,0,0,0,0,1,0,0,0,0
ENCFF211XVI,/experiments/ENCSR903SKE/,0,0,0,0,0,1,0,0,0,0
ENCFF375KOZ,/experiments/ENCSR903SKE/,0,0,0,0,0,1,0,0,0,0
ENCFF592WTS,/experiments/ENCSR904GDU/,0,0,1,0,0,0,0,0,0,0
ENCFF665VBZ,/experiments/ENCSR904LMG/,0,0,0,0,0,1,0,0,0,0
ENCFF874DIM,/experiments/ENCSR904LMG/,0,0,0,0,0,1,0,0,0,0
ENCFF890DGA,/experiments/ENCSR904LMG/,0,0,0,0,0,1,0,0,0,0
ENCFF665WBA,/experiments/ENCSR907VOR/,0,1,0,0,0,1,0,0,0,1
ENCFF484TEY,/experiments/ENCSR907VOR/,0,1,0,0,0,1,0,0,0,1
ENCFF970CDE,/experiments/ENCSR907VOR/,0,1,0,0,0,1,0,0,0,1
ENCFF439JZQ,/experiments/ENCSR907VOR/,0,1,0,0,0,1,0,0,0,1
ENCFF406XVO,/experiments/ENCSR907VOR/,0,1,0,0,0,1,0,0,0,1
ENCFF057QWF,/experiments/ENCSR908MUU/,0,0,0,0,0,0,1,0,1,1
ENCFF423MFM,/experiments/ENCSR908MUU/,0,0,0,0,0,0,1,0,1,1
ENCFF609THW,/experiments/ENCSR909HFI/,0,0,0,0,1,0,0,0,0,0
ENCFF681HVU,/experiments/ENCSR909HFI/,0,0,0,0,1,0,0,0,0,0
ENCFF442WRY,/experiments/ENCSR909YET/,0,0,1,0,0,0,0,0,0,0
ENCFF073VAA,/experiments/ENCSR909YET/,0,0,1,0,0,0,0,0,0,0
ENCFF002DZI,/experiments/ENCSR910OQF/,0,0,0,0,0,0,0,0,1,0
ENCFF002DZY,/experiments/ENCSR910OQF/,0,0,0,0,0,0,0,0,1,0
ENCFF002DZL,/experiments/ENCSR910OQF/,0,0,0,0,0,0,0,0,1,0
ENCFF389UDN,/experiments/ENCSR910OQF/,0,0,0,0,0,0,0,0,1,0
ENCFF002DZG,/experiments/ENCSR910OQF/,0,0,0,0,0,0,0,0,1,0
ENCFF002DZK,/experiments/ENCSR910OQF/,0,0,0,0,0,0,0,0,1,0
ENCFF432VPE,/experiments/ENCSR910OQF/,0,0,0,0,0,0,0,0,1,0
ENCFF135JIT,/experiments/ENCSR911LTI/,1,0,0,0,0,0,0,0,0,0
ENCFF750DJO,/experiments/ENCSR911LTI/,1,0,0,0,0,0,0,0,0,0
ENCFF486WGC,/experiments/ENCSR911LTI/,1,0,0,0,0,0,0,0,0,0
ENCFF891DMO,/experiments/ENCSR911LTI/,1,0,0,0,0,0,0,0,0,0
ENCFF037IAM,/experiments/ENCSR911LTI/,1,0,0,0,0,0,0,0,0,0
ENCFF782XPX,/experiments/ENCSR911LTI/,1,0,0,0,0,0,0,0,0,0
ENCFF047PYB,/experiments/ENCSR911LTI/,1,0,0,0,0,0,0,0,0,0
ENCFF326YDP,/experiments/ENCSR911LTI/,1,0,0,0,0,0,0,0,0,0
ENCFF620IJY,/experiments/ENCSR911LTI/,1,0,0,0,0,0,0,0,0,0
ENCFF419BSC,/experiments/ENCSR911LTI/,1,0,0,0,0,0,0,0,0,0
ENCFF395PQP,/experiments/ENCSR911LTI/,1,0,0,0,0,0,0,0,0,0
ENCFF663YXQ,/experiments/ENCSR911LTI/,1,0,0,0,0,0,0,0,0,0
ENCFF624XMA,/experiments/ENCSR911LTI/,1,0,0,0,0,0,0,0,0,0
ENCFF692VCH,/experiments/ENCSR911LTI/,1,0,0,0,0,0,0,0,0,0
ENCFF702WHC,/experiments/ENCSR911YVV/,0,0,0,0,0,1,0,1,0,0
ENCFF351KOX,/experiments/ENCSR911YVV/,0,0,0,0,0,1,0,1,0,0
ENCFF237WBB,/experiments/ENCSR913LCG/,0,1,0,0,0,0,0,0,1,0
ENCFF052SHE,/experiments/ENCSR913LCG/,0,1,0,0,0,0,0,0,1,0
ENCFF178ZWB,/experiments/ENCSR913LCG/,0,1,0,0,0,0,0,0,1,0
ENCFF865EEJ,/experiments/ENCSR913LCG/,0,1,0,0,0,0,0,0,1,0
ENCFF420NQY,/experiments/ENCSR913LCG/,0,1,0,0,0,0,0,0,1,0
ENCFF478YRK,/experiments/ENCSR913NYL/,1,1,0,1,0,1,0,0,1,1
ENCFF621BOD,/experiments/ENCSR913OPY/,0,0,0,1,0,0,0,1,0,0
ENCFF842NID,/experiments/ENCSR913OPY/,0,0,0,1,0,0,0,1,0,0
ENCFF831UMW,/experiments/ENCSR913OPY/,0,0,0,1,0,0,0,1,0,0
ENCFF750ARZ,/experiments/ENCSR913OPY/,0,0,0,1,0,0,0,1,0,0
ENCFF542IZH,/experiments/ENCSR914DOH/,0,0,0,0,0,0,0,1,0,0
ENCFF947UEF,/experiments/ENCSR914DOH/,0,0,0,0,0,0,0,1,0,0
ENCFF060CDM,/experiments/ENCSR916MHX/,1,0,1,0,0,1,0,0,0,1
ENCFF385WDU,/experiments/ENCSR916MHX/,1,0,1,0,0,1,0,0,0,1
ENCFF153IQT,/experiments/ENCSR917BSW/,0,1,0,0,0,0,1,0,0,0
ENCFF302JVW,/experiments/ENCSR917BSW/,0,1,0,0,0,0,1,0,0,0
ENCFF728ZCV,/experiments/ENCSR920JUM/,0,0,0,0,0,0,0,0,0,0
ENCFF104SMF,/experiments/ENCSR920JUM/,0,0,0,0,0,0,0,0,0,0
ENCFF999WQW,/experiments/ENCSR921PPJ/,0,0,0,0,0,1,0,0,1,1
ENCFF370WTD,/experiments/ENCSR921PPJ/,0,0,0,0,0,1,0,0,1,1
ENCFF330WCH,/experiments/ENCSR922YEW/,0,0,0,0,1,0,0,0,0,0
ENCFF576GHL,/experiments/ENCSR922YEW/,0,0,0,0,1,0,0,0,0,0
ENCFF165KSW,/experiments/ENCSR923BEY/,0,0,0,0,0,1,0,0,0,0
ENCFF514QPP,/experiments/ENCSR923BEY/,0,0,0,0,0,1,0,0,0,0
ENCFF419NAZ,/experiments/ENCSR923JYH/,0,0,0,1,0,1,0,1,0,0
ENCFF050LNV,/experiments/ENCSR923JYH/,0,0,0,1,0,1,0,1,0,0
ENCFF612DEN,/experiments/ENCSR923UKN/,0,0,0,1,0,0,1,0,0,0
ENCFF122RJV,/experiments/ENCSR923UKN/,0,0,0,1,0,0,1,0,0,0
ENCFF772RJO,/experiments/ENCSR923UKN/,0,0,0,1,0,0,1,0,0,0
ENCFF312TLS,/experiments/ENCSR923UKN/,0,0,0,1,0,0,1,0,0,0
ENCFF155GIH,/experiments/ENCSR923UKN/,0,0,0,1,0,0,1,0,0,0
ENCFF556MIQ,/experiments/ENCSR924IHU/,0,0,0,0,0,1,0,0,0,0
ENCFF269QDT,/experiments/ENCSR924IHU/,0,0,0,0,0,1,0,0,0,0
ENCFF005OFJ,/experiments/ENCSR924IHU/,0,0,0,0,0,1,0,0,0,0
ENCFF688GBU,/experiments/ENCSR926SNI/,0,0,0,0,0,0,0,1,0,0
ENCFF053BKY,/experiments/ENCSR928PKL/,0,0,0,0,0,0,0,0,0,0
ENCFF463YFL,/experiments/ENCSR928PKL/,0,0,0,0,0,0,0,0,0,0
ENCFF417LLB,/experiments/ENCSR928SYE/,1,0,0,0,0,1,0,0,0,0
ENCFF874CGL,/experiments/ENCSR928SYE/,1,0,0,0,0,1,0,0,0,0
ENCFF155MWH,/experiments/ENCSR928SYE/,1,0,0,0,0,1,0,0,0,0
ENCFF991TVK,/experiments/ENCSR928SYE/,1,0,0,0,0,1,0,0,0,0
ENCFF584SLG,/experiments/ENCSR928SYE/,1,0,0,0,0,1,0,0,0,0
ENCFF785JRW,/experiments/ENCSR928SYE/,1,0,0,0,0,1,0,0,0,0
ENCFF083MLN,/experiments/ENCSR928SYE/,1,0,0,0,0,1,0,0,0,0
ENCFF954SPU,/experiments/ENCSR928SYE/,1,0,0,0,0,1,0,0,0,0
ENCFF481FSV,/experiments/ENCSR928WMU/,0,0,0,0,0,0,0,0,0,1
ENCFF399TFM,/experiments/ENCSR928WMU/,0,0,0,0,0,0,0,0,0,1
ENCFF190ISW,/experiments/ENCSR928WMU/,0,0,0,0,0,0,0,0,0,1
ENCFF416YBE,/experiments/ENCSR930AUG/,0,0,1,0,0,0,0,0,0,0
ENCFF120FQU,/experiments/ENCSR930AUG/,0,0,1,0,0,0,0,0,0,0
ENCFF027GSZ,/experiments/ENCSR930PDT/,0,0,0,0,0,1,0,0,0,0
ENCFF314MTN,/experiments/ENCSR930PDT/,0,0,0,0,0,1,0,0,0,0
ENCFF161EYY,/experiments/ENCSR930USX/,0,1,0,0,0,0,0,0,0,0
ENCFF340BOQ,/experiments/ENCSR930YSB/,0,0,0,1,0,0,0,0,1,0
ENCFF820BCZ,/experiments/ENCSR930YSB/,0,0,0,1,0,0,0,0,1,0
ENCFF534QCZ,/experiments/ENCSR931UQB/,0,0,0,0,1,0,0,0,1,0
ENCFF020BOB,/experiments/ENCSR931UQB/,0,0,0,0,1,0,0,0,1,0
ENCFF519QGW,/experiments/ENCSR931UQB/,0,0,0,0,1,0,0,0,1,0
ENCFF171ALU,/experiments/ENCSR932DHT/,0,0,0,0,0,0,0,0,1,0
ENCFF516MYU,/experiments/ENCSR932DHT/,0,0,0,0,0,0,0,0,1,0
ENCFF173XRS,/experiments/ENCSR932KWJ/,1,0,0,0,0,0,0,0,1,0
ENCFF655KJK,/experiments/ENCSR932KWJ/,1,0,0,0,0,0,0,0,1,0
ENCFF499OWE,/experiments/ENCSR932KWJ/,1,0,0,0,0,0,0,0,1,0
ENCFF002EPV,/experiments/ENCSR932KWJ/,1,0,0,0,0,0,0,0,1,0
ENCFF002EPU,/experiments/ENCSR932KWJ/,1,0,0,0,0,0,0,0,1,0
ENCFF593PVF,/experiments/ENCSR932KWJ/,1,0,0,0,0,0,0,0,1,0
ENCFF015ITU,/experiments/ENCSR932KWJ/,1,0,0,0,0,0,0,0,1,0
ENCFF538TKV,/experiments/ENCSR932OSG/,0,0,0,1,0,0,0,0,0,0
ENCFF743IWH,/experiments/ENCSR933GMM/,0,0,0,0,0,0,0,0,1,0
ENCFF300JBJ,/experiments/ENCSR933GMM/,0,0,0,0,0,0,0,0,1,0
ENCFF291GJP,/experiments/ENCSR933GMM/,0,0,0,0,0,0,0,0,1,0
ENCFF577WTQ,/experiments/ENCSR933HFM/,0,0,0,0,0,0,1,1,0,0
ENCFF027VUK,/experiments/ENCSR933VOY/,0,0,0,0,0,0,0,0,0,0
ENCFF452PIC,/experiments/ENCSR934ECT/,0,0,0,0,0,0,0,1,0,0
ENCFF728TDM,/experiments/ENCSR934ECT/,0,0,0,0,0,0,0,1,0,0
ENCFF947MQP,/experiments/ENCSR934ECT/,0,0,0,0,0,0,0,1,0,0
ENCFF671XGU,/experiments/ENCSR934ECT/,0,0,0,0,0,0,0,1,0,0
ENCFF649AMO,/experiments/ENCSR934IKS/,1,0,0,0,0,1,0,1,0,0
ENCFF478IBN,/experiments/ENCSR935EVZ/,0,1,0,1,1,0,0,0,0,0
ENCFF501JMN,/experiments/ENCSR935EVZ/,0,1,0,1,1,0,0,0,0,0
ENCFF922KYL,/experiments/ENCSR935HEI/,0,0,1,0,1,0,1,0,0,0
ENCFF358ZXP,/experiments/ENCSR935HEI/,0,0,1,0,1,0,1,0,0,0
ENCFF473VLK,/experiments/ENCSR935RRY/,0,0,1,0,0,0,1,0,0,0
ENCFF964XLC,/experiments/ENCSR935RRY/,0,0,1,0,0,0,1,0,0,0
ENCFF452JCZ,/experiments/ENCSR935RRY/,0,0,1,0,0,0,1,0,0,0
ENCFF953QAC,/experiments/ENCSR935RRY/,0,0,1,0,0,0,1,0,0,0
ENCFF176CBJ,/experiments/ENCSR935RRY/,0,0,1,0,0,0,1,0,0,0
ENCFF581MWF,/experiments/ENCSR935RRY/,0,0,1,0,0,0,1,0,0,0
ENCFF554JWW,/experiments/ENCSR935RRY/,0,0,1,0,0,0,1,0,0,0
ENCFF267MSW,/experiments/ENCSR935RRY/,0,0,1,0,0,0,1,0,0,0
ENCFF817CLB,/experiments/ENCSR935RRY/,0,0,1,0,0,0,1,0,0,0
ENCFF577CRU,/experiments/ENCSR935RRY/,0,0,1,0,0,0,1,0,0,0
ENCFF963WYA,/experiments/ENCSR935RRY/,0,0,1,0,0,0,1,0,0,0
ENCFF289NHG,/experiments/ENCSR935RRY/,0,0,1,0,0,0,1,0,0,0
ENCFF275OIY,/experiments/ENCSR935RRY/,0,0,1,0,0,0,1,0,0,0
ENCFF704MJA,/experiments/ENCSR937NLH/,0,0,0,0,0,0,1,0,0,1
ENCFF748ZUH,/experiments/ENCSR937RVN/,0,0,0,0,0,0,1,0,0,1
ENCFF950NHH,/experiments/ENCSR937RVN/,0,0,0,0,0,0,1,0,0,1
ENCFF453UOI,/experiments/ENCSR937UWI/,0,0,1,1,0,0,0,0,1,0
ENCFF952NNE,/experiments/ENCSR937UWI/,0,0,1,1,0,0,0,0,1,0
ENCFF810WZJ,/experiments/ENCSR937UWI/,0,0,1,1,0,0,0,0,1,0
ENCFF348EPI,/experiments/ENCSR937UWI/,0,0,1,1,0,0,0,0,1,0
ENCFF037HTQ,/experiments/ENCSR937UWI/,0,0,1,1,0,0,0,0,1,0
ENCFF451XGP,/experiments/ENCSR937UWI/,0,0,1,1,0,0,0,0,1,0
ENCFF193RKB,/experiments/ENCSR938OKL/,0,0,0,0,0,0,1,0,0,0
ENCFF249FSP,/experiments/ENCSR938OKL/,0,0,0,0,0,0,1,0,0,0
ENCFF984WAD,/experiments/ENCSR938UOR/,0,0,1,0,0,0,0,0,0,0
ENCFF045WLX,/experiments/ENCSR938UOR/,0,0,1,0,0,0,0,0,0,0
ENCFF161TUG,/experiments/ENCSR939NQH/,0,0,0,0,0,1,0,0,0,1
ENCFF210YLD,/experiments/ENCSR939NQH/,0,0,0,0,0,1,0,0,0,1
ENCFF377JES,/experiments/ENCSR939NQH/,0,0,0,0,0,1,0,0,0,1
ENCFF828MSC,/experiments/ENCSR939NQH/,0,0,0,0,0,1,0,0,0,1
ENCFF554DVZ,/experiments/ENCSR939NQH/,0,0,0,0,0,1,0,0,0,1
ENCFF902USX,/experiments/ENCSR939NQH/,0,0,0,0,0,1,0,0,0,1
ENCFF419WTN,/experiments/ENCSR939NQH/,0,0,0,0,0,1,0,0,0,1
ENCFF890MLE,/experiments/ENCSR940CXU/,0,0,1,0,0,0,0,0,0,0
ENCFF228GPO,/experiments/ENCSR940CXU/,0,0,1,0,0,0,0,0,0,0
ENCFF718AJP,/experiments/ENCSR940NLN/,0,0,1,0,0,0,0,0,0,0
ENCFF758FOC,/experiments/ENCSR940NLN/,0,0,1,0,0,0,0,0,0,0
ENCFF170FHM,/experiments/ENCSR940NLN/,0,0,1,0,0,0,0,0,0,0
ENCFF188LFA,/experiments/ENCSR940NLN/,0,0,1,0,0,0,0,0,0,0
ENCFF225MJG,/experiments/ENCSR940NLN/,0,0,1,0,0,0,0,0,0,0
ENCFF594ZTQ,/experiments/ENCSR940UEK/,1,0,0,0,1,0,0,0,0,0
ENCFF513NTW,/experiments/ENCSR940UEK/,1,0,0,0,1,0,0,0,0,0
ENCFF286XQY,/experiments/ENCSR941DTJ/,0,0,1,0,1,1,0,0,0,0
ENCFF753ELF,/experiments/ENCSR941DTJ/,0,0,1,0,1,1,0,0,0,0
ENCFF751JPP,/experiments/ENCSR941MHZ/,0,0,0,0,0,0,0,0,0,0
ENCFF865XKF,/experiments/ENCSR941MHZ/,0,0,0,0,0,0,0,0,0,0
ENCFF990XCE,/experiments/ENCSR941SMM/,0,0,1,0,0,0,0,0,0,1
ENCFF264JZE,/experiments/ENCSR941SMM/,0,0,1,0,0,0,0,0,0,1
ENCFF709LCD,/experiments/ENCSR943BCO/,0,1,0,0,0,1,0,1,0,0
ENCFF024ECV,/experiments/ENCSR943KMD/,0,0,1,0,1,0,0,0,0,0
ENCFF235VJH,/experiments/ENCSR943KMD/,0,0,1,0,1,0,0,0,0,0
ENCFF885ALG,/experiments/ENCSR943MRO/,1,1,0,1,0,0,1,0,1,0
ENCFF210OKB,/experiments/ENCSR943MRO/,1,1,0,1,0,0,1,0,1,0
ENCFF967WCO,/experiments/ENCSR943MRO/,1,1,0,1,0,0,1,0,1,0
ENCFF899RDU,/experiments/ENCSR943SYS/,1,0,0,0,1,0,0,0,0,1
ENCFF435LUY,/experiments/ENCSR943SYS/,1,0,0,0,1,0,0,0,0,1
ENCFF612DDI,/experiments/ENCSR943SYS/,1,0,0,0,1,0,0,0,0,1
ENCFF870HXJ,/experiments/ENCSR943SYS/,1,0,0,0,1,0,0,0,0,1
ENCFF703IJT,/experiments/ENCSR943SYS/,1,0,0,0,1,0,0,0,0,1
ENCFF099LVB,/experiments/ENCSR943SYS/,1,0,0,0,1,0,0,0,0,1
ENCFF962HFL,/experiments/ENCSR944GPH/,0,0,0,0,1,1,0,1,0,0
ENCFF542ACK,/experiments/ENCSR944JCE/,0,1,0,0,1,0,0,0,1,0
ENCFF585FVL,/experiments/ENCSR944JCE/,0,1,0,0,1,0,0,0,1,0
ENCFF339FBT,/experiments/ENCSR944NVO/,0,0,1,0,1,0,1,0,0,0
ENCFF653WHL,/experiments/ENCSR944NVO/,0,0,1,0,1,0,1,0,0,0
ENCFF234IRY,/experiments/ENCSR945JJB/,0,1,0,1,0,1,0,1,0,1
ENCFF191XDB,/experiments/ENCSR945JJB/,0,1,0,1,0,1,0,1,0,1
ENCFF055GWI,/experiments/ENCSR945KSP/,1,0,0,0,1,0,0,1,0,0
ENCFF167KZQ,/experiments/ENCSR945KSP/,1,0,0,0,1,0,0,1,0,0
ENCFF494VGQ,/experiments/ENCSR945RWN/,0,0,1,1,0,0,0,1,0,0
ENCFF786QGT,/experiments/ENCSR945RWN/,0,0,1,1,0,0,0,1,0,0
ENCFF421SHB,/experiments/ENCSR945RWN/,0,0,1,1,0,0,0,1,0,0
ENCFF044NCO,/experiments/ENCSR946BPA/,0,1,0,1,0,0,0,0,1,0
ENCFF863JGF,/experiments/ENCSR946DXB/,0,0,0,0,0,0,0,0,1,0
ENCFF670YLY,/experiments/ENCSR946DXB/,0,0,0,0,0,0,0,0,1,0
ENCFF500XHL,/experiments/ENCSR946DXB/,0,0,0,0,0,0,0,0,1,0
ENCFF162RIY,/experiments/ENCSR946DXB/,0,0,0,0,0,0,0,0,1,0
ENCFF887FJF,/experiments/ENCSR946DXB/,0,0,0,0,0,0,0,0,1,0
ENCFF170WPB,/experiments/ENCSR946DXB/,0,0,0,0,0,0,0,0,1,0
ENCFF264LQD,/experiments/ENCSR946DXB/,0,0,0,0,0,0,0,0,1,0
ENCFF055ZGM,/experiments/ENCSR946MVP/,0,0,0,0,1,0,1,0,1,0
ENCFF097VLT,/experiments/ENCSR946MVP/,0,0,0,0,1,0,1,0,1,0
ENCFF610QBV,/experiments/ENCSR946MVP/,0,0,0,0,1,0,1,0,1,0
ENCFF823EBI,/experiments/ENCSR946MVP/,0,0,0,0,1,0,1,0,1,0
ENCFF978FUT,/experiments/ENCSR946MVP/,0,0,0,0,1,0,1,0,1,0
ENCFF103YIZ,/experiments/ENCSR946OIO/,0,0,0,0,0,1,0,0,0,0
ENCFF887OQO,/experiments/ENCSR946OIO/,0,0,0,0,0,1,0,0,0,0
ENCFF747AOZ,/experiments/ENCSR947POC/,0,0,0,0,0,0,0,0,0,0
ENCFF475DTY,/experiments/ENCSR947POC/,0,0,0,0,0,0,0,0,0,0
ENCFF844JXW,/experiments/ENCSR947POC/,0,0,0,0,0,0,0,0,0,0
ENCFF600YGB,/experiments/ENCSR947POC/,0,0,0,0,0,0,0,0,0,0
ENCFF010VAL,/experiments/ENCSR947POC/,0,0,0,0,0,0,0,0,0,0
ENCFF404ADQ,/experiments/ENCSR947VPG/,0,1,0,0,0,0,0,1,0,0
ENCFF826TDY,/experiments/ENCSR947VPG/,0,1,0,0,0,0,0,1,0,0
ENCFF807YKA,/experiments/ENCSR949JYS/,0,0,1,0,0,0,0,0,0,0
ENCFF639IUS,/experiments/ENCSR949JYS/,0,0,1,0,0,0,0,0,0,0
ENCFF629PEZ,/experiments/ENCSR950YTI/,0,0,1,1,0,0,0,0,0,0
ENCFF556TEV,/experiments/ENCSR950YTI/,0,0,1,1,0,0,0,0,0,0
ENCFF287CHS,/experiments/ENCSR951BNY/,0,0,0,1,0,0,0,1,0,0
ENCFF545ODG,/experiments/ENCSR951BNY/,0,0,0,1,0,0,0,1,0,0
ENCFF830FJG,/experiments/ENCSR951BNY/,0,0,0,1,0,0,0,1,0,0
ENCFF399KFP,/experiments/ENCSR951BNY/,0,0,0,1,0,0,0,1,0,0
ENCFF832NLM,/experiments/ENCSR951BNY/,0,0,0,1,0,0,0,1,0,0
ENCFF548IDP,/experiments/ENCSR951MYM/,0,0,1,0,0,0,0,0,1,0
ENCFF618NFN,/experiments/ENCSR951XEN/,0,1,0,0,0,0,0,0,1,0
ENCFF503IUW,/experiments/ENCSR951XEN/,0,1,0,0,0,0,0,0,1,0
ENCFF435DBJ,/experiments/ENCSR951XEN/,0,1,0,0,0,0,0,0,1,0
ENCFF456NUC,/experiments/ENCSR951XEN/,0,1,0,0,0,0,0,0,1,0
ENCFF238XUM,/experiments/ENCSR952RWH/,0,0,0,0,0,1,0,0,0,0
ENCFF249QOU,/experiments/ENCSR952RWH/,0,0,0,0,0,1,0,0,0,0
ENCFF916YMJ,/experiments/ENCSR953JVX/,0,0,0,0,0,1,0,0,0,0
ENCFF799XLW,/experiments/ENCSR953JVX/,0,0,0,0,0,1,0,0,0,0
ENCFF618FCN,/experiments/ENCSR953JVX/,0,0,0,0,0,1,0,0,0,0
ENCFF356MGH,/experiments/ENCSR953OBW/,0,1,0,0,0,0,1,1,0,1
ENCFF719BKQ,/experiments/ENCSR953OBW/,0,1,0,0,0,0,1,1,0,1
ENCFF664IHT,/experiments/ENCSR953UJL/,0,0,0,0,0,1,0,0,0,0
ENCFF191FJK,/experiments/ENCSR953WJO/,0,1,0,0,0,1,0,0,1,0
ENCFF347TBD,/experiments/ENCSR953WJO/,0,1,0,0,0,1,0,0,1,0
ENCFF145NEL,/experiments/ENCSR953WJO/,0,1,0,0,0,1,0,0,1,0
ENCFF268INV,/experiments/ENCSR953XJU/,0,0,0,0,0,0,1,0,0,0
ENCFF949EMJ,/experiments/ENCSR953XJU/,0,0,0,0,0,0,1,0,0,0
ENCFF173NCO,/experiments/ENCSR953XJU/,0,0,0,0,0,0,1,0,0,0
ENCFF367RJC,/experiments/ENCSR954AJK/,0,0,0,1,0,1,0,0,0,0
ENCFF278OPI,/experiments/ENCSR954AJK/,0,0,0,1,0,1,0,0,0,0
ENCFF826VXI,/experiments/ENCSR955RQG/,0,0,0,0,0,0,0,0,0,0
ENCFF825KKP,/experiments/ENCSR955RQG/,0,0,0,0,0,0,0,0,0,0
ENCFF840APC,/experiments/ENCSR956NOL/,0,0,0,1,1,1,0,0,0,0
ENCFF272NFX,/experiments/ENCSR956RAI/,0,0,0,0,1,1,0,0,0,0
ENCFF912CVO,/experiments/ENCSR956RAI/,0,0,0,0,1,1,0,0,0,0
ENCFF296CJO,/experiments/ENCSR956RAI/,0,0,0,0,1,1,0,0,0,0
ENCFF385GFW,/experiments/ENCSR956RAI/,0,0,0,0,1,1,0,0,0,0
ENCFF317XWM,/experiments/ENCSR956RAI/,0,0,0,0,1,1,0,0,0,0
ENCFF304FRB,/experiments/ENCSR956ZHU/,0,0,0,1,0,0,0,0,0,0
ENCFF544DEN,/experiments/ENCSR956ZHU/,0,0,0,1,0,0,0,0,0,0
ENCFF939GKX,/experiments/ENCSR959HKR/,0,0,0,1,1,0,0,0,0,0
ENCFF890TCP,/experiments/ENCSR959HKR/,0,0,0,1,1,0,0,0,0,0
ENCFF662ZRQ,/experiments/ENCSR959HKR/,0,0,0,1,1,0,0,0,0,0
ENCFF533KOQ,/experiments/ENCSR959HKR/,0,0,0,1,1,0,0,0,0,0
ENCFF238EKO,/experiments/ENCSR959HKR/,0,0,0,1,1,0,0,0,0,0
ENCFF316IAZ,/experiments/ENCSR959HKR/,0,0,0,1,1,0,0,0,0,0
ENCFF002ERI,/experiments/ENCSR959ZXU/,0,0,0,0,0,0,0,0,0,0
ENCFF002ERE,/experiments/ENCSR959ZXU/,0,0,0,0,0,0,0,0,0,0
ENCFF002ERK,/experiments/ENCSR959ZXU/,0,0,0,0,0,0,0,0,0,0
ENCFF002ERF,/experiments/ENCSR959ZXU/,0,0,0,0,0,0,0,0,0,0
ENCFF158BYO,/experiments/ENCSR960EJV/,0,0,0,0,0,1,0,0,1,0
ENCFF223ROV,/experiments/ENCSR960EJV/,0,0,0,0,0,1,0,0,1,0
ENCFF033ZZE,/experiments/ENCSR960EVM/,1,1,0,0,1,0,0,1,0,0
ENCFF074XAM,/experiments/ENCSR961EFP/,1,1,0,0,0,0,0,0,0,0
ENCFF476IFD,/experiments/ENCSR961EFP/,1,1,0,0,0,0,0,0,0,0
ENCFF841VAT,/experiments/ENCSR961EFP/,1,1,0,0,0,0,0,0,0,0
ENCFF497FUA,/experiments/ENCSR961EFP/,1,1,0,0,0,0,0,0,0,0
ENCFF835FZT,/experiments/ENCSR961KOD/,0,0,0,0,0,0,0,0,0,0
ENCFF559NJV,/experiments/ENCSR961KOD/,0,0,0,0,0,0,0,0,0,0
ENCFF331TLZ,/experiments/ENCSR961KOD/,0,0,0,0,0,0,0,0,0,0
ENCFF690IWS,/experiments/ENCSR961KOD/,0,0,0,0,0,0,0,0,0,0
ENCFF589API,/experiments/ENCSR961KOD/,0,0,0,0,0,0,0,0,0,0
ENCFF780SGX,/experiments/ENCSR961KOD/,0,0,0,0,0,0,0,0,0,0
ENCFF779YOT,/experiments/ENCSR961KOD/,0,0,0,0,0,0,0,0,0,0
ENCFF309VTQ,/experiments/ENCSR961KOD/,0,0,0,0,0,0,0,0,0,0
ENCFF417OBJ,/experiments/ENCSR961KOD/,0,0,0,0,0,0,0,0,0,0
ENCFF649VDK,/experiments/ENCSR962EAP/,0,1,0,0,1,0,0,0,0,0
ENCFF583SLL,/experiments/ENCSR962EAP/,0,1,0,0,1,0,0,0,0,0
ENCFF927LGL,/experiments/ENCSR962MFI/,0,0,0,0,1,0,0,0,0,1
ENCFF650AZH,/experiments/ENCSR962VJO/,0,0,0,1,1,0,0,1,0,1
ENCFF366TYX,/experiments/ENCSR962VJO/,0,0,0,1,1,0,0,1,0,1
ENCFF484OQF,/experiments/ENCSR963ALV/,0,0,0,1,0,0,0,0,1,0
ENCFF219BIC,/experiments/ENCSR963ALV/,0,0,0,1,0,0,0,0,1,0
ENCFF795AUA,/experiments/ENCSR963ALV/,0,0,0,1,0,0,0,0,1,0
ENCFF198NDG,/experiments/ENCSR963ALV/,0,0,0,1,0,0,0,0,1,0
ENCFF226OBW,/experiments/ENCSR963ALV/,0,0,0,1,0,0,0,0,1,0
ENCFF814WXD,/experiments/ENCSR963ALV/,0,0,0,1,0,0,0,0,1,0
ENCFF107WWL,/experiments/ENCSR964MZQ/,0,1,0,0,1,0,1,1,0,0
ENCFF196ANY,/experiments/ENCSR964MZQ/,0,1,0,0,1,0,1,1,0,0
ENCFF203VBW,/experiments/ENCSR964MZQ/,0,1,0,0,1,0,1,1,0,0
ENCFF456OVQ,/experiments/ENCSR964MZQ/,0,1,0,0,1,0,1,1,0,0
ENCFF040FYM,/experiments/ENCSR964MZQ/,0,1,0,0,1,0,1,1,0,0
ENCFF097FSQ,/experiments/ENCSR964MZQ/,0,1,0,0,1,0,1,1,0,0
ENCFF602MNT,/experiments/ENCSR964MZQ/,0,1,0,0,1,0,1,1,0,0
ENCFF525WRI,/experiments/ENCSR964MZQ/,0,1,0,0,1,0,1,1,0,0
ENCFF257CYL,/experiments/ENCSR964VVW/,1,0,1,0,0,0,0,0,0,1
ENCFF083OYH,/experiments/ENCSR964VVW/,1,0,1,0,0,0,0,0,0,1
ENCFF514LUU,/experiments/ENCSR964VVW/,1,0,1,0,0,0,0,0,0,1
ENCFF101DBH,/experiments/ENCSR964WHY/,0,1,0,0,0,1,0,0,0,0
ENCFF740SJX,/experiments/ENCSR964WHY/,0,1,0,0,0,1,0,0,0,0
ENCFF989FZH,/experiments/ENCSR964WHY/,0,1,0,0,0,1,0,0,0,0
ENCFF034OZX,/experiments/ENCSR964WHY/,0,1,0,0,0,1,0,0,0,0
ENCFF207QZG,/experiments/ENCSR964WHY/,0,1,0,0,0,1,0,0,0,0
ENCFF956XXD,/experiments/ENCSR964WHY/,0,1,0,0,0,1,0,0,0,0
ENCFF685UZB,/experiments/ENCSR964WHY/,0,1,0,0,0,1,0,0,0,0
ENCFF693VXN,/experiments/ENCSR964WHY/,0,1,0,0,0,1,0,0,0,0
ENCFF392OYQ,/experiments/ENCSR964WHY/,0,1,0,0,0,1,0,0,0,0
ENCFF782BIF,/experiments/ENCSR965JHW/,1,0,1,0,1,0,1,0,0,0
ENCFF416NNN,/experiments/ENCSR965ZWZ/,0,0,1,0,0,1,0,0,0,0
ENCFF664BUA,/experiments/ENCSR968TPO/,0,0,0,1,0,0,0,1,0,0
ENCFF325YOI,/experiments/ENCSR968TPO/,0,0,0,1,0,0,0,1,0,0
ENCFF893KNS,/experiments/ENCSR969OPE/,1,0,0,0,0,0,0,0,0,0
ENCFF087MOX,/experiments/ENCSR969OPE/,1,0,0,0,0,0,0,0,0,0
ENCFF890DEI,/experiments/ENCSR969OPE/,1,0,0,0,0,0,0,0,0,0
ENCFF742DJR,/experiments/ENCSR969OPE/,1,0,0,0,0,0,0,0,0,0
ENCFF570OCJ,/experiments/ENCSR969OPE/,1,0,0,0,0,0,0,0,0,0
ENCFF781DID,/experiments/ENCSR969OPE/,1,0,0,0,0,0,0,0,0,0
ENCFF623KPU,/experiments/ENCSR969OPE/,1,0,0,0,0,0,0,0,0,0
ENCFF430FEN,/experiments/ENCSR969OPE/,1,0,0,0,0,0,0,0,0,0
ENCFF038QUX,/experiments/ENCSR969OPE/,1,0,0,0,0,0,0,0,0,0
ENCFF198QEX,/experiments/ENCSR969QKG/,0,0,0,0,0,0,1,0,0,0
ENCFF681XWN,/experiments/ENCSR969QKG/,0,0,0,0,0,0,1,0,0,0
ENCFF728MPK,/experiments/ENCSR970DQR/,1,0,0,0,1,0,1,1,0,0
ENCFF652AKQ,/experiments/ENCSR970DQR/,1,0,0,0,1,0,1,1,0,0
ENCFF296FWD,/experiments/ENCSR970DQR/,1,0,0,0,1,0,1,1,0,0
ENCFF436ZMZ,/experiments/ENCSR970DQR/,1,0,0,0,1,0,1,1,0,0
ENCFF042QWG,/experiments/ENCSR970ZLG/,0,0,0,1,0,1,0,0,0,0
ENCFF798PIQ,/experiments/ENCSR970ZLG/,0,0,0,1,0,1,0,0,0,0
ENCFF582PEK,/experiments/ENCSR971MMF/,0,0,1,0,0,0,0,0,0,1
ENCFF354LAX,/experiments/ENCSR973MKT/,0,0,0,1,0,0,0,0,0,0
ENCFF401ZBQ,/experiments/ENCSR974TXT/,0,0,1,0,0,0,0,1,0,1
ENCFF738BOX,/experiments/ENCSR974TXT/,0,0,1,0,0,0,0,1,0,1
ENCFF560YUS,/experiments/ENCSR975LGK/,1,0,0,0,0,1,0,0,0,0
ENCFF041DQI,/experiments/ENCSR975LGK/,1,0,0,0,0,1,0,0,0,0
ENCFF869XBS,/experiments/ENCSR976MHB/,0,1,0,0,0,1,0,0,0,0
ENCFF907XLJ,/experiments/ENCSR976MHB/,0,1,0,0,0,1,0,0,0,0
ENCFF247GVT,/experiments/ENCSR976MHB/,0,1,0,0,0,1,0,0,0,0
ENCFF232ITW,/experiments/ENCSR976MHB/,0,1,0,0,0,1,0,0,0,0
ENCFF375HYG,/experiments/ENCSR976XOY/,0,1,0,1,0,0,0,1,0,0
ENCFF816HTN,/experiments/ENCSR976XOY/,0,1,0,1,0,0,0,1,0,0
ENCFF520RNH,/experiments/ENCSR977UMU/,0,0,0,0,1,1,0,0,1,0
ENCFF097MVM,/experiments/ENCSR977UMU/,0,0,0,0,1,1,0,0,1,0
ENCFF707JMV,/experiments/ENCSR978QUT/,0,0,0,0,0,0,0,0,0,0
ENCFF552IRG,/experiments/ENCSR978QUT/,0,0,0,0,0,0,0,0,0,0
ENCFF523STC,/experiments/ENCSR979ZJS/,0,0,0,1,0,0,0,0,1,0
ENCFF721IWB,/experiments/ENCSR979ZJS/,0,0,0,1,0,0,0,0,1,0
ENCFF745TGS,/experiments/ENCSR979ZJS/,0,0,0,1,0,0,0,0,1,0
ENCFF953BGV,/experiments/ENCSR980GWI/,0,0,0,0,0,0,1,0,1,0
ENCFF431OWG,/experiments/ENCSR980GWI/,0,0,0,0,0,0,1,0,1,0
ENCFF228MJD,/experiments/ENCSR982PCS/,0,0,0,0,0,0,0,0,0,1
ENCFF643GBH,/experiments/ENCSR982PCS/,0,0,0,0,0,0,0,0,0,1
ENCFF334ZWH,/experiments/ENCSR982XOK/,0,0,0,1,0,0,0,0,0,0
ENCFF824QAO,/experiments/ENCSR982XOK/,0,0,0,1,0,0,0,0,0,0
ENCFF999HYW,/experiments/ENCSR984HIY/,0,0,0,0,0,0,1,0,1,1
ENCFF860GDZ,/experiments/ENCSR984HJW/,0,0,0,1,0,0,0,0,0,0
ENCFF782KAL,/experiments/ENCSR984HJW/,0,0,0,1,0,0,0,0,0,0
ENCFF124SFZ,/experiments/ENCSR984SDD/,0,0,0,1,0,0,0,0,0,0
ENCFF655BIS,/experiments/ENCSR984SDD/,0,0,0,1,0,0,0,0,0,0
ENCFF539ZER,/experiments/ENCSR984SQJ/,0,1,0,1,0,0,0,0,1,0
ENCFF214NQI,/experiments/ENCSR984SQJ/,0,1,0,1,0,0,0,0,1,0
ENCFF284OKX,/experiments/ENCSR984SQJ/,0,1,0,1,0,0,0,0,1,0
ENCFF990EPE,/experiments/ENCSR984XSP/,0,0,0,1,0,0,0,0,1,0
ENCFF531DKU,/experiments/ENCSR984XSP/,0,0,0,1,0,0,0,0,1,0
ENCFF382RKI,/experiments/ENCSR984XSP/,0,0,0,1,0,0,0,0,1,0
ENCFF796BVJ,/experiments/ENCSR984XSP/,0,0,0,1,0,0,0,0,1,0
ENCFF012PHK,/experiments/ENCSR984XSP/,0,0,0,1,0,0,0,0,1,0
ENCFF138BJK,/experiments/ENCSR986HEN/,0,0,0,0,1,0,0,0,0,0
ENCFF694DBL,/experiments/ENCSR986HEN/,0,0,0,0,1,0,0,0,0,0
ENCFF733MIZ,/experiments/ENCSR986HEN/,0,0,0,0,1,0,0,0,0,0
ENCFF719GVR,/experiments/ENCSR986HEN/,0,0,0,0,1,0,0,0,0,0
ENCFF554OEC,/experiments/ENCSR986HEN/,0,0,0,0,1,0,0,0,0,0
ENCFF974YUN,/experiments/ENCSR986HEN/,0,0,0,0,1,0,0,0,0,0
ENCFF795TJS,/experiments/ENCSR986HEN/,0,0,0,0,1,0,0,0,0,0
ENCFF671MBQ,/experiments/ENCSR986XLW/,0,0,0,0,1,0,0,0,0,1
ENCFF021ZSD,/experiments/ENCSR986XLW/,0,0,0,0,1,0,0,0,0,1
ENCFF181WQI,/experiments/ENCSR986YWZ/,1,0,1,0,0,0,0,1,0,0
ENCFF865FAQ,/experiments/ENCSR986YWZ/,1,0,1,0,0,0,0,1,0,0
ENCFF231UCC,/experiments/ENCSR987CQN/,0,0,1,0,0,0,0,0,0,1
ENCFF513HLI,/experiments/ENCSR987CQN/,0,0,1,0,0,0,0,0,0,1
ENCFF494GRV,/experiments/ENCSR987GUS/,0,0,0,0,0,0,0,0,0,0
ENCFF152RIC,/experiments/ENCSR987GUS/,0,0,0,0,0,0,0,0,0,0
ENCFF683KYP,/experiments/ENCSR988YKR/,0,0,0,1,0,0,0,0,0,0
ENCFF650PNP,/experiments/ENCSR988YKR/,0,0,0,1,0,0,0,0,0,0
ENCFF384KDB,/experiments/ENCSR988YKR/,0,0,0,1,0,0,0,0,0,0
ENCFF074HXT,/experiments/ENCSR988YKR/,0,0,0,1,0,0,0,0,0,0
ENCFF454TFY,/experiments/ENCSR989YIV/,0,0,0,1,0,0,1,0,0,0
ENCFF662VJV,/experiments/ENCSR989YIV/,0,0,0,1,0,0,1,0,0,0
ENCFF572XSJ,/experiments/ENCSR990XXC/,1,0,0,0,0,0,1,1,0,0
ENCFF442OFP,/experiments/ENCSR990XXC/,1,0,0,0,0,0,1,1,0,0
ENCFF651ZPB,/experiments/ENCSR994KTY/,1,1,0,0,0,1,0,0,0,0
ENCFF897ELA,/experiments/ENCSR994KTY/,1,1,0,0,0,1,0,0,0,0
ENCFF785UZF,/experiments/ENCSR994KTY/,1,1,0,0,0,1,0,0,0,0
ENCFF416SHQ,/experiments/ENCSR995YPS/,0,0,1,0,1,0,0,0,0,0
ENCFF712DYF,/experiments/ENCSR995YPS/,0,0,1,0,1,0,0,0,0,0
ENCFF452REH,/experiments/ENCSR998IXQ/,0,1,0,0,1,0,0,0,0,0
ENCFF807OPN,/experiments/ENCSR998KYQ/,1,0,0,0,0,1,0,0,1,0
ENCFF911FBL,/experiments/ENCSR998KYQ/,1,0,0,0,0,1,0,0,1,0
ENCFF920GTX,/experiments/ENCSR998KYQ/,1,0,0,0,0,1,0,0,1,0
ENCFF712WXR,/experiments/ENCSR998KYQ/,1,0,0,0,0,1,0,0,1,0
ENCFF989KHS,/experiments/ENCSR998KYQ/,1,0,0,0,0,1,0,0,1,0
ENCFF343RDG,/experiments/ENCSR998KYQ/,1,0,0,0,0,1,0,0,1,0
ENCFF763XNC,/experiments/ENCSR999TSD/,0,0,0,0,1,0,1,0,0,0
ENCFF644XQQ,/experiments/ENCSR999TSD/,0,0,0,0,1,0,1,0,0,0
ENCFF306BCB,/experiments/ENCSR999VDH/,0,0,0,1,0,0,0,0,0,0
ENCFF552NND,/experiments/ENCSR999VDH/,0,0,0,1,0,0,0,0,0,0
ENCFF508VOI,/experiments/ENCSR999VDH/,0,0,0,1,0,0,0,0,0,0
