Cistrome_id,Species,External_id,External_id_type,Factor,Ontology,FastQC,MappedRatio,PBC,PeaksFoldChangeAbove10,FRiP,PeaksUnionDHSRatio,FastQC_flag,MappedRatio_flag,PBC_flag,FRiP_flag,DHSRatio_flag,sum_four_scores,ENCODE_accession,SRA_ENCODE,ENCODE_status
102717,mus_musculus,GSM2471347,GEO,Prdm16,MEL-745A cl. DS19,39.0,0.0,0.971,50.0,0.0105539999999973,0.6124031007751938,1,0,1,1,0,3,ENCFF001NAX,SRR5210713,released
102711,mus_musculus,GSM2471352,GEO,Prdm16,MEL-745A cl. DS19,39.0,0.0,0.967,5596.0,0.408166249999898,0.9978,1,0,1,1,1,4,ENCFF001MZO,SRR5210724,released
102715,mus_musculus,GSM2471349,GEO,Prdm16,MEL-745A cl. DS19,39.0,0.0,0.96,7043.0,0.4986257499998753,0.9992,1,0,1,1,1,4,ENCFF001MZX,SRR5210723,released
148063,mus_musculus,GSM5370437,GEO,Smad5,liver,38.0,0.0,0.99,80.0,0.06500568278249,0.9473053892215568,1,0,1,1,1,4,ENCFF150DJK,SRR14831489,released
153807,mus_musculus,GSM5378661,GEO,Smad5,lung,38.0,0.0,0.993,72.0,0.0365113631844288,0.981957773512476,1,0,1,1,1,4,ENCFF317EHD,SRR14842489,released
163649,mus_musculus,GSM6372664,GEO,Smad5,liver,38.0,0.0,0.991,52.0,0.0419029151560954,0.4405940594059406,1,0,1,1,0,3,ENCFF001ZYX,SRR20466367,released
163650,mus_musculus,GSM6372665,GEO,Smad5,liver,38.0,0.0,0.99,51.0,0.0504281251537545,0.378727634194831,1,0,1,1,0,3,ENCFF001ZYW,SRR20466368,released
172019,mus_musculus,GSM5669304,GEO,Smad5,macrophage,39.0,0.0,0.989,55.0,0.0792290316293236,0.8376068376068376,1,0,1,1,1,4,ENCFF503OGW,SRR16812805,released
172190,mus_musculus,GSM5669303,GEO,Smad5,macrophage,38.0,0.0,0.989,57.0,0.0802778025732242,0.8105726872246696,1,0,1,1,1,4,ENCFF016MGA,SRR16812803,released
172280,mus_musculus,GSM5669083,GEO,Smad5,macrophage,38.0,0.0,0.99,54.0,0.0772694116884914,0.8233082706766918,1,0,1,1,1,4,ENCFF495GLD,SRR16812125,released
172344,mus_musculus,GSM5669084,GEO,Smad5,macrophage,38.0,0.0,0.989,60.0,0.0816171125176944,0.8288973384030418,1,0,1,1,1,4,ENCFF451SQE,SRR16812127,released
100541,mus_musculus,GSM2190964,GEO,H3K27me3,lung,39.0,0.0,0.986,125.0,0.064175582721369,0.6955555555555556,1,0,1,1,0,3,ENCFF002AHH,SRR3651208,released
100542,mus_musculus,GSM2190965,GEO,H3K27me3,lung,39.0,0.0,0.989,107.0,0.0626346699427911,0.6402,1,0,1,1,0,3,ENCFF003AGA,SRR3651210,released
100112,mus_musculus,GSM2190933,GEO,H3K27me3,embryonic facial prominence,38.0,0.0,0.989,899.0,0.0901965232594897,0.828,1,0,1,1,1,4,ENCFF944LSE,SRR3651175,released
100537,mus_musculus,GSM2190982,GEO,H3K36me3,liver,39.0,0.0,0.984,1235.0,0.2536637286860825,0.7124,1,0,1,1,1,4,ENCFF430SDY,SRR3651231,released
100766,mus_musculus,GSM2190998,GEO,H3K27me3,hindbrain,39.0,0.0,0.987,123.0,0.0442646694633406,0.508,1,0,1,1,0,3,ENCFF387CUQ,SRR3651247,released
100543,mus_musculus,GSM2190966,GEO,H3K36me3,embryonic facial prominence,38.0,0.0,0.968,149.0,0.1303431919816945,0.357,1,0,1,1,0,3,ENCFF243ZWK,SRR3651213,released
100325,mus_musculus,GSM2190944,GEO,H3K27me3,intestine,38.0,0.0,0.99,124.0,0.0666177708716883,0.7376,1,0,1,1,1,4,ENCFF002AGD,SRR3651185,released
100113,mus_musculus,GSM2190932,GEO,H3K27me3,embryonic facial prominence,38.0,0.0,0.989,1173.0,0.0977918903663923,0.8576,1,0,1,1,1,4,ENCFF934WUF,SRR3651173,released
100765,mus_musculus,GSM2190999,GEO,H3K27me3,hindbrain,38.0,0.0,0.989,125.0,0.0534306902817781,0.5124,1,0,1,1,0,3,ENCFF613JON,SRR3651248,released
100538,mus_musculus,GSM2190983,GEO,H3K36me3,liver,39.0,0.0,0.981,2651.0,0.2871846021740124,0.74,1,0,1,1,1,4,ENCFF141HSU,SRR3651233,released
100326,mus_musculus,GSM2190945,GEO,H3K27me3,intestine,38.0,0.0,0.99,134.0,0.0763739944705062,0.7678,1,0,1,1,1,4,ENCFF002AGG,SRR3651186,released
100525,mus_musculus,GSM2192329,GEO,H3K27me3,hindbrain,38.0,0.0,0.989,956.0,0.0981827511395069,0.7942,1,0,1,1,1,4,ENCFF567XUZ,SRR3653099,released
100751,mus_musculus,GSM2192358,GEO,H3K27me3,midbrain,38.0,0.0,0.99,170.0,0.0795311818752526,0.6522,1,0,1,1,0,3,ENCFF793MCX,SRR3653127,released
100532,mus_musculus,GSM2192322,GEO,H3K27me3,forebrain,39.0,0.0,0.987,121.0,0.0682090594285323,0.5392,1,0,1,1,0,3,ENCFF002AFZ,SRR3653086,released
102188,mus_musculus,GSM2192464,GEO,H3K36me3,liver,38.0,0.0,0.974,162.0,0.1320168331982746,0.3844,1,0,1,1,0,3,ENCFF957YVR,SRR3653282,released
100097,mus_musculus,GSM2192206,GEO,H3K27me3,forebrain,38.0,0.0,0.99,347.0,0.0888880108887353,0.7426,1,0,1,1,1,4,ENCFF406FUF,SRR3652940,released
101148,mus_musculus,GSM2192502,GEO,H3K36me3,intestine,38.0,0.0,0.989,101.0,0.1990439143975187,0.4512,1,0,1,1,0,3,ENCFF002AHW,SRR3653330,released
100948,mus_musculus,GSM2192271,GEO,H3K27me3,primary circulatory organ,38.0,0.0,0.99,142.0,0.0804143338549895,0.7044,1,0,1,1,1,4,ENCFF996GTX,SRR3653018,released
101150,mus_musculus,GSM2192504,GEO,H3K27me3,hindbrain,38.0,0.0,0.987,170.0,0.0775862887836261,0.7066,1,0,1,1,1,4,ENCFF203TXU,SRR3653333,released
100299,mus_musculus,GSM2192211,GEO,H3K27me3,kidney,38.0,0.0,0.989,625.0,0.0972286890120317,0.7822,1,0,1,1,1,4,ENCFF494YOF,SRR3652942,released
102200,mus_musculus,GSM2192456,GEO,H3K27me3,neural tube,38.0,0.0,0.991,177.0,0.0753290127430143,0.6588,1,0,1,1,0,3,ENCFF341KOU,SRR3653267,released
102194,mus_musculus,GSM2192447,GEO,H3K36me3,intestine,38.0,0.0,0.986,219.0,0.1329941313317715,0.3868,1,0,1,1,0,3,ENCFF994JBM,SRR3653257,released
101149,mus_musculus,GSM2192503,GEO,H3K27me3,hindbrain,38.0,0.0,0.982,129.0,0.06332547933193,0.602,1,0,1,1,0,3,ENCFF002AGA,SRR3653331,released
101131,mus_musculus,GSM2192301,GEO,H3K36me3,hindbrain,38.0,0.0,0.983,300.0,0.24023882015336,0.4328,1,0,1,1,0,3,ENCFF840ENO,SRR3653052,released
100181,mus_musculus,GSM2192361,GEO,H3K27me3,lung,39.0,0.0,0.988,701.0,0.107203671559504,0.8234,1,0,1,1,1,4,ENCFF055JSD,SRR3653140,released
101277,mus_musculus,GSM2192182,GEO,H3K27me3,limb,39.0,0.0,0.987,1127.0,0.119386838187797,0.8604,1,0,1,1,1,4,ENCFF777PMC,SRR3652910,released
100116,mus_musculus,GSM2192035,GEO,H3K36me3,primary circulatory organ,38.0,0.0,0.973,148.0,0.1407484392937274,0.3694,1,0,1,1,0,3,ENCFF067HMY,SRR3652572,released
100182,mus_musculus,GSM2192362,GEO,H3K27me3,lung,39.0,0.0,0.989,226.0,0.104328362053267,0.7766,1,0,1,1,1,4,ENCFF153OPW,SRR3653142,released
100752,mus_musculus,GSM2192357,GEO,H3K27me3,midbrain,38.0,0.0,0.99,165.0,0.0834580499603015,0.6484,1,0,1,1,0,3,ENCFF896HWH,SRR3653125,released
101143,mus_musculus,GSM2192493,GEO,H3K36me3,midbrain,38.0,0.0,0.981,106.0,0.1386591669009997,0.3498,1,0,1,1,0,3,ENCFF002AIU,SRR3653320,released
101276,mus_musculus,GSM2192181,GEO,H3K27me3,limb,38.0,0.0,0.989,435.0,0.0956516128418895,0.8228,1,0,1,1,1,4,ENCFF261ILD,SRR3652908,released
101144,mus_musculus,GSM2192494,GEO,H3K36me3,midbrain,39.0,0.0,0.983,127.0,0.098196929888027,0.3892,1,0,1,1,0,3,ENCFF465YRG,SRR3653322,released
101147,mus_musculus,GSM2192501,GEO,H3K36me3,intestine,38.0,0.0,0.988,91.0,0.2221916360137297,0.4598,1,0,1,1,0,3,ENCFF002AHV,SRR3653329,released
100526,mus_musculus,GSM2192330,GEO,H3K27me3,hindbrain,38.0,0.0,0.989,594.0,0.0883421483211982,0.7652,1,0,1,1,1,4,ENCFF835UXD,SRR3653100,released
100531,mus_musculus,GSM2192321,GEO,H3K27me3,forebrain,38.0,0.0,0.988,126.0,0.0654607644214918,0.6056,1,0,1,1,0,3,ENCFF178TMT,SRR3653085,released
100947,mus_musculus,GSM2192272,GEO,H3K27me3,primary circulatory organ,39.0,0.0,0.991,119.0,0.0774979771743056,0.7104,1,0,1,1,1,4,ENCFF402NFB,SRR3653020,released
100300,mus_musculus,GSM2192212,GEO,H3K27me3,kidney,38.0,0.0,0.991,771.0,0.1089634872555619,0.8066,1,0,1,1,1,4,ENCFF852SEP,SRR3652944,released
100931,mus_musculus,GSM2191941,GEO,H3K36me3,primary circulatory organ,38.0,0.0,0.982,297.0,0.2504228019115198,0.5658,1,0,1,1,0,3,ENCFF972CBX,SRR3652415,released
101132,mus_musculus,GSM2191057,GEO,H3K27me3,forebrain,39.0,0.0,0.981,119.0,0.0514584609938151,0.517,1,0,1,1,0,3,ENCFF456ABX,SRR3651302,released
100494,mus_musculus,GSM2191738,GEO,H3K27me3,primary circulatory organ,38.0,0.0,0.99,341.0,0.0927246009551353,0.786,1,0,1,1,1,4,ENCFF070FGR,SRR3652107,released
100256,mus_musculus,GSM2191617,GEO,H3K36me3,kidney,38.0,0.0,0.986,108.0,0.1250015626195091,0.3266,1,0,1,1,0,3,ENCFF002AIW,SRR3651962,released
101051,mus_musculus,GSM2191903,GEO,H3K27me3,midbrain,38.0,0.0,0.979,257.0,0.0948695275873185,0.7098,1,0,1,1,1,4,ENCFF642PZF,SRR3652350,released
100519,mus_musculus,GSM2191499,GEO,H3K27me3,hindbrain,38.0,0.0,0.989,113.0,0.0434553223053967,0.5077086656034024,1,0,1,1,0,3,ENCFF651IFB,SRR3651830,released
100095,mus_musculus,GSM2191812,GEO,H3K36me3,intestine,39.0,0.0,0.944,121.0,0.1559946553265321,0.4212,1,0,1,1,0,3,ENCFF301TLK,SRR3652208,released
101098,mus_musculus,GSM2191956,GEO,H3K27me3,liver,38.0,0.0,0.987,2352.0,0.1355766621437924,0.9356,1,0,1,1,1,4,ENCFF046IFA,SRR3652443,released
100294,mus_musculus,GSM2191821,GEO,H3K36me3,midbrain,38.0,0.0,0.983,280.0,0.2104348721315832,0.4172,1,0,1,1,0,3,ENCFF876VRJ,SRR3652212,released
100511,mus_musculus,GSM2191850,GEO,H3K36me3,liver,38.0,0.0,0.982,1205.0,0.2628415249973892,0.6936,1,0,1,1,0,3,ENCFF373VWC,SRR3652259,released
101124,mus_musculus,GSM2191051,GEO,H3K36me3,forebrain,39.0,0.0,0.966,107.0,0.1143657670656663,0.371,1,0,1,1,0,3,ENCFF699WMR,SRR3651292,released
100263,mus_musculus,GSM2191633,GEO,H3K27me3,hindbrain,37.0,0.0,0.984,189.0,0.0978753957360721,0.7478,1,0,1,1,1,4,ENCFF711AIN,SRR3651982,released
101092,mus_musculus,GSM2191947,GEO,H3K27me3,forebrain,38.0,0.0,0.99,192.0,0.0918068934751138,0.6962,1,0,1,1,0,3,ENCFF935ZTL,SRR3652434,released
102595,mus_musculus,GSM2191040,GEO,H3K36me3,hindbrain,38.0,0.0,0.986,135.0,0.2832519302661486,0.5276,1,0,1,1,0,3,ENCFF002AHT,SRR3651281,released
100490,mus_musculus,GSM2191739,GEO,H3K36me3,forebrain,38.0,0.0,0.984,254.0,0.2178077545197243,0.4526,1,0,1,1,0,3,ENCFF665WTI,SRR3652109,released
101103,mus_musculus,GSM2191951,GEO,H3K36me3,liver,37.0,0.0,0.983,195.0,0.2413847819616508,0.5458,1,0,1,1,0,3,ENCFF002ETW,SRR3652427,released
101133,mus_musculus,GSM2191056,GEO,H3K27me3,forebrain,38.0,0.0,0.989,106.0,0.0503215462616793,0.4379191221296484,1,0,1,1,0,3,ENCFF146ZPB,SRR3651300,released
100725,mus_musculus,GSM2191857,GEO,H3K27me3,intestine,38.0,0.0,0.989,151.0,0.079921356119335,0.7108,1,0,1,1,1,4,ENCFF594ULG,SRR3652270,released
100262,mus_musculus,GSM2191634,GEO,H3K27me3,hindbrain,37.0,0.0,0.975,145.0,0.0861278565681338,0.7052,1,0,1,1,1,4,ENCFF897QGK,SRR3651984,released
100342,mus_musculus,GSM2191645,GEO,H3K27me3,intestine,39.0,0.0,0.991,123.0,0.0534711428336284,0.713,1,0,1,1,1,4,ENCFF562IJB,SRR3651999,released
100520,mus_musculus,GSM2191498,GEO,H3K27me3,hindbrain,38.0,0.0,0.991,115.0,0.0465957082781668,0.449874971584451,1,0,1,1,0,3,ENCFF002AHC,SRR3651828,released
100092,mus_musculus,GSM2191792,GEO,H3K36me3,primary circulatory organ,37.0,0.0,0.983,212.0,0.2464504236987688,0.4466,1,0,1,1,0,3,ENCFF002ETO,SRR3652187,released
100674,mus_musculus,GSM2191710,GEO,H3K36me3,kidney,38.0,0.0,0.986,178.0,0.2913031695068178,0.595,1,0,1,1,0,3,ENCFF002AHX,SRR3652077,released
101052,mus_musculus,GSM2191904,GEO,H3K27me3,midbrain,38.0,0.0,0.986,627.0,0.1034877723067724,0.7628,1,0,1,1,1,4,ENCFF826ZDX,SRR3652352,released
102689,mus_musculus,GSM2191785,GEO,H3K27me3,midbrain,38.0,0.0,0.989,138.0,0.0597291747802275,0.5082,1,0,1,1,0,3,ENCFF079ZSP,SRR3652175,released
100488,mus_musculus,GSM2191745,GEO,H3K36me3,neural tube,38.0,0.0,0.982,139.0,0.1171113863285949,0.3816,1,0,1,1,0,3,ENCFF850QNW,SRR3652125,released
100885,mus_musculus,GSM2191946,GEO,H3K27me3,kidney,39.0,0.0,0.989,112.0,0.0621840199686471,0.5566229985443959,1,0,1,1,0,3,ENCFF002AHF,SRR3652425,released
100034,mus_musculus,GSM2191639,GEO,H3K27me3,primary circulatory organ,39.0,0.0,0.989,640.0,0.1282759989510783,0.834,1,0,1,1,1,4,ENCFF829ICZ,SRR3651994,released
100949,mus_musculus,GSM2191077,GEO,H3K27me3,limb,37.0,0.0,0.987,160.0,0.0805187041650207,0.784,1,0,1,1,1,4,ENCFF537APL,SRR3651340,released
101268,mus_musculus,GSM2191419,GEO,H3K27me3,hindbrain,38.0,0.0,0.991,157.0,0.0726879794955137,0.62,1,0,1,1,0,3,ENCFF881XHD,SRR3651717,released
100091,mus_musculus,GSM2191791,GEO,H3K36me3,primary circulatory organ,37.0,0.0,0.984,390.0,0.2904882460397712,0.5012,1,0,1,1,0,3,ENCFF002ETR,SRR3652186,released
100675,mus_musculus,GSM2191709,GEO,H3K36me3,kidney,38.0,0.0,0.987,104.0,0.1228869058701118,0.3958,1,0,1,1,0,3,ENCFF985XHS,SRR3652076,released
101093,mus_musculus,GSM2191948,GEO,H3K27me3,forebrain,38.0,0.0,0.989,176.0,0.0881743994030567,0.5744,1,0,1,1,0,3,ENCFF175KSI,SRR3652436,released
101102,mus_musculus,GSM2191952,GEO,H3K36me3,liver,37.0,0.0,0.978,428.0,0.2695776651750938,0.626,1,0,1,1,0,3,ENCFF002ETV,SRR3652428,released
100341,mus_musculus,GSM2191646,GEO,H3K27me3,intestine,39.0,0.0,0.99,115.0,0.050780517347939,0.6566,1,0,1,1,0,3,ENCFF489THL,SRR3652001,released
100489,mus_musculus,GSM2191740,GEO,H3K36me3,forebrain,38.0,0.0,0.98,429.0,0.2746501235680958,0.5502,1,0,1,1,0,3,ENCFF666NSZ,SRR3652112,released
100487,mus_musculus,GSM2191746,GEO,H3K36me3,neural tube,38.0,0.0,0.967,166.0,0.1239453573208758,0.3612,1,0,1,1,0,3,ENCFF887LKO,SRR3652128,released
100914,mus_musculus,GSM2191447,GEO,H3K36me3,intestine,36.0,0.0,0.984,152.0,0.1289419393972712,0.3574,1,0,1,1,0,3,ENCFF002ETU,SRR3651736,released
100722,mus_musculus,GSM2191859,GEO,H3K36me3,stomach,37.0,0.0,0.986,135.0,0.1013418826381516,0.3314,1,0,1,1,0,3,ENCFF002AJA,SRR3652264,released
100493,mus_musculus,GSM2191737,GEO,H3K27me3,primary circulatory organ,38.0,0.0,0.989,258.0,0.0921171148073165,0.784,1,0,1,1,1,4,ENCFF342FDU,SRR3652105,released
100920,mus_musculus,GSM2191456,GEO,H3K27me3,stomach,38.0,0.0,0.99,197.0,0.0873192615341643,0.7258,1,0,1,1,1,4,ENCFF280OBC,SRR3651767,released
100934,mus_musculus,GSM2191925,GEO,H3K27me3,liver,38.0,0.0,0.987,3199.0,0.1682427594256589,0.9574,1,0,1,1,1,4,ENCFF454JVE,SRR3652384,released
100257,mus_musculus,GSM2191618,GEO,H3K36me3,kidney,38.0,0.0,0.985,114.0,0.1099567064935984,0.3322,1,0,1,1,0,3,ENCFF002AIV,SRR3651963,released
100911,mus_musculus,GSM2191883,GEO,H3K36me3,midbrain,38.0,0.0,0.97,189.0,0.1747634873434681,0.4154,1,0,1,1,0,3,ENCFF319LUM,SRR3652298,released
102642,mus_musculus,GSM2191982,GEO,H3K36me3,stomach,38.0,0.0,0.948,114.0,0.2311439744670613,0.4664,1,0,1,1,0,3,ENCFF445FEB,SRR3652484,released
101269,mus_musculus,GSM2191418,GEO,H3K27me3,hindbrain,38.0,0.0,0.992,161.0,0.0669797799673486,0.637,1,0,1,1,0,3,ENCFF723ZWB,SRR3651715,released
100912,mus_musculus,GSM2191884,GEO,H3K36me3,midbrain,38.0,0.0,0.977,143.0,0.1073950337111723,0.3528,1,0,1,1,0,3,ENCFF446CJG,SRR3652301,released
100950,mus_musculus,GSM2191076,GEO,H3K27me3,limb,38.0,0.0,0.983,155.0,0.0813901415891227,0.7376,1,0,1,1,1,4,ENCFF593ZTR,SRR3651338,released
100932,mus_musculus,GSM2191942,GEO,H3K36me3,primary circulatory organ,38.0,0.0,0.985,214.0,0.1731405600584171,0.422,1,0,1,1,0,3,ENCFF357LNF,SRR3652417,released
101099,mus_musculus,GSM2191955,GEO,H3K27me3,liver,39.0,0.0,0.985,3332.0,0.1635369275359009,0.966,1,0,1,1,1,4,ENCFF241WGQ,SRR3652440,released
100293,mus_musculus,GSM2191822,GEO,H3K36me3,midbrain,38.0,0.0,0.984,236.0,0.1649633653817627,0.362,1,0,1,1,0,3,ENCFF033CCZ,SRR3652215,released
100512,mus_musculus,GSM2191849,GEO,H3K36me3,liver,39.0,0.0,0.98,1995.0,0.2334512479820756,0.674,1,0,1,1,0,3,ENCFF835FWW,SRR3652256,released
100919,mus_musculus,GSM2191457,GEO,H3K27me3,stomach,38.0,0.0,0.99,168.0,0.0811173966582911,0.7128,1,0,1,1,1,4,ENCFF213QFH,SRR3651769,released
100724,mus_musculus,GSM2191858,GEO,H3K27me3,intestine,38.0,0.0,0.988,142.0,0.0783560580464695,0.6694,1,0,1,1,0,3,ENCFF658EQW,SRR3652272,released
100913,mus_musculus,GSM2191446,GEO,H3K36me3,intestine,36.0,0.0,0.984,155.0,0.1224039045455262,0.3722,1,0,1,1,0,3,ENCFF002ETY,SRR3651735,released
100723,mus_musculus,GSM2191860,GEO,H3K36me3,stomach,38.0,0.0,0.984,117.0,0.0932234223536069,0.3106,1,0,1,1,0,3,ENCFF002AJB,SRR3652265,released
100096,mus_musculus,GSM2191811,GEO,H3K36me3,intestine,39.0,0.0,0.986,122.0,0.1178759816433671,0.3318,1,0,1,1,0,3,ENCFF393IDV,SRR3652206,released
100761,mus_musculus,GSM2190997,GEO,H3K4me1,liver,38.0,0.0,0.99,48.0,0.0845850369808436,0.83,1,0,1,1,1,4,ENCFF652YKB,SRR3651250,released
100536,mus_musculus,GSM2190981,GEO,H3K4me2,kidney,38.0,0.0,0.971,7210.0,0.3976979671049319,0.9986,1,0,1,1,1,4,ENCFF278KMG,SRR3651229,released
100762,mus_musculus,GSM2190996,GEO,H3K4me1,liver,38.0,0.0,0.991,46.0,0.0949567573850949,0.851,1,0,1,1,1,4,ENCFF260YPM,SRR3651249,released
100318,mus_musculus,GSM2190958,GEO,H3K4me3,forebrain,38.0,0.0,0.972,8934.0,0.4934253694980089,0.9996,1,0,1,1,1,4,ENCFF212KTV,SRR3651201,released
100545,mus_musculus,GSM2190960,GEO,H3K4me3,stomach,38.0,0.0,0.984,2333.0,0.2133171412161607,0.9988,1,0,1,1,1,4,ENCFF002ANA,SRR3651203,released
100759,mus_musculus,GSM2190993,GEO,H3K4me3,neural tube,38.0,0.0,0.978,7308.0,0.4112179229163962,0.9988,1,0,1,1,1,4,ENCFF981EXV,SRR3651244,released
100757,mus_musculus,GSM2190984,GEO,H3K4me1,midbrain,38.0,0.0,0.991,36.0,0.0322265041431317,0.6906,1,0,1,1,0,3,ENCFF002AJQ,SRR3651234,released
100763,mus_musculus,GSM2190995,GEO,H3K4me2,forebrain,38.0,0.0,0.981,5542.0,0.3657448539259539,0.9944,1,0,1,1,1,4,ENCFF523TDL,SRR3651246,released
100323,mus_musculus,GSM2190955,GEO,H3K27ac,limb,38.0,0.0,0.954,1125.0,0.0854092455553076,0.9954,1,0,1,1,1,4,ENCFF002AEX,SRR3651196,released
100317,mus_musculus,GSM2190959,GEO,H3K4me3,forebrain,38.0,0.0,0.975,7918.0,0.4656770302209689,0.9996,1,0,1,1,1,4,ENCFF082LJL,SRR3651202,released
100546,mus_musculus,GSM2190961,GEO,H3K4me3,stomach,38.0,0.0,0.973,6143.0,0.3679455947776147,0.999,1,0,1,1,1,4,ENCFF002AMZ,SRR3651204,released
100760,mus_musculus,GSM2190992,GEO,H3K4me3,neural tube,38.0,0.0,0.978,7037.0,0.4211178699011824,0.9992,1,0,1,1,1,4,ENCFF148FLG,SRR3651243,released
100764,mus_musculus,GSM2190994,GEO,H3K4me2,forebrain,38.0,0.0,0.964,6602.0,0.3951313886426253,0.9938,1,0,1,1,1,4,ENCFF817WRW,SRR3651245,released
100758,mus_musculus,GSM2190985,GEO,H3K4me1,midbrain,39.0,0.0,0.977,33.0,0.0231376852522335,0.6774092615769712,1,0,1,1,0,3,ENCFF002AJO,SRR3651235,released
100324,mus_musculus,GSM2190954,GEO,H3K27ac,limb,38.0,0.0,0.966,854.0,0.0925148724686052,0.9932,1,0,1,1,1,4,ENCFF002AEY,SRR3651195,released
100114,mus_musculus,GSM2192052,GEO,H3K4me3,midbrain,39.0,0.0,0.959,8979.0,0.4862927724936174,0.9988,1,0,1,1,1,4,ENCFF045GWQ,SRR3652594,released
100748,mus_musculus,GSM2192349,GEO,H3K4me2,kidney,38.0,0.0,0.978,7322.0,0.3903854944879288,0.9908,1,0,1,1,1,4,ENCFF002ETG,SRR3653122,released
100322,mus_musculus,GSM2192023,GEO,H3K4me1,hindbrain,37.0,0.0,0.989,45.0,0.0309866889732972,0.8032786885245902,1,0,1,1,1,4,ENCFF002AKF,SRR3652555,released
100103,mus_musculus,GSM2192194,GEO,H3K4me2,liver,38.0,0.0,0.96,3598.0,0.384444182088587,0.9964,1,0,1,1,1,4,ENCFF407YBJ,SRR3652932,released
101120,mus_musculus,GSM2192311,GEO,H3K4me1,lung,39.0,0.0,0.992,46.0,0.0372583877803853,0.7480314960629921,1,0,1,1,1,4,ENCFF002AJS,SRR3653070,released
102159,mus_musculus,GSM2192107,GEO,H3K4me1,primary circulatory organ,39.0,0.0,0.992,40.0,0.091342479930084,0.8204,1,0,1,1,1,4,ENCFF224CAY,SRR3652708,released
62117,mus_musculus,GSM2192070,GEO,H3K27ac,intestine,37.0,0.0,0.928,1158.0,0.0915487499999771,0.9862,1,0,1,1,1,4,ENCFF002BUU,SRR3652640,released
100527,mus_musculus,GSM2192317,GEO,H3K4me1,intestine,38.0,0.0,0.991,44.0,0.0462409521859273,0.7466,1,0,1,1,1,4,ENCFF083MCG,SRR3653079,released
101128,mus_musculus,GSM2192293,GEO,H3K27ac,liver,38.0,0.0,0.981,577.0,0.1092588009110023,0.9954,1,0,1,1,1,4,ENCFF002BWL,SRR3653042,released
100940,mus_musculus,GSM2192289,GEO,H3K27ac,hindbrain,37.0,0.0,0.973,1392.0,0.0987261035001273,0.999,1,0,1,1,1,4,ENCFF002BVZ,SRR3653038,released
100308,mus_musculus,GSM2192222,GEO,H3K4me2,primary circulatory organ,38.0,0.0,0.949,5458.0,0.3351979385733833,0.9942,1,0,1,1,1,4,ENCFF002BGJ,SRR3652968,released
100118,mus_musculus,GSM2192038,GEO,H3K4me2,limb,38.0,0.0,0.948,5213.0,0.3024464273659084,0.993,1,0,1,1,1,4,ENCFF002ALD,SRR3652581,released
100533,mus_musculus,GSM2192332,GEO,H3K4me3,lung,38.0,0.0,0.979,6320.0,0.3921032697417276,0.9992,1,0,1,1,1,4,ENCFF002AMW,SRR3653102,released
100523,mus_musculus,GSM2192328,GEO,H3K4me3,forebrain,38.0,0.0,0.982,5863.0,0.3442515396433913,0.999,1,0,1,1,1,4,ENCFF596BNN,SRR3653097,released
101129,mus_musculus,GSM2192294,GEO,H3K27ac,liver,38.0,0.0,0.984,708.0,0.1242088241452263,0.9954,1,0,1,1,1,4,ENCFF002BWN,SRR3653043,released
100301,mus_musculus,GSM2192210,GEO,H3K4me3,forebrain,38.0,0.0,0.977,8199.0,0.4367224132423142,0.9994,1,0,1,1,1,4,ENCFF001ZTY,SRR3652934,released
100102,mus_musculus,GSM2192193,GEO,H3K4me2,liver,38.0,0.0,0.975,3126.0,0.3639348179727592,0.9974,1,0,1,1,1,4,ENCFF276VDQ,SRR3652931,released
100750,mus_musculus,GSM2192345,GEO,H3K27ac,primary circulatory organ,38.0,0.0,0.973,2313.0,0.184314257883553,0.9976,1,0,1,1,1,4,ENCFF002BWB,SRR3653128,released
100321,mus_musculus,GSM2192024,GEO,H3K4me1,hindbrain,39.0,0.0,0.992,48.0,0.0316089367596166,0.7733333333333333,1,0,1,1,1,4,ENCFF002AKA,SRR3652556,released
100528,mus_musculus,GSM2192318,GEO,H3K4me1,intestine,39.0,0.0,0.99,49.0,0.0433803793834148,0.7505525734133249,1,0,1,1,1,4,ENCFF900YLV,SRR3653081,released
100320,mus_musculus,GSM2192019,GEO,H3K27ac,liver,38.0,0.0,0.973,1037.0,0.1316429282726219,0.995,1,0,1,1,1,4,ENCFF002AFP,SRR3652551,released
101145,mus_musculus,GSM2192500,GEO,H3K4me3,kidney,37.0,0.0,0.979,7760.0,0.4204936511213043,0.9992,1,0,1,1,1,4,ENCFF002BXG,SRR3653324,released
100529,mus_musculus,GSM2192320,GEO,H3K4me2,hindbrain,38.0,0.0,0.969,6004.0,0.3931448519688395,0.9958,1,0,1,1,1,4,ENCFF557IPG,SRR3653083,released
100749,mus_musculus,GSM2192346,GEO,H3K27ac,primary circulatory organ,37.0,0.0,0.983,2085.0,0.1778837609529042,0.9976,1,0,1,1,1,4,ENCFF002BWE,SRR3653129,released
100304,mus_musculus,GSM2192220,GEO,H3K4me2,primary circulatory organ,38.0,0.0,0.975,9729.0,0.4602566151839213,0.9934,1,0,1,1,1,4,ENCFF002ETE,SRR3652954,released
101122,mus_musculus,GSM2192304,GEO,H3K4me1,limb,38.0,0.0,0.991,48.0,0.0661777378981084,0.868,1,0,1,1,1,4,ENCFF671WMT,SRR3653060,released
101121,mus_musculus,GSM2192312,GEO,H3K4me1,lung,38.0,0.0,0.992,47.0,0.0307547968358418,0.8786407766990292,1,0,1,1,1,4,ENCFF002AJT,SRR3653071,released
101123,mus_musculus,GSM2192303,GEO,H3K4me1,limb,38.0,0.0,0.991,57.0,0.0622414165277405,0.8768,1,0,1,1,1,4,ENCFF978XUJ,SRR3653059,released
62116,mus_musculus,GSM2192069,GEO,H3K27ac,intestine,37.0,0.0,0.907,875.0,0.0760727499999809,0.9792,1,0,1,1,1,4,ENCFF002BUP,SRR3652638,released
100530,mus_musculus,GSM2192319,GEO,H3K4me2,hindbrain,38.0,0.0,0.966,6827.0,0.4447986372854424,0.9938,1,0,1,1,1,4,ENCFF664DHP,SRR3653082,released
100319,mus_musculus,GSM2192020,GEO,H3K27ac,liver,38.0,0.0,0.958,1055.0,0.1480371985268401,0.9948,1,0,1,1,1,4,ENCFF002AFM,SRR3652552,released
100747,mus_musculus,GSM2192350,GEO,H3K4me2,kidney,38.0,0.0,0.98,6288.0,0.3433036983943093,0.9934,1,0,1,1,1,4,ENCFF002ETH,SRR3653123,released
100115,mus_musculus,GSM2192051,GEO,H3K4me3,midbrain,37.0,0.0,0.975,8136.0,0.4873062430872414,0.9992,1,0,1,1,1,4,ENCFF002BXI,SRR3652593,released
62118,mus_musculus,GSM2192423,GEO,H3K27ac,limb,38.0,0.0,0.95,1222.0,0.0907264999999773,0.9926,1,0,1,1,1,4,ENCFF656XPO,SRR3653225,released
100307,mus_musculus,GSM2192221,GEO,H3K4me2,primary circulatory organ,38.0,0.0,0.95,4616.0,0.3311225269034226,0.9918,1,0,1,1,1,4,ENCFF002BGM,SRR3652967,released
102190,mus_musculus,GSM2192452,GEO,H3K4me2,lung,38.0,0.0,0.982,2726.0,0.2749310873199981,0.9918,1,0,1,1,1,4,ENCFF002ALB,SRR3653263,released
100524,mus_musculus,GSM2192327,GEO,H3K4me3,forebrain,38.0,0.0,0.978,7220.0,0.4077780500763791,0.999,1,0,1,1,1,4,ENCFF053SSJ,SRR3653096,released
102415,mus_musculus,GSM2192241,GEO,H3K4me2,midbrain,38.0,0.0,0.981,5254.0,0.3570902183892305,0.9912,1,0,1,1,1,4,ENCFF002AKY,SRR3652976,released
101146,mus_musculus,GSM2192499,GEO,H3K4me3,kidney,37.0,0.0,0.974,8474.0,0.5022442577374077,0.9992,1,0,1,1,1,4,ENCFF002BXE,SRR3653323,released
100303,mus_musculus,GSM2192219,GEO,H3K4me2,primary circulatory organ,38.0,0.0,0.974,7566.0,0.3816759890485117,0.9916,1,0,1,1,1,4,ENCFF002ESW,SRR3652953,released
100939,mus_musculus,GSM2192290,GEO,H3K27ac,hindbrain,39.0,0.0,0.944,3327.0,0.1206929690098666,0.9996,1,0,1,1,1,4,ENCFF349DZM,SRR3653039,released
101118,mus_musculus,GSM2192314,GEO,H3K4me1,neural tube,38.0,0.0,0.99,46.0,0.0879510361608388,0.8002,1,0,1,1,1,4,ENCFF756IXU,SRR3653075,released
100921,mus_musculus,GSM2191459,GEO,H3K4me2,stomach,39.0,0.0,0.987,3315.0,0.2518853186356588,0.9818,1,0,1,1,1,4,ENCFF912ODG,SRR3651764,released
100936,mus_musculus,GSM2191930,GEO,H3K27ac,midbrain,39.0,0.0,0.984,2667.0,0.1465961755758651,0.9992,1,0,1,1,1,4,ENCFF411DQQ,SRR3652394,released
100042,mus_musculus,GSM2191644,GEO,H3K4me1,lung,38.0,0.0,0.99,39.0,0.0457539187210332,0.7578,1,0,1,1,1,4,ENCFF945DAW,SRR3651992,released
100498,mus_musculus,GSM2191733,GEO,H3K4me3,liver,36.0,0.0,0.976,4688.0,0.3855546252520298,0.9998,1,0,1,1,1,4,ENCFF002AMS,SRR3652102,released
100726,mus_musculus,GSM2191856,GEO,H3K4me1,embryonic facial prominence,37.0,0.0,0.989,51.0,0.0458048814143568,0.93,1,0,1,1,1,4,ENCFF001ZRR,SRR3652268,released
101162,mus_musculus,GSM2191722,GEO,H3K9me3,hindbrain,38.0,0.0,0.972,456.0,0.3096523277901482,0.306,1,0,1,1,0,3,ENCFF854PCP,SRR3652087,released
100295,mus_musculus,GSM2191827,GEO,H3K4me2,neural tube,38.0,0.0,0.965,2722.0,0.2075664672814413,0.9912,1,0,1,1,1,4,ENCFF002BGL,SRR3652240,released
100731,mus_musculus,GSM2191525,GEO,H3K4me3,kidney,38.0,0.0,0.977,7919.0,0.4425050710623022,0.9996,1,0,1,1,1,4,ENCFF643UJF,SRR3651854,released
100918,mus_musculus,GSM2191452,GEO,H3K27ac,forebrain,38.0,0.0,0.985,546.0,0.0783895891013207,0.9862,1,0,1,1,1,4,ENCFF001ZRD,SRR3651758,released
101043,mus_musculus,GSM2191912,GEO,H3K27ac,stomach,37.0,0.0,0.985,1399.0,0.1351986920459306,0.9964,1,0,1,1,1,4,ENCFF002BWV,SRR3652354,released
100820,mus_musculus,GSM2191695,GEO,H3K4me3,limb,38.0,0.0,0.973,7853.0,0.4607436255612731,0.9994,1,0,1,1,1,4,ENCFF864XTW,SRR3652052,released
101258,mus_musculus,GSM2191396,GEO,H3K27ac,midbrain,38.0,0.0,0.961,2749.0,0.1240018971263423,0.999,1,0,1,1,1,4,ENCFF002AFA,SRR3651680,released
100610,mus_musculus,GSM2191567,GEO,H3K4me2,lung,39.0,0.0,0.957,4409.0,0.2040881709597345,0.9958,1,0,1,1,1,4,ENCFF002AMB,SRR3651904,released
100518,mus_musculus,GSM2191492,GEO,H3K4me3,lung,38.0,0.0,0.98,7569.0,0.3646508563635525,0.9992,1,0,1,1,1,4,ENCFF728HAD,SRR3651821,released
100924,mus_musculus,GSM2191461,GEO,H3K4me3,midbrain,38.0,0.0,0.983,6216.0,0.2766878004301691,0.9984,1,0,1,1,1,4,ENCFF001ZUN,SRR3651771,released
100735,mus_musculus,GSM2191516,GEO,H3K27ac,stomach,39.0,0.0,0.985,143.0,0.0683638881528453,0.9688,1,0,1,1,1,4,ENCFF002AFG,SRR3651839,released
100906,mus_musculus,GSM2191874,GEO,H3K4me2,midbrain,38.0,0.0,0.966,6847.0,0.4161226761757239,0.9952,1,0,1,1,1,4,ENCFF842RMF,SRR3652287,released
102684,mus_musculus,GSM2191782,GEO,H3K4me3,intestine,38.0,0.0,0.982,3221.0,0.2666803518269022,0.999,1,0,1,1,1,4,ENCFF226KSQ,SRR3652164,released
100823,mus_musculus,GSM2191470,GEO,H3K4me2,stomach,37.0,0.0,0.934,2615.0,0.2113163299472905,0.995,1,0,1,1,1,4,ENCFF002AMC,SRR3651778,released
100739,mus_musculus,GSM2191507,GEO,H3K27ac,forebrain,38.0,0.0,0.96,852.0,0.1006443293812345,0.9942,1,0,1,1,1,4,ENCFF325BRZ,SRR3651820,released
101827,mus_musculus,GSM2191186,GEO,H3K4me2,limb,38.0,0.0,0.937,3974.0,0.2464724618798288,0.9896,1,0,1,1,1,4,ENCFF002BGH,SRR3651462,released
102346,mus_musculus,GSM2191698,GEO,H3K4me1,hindbrain,39.0,0.0,0.991,39.0,0.0381188215337124,0.6812,1,0,1,1,0,3,ENCFF455NNK,SRR3652058,released
100714,mus_musculus,GSM2191868,GEO,H3K4me3,stomach,39.0,0.0,0.984,6947.0,0.2921077336844652,0.9992,1,0,1,1,1,4,ENCFF341CBP,SRR3652278,released
100046,mus_musculus,GSM2191570,GEO,H3K4me2,liver,37.0,0.0,0.97,2682.0,0.4150230147147965,0.9972,1,0,1,1,1,4,ENCFF002ALH,SRR3651910,released
100290,mus_musculus,GSM2191819,GEO,H3K4me1,liver,39.0,0.0,0.989,49.0,0.0723093055359616,0.797,1,0,1,1,1,4,ENCFF211QPE,SRR3652217,released
100909,mus_musculus,GSM2191881,GEO,H3K4me2,primary circulatory organ,38.0,0.0,0.984,6061.0,0.3528651785592965,0.9944,1,0,1,1,1,4,ENCFF002AKQ,SRR3652294,released
100745,mus_musculus,GSM2191510,GEO,H3K4me2,midbrain,39.0,0.0,0.981,7807.0,0.4547612714987499,0.9886,1,0,1,1,1,4,ENCFF368AXL,SRR3651833,released
100903,mus_musculus,GSM2191879,GEO,H3K27ac,neural tube,38.0,0.0,0.966,462.0,0.0712218612952155,0.9874,1,0,1,1,1,4,ENCFF001ZRO,SRR3652290,released
100522,mus_musculus,GSM2191494,GEO,H3K4me1,liver,38.0,0.0,0.977,62.0,0.0421431490389016,0.7497116493656286,1,0,1,1,1,4,ENCFF507KWH,SRR3651807,released
100089,mus_musculus,GSM2191795,GEO,H3K4me3,hindbrain,38.0,0.0,0.981,5199.0,0.3248121248309474,0.9996,1,0,1,1,1,4,ENCFF002ANN,SRR3652188,released
102640,mus_musculus,GSM2191965,GEO,H3K27ac,primary circulatory organ,38.0,0.0,0.983,2240.0,0.172779854473705,0.9994,1,0,1,1,1,4,ENCFF856VRD,SRR3652456,released
101267,mus_musculus,GSM2191416,GEO,H3K4me3,forebrain,38.0,0.0,0.976,6897.0,0.3872526971390143,0.9994,1,0,1,1,1,4,ENCFF002ANE,SRR3651712,released
100087,mus_musculus,GSM2191808,GEO,H3K27ac,embryonic facial prominence,38.0,0.0,0.949,1549.0,0.1051385222609225,0.998,1,0,1,1,1,4,ENCFF002AEL,SRR3652195,released
100681,mus_musculus,GSM2191717,GEO,H3K4me3,neural tube,38.0,0.0,0.981,5177.0,0.266250783470052,0.9986,1,0,1,1,1,4,ENCFF001ZUF,SRR3652067,released
100908,mus_musculus,GSM2191890,GEO,H3K4me3,kidney,39.0,0.0,0.983,4072.0,0.2242271753055583,0.999,1,0,1,1,1,4,ENCFF002ANL,SRR3652307,released
62113,mus_musculus,GSM2191062,GEO,H3K27ac,liver,39.0,0.0,0.982,126.0,0.1242539999999689,0.9924,1,0,1,1,1,4,ENCFF418QGR,SRR3651359,released
100718,mus_musculus,GSM2191863,GEO,H3K4me2,neural tube,39.0,0.0,0.976,6239.0,0.4087638562906094,0.996,1,0,1,1,1,4,ENCFF673XJI,SRR3652275,released
100733,mus_musculus,GSM2191523,GEO,H3K27ac,forebrain,38.0,0.0,0.922,2335.0,0.1233560702043309,0.9964,1,0,1,1,1,4,ENCFF002AEO,SRR3651846,released
100682,mus_musculus,GSM2191724,GEO,H3K27ac,midbrain,39.0,0.0,0.984,3183.0,0.148493325101726,1.0,1,0,1,1,1,4,ENCFF862IUC,SRR3652095,released
100038,mus_musculus,GSM2191638,GEO,H3K4me2,primary circulatory organ,38.0,0.0,0.971,6316.0,0.3351895508154645,0.998,1,0,1,1,1,4,ENCFF999CHE,SRR3651986,released
100285,mus_musculus,GSM2191830,GEO,H3K4me1,forebrain,38.0,0.0,0.992,45.0,0.0831744419092162,0.8196,1,0,1,1,1,4,ENCFF106YCA,SRR3652224,released
100492,mus_musculus,GSM2191735,GEO,H3K4me1,kidney,38.0,0.0,0.991,42.0,0.0720388702465564,0.871,1,0,1,1,1,4,ENCFF805QZD,SRR3652100,released
100035,mus_musculus,GSM2191642,GEO,H3K27ac,embryonic facial prominence,38.0,0.0,0.983,963.0,0.1032043950555367,0.998,1,0,1,1,1,4,ENCFF288PUA,SRR3651997,released
100252,mus_musculus,GSM2191629,GEO,H3K4me2,primary circulatory organ,38.0,0.0,0.979,7897.0,0.4099781415518473,0.998,1,0,1,1,1,4,ENCFF002ALL,SRR3651977,released
100513,mus_musculus,GSM2191841,GEO,H3K4me3,primary circulatory organ,38.0,0.0,0.972,7908.0,0.5044806820182866,0.9994,1,0,1,1,1,4,ENCFF456UKE,SRR3652246,released
100938,mus_musculus,GSM2191936,GEO,H3K4me1,forebrain,38.0,0.0,0.99,38.0,0.0388464387972209,0.7354,1,0,1,1,1,4,ENCFF002AJE,SRR3652399,released
100297,mus_musculus,GSM2191826,GEO,H3K4me1,primary circulatory organ,39.0,0.0,0.991,53.0,0.0312485235545004,0.7135969141755063,1,0,1,1,1,4,ENCFF002AKB,SRR3652243,released
100732,mus_musculus,GSM2191524,GEO,H3K4me3,kidney,38.0,0.0,0.974,8378.0,0.4757263772483225,0.9998,1,0,1,1,1,4,ENCFF198CRA,SRR3651853,released
100917,mus_musculus,GSM2191453,GEO,H3K27ac,forebrain,37.0,0.0,0.982,235.0,0.0672853387419466,0.9454,1,0,1,1,1,4,ENCFF001ZRF,SRR3651759,released
100683,mus_musculus,GSM2191723,GEO,H3K27ac,midbrain,39.0,0.0,0.983,3011.0,0.1587647466377031,0.9998,1,0,1,1,1,4,ENCFF593LEN,SRR3652094,released
100922,mus_musculus,GSM2191458,GEO,H3K4me2,stomach,38.0,0.0,0.984,5103.0,0.2975866047604417,0.9908,1,0,1,1,1,4,ENCFF002ETM,SRR3651762,released
102174,mus_musculus,GSM2191231,GEO,H3K4me1,forebrain,38.0,0.0,0.992,38.0,0.0813104150374112,0.8052,1,0,1,1,1,4,ENCFF002ESR,SRR3651470,released
100822,mus_musculus,GSM2191471,GEO,H3K4me2,stomach,37.0,0.0,0.985,2391.0,0.2090211172276573,0.9946,1,0,1,1,1,4,ENCFF002AMA,SRR3651779,released
100740,mus_musculus,GSM2191506,GEO,H3K27ac,forebrain,38.0,0.0,0.958,1028.0,0.1023637047273838,0.9942,1,0,1,1,1,4,ENCFF714RJJ,SRR3651819,released
101053,mus_musculus,GSM2191918,GEO,H3K4me1,stomach,38.0,0.0,0.99,53.0,0.0609014573641398,0.7943078913324709,1,0,1,1,1,4,ENCFF980EMT,SRR3652367,released
101295,mus_musculus,GSM2191168,GEO,H3K4me2,intestine,38.0,0.0,0.984,3126.0,0.2194071473274673,0.9932,1,0,1,1,1,4,ENCFF002ETA,SRR3651394,released
101086,mus_musculus,GSM2191962,GEO,H3K4me3,intestine,37.0,0.0,0.979,8201.0,0.3897832373878722,0.9996,1,0,1,1,1,4,ENCFF002BXC,SRR3652453,released
100288,mus_musculus,GSM2191815,GEO,H3K4me2,intestine,38.0,0.0,0.986,2418.0,0.2211156603069555,0.9872,1,0,1,1,1,4,ENCFF002AKS,SRR3652221,released
100517,mus_musculus,GSM2191493,GEO,H3K4me3,lung,38.0,0.0,0.974,8222.0,0.4454229093812004,0.999,1,0,1,1,1,4,ENCFF051ZGY,SRR3651822,released
100736,mus_musculus,GSM2191517,GEO,H3K27ac,stomach,38.0,0.0,0.967,868.0,0.1011695459027387,0.9928,1,0,1,1,1,4,ENCFF002AFC,SRR3651840,released
100259,mus_musculus,GSM2191616,GEO,H3K27ac,primary circulatory organ,38.0,0.0,0.971,1755.0,0.1564264251046906,0.9962,1,0,1,1,1,4,ENCFF002AEP,SRR3651961,released
101449,mus_musculus,GSM2191112,GEO,H3K4me1,embryonic facial prominence,39.0,0.0,0.991,52.0,0.0558302112365362,0.8012,1,0,1,1,1,4,ENCFF918OCJ,SRR3651372,released
100719,mus_musculus,GSM2191864,GEO,H3K4me2,neural tube,39.0,0.0,0.969,7022.0,0.4367085932115175,0.995,1,0,1,1,1,4,ENCFF605YBP,SRR3652276,released
102341,mus_musculus,GSM2191694,GEO,H3K4me2,stomach,39.0,0.0,0.985,2936.0,0.2410218876288962,0.9952,1,0,1,1,1,4,ENCFF033RKM,SRR3652055,released
101259,mus_musculus,GSM2191397,GEO,H3K27ac,midbrain,38.0,0.0,0.966,2406.0,0.1233101354991559,0.9994,1,0,1,1,1,4,ENCFF002AFB,SRR3651681,released
100611,mus_musculus,GSM2191566,GEO,H3K4me2,lung,38.0,0.0,0.985,3883.0,0.2367136828836288,0.9964,1,0,1,1,1,4,ENCFF002ALV,SRR3651903,released
100956,mus_musculus,GSM2191090,GEO,H3K27ac,midbrain,38.0,0.0,0.982,996.0,0.0864974505619743,0.989,1,0,1,1,1,4,ENCFF001ZRP,SRR3651352,released
100677,mus_musculus,GSM2191716,GEO,H3K4me1,limb,38.0,0.0,0.991,41.0,0.0642227470975482,0.7942,1,0,1,1,1,4,ENCFF101LJZ,SRR3652084,released
101266,mus_musculus,GSM2191417,GEO,H3K4me3,forebrain,38.0,0.0,0.978,6217.0,0.3555559888674594,0.9992,1,0,1,1,1,4,ENCFF002CCA,SRR3651713,released
101048,mus_musculus,GSM2191915,GEO,H3K4me1,limb,38.0,0.0,0.991,52.0,0.0328154490706778,0.8477064220183487,1,0,1,1,1,4,ENCFF115DQJ,SRR3652362,released
100720,mus_musculus,GSM2191862,GEO,H3K4me2,kidney,38.0,0.0,0.979,3807.0,0.2618680949446941,0.9976,1,0,1,1,1,4,ENCFF002ALR,SRR3652274,released
100901,mus_musculus,GSM2191878,GEO,H3K4me1,limb,38.0,0.0,0.991,37.0,0.0242090214532853,0.7373499142367067,1,0,1,1,1,4,ENCFF002AJR,SRR3652293,released
100746,mus_musculus,GSM2191511,GEO,H3K4me2,midbrain,38.0,0.0,0.981,5473.0,0.2902971055931955,0.9846,1,0,1,1,1,4,ENCFF509SAZ,SRR3651834,released
62114,mus_musculus,GSM2191196,GEO,H3K27ac,primary circulatory organ,38.0,0.0,0.922,903.0,0.1003294999999749,0.9848,1,0,1,1,1,4,ENCFF411ZWQ,SRR3651424,released
100521,mus_musculus,GSM2191495,GEO,H3K4me1,liver,37.0,0.0,0.988,56.0,0.0457768514333865,0.7538738738738738,1,0,1,1,1,4,ENCFF002AKH,SRR3651808,released
100047,mus_musculus,GSM2191571,GEO,H3K4me2,liver,37.0,0.0,0.959,2475.0,0.3620242884000942,0.995,1,0,1,1,1,4,ENCFF002ALF,SRR3651911,released
100905,mus_musculus,GSM2191873,GEO,H3K4me2,midbrain,38.0,0.0,0.979,5540.0,0.3074480739522391,0.9966,1,0,1,1,1,4,ENCFF024BJF,SRR3652286,released
102335,mus_musculus,GSM2191699,GEO,H3K4me1,liver,38.0,0.0,0.991,41.0,0.024973827053361,0.75,1,0,1,1,1,4,ENCFF343VVQ,SRR3652064,released
100713,mus_musculus,GSM2191869,GEO,H3K4me1,lung,38.0,0.0,0.989,51.0,0.0481022520730418,0.944055944055944,1,0,1,1,1,4,ENCFF002AKG,SRR3652281,released
100497,mus_musculus,GSM2191734,GEO,H3K4me3,liver,37.0,0.0,0.975,4522.0,0.3903291542361251,0.9992,1,0,1,1,1,4,ENCFF002AMP,SRR3652103,released
100041,mus_musculus,GSM2191643,GEO,H3K4me1,lung,38.0,0.0,0.992,39.0,0.0586531183871539,0.7702,1,0,1,1,1,4,ENCFF129NMB,SRR3651990,released
100499,mus_musculus,GSM2191725,GEO,H3K27ac,forebrain,37.0,0.0,0.983,2083.0,0.1248297620329719,0.9976,1,0,1,1,1,4,ENCFF002BWD,SRR3652088,released
100734,mus_musculus,GSM2191522,GEO,H3K27ac,forebrain,39.0,0.0,0.974,492.0,0.0704082558749001,0.987,1,0,1,1,1,4,ENCFF002AEN,SRR3651845,released
100039,mus_musculus,GSM2191648,GEO,H3K4me1,midbrain,37.0,0.0,0.978,42.0,0.029859767861468,0.6670588235294118,1,0,1,1,0,3,ENCFF001YZC,SRR3652003,released
100289,mus_musculus,GSM2191820,GEO,H3K4me1,liver,38.0,0.0,0.99,40.0,0.0885575304359086,0.858,1,0,1,1,1,4,ENCFF002ESV,SRR3652218,released
100088,mus_musculus,GSM2191807,GEO,H3K27ac,embryonic facial prominence,38.0,0.0,0.944,962.0,0.0861193901154096,0.9934,1,0,1,1,1,4,ENCFF153OKY,SRR3652194,released
100826,mus_musculus,GSM2191481,GEO,H3K4me3,lung,37.0,0.0,0.975,8720.0,0.4736598044893602,0.9992,1,0,1,1,1,4,ENCFF002BXH,SRR3651796,released
100680,mus_musculus,GSM2191718,GEO,H3K4me3,neural tube,38.0,0.0,0.981,5673.0,0.2962493590945298,0.999,1,0,1,1,1,4,ENCFF001ZUH,SRR3652068,released
100715,mus_musculus,GSM2191867,GEO,H3K4me3,stomach,39.0,0.0,0.981,7097.0,0.3582197291902368,0.9996,1,0,1,1,1,4,ENCFF589QAZ,SRR3652277,released
101114,mus_musculus,GSM2191066,GEO,H3K4me2,stomach,39.0,0.0,0.979,3572.0,0.2553687842180427,0.986,1,0,1,1,1,4,ENCFF002ALN,SRR3651320,released
102345,mus_musculus,GSM2191697,GEO,H3K4me1,hindbrain,38.0,0.0,0.992,41.0,0.0312704874788452,0.6634,1,0,1,1,0,3,ENCFF002AJL,SRR3652056,released
100258,mus_musculus,GSM2191615,GEO,H3K27ac,primary circulatory organ,38.0,0.0,0.982,1503.0,0.173776239245737,0.9976,1,0,1,1,1,4,ENCFF002AES,SRR3651960,released
100608,mus_musculus,GSM2191408,GEO,H3K4me1,embryonic facial prominence,38.0,0.0,0.989,45.0,0.0553745064978733,0.7986,1,0,1,1,1,4,ENCFF596PCR,SRR3651701,released
101087,mus_musculus,GSM2191961,GEO,H3K4me3,intestine,37.0,0.0,0.982,7585.0,0.346393911669921,0.9992,1,0,1,1,1,4,ENCFF002BWZ,SRR3652452,released
100287,mus_musculus,GSM2191816,GEO,H3K4me2,intestine,38.0,0.0,0.985,3709.0,0.2664717150701132,0.9848,1,0,1,1,1,4,ENCFF002AKT,SRR3652222,released
100679,mus_musculus,GSM2191720,GEO,H3K4me3,midbrain,38.0,0.0,0.98,4634.0,0.2809377366447552,0.9992,1,0,1,1,1,4,ENCFF002ANO,SRR3652093,released
100298,mus_musculus,GSM2191825,GEO,H3K4me1,primary circulatory organ,39.0,0.0,0.991,49.0,0.0325496288675894,0.7311526479750778,1,0,1,1,1,4,ENCFF002AKD,SRR3652242,released
101089,mus_musculus,GSM2191959,GEO,H3K9me3,midbrain,39.0,0.0,0.942,555.0,0.3434974244117842,0.2486,1,0,1,1,0,3,ENCFF048NRC,SRR3652447,released
100037,mus_musculus,GSM2191637,GEO,H3K4me2,primary circulatory organ,38.0,0.0,0.961,7697.0,0.4249130857494558,0.9984,1,0,1,1,1,4,ENCFF673WCQ,SRR3651985,released
100296,mus_musculus,GSM2191828,GEO,H3K4me2,neural tube,38.0,0.0,0.952,3189.0,0.23730144518986,0.9882,1,0,1,1,1,4,ENCFF002BGX,SRR3652241,released
100737,mus_musculus,GSM2191521,GEO,H3K4me3,embryonic facial prominence,38.0,0.0,0.982,6043.0,0.277435200067924,0.9988,1,0,1,1,1,4,ENCFF001ZUC,SRR3651844,released
100500,mus_musculus,GSM2191726,GEO,H3K27ac,forebrain,37.0,0.0,0.984,1467.0,0.1112867428111029,0.9974,1,0,1,1,1,4,ENCFF002BWC,SRR3652089,released
101256,mus_musculus,GSM2191512,GEO,H3K4me3,hindbrain,38.0,0.0,0.977,7019.0,0.438301140468779,0.9986,1,0,1,1,1,4,ENCFF227UFA,SRR3651835,released
101047,mus_musculus,GSM2191916,GEO,H3K4me1,limb,37.0,0.0,0.992,42.0,0.0267273689486731,0.7837078651685393,1,0,1,1,1,4,ENCFF822LXA,SRR3652364,released
100721,mus_musculus,GSM2191861,GEO,H3K4me2,kidney,38.0,0.0,0.95,2953.0,0.2300588559977346,0.9958,1,0,1,1,1,4,ENCFF002ALU,SRR3652273,released
100676,mus_musculus,GSM2191715,GEO,H3K4me1,limb,38.0,0.0,0.991,41.0,0.0648968045604983,0.7878,1,0,1,1,1,4,ENCFF202SUQ,SRR3652083,released
102386,mus_musculus,GSM2191301,GEO,H3K4me2,embryonic facial prominence,39.0,0.0,0.98,3954.0,0.2579332182296647,0.9954,1,0,1,1,1,4,ENCFF057AHM,SRR3651551,released
101070,mus_musculus,GSM2191474,GEO,H3K27ac,neural tube,39.0,0.0,0.974,1789.0,0.1355402590457997,0.999,1,0,1,1,1,4,ENCFF535KNJ,SRR3651787,released
100943,mus_musculus,GSM2191071,GEO,H3K4me1,primary circulatory organ,39.0,0.0,0.991,46.0,0.0399341188711566,0.741,1,0,1,1,1,4,ENCFF725TOW,SRR3651332,released
100712,mus_musculus,GSM2191870,GEO,H3K4me1,lung,37.0,0.0,0.991,51.0,0.0422790114202008,0.7195467422096318,1,0,1,1,1,4,ENCFF002AKJ,SRR3652282,released
101088,mus_musculus,GSM2191960,GEO,H3K9me3,midbrain,38.0,0.0,0.971,454.0,0.304276608695511,0.2986,1,0,1,1,0,3,ENCFF044SMI,SRR3652449,released
100609,mus_musculus,GSM2191409,GEO,H3K4me1,embryonic facial prominence,38.0,0.0,0.99,46.0,0.0511779169389783,0.7808,1,0,1,1,1,4,ENCFF802AQP,SRR3651702,released
101115,mus_musculus,GSM2191067,GEO,H3K4me2,stomach,38.0,0.0,0.986,904.0,0.1520969073231131,0.9838,1,0,1,1,1,4,ENCFF002ALM,SRR3651321,released
101044,mus_musculus,GSM2191911,GEO,H3K27ac,stomach,38.0,0.0,0.983,663.0,0.092473729494772,0.995,1,0,1,1,1,4,ENCFF002BWO,SRR3652353,released
100821,mus_musculus,GSM2191696,GEO,H3K4me3,limb,38.0,0.0,0.973,7647.0,0.4665920184709409,0.9992,1,0,1,1,1,4,ENCFF527PWY,SRR3652053,released
100678,mus_musculus,GSM2191719,GEO,H3K4me3,midbrain,37.0,0.0,0.974,6236.0,0.3919221232389514,0.9996,1,0,1,1,1,4,ENCFF002ANP,SRR3652092,released
100825,mus_musculus,GSM2191480,GEO,H3K4me3,lung,37.0,0.0,0.974,8762.0,0.4803356966863082,0.9994,1,0,1,1,1,4,ENCFF002BWX,SRR3651795,released
62115,mus_musculus,GSM2191806,GEO,H3K27ac,liver,39.0,0.0,0.984,591.0,0.1143109999999714,0.9928,1,0,1,1,1,4,ENCFF257DBI,SRR3652202,released
100902,mus_musculus,GSM2191877,GEO,H3K4me1,limb,39.0,0.0,0.992,45.0,0.0410482928594242,0.742,1,0,1,1,1,4,ENCFF897XJF,SRR3652292,released
100935,mus_musculus,GSM2191929,GEO,H3K27ac,midbrain,37.0,0.0,0.981,2269.0,0.1305284382189053,0.9998,1,0,1,1,1,4,ENCFF002BWP,SRR3652393,released
100040,mus_musculus,GSM2191647,GEO,H3K4me1,midbrain,38.0,0.0,0.976,50.0,0.036857247572833,0.935064935064935,1,0,1,1,1,4,ENCFF001YZD,SRR3652002,released
102123,mus_musculus,GSM2191526,GEO,H3K4me2,midbrain,37.0,0.0,0.845,4491.0,0.3252060247228854,0.9882,1,0,1,1,1,4,ENCFF002AMG,SRR3651857,released
101161,mus_musculus,GSM2191721,GEO,H3K9me3,hindbrain,39.0,0.0,0.966,565.0,0.3136634706763487,0.3176,1,0,1,1,0,3,ENCFF332BOE,SRR3652085,released
100727,mus_musculus,GSM2191855,GEO,H3K4me1,embryonic facial prominence,38.0,0.0,0.989,48.0,0.0448437868275388,0.9490445859872612,1,0,1,1,1,4,ENCFF329DBE,SRR3652267,released
102597,mus_musculus,GSM2191039,GEO,H3K27ac,hindbrain,38.0,0.0,0.983,2196.0,0.1368920272513095,0.9998,1,0,1,1,1,4,ENCFF794KXJ,SRR3651280,released
100738,mus_musculus,GSM2191520,GEO,H3K4me3,embryonic facial prominence,38.0,0.0,0.981,6214.0,0.2908702898265602,0.9988,1,0,1,1,1,4,ENCFF001ZTU,SRR3651843,released
100514,mus_musculus,GSM2191842,GEO,H3K4me3,primary circulatory organ,38.0,0.0,0.969,8777.0,0.5495408007129019,0.9994,1,0,1,1,1,4,ENCFF920HBG,SRR3652247,released
100937,mus_musculus,GSM2191935,GEO,H3K4me1,forebrain,38.0,0.0,0.991,41.0,0.0360556275972729,0.712280701754386,1,0,1,1,1,4,ENCFF002AJC,SRR3652398,released
100491,mus_musculus,GSM2191736,GEO,H3K4me1,kidney,39.0,0.0,0.992,39.0,0.0651415634995246,0.8102,1,0,1,1,1,4,ENCFF772KXZ,SRR3652101,released
100036,mus_musculus,GSM2191641,GEO,H3K27ac,embryonic facial prominence,38.0,0.0,0.983,818.0,0.1101209552827164,0.9978,1,0,1,1,1,4,ENCFF222ACN,SRR3651996,released
100286,mus_musculus,GSM2191829,GEO,H3K4me1,forebrain,38.0,0.0,0.992,45.0,0.0650852407669742,0.8014,1,0,1,1,1,4,ENCFF388QNU,SRR3652223,released
100944,mus_musculus,GSM2191070,GEO,H3K4me1,primary circulatory organ,39.0,0.0,0.99,49.0,0.0376090690003298,0.7294,1,0,1,1,1,4,ENCFF002AJF,SRR3651329,released
100673,mus_musculus,GSM2191705,GEO,H3K27ac,intestine,39.0,0.0,0.974,1307.0,0.1084628469708967,0.9974,1,0,1,1,1,4,ENCFF002AER,SRR3652073,released
101069,mus_musculus,GSM2191475,GEO,H3K27ac,neural tube,39.0,0.0,0.973,2332.0,0.1483715539795949,0.9994,1,0,1,1,1,4,ENCFF147DHF,SRR3651788,released
101054,mus_musculus,GSM2191917,GEO,H3K4me1,stomach,38.0,0.0,0.991,50.0,0.0602197669071966,0.7356608478802993,1,0,1,1,1,4,ENCFF338BRH,SRR3652365,released
100955,mus_musculus,GSM2191092,GEO,H3K27ac,midbrain,38.0,0.0,0.981,248.0,0.0733960798505817,0.9718,1,0,1,1,1,4,ENCFF001ZRQ,SRR3651353,released
100907,mus_musculus,GSM2191889,GEO,H3K4me3,kidney,39.0,0.0,0.981,5349.0,0.2831387373364445,0.9992,1,0,1,1,1,4,ENCFF002ANI,SRR3652306,released
102705,mus_musculus,GSM2191389,GEO,H3K4me1,primary circulatory organ,39.0,0.0,0.993,41.0,0.0544948526304335,0.7668,1,0,1,1,1,4,ENCFF718EPX,SRR3651687,released
100090,mus_musculus,GSM2191796,GEO,H3K4me3,hindbrain,38.0,0.0,0.983,4765.0,0.2900391704250313,0.9994,1,0,1,1,1,4,ENCFF002ANQ,SRR3652189,released
101257,mus_musculus,GSM2191513,GEO,H3K4me3,hindbrain,38.0,0.0,0.979,6841.0,0.3957642887593653,0.9984,1,0,1,1,1,4,ENCFF851XEK,SRR3651836,released
100539,mus_musculus,GSM2190973,GEO,H3K9ac,midbrain,37.0,0.0,0.943,360.0,0.0889601594790315,0.997,1,0,1,1,1,4,ENCFF002APK,SRR3651227,released
100540,mus_musculus,GSM2190972,GEO,H3K9ac,midbrain,38.0,0.0,0.96,173.0,0.0826549946755916,0.9928,1,0,1,1,1,4,ENCFF002APJ,SRR3651226,released
101141,mus_musculus,GSM2192509,GEO,H3K9ac,primary circulatory organ,38.0,0.0,0.982,1081.0,0.1175771579550791,0.998,1,0,1,1,1,4,ENCFF858IYQ,SRR3653341,released
100306,mus_musculus,GSM2192217,GEO,H3K9ac,lung,38.0,0.0,0.985,760.0,0.1164014711739863,0.9978,1,0,1,1,1,4,ENCFF295TMX,SRR3652951,released
100100,mus_musculus,GSM2192199,GEO,H3K9ac,hindbrain,38.0,0.0,0.984,578.0,0.1004027712179721,0.9974,1,0,1,1,1,4,ENCFF001ZSU,SRR3652921,released
100101,mus_musculus,GSM2192200,GEO,H3K9ac,hindbrain,38.0,0.0,0.983,204.0,0.0783095922838581,0.9928,1,0,1,1,1,4,ENCFF001ZSR,SRR3652922,released
100108,mus_musculus,GSM2192192,GEO,H3K9ac,hindbrain,37.0,0.0,0.971,286.0,0.0803966087383004,0.9966,1,0,1,1,1,4,ENCFF002AOV,SRR3652920,released
100111,mus_musculus,GSM2192188,GEO,H3K9ac,forebrain,38.0,0.0,0.983,1202.0,0.1383624745182538,0.9984,1,0,1,1,1,4,ENCFF131IIM,SRR3652918,released
100309,mus_musculus,GSM2192225,GEO,H3K9ac,intestine,37.0,0.0,0.987,2633.0,0.1387638814145242,0.9988,1,0,1,1,1,4,ENCFF002EUL,SRR3652961,released
100567,mus_musculus,GSM2192189,GEO,H3K9ac,hindbrain,37.0,0.0,0.988,2519.0,0.1472515691775975,0.9986,1,0,1,1,1,4,ENCFF050BAT,SRR3652911,released
100952,mus_musculus,GSM2192288,GEO,H3K9ac,liver,37.0,0.0,0.985,1529.0,0.1377810072505319,0.9984,1,0,1,1,1,4,ENCFF002EUG,SRR3653035,released
100942,mus_musculus,GSM2192292,GEO,H3K9ac,stomach,36.0,0.0,0.989,1219.0,0.1163316994178338,0.9988,1,0,1,1,1,4,ENCFF002EUO,SRR3653041,released
100946,mus_musculus,GSM2192270,GEO,H3K9ac,embryonic facial prominence,38.0,0.0,0.976,1240.0,0.1354915209293493,0.9974,1,0,1,1,1,4,ENCFF880SIV,SRR3653012,released
100110,mus_musculus,GSM2192187,GEO,H3K9ac,forebrain,38.0,0.0,0.984,1351.0,0.1426762052422458,0.9986,1,0,1,1,1,4,ENCFF243GMK,SRR3652917,released
100310,mus_musculus,GSM2192226,GEO,H3K9ac,intestine,37.0,0.0,0.986,2348.0,0.1290251498707067,0.9976,1,0,1,1,1,4,ENCFF002EUJ,SRR3652962,released
100941,mus_musculus,GSM2192291,GEO,H3K9ac,stomach,38.0,0.0,0.988,2268.0,0.1459227961397705,0.9982,1,0,1,1,1,4,ENCFF002EUN,SRR3653040,released
100566,mus_musculus,GSM2192190,GEO,H3K9ac,hindbrain,39.0,0.0,0.94,3417.0,0.1390983527217472,0.9984,1,0,1,1,1,4,ENCFF915VAQ,SRR3652912,released
100305,mus_musculus,GSM2192218,GEO,H3K9ac,lung,38.0,0.0,0.984,468.0,0.1078513306245122,0.9954,1,0,1,1,1,4,ENCFF568JIO,SRR3652952,released
100945,mus_musculus,GSM2192269,GEO,H3K9ac,embryonic facial prominence,38.0,0.0,0.981,919.0,0.1349281225793754,0.9986,1,0,1,1,1,4,ENCFF943DLO,SRR3653011,released
101142,mus_musculus,GSM2192510,GEO,H3K9ac,primary circulatory organ,38.0,0.0,0.985,810.0,0.1186974359076666,0.9976,1,0,1,1,1,4,ENCFF003TMP,SRR3653342,released
100951,mus_musculus,GSM2192287,GEO,H3K9ac,liver,37.0,0.0,0.985,1119.0,0.1225473032800283,0.9982,1,0,1,1,1,4,ENCFF002EUH,SRR3653034,released
100109,mus_musculus,GSM2192191,GEO,H3K9ac,hindbrain,38.0,0.0,0.99,516.0,0.115893901425412,0.9984,1,0,1,1,1,4,ENCFF002AOZ,SRR3652919,released
100915,mus_musculus,GSM2191448,GEO,H3K9ac,limb,38.0,0.0,0.935,2141.0,0.1229650436532012,0.9984,1,0,1,1,1,4,ENCFF002AOK,SRR3651752,released
100717,mus_musculus,GSM2191865,GEO,H3K9ac,primary circulatory organ,38.0,0.0,0.983,488.0,0.0882650108074843,0.9924,1,0,1,1,1,4,ENCFF002AOR,SRR3652279,released
101116,mus_musculus,GSM2191064,GEO,H3K9ac,embryonic facial prominence,38.0,0.0,0.978,1371.0,0.1130408675011251,0.9982,1,0,1,1,1,4,ENCFF001ZSO,SRR3651356,released
102610,mus_musculus,GSM2191666,GEO,H3K9ac,forebrain,38.0,0.0,0.987,613.0,0.0973886594308659,0.997,1,0,1,1,1,4,ENCFF001ZSQ,SRR3652018,released
101068,mus_musculus,GSM2191476,GEO,H3K9ac,stomach,37.0,0.0,0.984,66.0,0.0642915042922683,0.9746,1,0,1,1,1,4,ENCFF002AOS,SRR3651784,released
100767,mus_musculus,GSM2191002,GEO,H3K9ac,stomach,37.0,0.0,0.98,751.0,0.0996292312223668,0.9968,1,0,1,1,1,4,ENCFF002APE,SRR3651257,released
100261,mus_musculus,GSM2191622,GEO,H3K9ac,forebrain,37.0,0.0,0.976,1048.0,0.1233034993443306,0.9984,1,0,1,1,1,4,ENCFF002AOW,SRR3651955,released
100916,mus_musculus,GSM2191449,GEO,H3K9ac,limb,38.0,0.0,0.952,1815.0,0.1156023720872143,0.9982,1,0,1,1,1,4,ENCFF002AOG,SRR3651753,released
100502,mus_musculus,GSM2191728,GEO,H3K9ac,lung,37.0,0.0,0.987,2196.0,0.1439331313492421,0.9984,1,0,1,1,1,4,ENCFF002EUD,SRR3652091,released
101049,mus_musculus,GSM2191913,GEO,H3K9ac,neural tube,38.0,0.0,0.982,650.0,0.0968176041194033,0.9972,1,0,1,1,1,4,ENCFF001ZTG,SRR3652359,released
100093,mus_musculus,GSM2191809,GEO,H3K9ac,stomach,38.0,0.0,0.988,84.0,0.0896568746113569,0.9896,1,0,1,1,1,4,ENCFF293USS,SRR3652203,released
101067,mus_musculus,GSM2191477,GEO,H3K9ac,stomach,38.0,0.0,0.919,694.0,0.0975094181142529,0.9894,1,0,1,1,1,4,ENCFF334FTS,SRR3651786,released
100768,mus_musculus,GSM2191003,GEO,H3K9ac,stomach,38.0,0.0,0.987,635.0,0.0937590809900289,0.9976,1,0,1,1,1,4,ENCFF002APG,SRR3651258,released
100254,mus_musculus,GSM2191628,GEO,H3K9ac,primary circulatory organ,37.0,0.0,0.987,1946.0,0.1472957166350549,0.999,1,0,1,1,1,4,ENCFF002EUE,SRR3651970,released
100264,mus_musculus,GSM2191632,GEO,H3K9ac,forebrain,38.0,0.0,0.983,842.0,0.1307493923919496,0.998,1,0,1,1,1,4,ENCFF483KSN,SRR3651980,released
101096,mus_musculus,GSM2191957,GEO,H3K9ac,neural tube,38.0,0.0,0.983,384.0,0.1225214907448019,0.9972,1,0,1,1,1,4,ENCFF419ANT,SRR3652450,released
101056,mus_musculus,GSM2191472,GEO,H3K9ac,kidney,38.0,0.0,0.983,978.0,0.1049700394255989,0.9968,1,0,1,1,1,4,ENCFF002BGI,SRR3651782,released
100926,mus_musculus,GSM2191463,GEO,H3K9ac,limb,38.0,0.0,0.982,713.0,0.0876072639193483,0.9974,1,0,1,1,1,4,ENCFF001ZSV,SRR3651781,released
100729,mus_musculus,GSM2191854,GEO,H3K9ac,neural tube,39.0,0.0,0.987,230.0,0.1087465414982445,0.996,1,0,1,1,1,4,ENCFF002AOI,SRR3652263,released
100265,mus_musculus,GSM2191631,GEO,H3K9ac,forebrain,38.0,0.0,0.986,445.0,0.1217937373961269,0.9972,1,0,1,1,1,4,ENCFF832UAS,SRR3651979,released
100516,mus_musculus,GSM2191843,GEO,H3K9ac,midbrain,38.0,0.0,0.988,1289.0,0.1394406923337518,0.9994,1,0,1,1,1,4,ENCFF001ZTF,SRR3652248,released
101100,mus_musculus,GSM2191954,GEO,H3K9ac,kidney,38.0,0.0,0.977,1708.0,0.1455396208829266,0.9982,1,0,1,1,1,4,ENCFF002AOE,SRR3652438,released
101127,mus_musculus,GSM2191049,GEO,H3K9ac,midbrain,39.0,0.0,0.985,882.0,0.1298338888370544,0.9972,1,0,1,1,1,4,ENCFF058DIN,SRR3651289,released
101104,mus_musculus,GSM2191053,GEO,H3K9ac,primary circulatory organ,39.0,0.0,0.976,922.0,0.1822885156722193,0.9986,1,0,1,1,1,4,ENCFF435NZN,SRR3651294,released
100094,mus_musculus,GSM2191810,GEO,H3K9ac,stomach,39.0,0.0,0.987,73.0,0.0797172576087422,0.9646,1,0,1,1,1,4,ENCFF816WGW,SRR3652204,released
101062,mus_musculus,GSM2191465,GEO,H3K9ac,midbrain,38.0,0.0,0.981,471.0,0.1169114695320499,0.996,1,0,1,1,1,4,ENCFF094DUO,SRR3651777,released
102677,mus_musculus,GSM2191775,GEO,H3K9ac,limb,38.0,0.0,0.976,929.0,0.1222173451589036,0.997,1,0,1,1,1,4,ENCFF667IFV,SRR3652159,released
102609,mus_musculus,GSM2191665,GEO,H3K9ac,forebrain,38.0,0.0,0.984,1127.0,0.1297013325516733,0.9986,1,0,1,1,1,4,ENCFF001ZST,SRR3652017,released
100716,mus_musculus,GSM2191866,GEO,H3K9ac,primary circulatory organ,39.0,0.0,0.982,961.0,0.1188738900186864,0.9976,1,0,1,1,1,4,ENCFF002AOT,SRR3652280,released
101055,mus_musculus,GSM2191473,GEO,H3K9ac,kidney,38.0,0.0,0.985,984.0,0.0883084303522857,0.996,1,0,1,1,1,4,ENCFF002BGR,SRR3651783,released
100954,mus_musculus,GSM2191085,GEO,H3K9ac,neural tube,39.0,0.0,0.973,1165.0,0.1609264793559089,0.998,1,0,1,1,1,4,ENCFF833RGB,SRR3651351,released
101097,mus_musculus,GSM2191958,GEO,H3K9ac,neural tube,38.0,0.0,0.986,175.0,0.1178979595203835,0.9978,1,0,1,1,1,4,ENCFF610QKS,SRR3652451,released
100515,mus_musculus,GSM2191844,GEO,H3K9ac,midbrain,38.0,0.0,0.984,396.0,0.0940660917096515,0.9962,1,0,1,1,1,4,ENCFF001ZTE,SRR3652249,released
100255,mus_musculus,GSM2191627,GEO,H3K9ac,primary circulatory organ,37.0,0.0,0.988,2439.0,0.1570920799207307,0.998,1,0,1,1,1,4,ENCFF002EUI,SRR3651969,released
101101,mus_musculus,GSM2191953,GEO,H3K9ac,kidney,38.0,0.0,0.931,719.0,0.0771665652115919,0.9918,1,0,1,1,1,4,ENCFF002AOD,SRR3652437,released
100728,mus_musculus,GSM2191853,GEO,H3K9ac,neural tube,38.0,0.0,0.978,736.0,0.0841837589168868,0.9972,1,0,1,1,1,4,ENCFF002AOO,SRR3652262,released
101105,mus_musculus,GSM2191052,GEO,H3K9ac,primary circulatory organ,39.0,0.0,0.981,996.0,0.1805872664337606,0.9986,1,0,1,1,1,4,ENCFF721FSS,SRR3651293,released
100501,mus_musculus,GSM2191727,GEO,H3K9ac,lung,37.0,0.0,0.987,2436.0,0.1471748520947644,0.9982,1,0,1,1,1,4,ENCFF002EUF,SRR3652090,released
101126,mus_musculus,GSM2191048,GEO,H3K9ac,midbrain,37.0,0.0,0.989,2165.0,0.1439084116871289,0.9994,1,0,1,1,1,4,ENCFF518TYD,SRR3651288,released
100260,mus_musculus,GSM2191621,GEO,H3K9ac,forebrain,38.0,0.0,0.98,1208.0,0.1214853286600308,0.9992,1,0,1,1,1,4,ENCFF002AOY,SRR3651954,released
100953,mus_musculus,GSM2191083,GEO,H3K9ac,neural tube,39.0,0.0,0.98,470.0,0.1565874603119841,0.998,1,0,1,1,1,4,ENCFF531KNS,SRR3651350,released
101061,mus_musculus,GSM2191464,GEO,H3K9ac,midbrain,38.0,0.0,0.981,616.0,0.1316776296950987,0.997,1,0,1,1,1,4,ENCFF374XLP,SRR3651776,released
101380,homo_sapiens,GSM2701098,GEO,H3K27me3,transverse colon,39.0,0.0,0.996,189.0,0.0042407499999989,0.5366666666666666,1,0,1,0,0,2,ENCFF505RVT,SRR5833029,released
102704,homo_sapiens,GSM2701630,GEO,H3K36me3,upper lobe of left lung,37.0,0.0,0.997,176.0,0.0138157499999965,0.35,1,0,1,1,0,3,ENCFF129MTI,SRR5833071,released
100869,homo_sapiens,GSM2701782,GEO,H3K36me3,vagina,39.0,0.0,0.997,193.0,0.0046187499999988,0.4362745098039216,1,0,1,0,0,2,ENCFF261LEN,SRR5833171,released
100266,homo_sapiens,GSM2701567,GEO,H3K36me3,thyroid gland,37.0,0.0,0.998,194.0,0.0043167499999989,0.4474885844748858,1,0,1,0,0,2,ENCFF250BMD,SRR5833120,released
102485,homo_sapiens,GSM2701808,GEO,H3K27me3,small intestine Peyer's patch,39.0,0.0,0.994,168.0,0.0041472499999989,0.4444444444444444,1,0,1,0,0,2,ENCFF641XDE,SRR5833193,released
100870,homo_sapiens,GSM2701783,GEO,H3K36me3,atrium auricular region,37.0,0.0,0.996,172.0,0.0052639999999986,0.3718042366691015,1,0,1,0,0,2,ENCFF693OMF,SRR5833175,released
102484,homo_sapiens,GSM2701820,GEO,H3K27me3,cardiac ventricle,39.0,0.0,0.989,211.0,0.0045387499999988,0.6124454148471615,1,0,1,0,0,2,ENCFF350JUT,SRR5833201,released
100464,homo_sapiens,GSM2701734,GEO,H3K27me3,pancreas,39.0,0.0,0.993,179.0,0.0047019999999988,0.4465753424657534,1,0,1,0,0,2,ENCFF504LCB,SRR5833089,released
100368,homo_sapiens,GSM2698563,GEO,H3K27me3,ascending aorta,38.0,0.0,0.995,201.0,0.003734999999999,0.4768211920529801,1,0,1,0,0,2,ENCFF782TPX,SRR5833228,released
100563,homo_sapiens,GSM2698468,GEO,H3K27me3,squamous epithelium,39.0,0.0,0.997,238.0,0.0044452499999988,0.4580536912751677,1,0,1,0,0,2,ENCFF997GUE,SRR5833094,released
100142,homo_sapiens,GSM2698587,GEO,H3K27me3,stomach,39.0,0.0,0.996,119.0,0.0039295215076377,0.714123006833713,1,0,1,0,1,3,ENCFF258NZF,SRR5833252,released
102235,homo_sapiens,GSM2698675,GEO,H3K36me3,tibial nerve,39.0,0.0,0.996,177.0,0.0050649999999987,0.4266666666666667,1,0,1,0,0,2,ENCFF067UQJ,SRR5832724,released
102030,homo_sapiens,GSM2698709,GEO,H3K36me3,stomach,37.0,0.0,0.997,170.0,0.0540847499999864,0.3884,1,0,1,1,0,3,ENCFF433CTC,SRR5832739,released
100370,homo_sapiens,GSM2698562,GEO,H3K27me3,gastrocnemius medialis,39.0,0.0,0.997,277.0,0.0064317499999983,0.6579861111111112,1,0,1,0,0,2,ENCFF387ZXK,SRR5833263,released
100345,homo_sapiens,GSM2698557,GEO,H3K36me3,squamous epithelium,39.0,0.0,0.997,229.0,0.003982249999999,0.3957307060755337,1,0,1,0,0,2,ENCFF596WJL,SRR5833259,released
100369,homo_sapiens,GSM2698564,GEO,H3K36me3,right lobe of liver,38.0,0.0,0.994,109.0,0.0043904999999989,0.4416243654822335,1,0,1,0,0,2,ENCFF632FFI,SRR5833230,released
100579,homo_sapiens,GSM2698638,GEO,H3K36me3,sigmoid colon,37.0,0.0,0.998,200.0,0.0043849999999989,0.4385964912280701,1,0,1,0,0,2,ENCFF395FGV,SRR5832702,released
100350,homo_sapiens,GSM2698552,GEO,H3K36me3,gastrocnemius medialis,39.0,0.0,0.996,230.0,0.0055164999999986,0.4148727984344422,1,0,1,0,0,2,ENCFF936AJV,SRR5833188,released
100137,homo_sapiens,GSM2698600,GEO,H3K36me3,neutrophil,39.0,0.0,0.991,5176.0,0.3379876770011024,0.8468,1,0,1,1,1,4,ENCFF038IQM,SRR5833242,released
100141,homo_sapiens,GSM2698588,GEO,H3K36me3,small intestine Peyer's patch,38.0,0.0,0.996,224.0,0.0045954999999988,0.436,1,0,1,0,0,2,ENCFF173IRO,SRR5833265,released
102237,homo_sapiens,GSM2698700,GEO,H3K27me3,spleen,39.0,0.0,0.992,173.0,0.0139169999999965,0.8738,1,0,1,1,1,4,ENCFF614UNC,SRR5832728,released
102744,homo_sapiens,GSM2698836,GEO,H3K27me3,muscular coat,37.0,0.0,0.994,210.0,0.0044399999999988,0.5721311475409836,1,0,1,0,0,2,ENCFF471OKC,SRR5832768,released
100577,homo_sapiens,GSM2698632,GEO,H3K36me3,artery,39.0,0.0,0.995,188.0,0.0097119999999975,0.3401015228426396,1,0,1,0,0,2,ENCFF270PXV,SRR5832691,released
100565,homo_sapiens,GSM2698424,GEO,H3K79me2,B cell,38.0,0.0,0.992,10.0,0.0350944999999912,0.7306,1,0,1,1,1,4,ENCFF887PXD,SRR5833083,released
100138,homo_sapiens,GSM2698601,GEO,H3K36me3,neutrophil,38.0,0.0,0.996,201.0,0.0048442499999987,0.4041850220264317,1,0,1,0,0,2,ENCFF394KFK,SRR5833246,released
102031,homo_sapiens,GSM2698743,GEO,H3K36me3,ascending aorta,37.0,0.0,0.997,180.0,0.0082184999999979,0.3492282249173098,1,0,1,0,0,2,ENCFF742GLB,SRR5832757,released
99992,homo_sapiens,GSM2534320,GEO,H3K79me2,hepatocyte,37.0,0.0,0.996,18.0,0.0150999999999962,0.4972,1,0,1,1,0,3,ENCFF770ITA,SRR5339178,released
100446,homo_sapiens,GSM2534725,GEO,H3K36me3,cardiac muscle tissue,38.0,0.0,0.996,142.0,0.0058939999999985,0.4836601307189542,1,0,1,0,0,2,ENCFF994FCP,SRR5339652,released
101551,homo_sapiens,GSM2534246,GEO,H4K20me1,MCF-7,38.0,0.0,0.901,12.0,0.0018722499999995,0.6944444444444444,1,0,1,0,0,2,ENCFF528WDJ,SRR5339297,released
102569,homo_sapiens,GSM2534340,GEO,H3K79me2,PC-9,37.0,0.0,0.954,85.0,0.0337199999999915,0.6536,1,0,1,1,0,3,ENCFF392RHX,SRR5339194,released
101734,homo_sapiens,GSM2534264,GEO,H3K27me3,neural cell,38.0,0.0,0.997,61.0,0.0164384999999958,0.8625592417061612,1,0,1,1,1,4,ENCFF002BBD,SRR5339094,released
99932,homo_sapiens,GSM2534215,GEO,H3K79me2,fibroblast of arm,38.0,0.0,0.994,31.0,0.031815999999992,0.649,1,0,1,1,0,3,ENCFF247ZUN,SRR5339027,released
101687,homo_sapiens,GSM2534411,GEO,H4K20me1,Loucy,36.0,0.0,0.923,8.0,0.003657249999999,0.6381475667189953,1,0,1,0,0,2,ENCFF857ZQN,SRR5339301,released
101396,homo_sapiens,GSM2534014,GEO,H3K36me3,B cell,38.0,0.0,0.888,36.0,0.0022512499999994,0.6194690265486725,1,0,1,0,0,2,ENCFF472PZF,SRR5338889,released
101896,homo_sapiens,GSM2534386,GEO,H4K20me1,OCI-LY7,37.0,0.0,0.997,27.0,0.0032879999999991,0.6183765501691093,1,0,1,0,0,2,ENCFF350ZIU,SRR5339340,released
100069,homo_sapiens,GSM2534577,GEO,H4K20me1,SK-N-SH,38.0,0.0,0.988,41.0,0.0051024999999987,0.4988713318284424,1,0,1,0,0,2,ENCFF807IIF,SRR5339472,released
101501,homo_sapiens,GSM2534433,GEO,H4K20me1,OCI-Ly3,37.0,0.0,0.998,20.0,0.0135787499999966,0.7126,1,0,1,1,1,4,ENCFF403SRN,SRR5339355,released
100445,homo_sapiens,GSM2534724,GEO,H3K36me3,cardiac muscle tissue,38.0,0.0,0.993,54.0,0.0045687499999988,0.4782608695652174,1,0,1,0,0,2,ENCFF122ZOD,SRR5339650,released
100505,homo_sapiens,GSM2534539,GEO,H3K36me3,adrenal gland,38.0,0.0,0.99,204.0,0.0075397499999981,0.4269662921348314,1,0,1,0,0,2,ENCFF117LQC,SRR5339423,released
99993,homo_sapiens,GSM2534321,GEO,H3K79me2,hepatocyte,38.0,0.0,0.99,23.0,0.0026537499999993,0.4210526315789473,1,0,1,0,0,2,ENCFF213XRW,SRR5339179,released
100699,homo_sapiens,GSM2534548,GEO,H3K27me3,cardiac muscle tissue,38.0,0.0,0.994,247.0,0.036009249999991,0.8102,1,0,1,1,1,4,ENCFF562HAT,SRR5339435,released
100467,homo_sapiens,GSM2534078,GEO,H3K36me3,cardiac ventricle,37.0,0.0,0.997,208.0,0.0045757499999988,0.3997912317327766,1,0,1,0,0,2,ENCFF576BDG,SRR5338793,released
101397,homo_sapiens,GSM2534013,GEO,H3K36me3,B cell,37.0,0.0,0.813,20.0,0.0017694999999995,0.8292682926829268,1,0,1,0,1,3,ENCFF176JYU,SRR5338887,released
99997,homo_sapiens,GSM2534319,GEO,H3K79me2,hepatocyte,37.0,0.0,0.996,23.0,0.0027204999999993,0.4728682170542636,1,0,1,0,0,2,ENCFF355IQV,SRR5339176,released
99939,homo_sapiens,GSM2534205,GEO,H3K79me2,Karpas 422,37.0,0.0,0.992,27.0,0.092015499999977,0.8486,1,0,1,1,1,4,ENCFF377OKN,SRR5338990,released
100470,homo_sapiens,GSM2534069,GEO,H3K79me2,smooth muscle tissue,37.0,0.0,0.995,18.0,0.0183927499999954,0.64,1,0,1,1,0,3,ENCFF142HNK,SRR5338796,released
100281,homo_sapiens,GSM2534606,GEO,H4K20me1,fibroblast of arm,39.0,0.0,0.983,92.0,0.0052124999999986,0.4675324675324675,1,0,1,0,0,2,ENCFF983QIJ,SRR5339538,released
100070,homo_sapiens,GSM2534576,GEO,H4K20me1,SK-N-SH,37.0,0.0,0.898,80.0,0.0153412499999961,0.6248187880545085,1,0,1,1,0,3,ENCFF959JYI,SRR5339469,released
101403,homo_sapiens,GSM2534015,GEO,H3K79me2,Loucy,39.0,0.0,0.988,9.0,0.1071664999999732,0.8654,1,0,1,1,1,4,ENCFF002AYJ,SRR5338727,released
101733,homo_sapiens,GSM2534263,GEO,H3K27me3,neural cell,38.0,0.0,0.972,50.0,0.0060782499999984,0.7,1,0,1,0,1,3,ENCFF002AUY,SRR5339093,released
99988,homo_sapiens,GSM2534314,GEO,H3K36me3,pancreas,38.0,0.0,0.997,214.0,0.0054082499999986,0.432258064516129,1,0,1,0,0,2,ENCFF579FUK,SRR5339159,released
101686,homo_sapiens,GSM2534410,GEO,H4K20me1,Loucy,38.0,0.0,0.869,11.0,0.0028322499999992,0.5961538461538461,1,0,1,0,0,2,ENCFF025CYO,SRR5339300,released
101500,homo_sapiens,GSM2534432,GEO,H4K20me1,OCI-Ly3,37.0,0.0,0.997,32.0,0.0072997499999981,0.6170575692963752,1,0,1,0,0,2,ENCFF206ZHR,SRR5339352,released
101693,homo_sapiens,GSM2534415,GEO,H4K20me1,PC-3,37.0,0.0,0.999,22.0,0.0086477499999978,0.5884353741496599,1,0,1,0,0,2,ENCFF710VOF,SRR5339293,released
102276,homo_sapiens,GSM2534176,GEO,H3K36me3,neural progenitor cell,37.0,0.0,0.997,210.0,0.0061857499999984,0.3745454545454545,1,0,1,0,0,2,ENCFF028XTC,SRR5338958,released
99938,homo_sapiens,GSM2534206,GEO,H3K79me2,Karpas 422,,0.0,0.998,20.0,0.0536477499999865,0.803,0,0,1,1,1,3,ENCFF782NXB,SRR5338993,released
100067,homo_sapiens,GSM2534580,GEO,H3K36me3,KOPT-K1,38.0,0.0,0.858,7.0,0.0020509999999994,0.3685800604229607,1,0,1,0,0,2,ENCFF238VVB,SRR5339467,released
100471,homo_sapiens,GSM2534070,GEO,H3K79me2,smooth muscle tissue,38.0,0.0,0.987,17.0,0.003708749999999,0.4125,1,0,1,0,0,2,ENCFF647CJF,SRR5338797,released
102361,homo_sapiens,GSM2534672,GEO,H3K79me2,OCI-Ly3,36.0,0.0,0.995,43.0,0.163895249999959,0.887,1,0,1,1,1,4,ENCFF105EFO,SRR5339587,released
100646,homo_sapiens,GSM2534059,GEO,H3K27me3,UTSW-ACC112,36.0,0.0,0.994,168.0,0.0122162499999969,0.6118,1,0,1,1,0,3,ENCFF011QMA,SRR5338780,released
100876,homo_sapiens,GSM2534134,GEO,H4K20me1,SU-DHL-6,37.0,0.0,0.995,155.0,0.0023557499999994,0.4603174603174603,1,0,1,0,0,2,ENCFF725ULT,SRR5338948,released
100504,homo_sapiens,GSM2534540,GEO,H3K36me3,adrenal gland,38.0,0.0,0.961,153.0,0.007821499999998,0.4930555555555556,1,0,1,0,0,2,ENCFF341OES,SRR5339425,released
99994,homo_sapiens,GSM2534322,GEO,H3K79me2,hepatocyte,37.0,0.0,0.996,24.0,0.0027659999999993,0.5042735042735043,1,0,1,0,0,2,ENCFF588LYQ,SRR5339181,released
102313,homo_sapiens,GSM2534349,GEO,H3K36me3,neural cell,36.0,0.0,0.998,59.0,0.0024124999999993,0.6494464944649446,1,0,1,0,0,2,ENCFF002AWW,SRR5339238,released
100650,homo_sapiens,GSM2534052,GEO,H4K20me1,HCT 116,37.0,0.0,0.996,20.0,0.0011887499999997,0.5866666666666667,1,0,1,0,0,2,ENCFF478VDD,SRR5338773,released
100271,homo_sapiens,GSM2534224,GEO,H3K79me2,DoHH2,38.0,0.0,0.995,30.0,0.1996737499999501,0.8956,1,0,1,1,1,4,ENCFF722LBO,SRR5339266,released
99996,homo_sapiens,GSM2534324,GEO,H3K79me2,hepatocyte,38.0,0.0,0.988,21.0,0.003717749999999,0.4772727272727273,1,0,1,0,0,2,ENCFF200AKD,SRR5339184,released
100630,homo_sapiens,GSM2534703,GEO,H3K36me3,SK-N-SH,38.0,0.0,0.979,178.0,0.0047892499999988,0.3726708074534161,1,0,1,0,0,2,ENCFF775HCY,SRR5339620,released
100282,homo_sapiens,GSM2534605,GEO,H4K20me1,fibroblast of arm,39.0,0.0,0.962,107.0,0.0052057499999986,0.4714714714714714,1,0,1,0,0,2,ENCFF130RLD,SRR5339537,released
100279,homo_sapiens,GSM2534597,GEO,H3K36me3,UTSW-ACC112,37.0,0.0,0.996,230.0,0.0063684999999984,0.4017953321364452,1,0,1,0,0,2,ENCFF278TEK,SRR5339513,released
101402,homo_sapiens,GSM2534016,GEO,H3K79me2,Loucy,37.0,0.0,0.996,7.0,0.0309937499999922,0.7472,1,0,1,1,1,4,ENCFF002AWM,SRR5338728,released
100068,homo_sapiens,GSM2534581,GEO,H3K36me3,KOPT-K1,38.0,0.0,0.993,36.0,0.0348207499999912,0.4152,1,0,1,1,0,3,ENCFF019RTD,SRR5339468,released
102362,homo_sapiens,GSM2534673,GEO,H3K79me2,OCI-Ly3,37.0,0.0,0.998,29.0,0.0963377499999759,0.8668,1,0,1,1,1,4,ENCFF950ZPL,SRR5339590,released
100631,homo_sapiens,GSM2534704,GEO,H3K36me3,SK-N-SH,37.0,0.0,0.955,121.0,0.0048239999999987,0.4049079754601227,1,0,1,0,0,2,ENCFF805WOH,SRR5339621,released
102275,homo_sapiens,GSM2534177,GEO,H3K36me3,neural progenitor cell,37.0,0.0,0.993,262.0,0.0067452499999983,0.2871137905048982,1,0,1,0,0,2,ENCFF606KSK,SRR5338961,released
101692,homo_sapiens,GSM2534414,GEO,H4K20me1,PC-3,37.0,0.0,0.995,10.0,0.0044432499999988,0.624390243902439,1,0,1,0,0,2,ENCFF954GPQ,SRR5339290,released
100270,homo_sapiens,GSM2534225,GEO,H3K79me2,DoHH2,38.0,0.0,0.996,21.0,0.1610787499999597,0.8932,1,0,1,1,1,4,ENCFF053ZDX,SRR5339269,released
100651,homo_sapiens,GSM2534053,GEO,H4K20me1,HCT 116,38.0,0.0,0.86,69.0,0.0052314999999986,0.5026737967914439,1,0,1,0,0,2,ENCFF070JDY,SRR5338774,released
100447,homo_sapiens,GSM2534726,GEO,H3K36me3,cardiac muscle tissue,35.0,0.0,0.988,125.0,0.0057057499999985,0.5467836257309941,1,0,1,0,0,2,ENCFF290IRP,SRR5339654,released
99995,homo_sapiens,GSM2534323,GEO,H3K79me2,hepatocyte,37.0,0.0,0.996,23.0,0.0029729999999992,0.5141843971631206,1,0,1,0,0,2,ENCFF047BBA,SRR5339183,released
102312,homo_sapiens,GSM2534348,GEO,H3K36me3,neural cell,38.0,0.0,0.959,41.0,0.0020212499999994,0.6796116504854369,1,0,1,0,0,2,ENCFF002AZB,SRR5339237,released
100875,homo_sapiens,GSM2534135,GEO,H4K20me1,SU-DHL-6,38.0,0.0,0.997,11.0,0.0013262499999996,0.5882352941176471,1,0,1,0,0,2,ENCFF002AWH,SRR5338949,released
101552,homo_sapiens,GSM2534245,GEO,H4K20me1,MCF-7,37.0,0.0,0.985,18.0,0.0235414999999941,0.6728,1,0,1,1,0,3,ENCFF475AEQ,SRR5339296,released
100645,homo_sapiens,GSM2534058,GEO,H3K27me3,UTSW-ACC112,36.0,0.0,0.947,24.0,0.0007149999999998,0.5654761904761905,1,0,1,0,0,2,ENCFF002AWV,SRR5338777,released
100698,homo_sapiens,GSM2534547,GEO,H3K27me3,cardiac muscle tissue,39.0,0.0,0.994,175.0,0.0154649999999961,0.7192247249869042,1,0,1,1,1,4,ENCFF944DOY,SRR5339431,released
100874,homo_sapiens,GSM2534133,GEO,H4K20me1,SU-DHL-6,38.0,0.0,0.846,8.0,0.0009599999999997,0.6078431372549019,1,0,1,0,0,2,ENCFF002AWJ,SRR5338945,released
100280,homo_sapiens,GSM2534596,GEO,H3K36me3,UTSW-ACC112,36.0,0.0,0.946,43.0,0.0028704999999992,0.4702194357366771,1,0,1,0,0,2,ENCFF408AHC,SRR5339510,released
101897,homo_sapiens,GSM2534385,GEO,H4K20me1,OCI-LY7,36.0,0.0,0.956,15.0,0.0010114999999997,0.5743243243243243,1,0,1,0,0,2,ENCFF002ATM,SRR5339337,released
100466,homo_sapiens,GSM2534077,GEO,H3K36me3,cardiac ventricle,39.0,0.0,0.994,130.0,0.0041697499999989,0.3983050847457627,1,0,1,0,0,2,ENCFF341TOM,SRR5338789,released
101595,homo_sapiens,GSM2527687,GEO,H4K20me1,hepatocyte,38.0,0.0,0.912,22.0,0.003869249999999,0.5297297297297298,1,0,1,0,0,2,ENCFF524ZWL,SRR5331588,released
101248,homo_sapiens,GSM2527575,GEO,H4K20me1,smooth muscle tissue,38.0,0.0,0.996,19.0,0.0058904999999985,0.6529182879377432,1,0,1,0,0,2,ENCFF673SBP,SRR5331409,released
101588,homo_sapiens,GSM2527679,GEO,H4K20me1,DoHH2,38.0,0.0,0.927,10.0,0.0009789999999997,0.6630434782608695,1,0,1,0,0,2,ENCFF002BAY,SRR5331566,released
101255,homo_sapiens,GSM2527569,GEO,H3K27me3,Loucy,38.0,0.0,0.931,712.0,0.0514446707138213,0.631,1,0,1,1,0,3,ENCFF002AVU,SRR5331369,released
101565,homo_sapiens,GSM2527541,GEO,H4K20me1,Karpas 422,38.0,0.0,0.982,7.0,0.003919249999999,0.7216494845360825,1,0,1,0,1,3,ENCFF002BAD,SRR5331333,released
101587,homo_sapiens,GSM2527678,GEO,H4K20me1,DoHH2,38.0,0.0,0.995,10.0,0.0010124999999997,0.645,1,0,1,0,0,2,ENCFF002AVP,SRR5331565,released
102288,homo_sapiens,GSM2527453,GEO,H3K36me3,HCT 116,38.0,0.0,0.994,42.0,0.0034309999999991,0.4795081967213114,1,0,1,0,0,2,ENCFF934HVY,SRR5331225,released
101596,homo_sapiens,GSM2527688,GEO,H4K20me1,hepatocyte,37.0,0.0,0.993,25.0,0.0045842499999988,0.5222222222222223,1,0,1,0,0,2,ENCFF153GOX,SRR5331589,released
102113,homo_sapiens,GSM2527424,GEO,H3K27me3,neutrophil,38.0,0.0,0.992,499.0,0.099864999999975,0.886,1,0,1,1,1,4,ENCFF271IHZ,SRR5331178,released
101566,homo_sapiens,GSM2527542,GEO,H4K20me1,Karpas 422,38.0,0.0,0.997,7.0,0.0010757499999997,0.552,1,0,1,0,0,2,ENCFF589APP,SRR5331335,released
101589,homo_sapiens,GSM2527677,GEO,H4K20me1,DoHH2,39.0,0.0,0.995,15.0,0.0010462499999997,0.6456692913385826,1,0,1,0,0,2,ENCFF002AWK,SRR5331564,released
101249,homo_sapiens,GSM2527576,GEO,H4K20me1,smooth muscle tissue,38.0,0.0,0.995,14.0,0.015804249999996,0.6928,1,0,1,1,0,3,ENCFF952BVI,SRR5331410,released
101254,homo_sapiens,GSM2527570,GEO,H3K27me3,Loucy,36.0,0.0,0.995,44.0,0.0023194999999994,0.7009063444108762,1,0,1,0,1,3,ENCFF094MAV,SRR5331371,released
102112,homo_sapiens,GSM2527425,GEO,H3K27me3,neutrophil,38.0,0.0,0.992,475.0,0.0993032499999751,0.8906,1,0,1,1,1,4,ENCFF208ERY,SRR5331182,released
101039,homo_sapiens,GSM2533969,GEO,H3K36me3,gastrocnemius medialis,38.0,0.0,0.927,158.0,0.0053747499999986,0.4493150684931506,1,0,1,0,0,2,ENCFF041PAU,SRR5338849,released
101042,homo_sapiens,GSM2533972,GEO,H3K36me3,gastrocnemius medialis,38.0,0.0,0.985,257.0,0.0054827499999986,0.4372937293729373,1,0,1,0,0,2,ENCFF604AHS,SRR5338852,released
102144,homo_sapiens,GSM2533933,GEO,H3K79me2,NCI-H929,38.0,0.0,0.995,21.0,0.011655499999997,0.6288,1,0,1,1,0,3,ENCFF128CYD,SRR5338572,released
101041,homo_sapiens,GSM2533971,GEO,H3K36me3,gastrocnemius medialis,38.0,0.0,0.99,183.0,0.0061452499999984,0.4746666666666667,1,0,1,0,0,2,ENCFF021VWZ,SRR5338851,released
101040,homo_sapiens,GSM2533970,GEO,H3K36me3,gastrocnemius medialis,38.0,0.0,0.817,83.0,0.0049499999999987,0.4701986754966887,1,0,1,0,0,2,ENCFF513PYY,SRR5338850,released
102145,homo_sapiens,GSM2533934,GEO,H3K79me2,NCI-H929,37.0,0.0,0.995,3573.0,0.2669694427974068,0.9086,1,0,1,1,1,4,ENCFF707QYV,SRR5338576,released
100160,homo_sapiens,GSM2699582,GEO,H3K27me3,tibial nerve,39.0,0.0,0.996,182.0,0.0054947499999986,0.6912181303116147,1,0,1,0,0,2,ENCFF011LXD,SRR5832783,released
101176,homo_sapiens,GSM2308432,GEO,H3K36me3,HCT 116,39.0,0.0,0.995,41.0,0.0025344999999993,0.5166051660516605,1,0,1,0,0,2,ENCFF002AAO,SRR4235550,released
101165,homo_sapiens,GSM2308428,GEO,H3K27me3,PANC-1,36.0,0.0,0.999,28.0,0.0014919999999996,0.4951456310679611,1,0,1,0,0,2,ENCFF002AAI,SRR4235543,released
100976,homo_sapiens,GSM2308443,GEO,H3K36me3,SK-N-SH,39.0,0.0,0.98,27.0,0.007955999999998,0.3501344086021505,1,0,1,0,0,2,ENCFF002ABP,SRR4235559,released
100587,homo_sapiens,GSM2308494,GEO,H3K36me3,SU-DHL-6,38.0,0.0,0.996,37.0,0.0030154999999992,0.573076923076923,1,0,1,0,0,2,ENCFF002AWG,SRR4235633,released
101170,homo_sapiens,GSM2308425,GEO,H3K36me3,Panc1,38.0,0.0,0.971,143.0,0.0946324439597982,0.3892,1,0,1,1,0,3,ENCFF002AAE,SRR4235538,released
102253,homo_sapiens,GSM2308653,GEO,H3K27me3,Karpas 422,36.0,0.0,0.996,19.0,0.0008052499999997,0.6727272727272727,1,0,1,0,0,2,ENCFF002AZK,SRR4235824,released
102758,homo_sapiens,GSM2308532,GEO,H3K27me3,SU-DHL-6,38.0,0.0,0.997,29.0,0.0007697499999998,0.5546875,1,0,1,0,0,2,ENCFF002AWF,SRR4235677,released
102018,homo_sapiens,GSM2308629,GEO,H3K36me3,Karpas 422,38.0,0.0,0.996,48.0,0.0042539999999989,0.46875,1,0,1,0,0,2,ENCFF002BBO,SRR4235785,released
101166,homo_sapiens,GSM2308429,GEO,H3K27me3,PANC-1,38.0,0.0,0.995,41.0,0.0016959999999995,0.545,1,0,1,0,0,2,ENCFF002AAJ,SRR4235544,released
100975,homo_sapiens,GSM2308442,GEO,H3K36me3,SK-N-SH,39.0,0.0,0.997,41.0,0.0035704999999991,0.4047109207708779,1,0,1,0,0,2,ENCFF002ABQ,SRR4235558,released
101175,homo_sapiens,GSM2308433,GEO,H3K36me3,HCT 116,38.0,0.0,0.977,34.0,0.0034612499999991,0.5625,1,0,1,0,0,2,ENCFF002AAN,SRR4235551,released
100581,homo_sapiens,GSM2308484,GEO,H3K36me3,OCI-LY7,37.0,0.0,0.885,19.0,0.0331569999999917,0.3804,1,0,1,1,0,3,ENCFF002ACU,SRR4235619,released
102759,homo_sapiens,GSM2308533,GEO,H3K27me3,SU-DHL-6,37.0,0.0,0.998,33.0,0.0006944999999998,0.5670103092783505,1,0,1,0,0,2,ENCFF002BAO,SRR4235678,released
101169,homo_sapiens,GSM2308424,GEO,H3K36me3,Panc1,39.0,0.0,0.956,28.0,0.0025484999999993,0.8180272108843537,1,0,1,0,1,3,ENCFF002AAF,SRR4235537,released
102756,homo_sapiens,GSM2308530,GEO,H3K27me3,SU-DHL-6,38.0,0.0,0.98,36.0,0.0006074999999998,0.5520833333333334,1,0,1,0,0,2,ENCFF002AUF,SRR4235675,released
101859,homo_sapiens,GSM2308620,GEO,H3K27me3,OCI-LY1,38.0,0.0,0.955,38.0,0.0008267499999997,0.6074074074074074,1,0,1,0,0,2,ENCFF637NPE,SRR4235770,released
101860,homo_sapiens,GSM2308621,GEO,H3K27me3,OCI-LY1,39.0,0.0,0.972,12.0,0.0001272499999999,0.5306122448979592,1,0,1,0,0,2,ENCFF002BBK,SRR4235771,released
102757,homo_sapiens,GSM2308531,GEO,H3K27me3,SU-DHL-6,37.0,0.0,0.996,37.0,0.0012369999999996,0.6509433962264151,1,0,1,0,0,2,ENCFF002BAQ,SRR4235676,released
100411,homo_sapiens,GSM2700496,GEO,H3K27me3,ascending aorta,39.0,0.0,0.975,179.0,0.0035574999999991,0.5605815831987075,1,0,1,0,0,2,ENCFF888QUQ,SRR5832887,released
101708,homo_sapiens,GSM2700195,GEO,H3K79me2,HCT 116,39.0,0.0,0.989,12.0,0.0604747499999848,0.8176,1,0,1,1,1,4,ENCFF517MPZ,SRR5832835,released
102558,homo_sapiens,GSM2700581,GEO,H3K79me2,PC-3,37.0,0.0,0.998,15.0,0.0809979999999797,0.8726,1,0,1,1,1,4,ENCFF072DIO,SRR5832957,released
101902,homo_sapiens,GSM2700198,GEO,H3K36me3,SK-N-MC,38.0,0.0,0.995,39.0,0.0447927499999888,0.4136,1,0,1,1,0,3,ENCFF037CCV,SRR5832839,released
102289,homo_sapiens,GSM2700596,GEO,H3K36me3,muscular coat,37.0,0.0,0.996,169.0,0.011939999999997,0.336,1,0,1,1,0,3,ENCFF670SWL,SRR5832973,released
102559,homo_sapiens,GSM2700580,GEO,H3K79me2,PC-3,38.0,0.0,0.994,4.0,0.1136324999999716,0.9058,1,0,1,1,1,4,ENCFF228ITV,SRR5832954,released
102302,homo_sapiens,GSM2700591,GEO,H3K36me3,ascending aorta,39.0,0.0,0.996,166.0,0.0034282499999991,0.4163179916317991,1,0,1,0,0,2,ENCFF841JIG,SRR5832969,released
100412,homo_sapiens,GSM2700497,GEO,H3K36me3,spleen,37.0,0.0,0.993,163.0,0.047852499999988,0.3736,1,0,1,1,0,3,ENCFF924XII,SRR5832891,released
101903,homo_sapiens,GSM2700199,GEO,H3K36me3,SK-N-MC,37.0,0.0,0.996,165.0,0.0046332499999988,0.3494992092778071,1,0,1,0,0,2,ENCFF963XTL,SRR5832840,released
100834,homo_sapiens,GSM2700336,GEO,H3K27me3,artery,39.0,0.0,0.996,241.0,0.0044447499999988,0.4516728624535316,1,0,1,0,0,2,ENCFF757GNQ,SRR5832868,released
102232,homo_sapiens,GSM2700617,GEO,H3K27me3,atrium auricular region,39.0,0.0,0.993,216.0,0.0049889999999987,0.4612476370510397,1,0,1,0,0,2,ENCFF675WEC,SRR5833005,released
101707,homo_sapiens,GSM2700196,GEO,H3K79me2,HCT 116,38.0,0.0,0.825,90.0,0.0473594999999881,0.6452,1,0,1,1,0,3,ENCFF865KPW,SRR5832836,released
102161,homo_sapiens,GSM2700601,GEO,H3K27me3,breast epithelium,39.0,0.0,0.993,280.0,0.003852499999999,0.4604715672676838,1,0,1,0,0,2,ENCFF141YPR,SRR5833108,released
100835,homo_sapiens,GSM2700337,GEO,H3K36me3,breast epithelium,39.0,0.0,0.997,166.0,0.0065129999999983,0.3462695547533093,1,0,1,0,0,2,ENCFF785BJK,SRR5832856,released
101768,homo_sapiens,GSM2825435,GEO,H3K27ac,RWPE-1,39.0,0.0,0.869,8624.0,,0.9684,1,0,1,0,1,3,ENCFF950OXW,SRR6212674,released
101516,homo_sapiens,GSM2825931,GEO,H3K27ac,C4-2B,35.0,0.0,0.975,2514.0,0.288240249999928,0.9474,1,0,1,1,1,4,ENCFF306IVP,SRR6213028,released
101769,homo_sapiens,GSM2825434,GEO,H3K27ac,RWPE-1,40.0,0.0,0.775,9729.0,0.5864314999998534,0.969,1,0,0,1,1,3,ENCFF666GAH,SRR6212673,released
101515,homo_sapiens,GSM2825930,GEO,H3K27ac,C4-2B,35.0,0.0,0.951,8325.0,0.5055332499998736,0.9478,1,0,1,1,1,4,ENCFF226MBW,SRR6213027,released
101469,homo_sapiens,GSM2701565,GEO,H3K27ac,cardiac ventricle,37.0,0.0,0.99,1957.0,0.2515779999999371,0.9758,1,0,1,1,1,4,ENCFF978HHN,SRR5833057,released
100866,homo_sapiens,GSM2701778,GEO,H3K4me3,transverse colon,39.0,0.0,0.998,106.0,0.0189362499999952,0.885,1,0,1,1,1,4,ENCFF399DEU,SRR5833167,released
100478,homo_sapiens,GSM2701733,GEO,H3K4me3,cardiac ventricle,38.0,0.0,0.988,3540.0,0.2483049999999379,0.9772,1,0,1,1,1,4,ENCFF276ILJ,SRR5833116,released
102712,homo_sapiens,GSM2701700,GEO,H3K4me3,B cell,38.0,0.0,0.97,2892.0,0.2536309999999366,0.9744,1,0,1,1,1,4,ENCFF751FJK,SRR5833075,released
101381,homo_sapiens,GSM2701097,GEO,H3K27ac,small intestine Peyer's patch,38.0,0.0,0.988,3901.0,0.3058774999999235,0.9714,1,0,1,1,1,4,ENCFF453DCW,SRR5833019,released
100655,homo_sapiens,GSM2701744,GEO,H3K9me3,gastrocnemius medialis,39.0,0.0,0.995,244.0,0.007787499999998,0.4216867469879518,1,0,1,0,0,2,ENCFF496PCJ,SRR5833152,released
100465,homo_sapiens,GSM2701735,GEO,H3K4me1,stomach,39.0,0.0,0.995,26.0,0.0340017499999915,0.843,1,0,1,1,1,4,ENCFF540OQG,SRR5833098,released
100647,homo_sapiens,GSM2701748,GEO,H3K27ac,squamous epithelium,39.0,0.0,0.988,3782.0,0.3070092499999232,0.9734,1,0,1,1,1,4,ENCFF143SOY,SRR5833150,released
100267,homo_sapiens,GSM2701566,GEO,H3K4me3,sigmoid colon,39.0,0.0,0.996,4219.0,0.135757749999966,0.9772,1,0,1,1,1,4,ENCFF350DFV,SRR5833063,released
102713,homo_sapiens,GSM2701701,GEO,H3K4me3,B cell,37.0,0.0,0.514,495.0,0.163709999999959,0.9732,1,0,0,1,1,3,ENCFF715ZJM,SRR5833077,released
102483,homo_sapiens,GSM2701809,GEO,H3K27ac,ascending aorta,39.0,0.0,0.994,1774.0,0.2707467499999323,0.975,1,0,1,1,1,4,ENCFF342QSI,SRR5833195,released
101512,homo_sapiens,GSM2701114,GEO,H3K4me1,tibial nerve,39.0,0.0,0.994,27.0,0.0122512499999969,0.7564,1,0,1,1,1,4,ENCFF728XJE,SRR5833051,released
100578,homo_sapiens,GSM2698631,GEO,H3K27ac,transverse colon,37.0,0.0,0.988,1767.0,0.2372659999999407,0.9744,1,0,1,1,1,4,ENCFF481TGO,SRR5832687,released
102233,homo_sapiens,GSM2698646,GEO,H3K4me1,muscular coat,39.0,0.0,0.995,198.0,0.0035144999999991,0.3922018348623853,1,0,1,0,0,2,ENCFF227KNT,SRR5832716,released
100346,homo_sapiens,GSM2698547,GEO,H3K4me3,tibial nerve,39.0,0.0,0.995,872.0,0.1187817499999703,0.9664,1,0,1,1,1,4,ENCFF074KSX,SRR5833211,released
102742,homo_sapiens,GSM2698849,GEO,H3K27ac,adrenal gland,39.0,0.0,0.983,6141.0,0.4297067499998926,0.9778,1,0,1,1,1,4,ENCFF237XPL,SRR5832759,released
102743,homo_sapiens,GSM2698835,GEO,H3K27ac,uterus,37.0,0.0,0.994,2457.0,0.2316644999999421,0.9744,1,0,1,1,1,4,ENCFF072KDT,SRR5832766,released
102234,homo_sapiens,GSM2698647,GEO,H3K4me1,muscular coat,39.0,0.0,0.997,19.0,0.0635384999999841,0.852,1,0,1,1,1,4,ENCFF642ZLG,SRR5832720,released
100810,homo_sapiens,GSM2698627,GEO,H3K4me3,ascending aorta,39.0,0.0,0.994,648.0,0.1553354999999611,0.967,1,0,1,1,1,4,ENCFF103SUJ,SRR5833293,released
100564,homo_sapiens,GSM2698478,GEO,H3K9me3,squamous epithelium,39.0,0.0,0.996,248.0,0.0068837499999982,0.4301675977653631,1,0,1,0,0,2,ENCFF429XYU,SRR5833085,released
100365,homo_sapiens,GSM2698586,GEO,H3K9me3,spleen,39.0,0.0,0.991,464.0,0.0789207499999802,0.3794,1,0,1,1,0,3,ENCFF044RKK,SRR5833238,released
100784,homo_sapiens,GSM2698402,GEO,H3K9me3,gastroesophageal sphincter,38.0,0.0,0.995,200.0,0.0065662499999983,0.4355971896955503,1,0,1,0,0,2,ENCFF710UNG,SRR5833055,released
100800,homo_sapiens,GSM2698622,GEO,H3K4me1,ascending aorta,38.0,0.0,0.996,225.0,0.003661499999999,0.454172366621067,1,0,1,0,0,2,ENCFF512JRJ,SRR5833282,released
100576,homo_sapiens,GSM2698633,GEO,H3K4me3,upper lobe of left lung,38.0,0.0,0.995,169.0,0.0477535234887039,0.9442,1,0,1,1,1,4,ENCFF015NLW,SRR5832697,released
102236,homo_sapiens,GSM2698660,GEO,H3K4me1,artery,39.0,0.0,0.996,233.0,0.004000249999999,0.3810240963855422,1,0,1,0,0,2,ENCFF692XOZ,SRR5832708,released
100804,homo_sapiens,GSM2698617,GEO,H3K27ac,muscular coat,,0.0,0.978,2962.0,0.2830619999999292,0.9748,0,0,1,1,1,3,ENCFF907WMK,SRR5833272,released
102458,homo_sapiens,GSM2698887,GEO,H3K4me3,spleen,36.0,0.0,0.967,6748.0,0.6808949999998298,0.978,1,0,1,1,1,4,ENCFF333RSU,SRR5832745,released
102032,homo_sapiens,GSM2698742,GEO,H3K9me3,artery,39.0,0.0,0.992,309.0,0.0186837499999953,0.3331856446610545,1,0,1,1,0,3,ENCFF048IVK,SRR5832726,released
100353,homo_sapiens,GSM2698549,GEO,H3K27ac,ascending aorta,37.0,0.0,0.983,1470.0,0.2329059999999418,0.973,1,0,1,1,1,4,ENCFF757QLQ,SRR5833213,released
100801,homo_sapiens,GSM2698623,GEO,H3K4me1,squamous epithelium,39.0,0.0,0.998,14.0,0.0474144999999881,0.8356,1,0,1,1,1,4,ENCFF657IHS,SRR5833291,released
100787,homo_sapiens,GSM2698422,GEO,H3K27ac,breast epithelium,39.0,0.0,0.998,2.0,0.0079743441459271,0.9411764705882352,1,0,1,0,1,3,ENCFF737ZSN,SRR5833081,released
100580,homo_sapiens,GSM2698634,GEO,H3K27ac,stomach,37.0,0.0,0.992,1936.0,0.3135614999999216,0.9744,1,0,1,1,1,4,ENCFF964NOS,SRR5832695,released
99985,homo_sapiens,GSM2828934,GEO,H3K27ac,22Rv1,37.0,0.0,0.972,798.0,0.2416309999999396,0.9642,1,0,1,1,1,4,ENCFF289XSZ,SRR6214352,released
100995,homo_sapiens,GSM2828487,GEO,H3K27ac,prostate gland,37.0,0.0,0.986,7563.0,0.6112235150690783,0.9786,1,0,1,1,1,4,ENCFF851FQK,SRR6213950,released
99984,homo_sapiens,GSM2828935,GEO,H3K27ac,22Rv1,37.0,0.0,0.945,1174.0,0.3187032499999203,0.9646,1,0,1,1,1,4,ENCFF724WMY,SRR6214353,released
100996,homo_sapiens,GSM2828486,GEO,H3K27ac,prostate gland,37.0,0.0,0.94,3898.0,0.4837832499998791,0.9772,1,0,1,1,1,4,ENCFF036JGO,SRR6213949,released
101405,homo_sapiens,GSM2534021,GEO,H3K9me3,KOPT-K1,38.0,0.0,0.986,187.0,0.0932057499999767,0.4822,1,0,1,1,0,3,ENCFF267UJB,SRR5338751,released
100694,homo_sapiens,GSM2534553,GEO,H3K4me2,Karpas 422,38.0,0.0,0.857,680.0,0.3365717499999159,0.9602,1,0,1,1,1,4,ENCFF002ATV,SRR5339445,released
100654,homo_sapiens,GSM2534050,GEO,H3K9me2,Karpas 422,36.0,0.0,0.987,18.0,0.0013597499999996,0.52,1,0,1,0,0,2,ENCFF002AYW,SRR5338772,released
101376,homo_sapiens,GSM2534444,GEO,H3K4me2,SK-N-SH,38.0,0.0,0.98,93.0,0.1047494999999738,0.9336,1,0,1,1,1,4,ENCFF256JRU,SRR5339342,released
101741,homo_sapiens,GSM2534275,GEO,H3K4me1,SK-N-SH,38.0,0.0,0.961,70.0,0.0506157499999873,0.8596,1,0,1,1,1,4,ENCFF436WIU,SRR5339102,released
100702,homo_sapiens,GSM2534571,GEO,H3K4me2,MCF-7,36.0,0.0,0.99,1322.0,0.23985924999994,0.9746,1,0,1,1,1,4,ENCFF002ACV,SRR5339477,released
102098,homo_sapiens,GSM2534380,GEO,H3K4me2,pluripotent stem cell,38.0,0.0,0.952,401.0,0.2163547499999459,0.94,1,0,1,1,1,4,ENCFF999PYV,SRR5339248,released
101000,homo_sapiens,GSM2534707,GEO,H3K27ac,right lobe of liver,39.0,0.0,0.983,4681.0,0.3696784999999076,0.9744,1,0,1,1,1,4,ENCFF740NTK,SRR5339628,released
102272,homo_sapiens,GSM2534165,GEO,H3K4me3,DND-41,36.0,0.0,0.996,20.0,0.0165749999999958,0.9402,1,0,1,1,1,4,ENCFF312CZM,SRR5339018,released
101398,homo_sapiens,GSM2534012,GEO,H3K9me2,SK-N-SH,38.0,0.0,0.99,198.0,0.0053047499999986,0.3875,1,0,1,0,0,2,ENCFF801UYJ,SRR5338843,released
100693,homo_sapiens,GSM2534560,GEO,H3K4me1,gastroesophageal sphincter,39.0,0.0,0.998,10.0,0.0026408112708725,0.6551724137931034,1,0,1,0,0,2,ENCFF933SBD,SRR5339456,released
101947,homo_sapiens,GSM2534692,GEO,H3K4me3,keratinocyte,37.0,0.0,0.873,211.0,0.0931047499999767,0.9406,1,0,1,1,1,4,ENCFF259YKX,SRR5339615,released
100666,homo_sapiens,GSM2534114,GEO,H3K4me1,A-673,38.0,0.0,0.953,43.0,0.0512794999999871,0.846,1,0,1,1,1,4,ENCFF884IJX,SRR5338894,released
102307,homo_sapiens,GSM2534362,GEO,H3K27ac,KOPT-K1,35.0,0.0,0.891,3682.0,0.5050937499998738,0.9736,1,0,1,1,1,4,ENCFF046DDT,SRR5339259,released
102277,homo_sapiens,GSM2534179,GEO,H3K4me3,Hep-G2,37.0,0.0,0.991,688.0,0.1912594999999522,0.9588,1,0,1,1,1,4,ENCFF901NZE,SRR5338969,released
101737,homo_sapiens,GSM2534278,GEO,H3K27ac,HCT 116,38.0,0.0,0.947,2219.0,0.2774114999999306,0.9656,1,0,1,1,1,4,ENCFF176BXC,SRR5339100,released
100894,homo_sapiens,GSM2534489,GEO,H3K4me1,neutrophil,37.0,0.0,0.993,58.0,0.1667654999999583,0.8906,1,0,1,1,1,4,ENCFF905NXR,SRR5339362,released
99941,homo_sapiens,GSM2534209,GEO,H3K4me3,muscular coat,38.0,0.0,0.978,7137.0,0.5447177499998639,0.9776,1,0,1,1,1,4,ENCFF347UDF,SRR5339006,released
102094,homo_sapiens,GSM2534375,GEO,H3K27ac,gastrocnemius medialis,37.0,0.0,0.99,2696.0,0.3351384999999162,0.9746,1,0,1,1,1,4,ENCFF789APL,SRR5339208,released
102210,homo_sapiens,GSM2534498,GEO,H3K27ac,SK-N-MC,37.0,0.0,0.995,349.0,0.1042079999999739,0.925,1,0,1,1,1,4,ENCFF936KFD,SRR5339375,released
101731,homo_sapiens,GSM2534269,GEO,H3K4me3,pluripotent stem cell,37.0,0.0,0.987,3621.0,0.443944999999889,0.969,1,0,1,1,1,4,ENCFF279LHW,SRR5339126,released
101727,homo_sapiens,GSM2534273,GEO,H3K4me3,Loucy,37.0,0.0,0.989,2427.0,0.4744152499998814,0.974,1,0,1,1,1,4,ENCFF531DSU,SRR5339115,released
101215,homo_sapiens,GSM2534471,GEO,H3K4me3,WA01,38.0,0.0,0.987,3727.0,0.3613162499999097,0.9736,1,0,1,1,1,4,ENCFF813UAU,SRR5339334,released
100662,homo_sapiens,GSM2534119,GEO,H3K9me3,neutrophil,38.0,0.0,0.991,322.0,0.0093352499999976,0.4104193138500635,1,0,1,0,0,2,ENCFF091IEK,SRR5338876,released
100453,homo_sapiens,GSM2534732,GEO,H3K9me3,MCF-7,38.0,0.0,0.964,57.0,0.0070297499999982,0.469335604770017,1,0,1,0,0,2,ENCFF656BIN,SRR5339679,released
101497,homo_sapiens,GSM2534429,GEO,H3K4me3,UTSW-ACC112,36.0,0.0,0.961,4946.0,0.6499779999998375,0.9744,1,0,1,1,1,4,ENCFF002AUB,SRR5339305,released
99895,homo_sapiens,GSM2534535,GEO,H3K4me2,OCI-LY7,36.0,0.0,0.99,2216.0,0.4525974999998868,0.9722,1,0,1,1,1,4,ENCFF947IMN,SRR5339418,released
101503,homo_sapiens,GSM2534438,GEO,H3K4me2,PC-3,38.0,0.0,0.993,1779.0,0.3787167499999053,0.974,1,0,1,1,1,4,ENCFF791APF,SRR5339325,released
101374,homo_sapiens,GSM2534445,GEO,H3K4me2,HCT 116,38.0,0.0,0.946,3414.0,0.4086022499998978,0.9566,1,0,1,1,1,4,ENCFF936MMN,SRR5339311,released
102355,homo_sapiens,GSM2534658,GEO,H3K9me2,PC-3,37.0,0.0,0.995,11.0,0.0012604999999996,0.5420875420875421,1,0,1,0,0,2,ENCFF433BBA,SRR5339577,released
100692,homo_sapiens,GSM2534559,GEO,H3K4me1,gastroesophageal sphincter,39.0,0.0,0.997,16.0,0.0605357499999848,0.866,1,0,1,1,1,4,ENCFF347UYT,SRR5339454,released
102647,homo_sapiens,GSM2534638,GEO,H3K9me3,gastrocnemius medialis,38.0,0.0,0.989,214.0,0.0067904999999983,0.4533029612756264,1,0,1,0,0,2,ENCFF797ROW,SRR5339573,released
100484,homo_sapiens,GSM2534091,GEO,H3K4me2,PC-9,38.0,0.0,0.991,1571.0,0.3525992499999119,0.9648,1,0,1,1,1,4,ENCFF917NQX,SRR5338836,released
101948,homo_sapiens,GSM2534693,GEO,H3K4me3,keratinocyte,37.0,0.0,0.991,1294.0,0.2731214999999317,0.9696,1,0,1,1,1,4,ENCFF774JBP,SRR5339616,released
100665,homo_sapiens,GSM2534115,GEO,H3K4me1,A-673,36.0,0.0,0.771,8.0,0.0789307499999802,0.8742,1,0,0,1,1,3,ENCFF812FRO,SRR5338897,released
102097,homo_sapiens,GSM2534379,GEO,H3K4me2,pluripotent stem cell,37.0,0.0,0.993,576.0,0.276046499999931,0.962,1,0,1,1,1,4,ENCFF497UDN,SRR5339247,released
100065,homo_sapiens,GSM2534588,GEO,H3K9me3,Loucy,38.0,0.0,0.979,69.0,0.0085367499999978,0.4406130268199233,1,0,1,0,0,2,ENCFF002AVC,SRR5339501,released
100999,homo_sapiens,GSM2534706,GEO,H3K27ac,right lobe of liver,39.0,0.0,0.992,1710.0,0.2567314999999358,0.9706,1,0,1,1,1,4,ENCFF135NRF,SRR5339626,released
100703,homo_sapiens,GSM2534570,GEO,H3K4me2,MCF-7,37.0,0.0,0.938,1839.0,0.3064294999999234,0.9778,1,0,1,1,1,4,ENCFF870JII,SRR5339476,released
101728,homo_sapiens,GSM2534274,GEO,H3K4me3,Loucy,38.0,0.0,0.817,697.0,0.2324042499999419,0.9694,1,0,1,1,1,4,ENCFF002BBW,SRR5339116,released
101726,homo_sapiens,GSM2534272,GEO,H3K4me3,Loucy,38.0,0.0,0.896,2381.0,0.3075759999999231,0.9736,1,0,1,1,1,4,ENCFF002BBM,SRR5339112,released
100663,homo_sapiens,GSM2534118,GEO,H3K9me3,neutrophil,38.0,0.0,0.993,394.0,0.0121437499999969,0.3801717408274785,1,0,1,1,0,3,ENCFF203WPV,SRR5338872,released
101732,homo_sapiens,GSM2534268,GEO,H3K4me3,pluripotent stem cell,38.0,0.0,0.929,2430.0,0.2585584999999353,0.9428,1,0,1,1,1,4,ENCFF712UMI,SRR5339125,released
99942,homo_sapiens,GSM2534208,GEO,H3K4me3,muscular coat,39.0,0.0,0.97,9227.0,0.5873577499998532,0.9802,1,0,1,1,1,4,ENCFF794KZW,SRR5339004,released
99937,homo_sapiens,GSM2534212,GEO,H3K4me3,neural cell,36.0,0.0,0.991,3967.0,0.4170619999998957,0.9776,1,0,1,1,1,4,ENCFF002AYB,SRR5339011,released
102278,homo_sapiens,GSM2534178,GEO,H3K4me3,Hep-G2,37.0,0.0,0.976,31.0,0.0590142499999852,0.9368,1,0,1,1,1,4,ENCFF084IJQ,SRR5338968,released
100706,homo_sapiens,GSM2534567,GEO,H3K4me2,MCF-7,37.0,0.0,0.974,479.0,0.1936557499999516,0.9708,1,0,1,1,1,4,ENCFF870LBH,SRR5339473,released
101504,homo_sapiens,GSM2534439,GEO,H3K4me2,OCI-LY1,36.0,0.0,0.997,612.0,0.1855597499999536,0.9686,1,0,1,1,1,4,ENCFF002AYC,SRR5339309,released
100695,homo_sapiens,GSM2534554,GEO,H3K4me2,Karpas 422,36.0,0.0,0.994,799.0,0.3073004999999232,0.9658,1,0,1,1,1,4,ENCFF853FZM,SRR5339447,released
102650,homo_sapiens,GSM2534635,GEO,H3K9me3,gastrocnemius medialis,38.0,0.0,0.994,327.0,0.0111687499999972,0.4240088105726872,1,0,1,1,0,3,ENCFF344HWG,SRR5339570,released
101377,homo_sapiens,GSM2534443,GEO,H3K4me2,SK-N-SH,37.0,0.0,0.991,186.0,0.1721789999999569,0.9584,1,0,1,1,1,4,ENCFF215QAT,SRR5339341,released
100452,homo_sapiens,GSM2534733,GEO,H3K9me3,MCF-7,37.0,0.0,0.993,424.0,0.0187514999999953,0.3444,1,0,1,1,0,3,ENCFF600JOS,SRR5339681,released
102211,homo_sapiens,GSM2534497,GEO,H3K27ac,SK-N-MC,37.0,0.0,0.944,1303.0,0.2066337499999483,0.9322,1,0,1,1,1,4,ENCFF066HPX,SRR5339374,released
101370,homo_sapiens,GSM2534464,GEO,H3K4me2,SU-DHL-6,38.0,0.0,0.897,1740.0,0.3311864999999172,0.9596,1,0,1,1,1,4,ENCFF002ATS,SRR5339357,released
102311,homo_sapiens,GSM2534360,GEO,H3K27ac,vagina,36.0,0.0,0.995,1090.0,0.1342759999999664,0.9704,1,0,1,1,1,4,ENCFF618JJH,SRR5339228,released
100483,homo_sapiens,GSM2534092,GEO,H3K4me2,PC-9,37.0,0.0,0.975,775.0,0.2527042499999368,0.948,1,0,1,1,1,4,ENCFF197USN,SRR5338837,released
100705,homo_sapiens,GSM2534569,GEO,H3K4me2,MCF-7,36.0,0.0,0.994,1776.0,0.2595834999999351,0.9684,1,0,1,1,1,4,ENCFF002ACY,SRR5339475,released
100223,homo_sapiens,GSM2534300,GEO,H3K9me3,SK-N-MC,37.0,0.0,0.922,41.0,0.0014982499999996,0.5644171779141104,1,0,1,0,0,2,ENCFF361VEE,SRR5339119,released
101739,homo_sapiens,GSM2534277,GEO,H3K27ac,HCT 116,38.0,0.0,0.853,1535.0,0.2057747499999485,0.972,1,0,1,1,1,4,ENCFF623IJZ,SRR5339099,released
101219,homo_sapiens,GSM2534475,GEO,H3K4me3,WA01,38.0,0.0,0.988,4815.0,0.4665722499998834,0.9728,1,0,1,1,1,4,ENCFF156FYC,SRR5339336,released
101022,homo_sapiens,GSM2534145,GEO,H3K9me2,HCT 116,38.0,0.0,0.977,133.0,0.0017697499999995,0.4553571428571428,1,0,1,0,0,2,ENCFF190MTF,SRR5338986,released
101375,homo_sapiens,GSM2534446,GEO,H3K4me2,HCT 116,38.0,0.0,0.99,4482.0,0.4716532499998821,0.9702,1,0,1,1,1,4,ENCFF943AHJ,SRR5339312,released
101502,homo_sapiens,GSM2534437,GEO,H3K4me2,PC-3,36.0,0.0,0.994,2842.0,0.384025749999904,0.9728,1,0,1,1,1,4,ENCFF276HDS,SRR5339324,released
100442,homo_sapiens,GSM2534721,GEO,H3K4me2,DoHH2,38.0,0.0,0.991,3110.0,0.4581967499998854,0.9704,1,0,1,1,1,4,ENCFF002BAJ,SRR5339634,released
101499,homo_sapiens,GSM2534431,GEO,H3K4me3,UTSW-ACC112,37.0,0.0,0.993,1135.0,0.1955167499999511,0.9704,1,0,1,1,1,4,ENCFF002AWS,SRR5339307,released
99893,homo_sapiens,GSM2534045,GEO,H3K9me2,DoHH2,37.0,0.0,0.993,14.0,0.0013597499999996,0.6666666666666666,1,0,1,0,0,2,ENCFF636AOT,SRR5338757,released
102648,homo_sapiens,GSM2534636,GEO,H3K9me3,gastrocnemius medialis,38.0,0.0,0.987,235.0,0.0094929999999976,0.4646464646464646,1,0,1,0,0,2,ENCFF622ULU,SRR5339571,released
101505,homo_sapiens,GSM2534440,GEO,H3K4me2,OCI-LY1,38.0,0.0,0.987,3394.0,0.4510599999998873,0.9724,1,0,1,1,1,4,ENCFF002AVT,SRR5339310,released
102573,homo_sapiens,GSM2534335,GEO,H3K4me2,OCI-Ly3,37.0,0.0,0.995,7616.0,0.4595729999998851,0.97,1,0,1,1,1,4,ENCFF002BCI,SRR5339214,released
102524,homo_sapiens,GSM2534183,GEO,H3K4me3,umbilical vein,37.0,0.0,0.997,1132.0,0.124029499999969,0.9726,1,0,1,1,1,4,ENCFF356SYW,SRR5338967,released
101730,homo_sapiens,GSM2534271,GEO,H3K9me3,SK-N-SH,37.0,0.0,0.993,219.0,0.0082584999999979,0.3694362017804154,1,0,1,0,0,2,ENCFF998KHF,SRR5339139,released
99936,homo_sapiens,GSM2534211,GEO,H3K4me3,neural cell,35.0,0.0,0.975,6366.0,0.7171139999998207,0.9792,1,0,1,1,1,4,ENCFF002BBT,SRR5339010,released
100213,homo_sapiens,GSM2534289,GEO,H3K4me3,K562,38.0,0.0,0.985,2987.0,0.3224097499999194,0.9704,1,0,1,1,1,4,ENCFF010SAE,SRR5339105,released
99940,homo_sapiens,GSM2534207,GEO,H3K4me3,muscular coat,39.0,0.0,0.996,900.0,0.0721997499999819,0.9674,1,0,1,1,1,4,ENCFF215DKB,SRR5339002,released
100224,homo_sapiens,GSM2534301,GEO,H3K9me3,SK-N-MC,38.0,0.0,0.995,192.0,0.0046862499999988,0.3559322033898305,1,0,1,0,0,2,ENCFF908ZIO,SRR5339120,released
101740,homo_sapiens,GSM2534276,GEO,H3K4me1,SK-N-SH,37.0,0.0,0.991,49.0,0.0043184999999989,0.7344074844074844,1,0,1,0,1,3,ENCFF005JXT,SRR5339103,released
100704,homo_sapiens,GSM2534568,GEO,H3K4me2,MCF-7,38.0,0.0,0.991,3386.0,0.3582967499999104,0.976,1,0,1,1,1,4,ENCFF002AUN,SRR5339474,released
102306,homo_sapiens,GSM2534361,GEO,H3K27ac,KOPT-K1,37.0,0.0,0.978,4165.0,0.5097414999998726,0.9688,1,0,1,1,1,4,ENCFF243FEQ,SRR5339258,released
102271,homo_sapiens,GSM2534166,GEO,H3K4me3,DND-41,36.0,0.0,0.991,1659.0,0.1807587499999548,0.9694,1,0,1,1,1,4,ENCFF899UUK,SRR5339019,released
101399,homo_sapiens,GSM2534011,GEO,H3K9me2,SK-N-SH,37.0,0.0,0.996,236.0,0.0051069999999987,0.3374384236453202,1,0,1,0,0,2,ENCFF862YFA,SRR5338840,released
101369,homo_sapiens,GSM2534465,GEO,H3K4me2,SU-DHL-6,37.0,0.0,0.991,2737.0,0.4058022499998985,0.9594,1,0,1,1,1,4,ENCFF002AXV,SRR5339358,released
101404,homo_sapiens,GSM2534022,GEO,H3K9me3,KOPT-K1,38.0,0.0,0.636,61.0,0.0161787499999959,0.4254207777132908,1,0,0,1,0,2,ENCFF220HFT,SRR5338752,released
100653,homo_sapiens,GSM2534049,GEO,H3K9me2,Karpas 422,37.0,0.0,0.975,14.0,0.0018977499999995,0.5921052631578947,1,0,1,0,0,2,ENCFF002AYX,SRR5338771,released
101021,homo_sapiens,GSM2534144,GEO,H3K9me2,HCT 116,38.0,0.0,0.971,108.0,0.0026867499999993,0.4066496163682864,1,0,1,0,0,2,ENCFF760OZN,SRR5338985,released
102310,homo_sapiens,GSM2534359,GEO,H3K27ac,vagina,39.0,0.0,0.983,5303.0,0.3190104999999202,0.976,1,0,1,1,1,4,ENCFF178BTN,SRR5339226,released
102649,homo_sapiens,GSM2534637,GEO,H3K9me3,gastrocnemius medialis,38.0,0.0,0.99,234.0,0.007789999999998,0.4463157894736842,1,0,1,0,0,2,ENCFF696NNL,SRR5339572,released
102574,homo_sapiens,GSM2534334,GEO,H3K4me2,OCI-Ly3,36.0,0.0,0.996,8659.0,0.4942649999998764,0.9698,1,0,1,1,1,4,ENCFF092BXV,SRR5339213,released
101736,homo_sapiens,GSM2534259,GEO,H3K4me3,cardiac muscle tissue,37.0,0.0,0.987,6556.0,0.3660494999999085,0.9776,1,0,1,1,1,4,ENCFF161RBU,SRR5339066,released
101498,homo_sapiens,GSM2534430,GEO,H3K4me3,UTSW-ACC112,36.0,0.0,0.991,3996.0,0.3673397499999082,0.9742,1,0,1,1,1,4,ENCFF002BBN,SRR5339306,released
102356,homo_sapiens,GSM2534657,GEO,H3K9me2,PC-3,37.0,0.0,0.997,9.0,0.0012419999999996,0.6808510638297872,1,0,1,0,0,2,ENCFF139EKW,SRR5339576,released
100441,homo_sapiens,GSM2534720,GEO,H3K4me2,DoHH2,38.0,0.0,0.965,1843.0,0.3946237499999013,0.9678,1,0,1,1,1,4,ENCFF002BBV,SRR5339633,released
101371,homo_sapiens,GSM2534463,GEO,H3K4me2,SU-DHL-6,37.0,0.0,0.992,346.0,0.1515124999999621,0.9348,1,0,1,1,1,4,ENCFF072HZW,SRR5339356,released
100895,homo_sapiens,GSM2534490,GEO,H3K4me1,neutrophil,39.0,0.0,0.993,29.0,0.0424757499999893,0.8508,1,0,1,1,1,4,ENCFF466ESG,SRR5339366,released
100214,homo_sapiens,GSM2534288,GEO,H3K4me3,K562,37.0,0.0,0.986,4041.0,0.2513919999999371,0.9718,1,0,1,1,1,4,ENCFF894KBP,SRR5339104,released
102523,homo_sapiens,GSM2534182,GEO,H3K4me3,umbilical vein,38.0,0.0,0.974,751.0,0.0868859999999782,0.9664,1,0,1,1,1,4,ENCFF255MRT,SRR5338966,released
101216,homo_sapiens,GSM2534472,GEO,H3K4me3,WA01,38.0,0.0,0.982,5233.0,0.4393897499998901,0.9732,1,0,1,1,1,4,ENCFF654NIP,SRR5339335,released
101729,homo_sapiens,GSM2534270,GEO,H3K9me3,SK-N-SH,37.0,0.0,0.966,110.0,0.0088082499999977,0.4509803921568627,1,0,1,0,0,2,ENCFF369UMN,SRR5339136,released
102093,homo_sapiens,GSM2534376,GEO,H3K27ac,gastrocnemius medialis,39.0,0.0,0.991,1867.0,0.2873942499999282,0.971,1,0,1,1,1,4,ENCFF707VEV,SRR5339210,released
100066,homo_sapiens,GSM2534587,GEO,H3K9me3,Loucy,37.0,0.0,0.994,289.0,0.0273375894291087,0.278169014084507,1,0,1,1,0,3,ENCFF031RZU,SRR5339500,released
101302,homo_sapiens,GSM2696949,GEO,H3K9me3,cardiac ventricle,39.0,0.0,0.988,369.0,0.0288137499999927,0.3426,1,0,1,1,0,3,ENCFF827ZMG,SRR5832953,released
101301,homo_sapiens,GSM2696951,GEO,H3K9me3,B cell,38.0,0.0,0.704,33.0,0.0069812499999982,0.591715976331361,1,0,0,0,0,1,ENCFF862SMM,SRR5833035,released
101300,homo_sapiens,GSM2696950,GEO,H3K9me3,small intestine Peyer's patch,39.0,0.0,0.995,234.0,0.0065857499999983,0.4227353463587922,1,0,1,0,0,2,ENCFF627IIW,SRR5833017,released
100020,homo_sapiens,GSM3498417,GEO,H3K9me2,OCI-LY1,37.0,0.0,0.996,241.0,0.0045409999999988,0.4297124600638977,1,0,1,0,0,2,ENCFF368OFZ,SRR8275141,released
100021,homo_sapiens,GSM3498414,GEO,H3K9me2,OCI-LY1,,0.0,0.995,244.0,0.0043454999999989,0.40625,0,0,1,0,0,1,ENCFF641QLP,SRR8275138,released
100023,homo_sapiens,GSM3498418,GEO,H3K9me2,OCI-LY1,37.0,0.0,0.971,159.0,0.0033152499999991,0.6338582677165354,1,0,1,0,0,2,ENCFF823GMI,SRR8275142,released
100022,homo_sapiens,GSM3498415,GEO,H3K9me2,OCI-LY1,38.0,0.0,0.98,212.0,0.0024674999999993,0.6607669616519174,1,0,1,0,0,2,ENCFF002ADB,SRR8275139,released
102170,homo_sapiens,GSM2527377,GEO,H3K27ac,cardiac muscle tissue,38.0,0.0,0.995,980.0,0.1352867499999661,0.9692,1,0,1,1,1,4,ENCFF766VGS,SRR5331601,released
102664,homo_sapiens,GSM2527409,GEO,H3K4me2,neural cell,36.0,0.0,0.995,19.0,0.0137372499999965,0.7748,1,0,1,1,1,4,ENCFF002AUZ,SRR5331160,released
100077,homo_sapiens,GSM2527395,GEO,H3K9me2,SU-DHL-6,36.0,0.0,0.996,100.0,0.0055890496092772,0.5107913669064749,1,0,1,0,0,2,ENCFF002BBS,SRR5331642,released
102673,homo_sapiens,GSM2527420,GEO,H3K4me3,GM12878,37.0,0.0,0.994,50.0,0.0353887499999911,0.9224,1,0,1,1,1,4,ENCFF825QGB,SRR5331171,released
101945,homo_sapiens,GSM2527641,GEO,H3K9me3,neural progenitor cell,38.0,0.0,0.991,254.0,0.0136167499999965,0.3843888070692194,1,0,1,1,0,3,ENCFF298PVV,SRR5331485,released
102106,homo_sapiens,GSM2527663,GEO,H3K9me3,cardiac muscle tissue,37.0,0.0,0.99,398.0,0.015700999999996,0.3079824010056568,1,0,1,1,0,3,ENCFF283EZV,SRR5331518,released
100084,homo_sapiens,GSM2527389,GEO,H3K27ac,arch of aorta,38.0,0.0,0.954,429.0,0.1173829999999706,0.9642,1,0,1,1,1,4,ENCFF124BGS,SRR5331624,released
101585,homo_sapiens,GSM2527672,GEO,H3K4me1,cardiac muscle tissue,37.0,0.0,0.994,25.0,0.0857284999999785,0.8958,1,0,1,1,1,4,ENCFF825YRT,SRR5331532,released
101251,homo_sapiens,GSM2527573,GEO,H3K9me2,Loucy,37.0,0.0,0.996,220.0,0.0026257499999993,0.3859375,1,0,1,0,0,2,ENCFF916CBF,SRR5331401,released
102659,homo_sapiens,GSM2527404,GEO,H3K4me1,Loucy,38.0,0.0,0.902,20.0,0.0967624999999758,0.9286,1,0,1,1,1,4,ENCFF830CRU,SRR5331155,released
102109,homo_sapiens,GSM2527668,GEO,H3K4me1,neural progenitor cell,38.0,0.0,0.991,29.0,0.0213414999999946,0.7802,1,0,1,1,1,4,ENCFF415FCB,SRR5331553,released
101072,homo_sapiens,GSM2527565,GEO,H3K9me3,HCT 116,38.0,0.0,0.762,161.0,0.0132772499999966,0.4152542372881356,1,0,0,1,0,2,ENCFF578MDZ,SRR5331405,released
100078,homo_sapiens,GSM2527394,GEO,H3K9me2,SU-DHL-6,37.0,0.0,0.996,97.0,0.0058884867509033,0.4700598802395209,1,0,1,0,0,2,ENCFF932MMU,SRR5331641,released
102107,homo_sapiens,GSM2527664,GEO,H3K9me3,cardiac muscle tissue,39.0,0.0,0.986,182.0,0.0073999999999981,0.4490861618798956,1,0,1,0,0,2,ENCFF241ADN,SRR5331520,released
102665,homo_sapiens,GSM2527408,GEO,H3K4me2,neural cell,38.0,0.0,0.999,268.0,0.0021429999999994,0.6336134453781512,1,0,1,0,0,2,ENCFF002AUC,SRR5331159,released
102660,homo_sapiens,GSM2527403,GEO,H3K4me1,Loucy,38.0,0.0,0.986,7.0,0.1162599999999709,0.9,1,0,1,1,1,4,ENCFF002ATU,SRR5331154,released
101250,homo_sapiens,GSM2527574,GEO,H3K9me2,Loucy,37.0,0.0,0.997,169.0,0.0019387499999995,0.4569288389513108,1,0,1,0,0,2,ENCFF058YDP,SRR5331404,released
101558,homo_sapiens,GSM2527547,GEO,H3K4me1,HCT 116,38.0,0.0,0.746,91.0,0.0881447499999779,0.8648,1,0,0,1,1,3,ENCFF088BWP,SRR5331342,released
102064,homo_sapiens,GSM2527430,GEO,H3K27ac,UTSW-ACC112,37.0,0.0,0.965,6883.0,0.4791292499998802,0.9804,1,0,1,1,1,4,ENCFF002AYM,SRR5331201,released
102672,homo_sapiens,GSM2527421,GEO,H3K4me3,GM12878,37.0,0.0,0.992,98.0,0.0962247499999759,0.9498,1,0,1,1,1,4,ENCFF598WCX,SRR5331172,released
101435,homo_sapiens,GSM2527530,GEO,H3K4me1,SK-N-MC,38.0,0.0,0.996,25.0,0.0885969999999778,0.8956,1,0,1,1,1,4,ENCFF857OJX,SRR5331319,released
101946,homo_sapiens,GSM2527640,GEO,H3K9me3,neural progenitor cell,38.0,0.0,0.99,360.0,0.0149722499999962,0.2651026392961876,1,0,1,1,0,3,ENCFF548LNZ,SRR5331484,released
100742,homo_sapiens,GSM2527602,GEO,H3K4me3,gastrocnemius medialis,38.0,0.0,0.985,42.0,0.0137507499999965,0.9405594405594404,1,0,1,1,1,4,ENCFF521DNR,SRR5331439,released
102108,homo_sapiens,GSM2527669,GEO,H3K4me1,neural progenitor cell,37.0,0.0,0.998,108.0,0.0124417499999968,0.5638,1,0,1,1,0,3,ENCFF846DBW,SRR5331556,released
101586,homo_sapiens,GSM2527673,GEO,H3K4me1,cardiac muscle tissue,38.0,0.0,0.992,41.0,0.0028779999999992,0.5875,1,0,1,0,0,2,ENCFF784FGJ,SRR5331538,released
102065,homo_sapiens,GSM2527429,GEO,H3K27ac,UTSW-ACC112,36.0,0.0,0.95,5354.0,0.4829807499998793,0.9826,1,0,1,1,1,4,ENCFF002AZR,SRR5331200,released
101071,homo_sapiens,GSM2527566,GEO,H3K9me3,HCT 116,38.0,0.0,0.994,205.0,0.0122689999999969,0.4328358208955223,1,0,1,1,0,3,ENCFF453UML,SRR5331408,released
102110,homo_sapiens,GSM2527667,GEO,H3K4me1,neural progenitor cell,39.0,0.0,0.95,77.0,0.0709484999999822,0.8192,1,0,1,1,1,4,ENCFF915YIM,SRR5331552,released
100743,homo_sapiens,GSM2527601,GEO,H3K4me3,gastrocnemius medialis,38.0,0.0,0.992,1203.0,0.1995702499999501,0.978,1,0,1,1,1,4,ENCFF427SMR,SRR5331438,released
101778,homo_sapiens,GSM2527692,GEO,H3K4me1,B cell,38.0,0.0,0.995,4.0,0.0977499999999755,0.9266,1,0,1,1,1,4,ENCFF653MQR,SRR5331572,released
101109,homo_sapiens,GSM2527495,GEO,H3K27ac,neural cell,38.0,0.0,0.998,1281.0,0.0861609999999784,0.9642,1,0,1,1,1,4,ENCFF002AZW,SRR5331302,released
102171,homo_sapiens,GSM2527378,GEO,H3K27ac,cardiac muscle tissue,37.0,0.0,0.993,1630.0,0.1374119999999656,0.9724,1,0,1,1,1,4,ENCFF478OZK,SRR5331607,released
101058,homo_sapiens,GSM2527553,GEO,H3K4me2,Loucy,38.0,0.0,0.979,1019.0,0.335819749999916,0.9618,1,0,1,1,1,4,ENCFF002ATT,SRR5331372,released
101557,homo_sapiens,GSM2527549,GEO,H3K4me1,HCT 116,37.0,0.0,0.979,79.0,0.0884109999999779,0.9242,1,0,1,1,1,4,ENCFF993JWW,SRR5331346,released
101436,homo_sapiens,GSM2527529,GEO,H3K4me1,SK-N-MC,38.0,0.0,0.99,7.0,0.1137832499999715,0.9152,1,0,1,1,1,4,ENCFF853VBM,SRR5331318,released
102103,homo_sapiens,GSM2527659,GEO,H3K27ac,neutrophil,38.0,0.0,0.99,866.0,0.1625127499999593,0.9638,1,0,1,1,1,4,ENCFF874HQL,SRR5331503,released
101057,homo_sapiens,GSM2527554,GEO,H3K4me2,Loucy,38.0,0.0,0.917,1235.0,0.2796967499999301,0.9732,1,0,1,1,1,4,ENCFF002AYL,SRR5331373,released
102066,homo_sapiens,GSM2527428,GEO,H3K27ac,UTSW-ACC112,36.0,0.0,0.968,9068.0,0.5313182499998672,0.982,1,0,1,1,1,4,ENCFF002AWN,SRR5331199,released
101592,homo_sapiens,GSM2527684,GEO,H3K4me3,SK-N-MC,37.0,0.0,0.992,2429.0,0.3284139999999179,0.967,1,0,1,1,1,4,ENCFF723UTH,SRR5331581,released
101108,homo_sapiens,GSM2527494,GEO,H3K27ac,neural cell,38.0,0.0,0.955,2557.0,0.2424507499999394,0.9268,1,0,1,1,1,4,ENCFF002AZH,SRR5331301,released
101779,homo_sapiens,GSM2527693,GEO,H3K4me1,B cell,38.0,0.0,0.993,178.0,0.2503799999999374,0.9402,1,0,1,1,1,4,ENCFF968ZDD,SRR5331574,released
102101,homo_sapiens,GSM2527660,GEO,H3K27ac,neutrophil,36.0,0.0,0.986,1039.0,0.4316687499998921,0.9712,1,0,1,1,1,4,ENCFF796DRE,SRR5331505,released
100744,homo_sapiens,GSM2527600,GEO,H3K4me3,gastrocnemius medialis,38.0,0.0,0.98,589.0,0.1523027499999619,0.9722,1,0,1,1,1,4,ENCFF958GEP,SRR5331437,released
100741,homo_sapiens,GSM2527599,GEO,H3K4me3,gastrocnemius medialis,38.0,0.0,0.992,153.0,0.0825157499999793,0.9674,1,0,1,1,1,4,ENCFF949RTK,SRR5331436,released
101594,homo_sapiens,GSM2527682,GEO,H3K4me3,SK-N-MC,38.0,0.0,0.993,1881.0,0.2836774999999291,0.968,1,0,1,1,1,4,ENCFF168ZUS,SRR5331580,released
102663,homo_sapiens,GSM2527407,GEO,H3K4me2,neural cell,36.0,0.0,0.982,19.0,0.0136524999999965,0.7654,1,0,1,1,1,4,ENCFF002AUW,SRR5331158,released
102102,homo_sapiens,GSM2527658,GEO,H3K27ac,neutrophil,39.0,0.0,0.992,426.0,0.0863294999999784,0.9464,1,0,1,1,1,4,ENCFF135DHL,SRR5331499,released
101556,homo_sapiens,GSM2527548,GEO,H3K4me1,HCT 116,38.0,0.0,0.997,112.0,0.2748699999999313,0.9656,1,0,1,1,1,4,ENCFF126DXV,SRR5331345,released
101642,homo_sapiens,GSM2471263,GEO,H3K4me3,"dendritic cell, human",33.0,0.0,0.885,9485.0,0.5238814999998691,0.972,1,0,1,1,1,4,ENCFF459BJH,SRR5210418,released
101640,homo_sapiens,GSM2471265,GEO,H3K27ac,"dendritic cell, human",34.0,0.0,0.776,7001.0,0.4303212499998924,0.9668,1,0,0,1,1,3,ENCFF832GBL,SRR5210412,released
101847,homo_sapiens,GSM2471257,GEO,H3K4me3,"dendritic cell, human",34.0,0.0,0.821,8709.0,0.6832324999998293,0.975,1,0,1,1,1,4,ENCFF443FLP,SRR5210407,released
101849,homo_sapiens,GSM2471259,GEO,H3K27ac,"dendritic cell, human",34.0,0.0,0.905,4024.0,0.356121249999911,0.9624,1,0,1,1,1,4,ENCFF314YFD,SRR5210419,released
102432,homo_sapiens,GSM2471307,GEO,H3K27ac,"dendritic cell, human",34.0,0.0,0.81,7551.0,0.4895954999998776,0.9686,1,0,1,1,1,4,ENCFF122MYQ,SRR5210453,released
100120,homo_sapiens,GSM2471283,GEO,H3K27ac,"dendritic cell, human",34.0,0.0,0.715,5907.0,0.4207217499998948,0.9688,1,0,0,1,1,3,ENCFF556SHU,SRR5210436,released
100777,homo_sapiens,GSM2471233,GEO,H3K4me3,"dendritic cell, human",33.0,0.0,0.834,9855.0,0.5899374999998526,0.9736,1,0,1,1,1,4,ENCFF966QPM,SRR5210378,released
101846,homo_sapiens,GSM2471258,GEO,H3K4me3,"dendritic cell, human",33.0,0.0,0.843,9752.0,0.6215579999998446,0.9732,1,0,1,1,1,4,ENCFF861IWS,SRR5210411,released
100122,homo_sapiens,GSM2471277,GEO,H3K27ac,"dendritic cell, human",34.0,0.0,0.821,5470.0,0.3934562499999016,0.9656,1,0,1,1,1,4,ENCFF622OZI,SRR5210429,released
101027,homo_sapiens,GSM2533980,GEO,H3K4me3,neutrophil,38.0,0.0,0.991,223.0,0.0962574999999759,0.9678,1,0,1,1,1,4,ENCFF289JFE,SRR5338707,released
101545,homo_sapiens,GSM2533920,GEO,H3K9me2,fibroblast of arm,39.0,0.0,0.687,74.0,0.0080749999999979,0.5,1,0,0,0,0,1,ENCFF561QWR,SRR5338623,released
102150,homo_sapiens,GSM2533937,GEO,H3K4me3,HeLa-S3,38.0,0.0,0.996,588.0,0.1661182499999584,0.9746,1,0,1,1,1,4,ENCFF625VRT,SRR5338596,released
100772,homo_sapiens,GSM2533964,GEO,H3K9me2,MCF-7,37.0,0.0,0.99,12.0,0.0018597499999995,0.65,1,0,1,0,0,2,ENCFF515JGH,SRR5338666,released
100771,homo_sapiens,GSM2533963,GEO,H3K9me2,MCF-7,37.0,0.0,0.964,72.0,0.0045412499999988,0.4071856287425149,1,0,1,0,0,2,ENCFF574GCY,SRR5338664,released
101026,homo_sapiens,GSM2533981,GEO,H3K4me3,neutrophil,37.0,0.0,0.994,2088.0,0.1706279999999573,0.9724,1,0,1,1,1,4,ENCFF960QVI,SRR5338711,released
101546,homo_sapiens,GSM2533919,GEO,H3K9me2,fibroblast of arm,38.0,0.0,0.995,245.0,0.0054909999999986,0.4169230769230769,1,0,1,0,0,2,ENCFF277SAH,SRR5338622,released
102153,homo_sapiens,GSM2533930,GEO,H3K4me3,HCT 116,38.0,0.0,0.989,4113.0,0.3693524999999076,0.9772,1,0,1,1,1,4,ENCFF960ZXH,SRR5338571,released
102154,homo_sapiens,GSM2533929,GEO,H3K4me3,HCT 116,38.0,0.0,0.942,3402.0,0.3282824999999179,0.9596,1,0,1,1,1,4,ENCFF659FPR,SRR5338569,released
102148,homo_sapiens,GSM2533938,GEO,H3K4me3,HeLa-S3,36.0,0.0,0.991,1790.0,0.2701424999999325,0.971,1,0,1,1,1,4,ENCFF588FTN,SRR5338599,released
101538,homo_sapiens,GSM2533898,GEO,H3K27ac,SU-DHL-6,37.0,0.0,0.99,1157.0,0.3337484999999165,0.9496,1,0,1,1,1,4,ENCFF631IKT,SRR5338638,released
102149,homo_sapiens,GSM2533939,GEO,H3K4me3,HeLa-S3,38.0,0.0,0.995,688.0,0.1782537499999554,0.9758,1,0,1,1,1,4,ENCFF248WCN,SRR5338600,released
101537,homo_sapiens,GSM2533899,GEO,H3K27ac,SU-DHL-6,37.0,0.0,0.964,2676.0,0.4050727499998987,0.9476,1,0,1,1,1,4,ENCFF893WQJ,SRR5338639,released
100161,homo_sapiens,GSM2699581,GEO,H3K4me3,adrenal gland,39.0,0.0,0.992,1198.0,0.2016879999999496,0.9702,1,0,1,1,1,4,ENCFF215WKF,SRR5832772,released
101481,homo_sapiens,GSM2699988,GEO,H3K4me1,pancreas,39.0,0.0,0.995,189.0,0.003856749999999,0.462015503875969,1,0,1,0,0,2,ENCFF298NKC,SRR5832803,released
100607,homo_sapiens,GSM2699158,GEO,H3K9me3,breast epithelium,39.0,0.0,0.994,341.0,0.0145692499999963,0.3247791333613798,1,0,1,1,0,3,ENCFF289ABY,SRR5832761,released
100388,homo_sapiens,GSM2699699,GEO,H3K27ac,sigmoid colon,37.0,0.0,0.983,3083.0,0.3333019999999167,0.976,1,0,1,1,1,4,ENCFF847AST,SRR5832779,released
100152,homo_sapiens,GSM2308554,GEO,H3K27ac,OCI-LY1,34.0,0.0,0.883,819.0,0.4263192499998934,0.9542,1,0,1,1,1,4,ENCFF606DIN,SRR4235710,released
100971,homo_sapiens,GSM2308439,GEO,H3K9me3,SK-N-SH,39.0,0.0,0.889,79.0,0.0431922499999892,0.2648,1,0,1,1,0,3,ENCFF002ABI,SRR4235553,released
100583,homo_sapiens,GSM2308492,GEO,H3K4me1,Karpas 422,36.0,0.0,0.994,39.0,0.3046692499999238,0.9188,1,0,1,1,1,4,ENCFF551AFN,SRR4235622,released
100806,homo_sapiens,GSM2308467,GEO,H3K4me1,OCI-LY1,37.0,0.0,0.927,96.0,0.2150054999999462,0.952,1,0,1,1,1,4,ENCFF131DMW,SRR4235591,released
101653,homo_sapiens,GSM2308588,GEO,H3K27ac,DoHH2,38.0,0.0,0.941,3231.0,0.5125279999998719,0.9548,1,0,1,1,1,4,ENCFF538SFE,SRR4235746,released
100158,homo_sapiens,GSM2308561,GEO,H3K9me3,DoHH2,38.0,0.0,0.986,83.0,0.0064159999999983,0.5508607198748043,1,0,1,0,0,2,ENCFF002ASR,SRR4235724,released
100983,homo_sapiens,GSM2308454,GEO,H3K4me1,OCI-LY7,38.0,0.0,0.711,85.0,0.2342064999999414,0.8878,1,0,0,1,1,3,ENCFF002AXO,SRR4235576,released
102753,homo_sapiens,GSM2308539,GEO,H3K4me3,OCI-Ly3,36.0,0.0,0.968,9091.0,0.6423362499998394,0.9768,1,0,1,1,1,4,ENCFF002AWC,SRR4235686,released
102023,homo_sapiens,GSM2308638,GEO,H3K4me3,Karpas 422,36.0,0.0,0.995,161.0,0.0992062499999752,0.9612,1,0,1,1,1,4,ENCFF002AUP,SRR4235800,released
100977,homo_sapiens,GSM2308445,GEO,H3K4me3,OCI-LY7,37.0,0.0,0.906,5458.0,0.7771349999998057,0.9744,1,0,1,1,1,4,ENCFF002BBI,SRR4235577,released
101174,homo_sapiens,GSM2308434,GEO,H3K4me1,SK-N-SH,38.0,0.0,0.992,9272.0,0.3783799999999054,0.8444,1,0,1,1,1,4,ENCFF002ABG,SRR4235554,released
102761,homo_sapiens,GSM2308528,GEO,H3K4me3,SU-DHL-6,38.0,0.0,0.813,125.0,0.0743057499999814,0.9546,1,0,1,1,1,4,ENCFF002AUU,SRR4235671,released
100972,homo_sapiens,GSM2308438,GEO,H3K9me3,SK-N-SH,39.0,0.0,0.994,65.0,0.0089984999999977,0.5233050847457628,1,0,1,0,0,2,ENCFF002ABJ,SRR4235552,released
100984,homo_sapiens,GSM2308453,GEO,H3K4me1,OCI-LY7,36.0,0.0,0.99,157.0,0.2628374999999343,0.927,1,0,1,1,1,4,ENCFF002ATJ,SRR4235575,released
100153,homo_sapiens,GSM2308555,GEO,H3K27ac,OCI-LY1,38.0,0.0,0.979,1150.0,0.3778712499999055,0.9612,1,0,1,1,1,4,ENCFF002AUX,SRR4235711,released
100807,homo_sapiens,GSM2308471,GEO,H3K9me3,OCI-LY1,36.0,0.0,0.995,81.0,0.0058167499999985,0.4700598802395209,1,0,1,0,0,2,ENCFF002ADA,SRR4235611,released
101652,homo_sapiens,GSM2308589,GEO,H3K27ac,DoHH2,38.0,0.0,0.924,2243.0,0.4473407499998882,0.9488,1,0,1,1,1,4,ENCFF002BAM,SRR4235747,released
100805,homo_sapiens,GSM2308466,GEO,H3K4me1,OCI-LY1,37.0,0.0,0.951,791.0,0.411771999999897,0.9504,1,0,1,1,1,4,ENCFF002AVR,SRR4235589,released
101488,homo_sapiens,GSM2308511,GEO,H3K4me3,OCI-LY1,37.0,0.0,0.866,6527.0,0.8313027499997923,0.9748,1,0,1,1,1,4,ENCFF002BBL,SRR4235662,released
101173,homo_sapiens,GSM2308435,GEO,H3K4me1,SK-N-SH,39.0,0.0,0.997,15.0,0.0176947499999955,0.6416,1,0,1,1,0,3,ENCFF002ABF,SRR4235555,released
102022,homo_sapiens,GSM2308639,GEO,H3K4me3,Karpas 422,36.0,0.0,0.994,133.0,0.1084767499999729,0.9608,1,0,1,1,1,4,ENCFF002AZL,SRR4235801,released
102752,homo_sapiens,GSM2308538,GEO,H3K4me3,OCI-Ly3,37.0,0.0,0.969,9403.0,0.6415322499998396,0.9786,1,0,1,1,1,4,ENCFF002AZG,SRR4235685,released
100154,homo_sapiens,GSM2308556,GEO,H3K9me3,OCI-Ly3,36.0,0.0,0.995,71.0,0.0065479999999983,0.6393034825870647,1,0,1,0,0,2,ENCFF002ATC,SRR4235693,released
101164,homo_sapiens,GSM2308430,GEO,H3K9me3,HCT 116,38.0,0.0,0.994,101.0,0.0128187499999967,0.5297450424929179,1,0,1,1,0,3,ENCFF002AAM,SRR4235548,released
100974,homo_sapiens,GSM2308441,GEO,H3K27ac,SK-N-SH,37.0,0.0,0.99,2079.0,0.2200779999999449,0.9668,1,0,1,1,1,4,ENCFF002ABN,SRR4235557,released
102754,homo_sapiens,GSM2308536,GEO,H3K4me3,OCI-Ly3,37.0,0.0,0.992,2683.0,0.3076089999999231,0.9768,1,0,1,1,1,4,ENCFF002AXU,SRR4235683,released
100970,homo_sapiens,GSM2308436,GEO,H3K4me3,SK-N-SH,37.0,0.0,0.962,8474.0,0.5415014999998646,0.9774,1,0,1,1,1,4,ENCFF002ABK,SRR4235560,released
101168,homo_sapiens,GSM2308427,GEO,H3K9me3,Panc1,38.0,0.0,0.996,78.0,0.011769749999997,0.3822222222222222,1,0,1,1,0,3,ENCFF002AAG,SRR4235546,released
100385,homo_sapiens,GSM2308568,GEO,H3K27ac,Karpas 422,36.0,0.0,0.983,880.0,0.311930999999922,0.9182,1,0,1,1,1,4,ENCFF002BES,SRR4235698,released
102470,homo_sapiens,GSM2308515,GEO,H3K27ac,OCI-LY7,36.0,0.0,0.957,2053.0,0.4350172499998913,0.9566,1,0,1,1,1,4,ENCFF002ATK,SRR4235648,released
100973,homo_sapiens,GSM2308440,GEO,H3K27ac,SK-N-SH,39.0,0.0,0.991,2005.0,0.2846767499999288,0.9614,1,0,1,1,1,4,ENCFF002ABL,SRR4235556,released
102755,homo_sapiens,GSM2308537,GEO,H3K4me3,OCI-Ly3,37.0,0.0,0.991,5940.0,0.4471727499998882,0.9752,1,0,1,1,1,4,ENCFF002BCB,SRR4235684,released
101163,homo_sapiens,GSM2308431,GEO,H3K9me3,HCT 116,39.0,0.0,0.991,34.0,0.0073089999999981,0.7087378640776699,1,0,1,0,1,3,ENCFF002AAK,SRR4235549,released
100982,homo_sapiens,GSM2308451,GEO,H3K4me3,DoHH2,38.0,0.0,0.981,2406.0,0.4501514999998874,0.9724,1,0,1,1,1,4,ENCFF002BBU,SRR4235573,released
101167,homo_sapiens,GSM2308426,GEO,H3K9me3,Panc1,39.0,0.0,0.949,64.0,0.0083344999999979,0.6380597014925373,1,0,1,0,0,2,ENCFF002AAH,SRR4235545,released
100969,homo_sapiens,GSM2308437,GEO,H3K4me3,SK-N-SH,39.0,0.0,0.946,9170.0,0.7485399999998129,0.978,1,0,1,1,1,4,ENCFF002ABH,SRR4235561,released
100978,homo_sapiens,GSM2308446,GEO,H3K4me3,OCI-LY7,36.0,0.0,0.985,2415.0,0.4722904999998819,0.972,1,0,1,1,1,4,ENCFF002ATI,SRR4235578,released
100384,homo_sapiens,GSM2308569,GEO,H3K27ac,Karpas 422,38.0,0.0,0.946,1122.0,0.4409199999998898,0.9288,1,0,1,1,1,4,ENCFF033EKA,SRR4235700,released
102560,homo_sapiens,GSM2700579,GEO,H3K9me3,sigmoid colon,39.0,0.0,0.995,132.0,0.0055827499999986,0.4730290456431535,1,0,1,0,0,2,ENCFF498WOY,SRR5832938,released
100730,homo_sapiens,GSM2700609,GEO,H3K4me3,gastrocnemius medialis,39.0,0.0,0.983,6377.0,0.3658202499999086,0.9786,1,0,1,1,1,4,ENCFF437WNR,SRR5833104,released
102083,homo_sapiens,GSM2700602,GEO,H3K27ac,tibial nerve,39.0,0.0,0.994,976.0,0.2144647499999463,0.9702,1,0,1,1,1,4,ENCFF699EFW,SRR5832992,released
102299,homo_sapiens,GSM2700587,GEO,H3K27ac,spleen,37.0,0.0,0.983,6068.0,0.4798102499998801,0.9748,1,0,1,1,1,4,ENCFF234GKO,SRR5832963,released
101715,homo_sapiens,GSM2700182,GEO,H3K9me2,hepatocyte,38.0,0.0,0.968,156.0,0.0042217499999989,0.4049844236760124,1,0,1,0,0,2,ENCFF546NZW,SRR5832830,released
102230,homo_sapiens,GSM2700615,GEO,H3K4me3,atrium auricular region,39.0,0.0,0.989,6427.0,0.2414622499999396,0.976,1,0,1,1,1,4,ENCFF078SMT,SRR5833015,released
100200,homo_sapiens,GSM2700527,GEO,H3K4me1,small intestine Peyer's patch,39.0,0.0,0.996,238.0,0.003873499999999,0.3834808259587021,1,0,1,0,0,2,ENCFF517WPC,SRR5832911,released
100831,homo_sapiens,GSM2700345,GEO,H3K9me3,stomach,39.0,0.0,0.993,501.0,0.0455509999999886,0.3312,1,0,1,1,0,3,ENCFF957RVD,SRR5832862,released
100994,homo_sapiens,GSM2700035,GEO,H3K27ac,artery,39.0,0.0,0.988,5572.0,0.4427734999998893,0.975,1,0,1,1,1,4,ENCFF091MNB,SRR5832798,released
99983,homo_sapiens,GSM2700569,GEO,H3K4me1,spleen,38.0,0.0,0.989,252.0,0.0034542499999991,0.4126344086021505,1,0,1,0,0,2,ENCFF684TPG,SRR5832931,released
102561,homo_sapiens,GSM2700578,GEO,H3K27ac,gastroesophageal sphincter,37.0,0.0,0.985,3642.0,0.3615442499999096,0.9742,1,0,1,1,1,4,ENCFF488BKS,SRR5832942,released
101709,homo_sapiens,GSM2700194,GEO,H3K4me3,stomach,39.0,0.0,0.986,5273.0,0.4142999999998965,0.9778,1,0,1,1,1,4,ENCFF033EFF,SRR5832834,released
102290,homo_sapiens,GSM2700597,GEO,H3K27ac,pancreas,39.0,0.0,0.984,679.0,0.0826697499999793,0.9592,1,0,1,1,1,4,ENCFF517EHH,SRR5832975,released
102298,homo_sapiens,GSM2700586,GEO,H3K9me3,ascending aorta,39.0,0.0,0.993,324.0,0.0176269999999955,0.3470899470899471,1,0,1,1,0,3,ENCFF422LCV,SRR5832965,released
102080,homo_sapiens,GSM2700600,GEO,H3K4me3,thyroid gland,39.0,0.0,0.995,1674.0,0.1353717499999661,0.972,1,0,1,1,1,4,ENCFF987OGP,SRR5832983,released
100196,homo_sapiens,GSM2700501,GEO,H3K27ac,atrium auricular region,37.0,0.0,0.987,2797.0,0.3616674999999096,0.9758,1,0,1,1,1,4,ENCFF996SHZ,SRR5832901,released
102557,homo_sapiens,GSM2700583,GEO,H3K4me1,ascending aorta,39.0,0.0,0.996,23.0,0.023768249999994,0.7776,1,0,1,1,1,4,ENCFF847ZAG,SRR5832949,released
99977,homo_sapiens,GSM2700561,GEO,H3K4me3,ascending aorta,39.0,0.0,0.989,4335.0,0.3856857499999036,0.9792,1,0,1,1,1,4,ENCFF020ONH,SRR5832919,released
102303,homo_sapiens,GSM2700592,GEO,H3K27ac,upper lobe of left lung,37.0,0.0,0.993,1113.0,0.1662712499999584,0.9728,1,0,1,1,1,4,ENCFF459LBY,SRR5832977,released
100187,homo_sapiens,GSM2700523,GEO,H3K9me3,right lobe of liver,,0.0,0.993,245.0,0.0083037499999979,0.4325396825396825,0,0,1,0,0,1,ENCFF474OAB,SRR5832893,released
100199,homo_sapiens,GSM2700528,GEO,H3K4me1,small intestine Peyer's patch,39.0,0.0,0.996,206.0,0.003978999999999,0.3742138364779874,1,0,1,0,0,2,ENCFF996QBF,SRR5832913,released
101482,homo_sapiens,GSM2700026,GEO,H3K9me3,ascending aorta,39.0,0.0,0.994,312.0,0.0104997499999973,0.4152431011826544,1,0,1,1,0,3,ENCFF969SNJ,SRR5832808,released
101181,homo_sapiens,GSM2700113,GEO,H3K9me3,tibial nerve,39.0,0.0,0.994,333.0,0.0128989999999967,0.3273273273273273,1,0,1,1,0,3,ENCFF974QXJ,SRR5832826,released
102455,homo_sapiens,GSM2700191,GEO,H3K4me1,right lobe of liver,38.0,0.0,0.994,210.0,0.0043094999999989,0.3904382470119522,1,0,1,0,0,2,ENCFF303QQP,SRR5832832,released
102555,homo_sapiens,GSM2700585,GEO,H3K9me3,pancreas,38.0,0.0,0.995,175.0,0.0052374999999986,0.4689265536723164,1,0,1,0,0,2,ENCFF956TXW,SRR5832959,released
102563,homo_sapiens,GSM2700576,GEO,H3K9me3,fibroblast of arm,38.0,0.0,0.989,236.0,0.0091874999999977,0.414802065404475,1,0,1,0,0,2,ENCFF548BVW,SRR5832934,released
102090,homo_sapiens,GSM2700606,GEO,H3K4me1,gastrocnemius medialis,39.0,0.0,0.991,18.0,0.0569652499999857,0.865,1,0,1,1,1,4,ENCFF267QBK,SRR5832996,released
101941,homo_sapiens,GSM2700470,GEO,H3K4me1,breast epithelium,38.0,0.0,0.995,218.0,0.0032469999999991,0.3925233644859813,1,0,1,0,0,2,ENCFF829YMA,SRR5832874,released
101014,homo_sapiens,GSM2700946,GEO,H3K4me1,sigmoid colon,39.0,0.0,0.997,216.0,0.0043019999999989,0.3848920863309352,1,0,1,0,0,2,ENCFF293CDG,SRR5833110,released
101477,homo_sapiens,GSM2700021,GEO,H3K4me1,cardiac ventricle,38.0,0.0,0.989,209.0,0.003848499999999,0.4402810304449648,1,0,1,0,0,2,ENCFF913XUB,SRR5832793,released
101714,homo_sapiens,GSM2700181,GEO,H3K9me2,hepatocyte,38.0,0.0,0.992,185.0,0.0045924999999988,0.4043583535108959,1,0,1,0,0,2,ENCFF804ILO,SRR5832829,released
102556,homo_sapiens,GSM2700584,GEO,H3K27ac,thyroid gland,37.0,0.0,0.996,901.0,0.1784167499999554,0.9706,1,0,1,1,1,4,ENCFF870TZH,SRR5832961,released
100413,homo_sapiens,GSM2700493,GEO,H3K9me3,muscular coat,37.0,0.0,0.996,228.0,0.0061207499999984,0.429769392033543,1,0,1,0,0,2,ENCFF220RFZ,SRR5832899,released
102231,homo_sapiens,GSM2700616,GEO,H3K4me1,transverse colon,39.0,0.0,0.997,203.0,0.0041624999999989,0.3850267379679144,1,0,1,0,0,2,ENCFF328VWW,SRR5833001,released
101476,homo_sapiens,GSM2818004,GEO,H3K27ac,CD14-positive monocyte,33.0,0.0,0.937,3620.0,0.3196297499999201,0.9628,1,0,1,1,1,4,ENCFF834HOB,SRR6183633,released
100274,homo_sapiens,GSM2818003,GEO,H3K27ac,CD14-positive monocyte,33.0,0.0,0.922,4359.0,0.3384924999999154,0.9592,1,0,1,1,1,4,ENCFF718YHW,SRR6183632,released
100848,homo_sapiens,GSM2827408,GEO,H3K27ac,22Rv1,37.0,0.0,0.973,964.0,0.2347084999999413,0.962,1,0,1,1,1,4,ENCFF502OEM,SRR6213591,released
100407,homo_sapiens,GSM2827357,GEO,H3K4me1,atrium auricular region,39.0,0.0,0.993,216.0,0.0041889999999989,0.3937397034596375,1,0,1,0,0,2,ENCFF326AID,SRR6213574,released
102061,homo_sapiens,GSM2827607,GEO,H3K27ac,VCaP,36.0,0.0,0.953,283.0,0.315996499999921,0.9612,1,0,1,1,1,4,ENCFF437EXK,SRR6213908,released
102060,homo_sapiens,GSM2827606,GEO,H3K27ac,VCaP,37.0,0.0,0.96,532.0,0.4446654999998888,0.963,1,0,1,1,1,4,ENCFF704XKC,SRR6213907,released
100847,homo_sapiens,GSM2827407,GEO,H3K27ac,22Rv1,37.0,0.0,0.966,1546.0,0.2856279999999286,0.9642,1,0,1,1,1,4,ENCFF426UOT,SRR6213590,released
101020,homo_sapiens,GSM2534156,GEO,H3K9ac,fibroblast of arm,37.0,0.0,0.985,4372.0,0.3885734999999028,0.9736,1,0,1,1,1,4,ENCFF925DDM,SRR5338943,released
102353,homo_sapiens,GSM2534661,GEO,H3K9ac,PC-9,37.0,0.0,0.957,2746.0,0.1715557499999571,0.9664,1,0,1,1,1,4,ENCFF186KRB,SRR5339602,released
100508,homo_sapiens,GSM2534532,GEO,H3K9ac,hepatocyte,37.0,0.0,0.993,284.0,0.0810594999999797,0.9626,1,0,1,1,1,4,ENCFF968WND,SRR5339414,released
101019,homo_sapiens,GSM2534157,GEO,H3K9ac,fibroblast of arm,38.0,0.0,0.974,3883.0,0.3204507499999199,0.9736,1,0,1,1,1,4,ENCFF270JKL,SRR5338944,released
102354,homo_sapiens,GSM2534660,GEO,H3K9ac,PC-9,38.0,0.0,0.99,1908.0,0.2081179999999479,0.9738,1,0,1,1,1,4,ENCFF741VWE,SRR5339601,released
100451,homo_sapiens,GSM2534729,GEO,H3K9ac,OCI-Ly3,37.0,0.0,0.979,979.0,0.1624827499999593,0.9698,1,0,1,1,1,4,ENCFF002BAS,SRR5339669,released
100507,homo_sapiens,GSM2534531,GEO,H3K9ac,hepatocyte,38.0,0.0,0.97,1745.0,0.2108712499999473,0.975,1,0,1,1,1,4,ENCFF821KTS,SRR5339413,released
101373,homo_sapiens,GSM2534451,GEO,H3K9ac,B cell,38.0,0.0,0.967,1013.0,0.0629397499999842,0.9698,1,0,1,1,1,4,ENCFF859BLD,SRR5339315,released
100880,homo_sapiens,GSM2534139,GEO,H3K9ac,Loucy,38.0,0.0,0.923,846.0,0.2516752499999371,0.97,1,0,1,1,1,4,ENCFF002AXZ,SRR5339092,released
100450,homo_sapiens,GSM2534730,GEO,H3K9ac,OCI-Ly3,38.0,0.0,0.984,4696.0,0.396076499999901,0.9742,1,0,1,1,1,4,ENCFF002AXW,SRR5339670,released
100881,homo_sapiens,GSM2534138,GEO,H3K9ac,Loucy,38.0,0.0,0.945,184.0,0.1507317499999623,0.9618,1,0,1,1,1,4,ENCFF002ATY,SRR5339091,released
102670,homo_sapiens,GSM2527418,GEO,H3K9ac,MCF-7,38.0,0.0,0.877,129.0,0.0705742499999823,0.971,1,0,1,1,1,4,ENCFF921PCJ,SRR5331167,released
101111,homo_sapiens,GSM2527491,GEO,H3K9ac,SK-N-SH,38.0,0.0,0.989,1661.0,0.2086334999999478,0.9764,1,0,1,1,1,4,ENCFF949RTE,SRR5331285,released
102075,homo_sapiens,GSM2527437,GEO,H3K9ac,OCI-LY1,37.0,0.0,0.988,269.0,0.0863569999999784,0.9616,1,0,1,1,1,4,ENCFF002AVE,SRR5331206,released
102063,homo_sapiens,GSM2527426,GEO,H3K9ac,Karpas 422,38.0,0.0,0.989,1679.0,0.3188712499999203,0.969,1,0,1,1,1,4,ENCFF002BAC,SRR5331173,released
100642,homo_sapiens,GSM2527457,GEO,H3K9ac,HCT 116,38.0,0.0,0.985,3029.0,0.3062509999999234,0.972,1,0,1,1,1,4,ENCFF398KLJ,SRR5331231,released
101110,homo_sapiens,GSM2527490,GEO,H3K9ac,SK-N-SH,38.0,0.0,0.984,190.0,0.051898249999987,0.9472,1,0,1,1,1,4,ENCFF281SFT,SRR5331283,released
102671,homo_sapiens,GSM2527419,GEO,H3K9ac,MCF-7,37.0,0.0,0.975,3458.0,0.4083177499998979,0.9752,1,0,1,1,1,4,ENCFF564IMY,SRR5331170,released
100641,homo_sapiens,GSM2527456,GEO,H3K9ac,HCT 116,38.0,0.0,0.993,733.0,0.1851809999999537,0.9668,1,0,1,1,1,4,ENCFF408RRT,SRR5331230,released
102062,homo_sapiens,GSM2527427,GEO,H3K9ac,Karpas 422,37.0,0.0,0.993,1853.0,0.2862992499999284,0.9682,1,0,1,1,1,4,ENCFF002BAP,SRR5331174,released
102073,homo_sapiens,GSM2527438,GEO,H3K9ac,OCI-LY1,38.0,0.0,0.99,1853.0,0.3524444999999119,0.9708,1,0,1,1,1,4,ENCFF321JNQ,SRR5331209,released
101743,homo_sapiens,GSM2527482,GEO,H3K9ac,SU-DHL-6,37.0,0.0,0.992,1236.0,0.1936432499999516,0.9678,1,0,1,1,1,4,ENCFF004MFZ,SRR5331260,released
101869,homo_sapiens,GSM2527582,GEO,H3K9ac,PC-3,38.0,0.0,0.984,2083.0,0.2194104999999451,0.9742,1,0,1,1,1,4,ENCFF644SSR,SRR5331418,released
102708,homo_sapiens,GSM2527477,GEO,H3K9ac,SK-N-MC,37.0,0.0,0.996,246.0,0.071826999999982,0.9568,1,0,1,1,1,4,ENCFF789WIJ,SRR5331256,released
102074,homo_sapiens,GSM2527439,GEO,H3K9ac,OCI-LY1,36.0,0.0,0.992,306.0,0.0814619999999796,0.9662,1,0,1,1,1,4,ENCFF002BCF,SRR5331210,released
102707,homo_sapiens,GSM2527476,GEO,H3K9ac,SK-N-MC,37.0,0.0,0.955,1248.0,0.1214714999999696,0.9638,1,0,1,1,1,4,ENCFF839LHC,SRR5331254,released
101870,homo_sapiens,GSM2527583,GEO,H3K9ac,PC-3,36.0,0.0,0.986,4210.0,0.2623627499999344,0.9706,1,0,1,1,1,4,ENCFF815VLD,SRR5331419,released
101534,homo_sapiens,GSM2533913,GEO,H3K9ac,NCI-H929,38.0,0.0,0.966,449.0,0.0903647499999774,0.9304,1,0,1,1,1,4,ENCFF383WZV,SRR5338544,released
101533,homo_sapiens,GSM2533914,GEO,H3K9ac,NCI-H929,38.0,0.0,0.988,1143.0,0.1942382499999514,0.9646,1,0,1,1,1,4,ENCFF519VCT,SRR5338545,released
100427,homo_sapiens,GSM2700500,GEO,H3K9ac,neuron,38.0,0.0,0.967,3720.0,0.2383674999999404,0.9736,1,0,1,1,1,4,ENCFF371MNH,SRR5832907,released
145362,homo_sapiens,GSM5214784,GEO,ZSCAN32,K562,40.0,0.0,0.98,592.0,0.0180126846300129,0.6798298906439855,1,0,1,1,0,3,ENCFF448VBT,SRR14105244,released
145678,homo_sapiens,GSM5214783,GEO,ZSCAN32,K562,40.0,0.0,0.982,705.0,0.0202012289762868,0.7357960248945995,1,0,1,1,1,4,ENCFF807NFG,SRR14105243,released
102352,homo_sapiens,GSM2825590,GEO,ZSCAN21,HEK293,37.0,0.0,0.997,398.0,0.0494300307334651,0.8472,1,0,1,1,1,4,ENCFF558LMK,SRR6212976,released
102351,homo_sapiens,GSM2825589,GEO,ZSCAN21,HEK293,37.0,0.0,0.98,299.0,,0.8982,1,0,1,0,1,3,ENCFF707AMG,SRR6212975,released
102579,homo_sapiens,GSM2825103,GEO,ZNF280C,HEK293,37.0,0.0,0.991,124.0,0.0080732499999979,0.4240203886588085,1,0,1,0,0,2,ENCFF304UHL,SRR6212601,released
102580,homo_sapiens,GSM2825102,GEO,ZNF280C,HEK293,37.0,0.0,0.991,122.0,0.0084709999999978,0.4623489308955686,1,0,1,0,0,2,ENCFF063UGX,SRR6212600,released
100361,homo_sapiens,GSM2828530,GEO,ZSCAN18,HEK293,37.0,0.0,0.979,154.0,0.0133944999999966,0.7666,1,0,1,1,1,4,ENCFF962THE,SRR6213994,released
100360,homo_sapiens,GSM2828531,GEO,ZSCAN18,HEK293,37.0,0.0,0.981,185.0,0.0128854999999967,0.6904,1,0,1,1,0,3,ENCFF710WZA,SRR6213995,released
100668,homo_sapiens,GSM2827159,GEO,ZSCAN26,HEK293,40.0,0.0,0.967,150.0,0.011793749999997,0.591,1,0,1,1,0,3,ENCFF234XIN,SRR6213082,released
101358,homo_sapiens,GSM2827451,GEO,ZNF354B,K562,40.0,0.0,0.921,314.0,0.0109524999999972,0.7064,1,0,1,1,1,4,ENCFF185PQG,SRR6213667,released
100667,homo_sapiens,GSM2827158,GEO,ZSCAN26,HEK293,40.0,0.0,0.963,163.0,0.0155132499999961,0.6316,1,0,1,1,0,3,ENCFF681BWM,SRR6213081,released
101359,homo_sapiens,GSM2827452,GEO,ZNF354B,K562,40.0,0.0,0.932,272.0,0.0093734999999976,0.6722951844903065,1,0,1,0,0,2,ENCFF132GDV,SRR6213668,released
179380,homo_sapiens,GSM2424071,GEO,ZSCAN16,HEK293,37.0,0.0,0.997,473.0,0.0228467692933154,0.7698,1,0,1,1,1,4,ENCFF093AOC,SRR5112179,released
179410,homo_sapiens,GSM2424070,GEO,ZSCAN16,HEK293,37.0,0.0,0.997,419.0,0.0216720849585448,0.7622,1,0,1,1,1,4,ENCFF360SUA,SRR5112178,released
179467,homo_sapiens,GSM2423498,GEO,ZNF280D,HEK293,37.0,0.0,0.997,320.0,0.0284154678476816,0.5906,1,0,1,1,0,3,ENCFF280MIU,SRR5111592,released
179482,homo_sapiens,GSM2423975,GEO,TSC22D4,K-562,37.0,0.0,0.996,406.0,0.0264955855268188,0.3634577603143418,1,0,1,1,0,3,ENCFF284BOO,SRR5112096,released
179489,homo_sapiens,GSM2423369,GEO,ZSCAN5A,HEK293,37.0,0.0,0.997,252.0,0.022903948779077,0.745,1,0,1,1,1,4,ENCFF896GER,SRR5111480,released
179495,homo_sapiens,GSM2423873,GEO,ZSCAN23,HEK293,37.0,0.0,0.997,223.0,0.0229806638808379,0.836,1,0,1,1,1,4,ENCFF908JVL,SRR5111982,released
179586,homo_sapiens,GSM2423499,GEO,ZNF280D,HEK293,37.0,0.0,0.997,320.0,0.0271738179870093,0.597,1,0,1,1,0,3,ENCFF262KLX,SRR5111593,released
179631,homo_sapiens,GSM2423872,GEO,ZSCAN23,HEK293,37.0,0.0,0.997,288.0,0.0300313618335535,0.7612,1,0,1,1,1,4,ENCFF822SXZ,SRR5111981,released
179649,homo_sapiens,GSM2423368,GEO,ZSCAN5A,HEK293,37.0,0.0,0.997,304.0,0.030097759429829,0.7744,1,0,1,1,1,4,ENCFF022LNW,SRR5111479,released
179657,homo_sapiens,GSM2423936,GEO,ZSCAN20,HEK293,37.0,0.0,0.998,1384.0,0.0369768431565789,0.865,1,0,1,1,1,4,ENCFF669NWL,SRR5112043,revoked
179740,homo_sapiens,GSM2423935,GEO,ZSCAN20,HEK293,37.0,0.0,0.997,1506.0,0.0369581801598211,0.8706,1,0,1,1,1,4,ENCFF811RLD,SRR5112042,revoked
179759,homo_sapiens,GSM2423266,GEO,ZNF354C,HEK293,38.0,0.0,0.996,238.0,0.0164874591401297,0.4210113680909447,1,0,1,1,0,3,ENCFF108LQS,SRR5111400,released
179780,homo_sapiens,GSM2423107,GEO,ZNF518A,HEK293,37.0,0.0,0.991,3153.0,0.0505495011001395,0.5996,1,0,1,1,0,3,ENCFF808AJP,SRR5111214,released
179868,homo_sapiens,GSM2423106,GEO,ZNF518A,HEK293,37.0,0.0,0.989,6473.0,0.0556293826692669,0.39,1,0,1,1,0,3,ENCFF174HBR,SRR5111213,released
179875,homo_sapiens,GSM2423976,GEO,TSC22D4,K-562,38.0,0.0,0.996,319.0,0.021700427272908,0.3678206136900078,1,0,1,1,0,3,ENCFF493SOQ,SRR5112097,released
179893,homo_sapiens,GSM2423267,GEO,ZNF354C,HEK293,38.0,0.0,0.996,196.0,0.0129907056476918,0.4342327150084317,1,0,1,1,0,3,ENCFF647OXS,SRR5111401,released
145318,homo_sapiens,GSM5214633,GEO,ZNF778,K562,40.0,0.0,0.973,314.0,0.0156733324919267,0.2372372372372372,1,0,1,1,0,3,ENCFF761ETZ,SRR14104366,released
145343,homo_sapiens,GSM5214104,GEO,ZNF586,K562,40.0,0.0,0.974,389.0,0.0154174232802528,0.4577332498434565,1,0,1,1,0,3,ENCFF035FCR,SRR14103438,released
145467,homo_sapiens,GSM5214102,GEO,Prdm15,GM12878,40.0,0.0,0.975,331.0,0.0114477329727541,0.5779674166020171,1,0,1,1,0,3,ENCFF521LDT,SRR14103436,released
145485,homo_sapiens,GSM5214037,GEO,ZBTB17,K562,40.0,0.0,0.981,1175.0,0.0655556071854711,0.817,1,0,1,1,1,4,ENCFF224AFQ,SRR14103321,released
145532,homo_sapiens,GSM5214632,GEO,ZNF778,K562,40.0,0.0,0.978,358.0,0.016640387677379,0.2530541012216405,1,0,1,1,0,3,ENCFF305DQQ,SRR14104365,released
145632,homo_sapiens,GSM5214785,GEO,HMG20A,K562,40.0,0.0,0.987,467.0,0.0183065971995296,0.4155320221886031,1,0,1,1,0,3,ENCFF462HFD,SRR14105245,released
145656,homo_sapiens,GSM5214103,GEO,ZNF586,K562,40.0,0.0,0.978,373.0,0.0154228251211401,0.4615384615384615,1,0,1,1,0,3,ENCFF547LUD,SRR14103437,released
145767,homo_sapiens,GSM5214036,GEO,ZBTB17,K562,40.0,0.0,0.979,1103.0,0.0674575027454904,0.8262,1,0,1,1,1,4,ENCFF465UKP,SRR14103320,released
145842,homo_sapiens,GSM5214786,GEO,HMG20A,K562,40.0,0.0,0.99,490.0,0.0179290854687637,0.4464285714285714,1,0,1,1,0,3,ENCFF321TPT,SRR14105247,released
145853,homo_sapiens,GSM5214934,GEO,ZNF561,K562,40.0,0.0,0.978,378.0,0.0148687117208647,0.4494949494949495,1,0,1,1,0,3,ENCFF395WQX,SRR14105484,released
145865,homo_sapiens,GSM5214832,GEO,ZNF436,K562,36.0,0.0,0.992,621.0,0.0163721197509,0.4483524620510922,1,0,1,1,0,3,ENCFF098TNA,SRR14105310,released
146131,homo_sapiens,GSM5214833,GEO,ZNF436,K562,36.0,0.0,0.991,643.0,0.0160628625428903,0.4816029143897996,1,0,1,1,0,3,ENCFF273NSL,SRR14105311,released
146164,homo_sapiens,GSM5214933,GEO,ZNF561,K562,40.0,0.0,0.981,432.0,0.0154165510723403,0.487546369899311,1,0,1,1,0,3,ENCFF805YVL,SRR14105483,released
146261,homo_sapiens,GSM5214101,GEO,Prdm15,GM12878,40.0,0.0,0.978,368.0,0.0127364320405535,0.6861626248216833,1,0,1,1,0,3,ENCFF422RCF,SRR14103435,released
149780,homo_sapiens,GSM5213833,GEO,ZNF212,K562,40.0,0.0,0.991,329.0,0.0142612509899094,0.6134538152610441,1,0,1,1,0,3,ENCFF265MUS,SRR14102965,released
149837,homo_sapiens,GSM5213832,GEO,ZNF212,K562,40.0,0.0,0.992,481.0,0.0166457913921145,0.6803387139454882,1,0,1,1,0,3,ENCFF544JNE,SRR14102964,released
147005,homo_sapiens,GSM5331207,GEO,ZNF331,MCF-7,40.0,0.0,0.988,313.0,0.0135787480452224,0.6752450980392157,1,0,1,1,0,3,ENCFF790HDN,SRR14638733,released
147006,homo_sapiens,GSM5331208,GEO,ZNF331,MCF-7,39.0,0.0,0.991,369.0,0.0145626601202462,0.6358420519743503,1,0,1,1,0,3,ENCFF708WRY,SRR14638734,released
146825,homo_sapiens,GSM5331230,GEO,ZNF227,MCF-7,39.0,0.0,0.992,347.0,0.0149444705458942,0.6999334664005322,1,0,1,1,0,3,ENCFF994BMK,SRR14638827,released
146826,homo_sapiens,GSM5331231,GEO,ZNF227,MCF-7,40.0,0.0,0.992,297.0,0.0125007467403969,0.4551148225469729,1,0,1,1,0,3,ENCFF645HFO,SRR14638828,released
152899,homo_sapiens,GSM5215204,GEO,ZNF695,K562,40.0,0.0,0.975,366.0,0.0152765245100806,0.5559371933267909,1,0,1,1,0,3,ENCFF009UAW,SRR14107010,released
152945,homo_sapiens,GSM5215203,GEO,ZNF695,K562,40.0,0.0,0.97,367.0,0.0139310669796661,0.5151691948658109,1,0,1,1,0,3,ENCFF170FQZ,SRR14107009,released
146834,homo_sapiens,GSM5330685,GEO,ZNF250,K-562,40.0,0.0,0.981,433.0,0.0143842482756515,0.5558475689881734,1,0,1,1,0,3,ENCFF462GDA,SRR14636999,revoked
146881,homo_sapiens,GSM5330892,GEO,ZNF565,SK-N-SH,40.0,0.0,0.971,307.0,0.012265626328894,0.8243128364975914,1,0,1,1,1,4,ENCFF727NVO,SRR14637644,released
146882,homo_sapiens,GSM5330893,GEO,ZNF565,SK-N-SH,40.0,0.0,0.97,328.0,0.0140441267607288,0.8762760310330747,1,0,1,1,1,4,ENCFF823BIP,SRR14637645,released
102005,homo_sapiens,GSM2825531,GEO,ZBTB26,HEK293,40.0,0.0,0.939,7212.0,0.1664324999999584,0.9698,1,0,1,1,1,4,ENCFF219XKY,SRR6212911,released
101514,homo_sapiens,GSM2825955,GEO,ZNF133,HEK293,37.0,0.0,0.987,1258.0,0.0209437499999947,0.448,1,0,1,1,0,3,ENCFF204JBE,SRR6213033,released
101393,homo_sapiens,GSM2825513,GEO,ZNF544,HEK293,40.0,0.0,0.942,187.0,0.0105007499999973,0.5108,1,0,1,1,0,3,ENCFF201QVE,SRR6212876,released
101394,homo_sapiens,GSM2825518,GEO,ZNF426,HEK293,40.0,0.0,0.816,6348.0,0.031912749999992,0.213,1,0,1,1,0,3,ENCFF052DTI,SRR6212878,released
101073,homo_sapiens,GSM2825143,GEO,ZNF311,HEK293,40.0,0.0,0.953,168.0,0.0145324999999963,0.4762,1,0,1,1,0,3,ENCFF901MLH,SRR6212631,released
102004,homo_sapiens,GSM2825530,GEO,ZBTB26,HEK293,40.0,0.0,0.887,7179.0,0.163827749999959,0.9702,1,0,1,1,1,4,ENCFF095AFX,SRR6212910,released
101074,homo_sapiens,GSM2825144,GEO,ZNF311,HEK293,40.0,0.0,0.964,164.0,0.0105044999999973,0.4078549848942598,1,0,1,1,0,3,ENCFF426JLQ,SRR6212632,released
102131,homo_sapiens,GSM2825568,GEO,ZNF704,HEK293,37.0,0.0,0.98,147.0,0.0083894999999979,0.5281065088757396,1,0,1,0,0,2,ENCFF939GNW,SRR6212950,released
101392,homo_sapiens,GSM2825512,GEO,ZNF544,HEK293,40.0,0.0,0.941,184.0,0.0104334999999973,0.489,1,0,1,1,0,3,ENCFF081KQF,SRR6212875,released
102205,homo_sapiens,GSM2825465,GEO,ZSCAN4,HEK293,38.0,0.0,0.976,4319.0,0.0711247499999822,0.694,1,0,1,1,0,3,ENCFF171NPB,SRR6212977,released
100710,homo_sapiens,GSM2825797,GEO,ZNF776,HEK293,40.0,0.0,0.946,186.0,0.0218219999999945,0.5786,1,0,1,1,0,3,ENCFF421XZN,SRR6213024,released
100890,homo_sapiens,GSM2825468,GEO,ZNF132,HEK293,35.0,0.0,0.983,98.0,0.003613749999999,0.5895424836601307,1,0,1,0,0,2,ENCFF405NIJ,SRR6212711,released
101387,homo_sapiens,GSM2825970,GEO,ZNF777,HEK293,37.0,0.0,0.989,216.0,0.0252132499999937,0.815,1,0,1,1,1,4,ENCFF890MKU,SRR6213046,released
101784,homo_sapiens,GSM2825547,GEO,ZNF274,HEK293,37.0,0.0,0.977,351.0,0.0140544999999964,0.4802,1,0,1,1,0,3,ENCFF267OTO,SRR6212920,released
102204,homo_sapiens,GSM2825466,GEO,ZSCAN4,HEK293,38.0,0.0,0.981,4858.0,0.0734042499999816,0.6856,1,0,1,1,0,3,ENCFF070HUC,SRR6212978,released
101799,homo_sapiens,GSM2825542,GEO,ZNF670,HEK293,37.0,0.0,0.988,154.0,0.0082819999999979,0.4012663237039968,1,0,1,0,0,2,ENCFF593YWJ,SRR6212912,released
101395,homo_sapiens,GSM2825517,GEO,ZNF426,HEK293,40.0,0.0,0.837,5474.0,0.0251307499999937,0.2046,1,0,1,1,0,3,ENCFF734ILU,SRR6212877,released
101386,homo_sapiens,GSM2825969,GEO,ZNF777,HEK293,37.0,0.0,0.99,152.0,0.0127737499999968,0.6776,1,0,1,1,0,3,ENCFF964ODQ,SRR6213045,released
100891,homo_sapiens,GSM2825467,GEO,ZNF132,HEK293,35.0,0.0,0.991,50.0,0.0027584999999993,0.4396551724137931,1,0,1,0,0,2,ENCFF949JWR,SRR6212710,released
101798,homo_sapiens,GSM2825543,GEO,ZNF670,HEK293,37.0,0.0,0.985,161.0,0.0086502499999978,0.3937853107344632,1,0,1,0,0,2,ENCFF377KMZ,SRR6212913,released
101785,homo_sapiens,GSM2825548,GEO,ZNF274,HEK293,37.0,0.0,0.987,179.0,0.0123664999999969,0.3966,1,0,1,1,0,3,ENCFF364YNQ,SRR6212921,released
101513,homo_sapiens,GSM2825956,GEO,ZNF133,HEK293,37.0,0.0,0.991,898.0,0.016000499999996,0.4732,1,0,1,1,0,3,ENCFF050CTT,SRR6213034,released
100711,homo_sapiens,GSM2825798,GEO,ZNF776,HEK293,40.0,0.0,0.948,167.0,0.0163544999999959,0.5164,1,0,1,1,0,3,ENCFF197WID,SRR6213025,released
102130,homo_sapiens,GSM2825567,GEO,ZNF704,HEK293,37.0,0.0,0.981,163.0,0.007966749999998,0.5978473581213307,1,0,1,0,0,2,ENCFF528YMC,SRR6212949,released
102452,homo_sapiens,GSM2828367,GEO,ZNF223,HEK293,37.0,0.0,0.973,278.0,0.0116022499999971,0.7478,1,0,1,1,1,4,ENCFF569SLS,SRR6213918,released
100435,homo_sapiens,GSM2828894,GEO,ZNF555,HEK293,40.0,0.0,0.961,268.0,0.0056417499999985,0.268235294117647,1,0,1,0,0,2,ENCFF531KER,SRR6214311,released
100599,homo_sapiens,GSM2828686,GEO,ZNF785,HEK293,37.0,0.0,0.985,204.0,0.0167137499999958,0.674,1,0,1,1,0,3,ENCFF912ESY,SRR6214065,released
101883,homo_sapiens,GSM2828885,GEO,ZNF114,HEK293,40.0,0.0,0.961,136.0,0.0110484999999972,0.4274,1,0,1,1,0,3,ENCFF519ZJI,SRR6214219,released
101193,homo_sapiens,GSM2828952,GEO,ZBTB48,HEK293,37.0,0.0,0.988,1318.0,0.0732962499999816,0.9282,1,0,1,1,1,4,ENCFF620OZQ,SRR6214370,released
102239,homo_sapiens,GSM2828848,GEO,ZNF112,HEK293,40.0,0.0,0.964,168.0,0.0094472499999976,0.4691383595691797,1,0,1,0,0,2,ENCFF990KCY,SRR6214186,released
100846,homo_sapiens,GSM2828985,GEO,ZNF548,HEK293,37.0,0.0,0.985,336.0,0.0149227499999962,0.5936,1,0,1,1,0,3,ENCFF546URX,SRR6214407,released
101008,homo_sapiens,GSM2828998,GEO,ZNF514,HEK293,37.0,0.0,0.984,149.0,0.0080714999999979,0.420747609388583,1,0,1,0,0,2,ENCFF497UCW,SRR6214418,released
101884,homo_sapiens,GSM2828884,GEO,ZNF114,HEK293,40.0,0.0,0.954,121.0,0.0102264999999974,0.4401197604790419,1,0,1,1,0,3,ENCFF977ONA,SRR6214218,released
102451,homo_sapiens,GSM2828366,GEO,ZNF223,HEK293,37.0,0.0,0.97,251.0,0.0098317499999975,0.7171652875026523,1,0,1,0,1,3,ENCFF937ADB,SRR6213917,released
100436,homo_sapiens,GSM2828895,GEO,ZNF555,HEK293,40.0,0.0,0.92,1224.0,0.0099644999999975,0.2338908692075678,1,0,1,0,0,2,ENCFF315FTB,SRR6214312,released
102238,homo_sapiens,GSM2828849,GEO,ZNF112,HEK293,40.0,0.0,0.959,184.0,0.0093192499999976,0.5784,1,0,1,0,0,2,ENCFF052UFC,SRR6214187,released
102248,homo_sapiens,GSM2828853,GEO,ZNF350,HEK293,40.0,0.0,0.935,167.0,0.0141997499999964,0.8252,1,0,1,1,1,4,ENCFF738LVY,SRR6214220,released
100856,homo_sapiens,GSM2828995,GEO,ZNF491,HEK293,37.0,0.0,0.966,113.0,0.0046204999999988,0.6182648401826484,1,0,1,0,0,2,ENCFF543YKB,SRR6214415,revoked
101890,homo_sapiens,GSM2828882,GEO,ZNF658,HEK293,37.0,0.0,0.987,157.0,0.0105747499999973,0.5110794877007522,1,0,1,1,0,3,ENCFF561LOR,SRR6214214,released
100624,homo_sapiens,GSM2828912,GEO,ZNF791,HEK293,37.0,0.0,0.97,334.0,0.0105319999999973,0.4622641509433962,1,0,1,1,0,3,ENCFF586VYV,SRR6214330,released
102449,homo_sapiens,GSM2828365,GEO,ZNF155,HEK293,37.0,0.0,0.985,140.0,0.0087722499999978,0.5295670538542767,1,0,1,0,0,2,ENCFF287QCC,SRR6213916,released
102447,homo_sapiens,GSM2828363,GEO,ZNF530,HEK293,37.0,0.0,0.977,199.0,0.007888499999998,0.5842424242424242,1,0,1,0,0,2,ENCFF778REX,SRR6213914,released
100857,homo_sapiens,GSM2828996,GEO,ZNF491,HEK293,37.0,0.0,0.974,115.0,0.0047587499999988,0.5846456692913385,1,0,1,0,0,2,ENCFF723BUN,SRR6214416,revoked
101888,homo_sapiens,GSM2828879,GEO,ZNF621,HEK293,40.0,0.0,0.947,158.0,0.0115139999999971,0.5288,1,0,1,1,0,3,ENCFF750PYC,SRR6214226,released
101891,homo_sapiens,GSM2828881,GEO,ZNF658,HEK293,37.0,0.0,0.996,238.0,0.0183843726828109,0.4186558942343004,1,0,1,1,0,3,ENCFF331OEC,SRR6214213,released
100375,homo_sapiens,GSM2828724,GEO,ZNF148,HEK293,40.0,0.0,0.949,195.0,0.016012749999996,0.6916,1,0,1,1,0,3,ENCFF817CFB,SRR6214106,released
101188,homo_sapiens,GSM2828956,GEO,ZNF624,HEK293,37.0,0.0,0.984,127.0,0.0068249999999982,0.718187274909964,1,0,1,0,1,3,ENCFF638IWT,SRR6214371,released
100376,homo_sapiens,GSM2828723,GEO,ZNF148,HEK293,40.0,0.0,0.948,187.0,0.0144332499999963,0.5464,1,0,1,1,0,3,ENCFF061OTP,SRR6214105,released
101192,homo_sapiens,GSM2828951,GEO,ZBTB48,HEK293,37.0,0.0,0.991,852.0,0.0453294999999886,0.9004,1,0,1,1,1,4,ENCFF365YXG,SRR6214369,released
102448,homo_sapiens,GSM2828364,GEO,ZNF155,HEK293,37.0,0.0,0.984,144.0,0.0080854999999979,0.4815602836879432,1,0,1,0,0,2,ENCFF816GRP,SRR6213915,released
100623,homo_sapiens,GSM2828913,GEO,ZNF791,HEK293,37.0,0.0,0.973,395.0,0.011860499999997,0.492,1,0,1,1,0,3,ENCFF632RPD,SRR6214331,released
100598,homo_sapiens,GSM2828685,GEO,ZNF785,HEK293,37.0,0.0,0.983,225.0,0.0253169999999936,0.6946,1,0,1,1,0,3,ENCFF555XUI,SRR6214064,released
100845,homo_sapiens,GSM2828986,GEO,ZNF548,HEK293,37.0,0.0,0.978,201.0,0.0089807499999977,0.5712895377128954,1,0,1,0,0,2,ENCFF871JTS,SRR6214408,released
101889,homo_sapiens,GSM2828880,GEO,ZNF621,HEK293,40.0,0.0,0.951,160.0,0.011765999999997,0.4902,1,0,1,1,0,3,ENCFF551AQH,SRR6214227,released
101007,homo_sapiens,GSM2828997,GEO,ZNF514,HEK293,37.0,0.0,0.982,139.0,0.0066762499999983,0.4504237288135593,1,0,1,0,0,2,ENCFF785LEU,SRR6214417,released
102446,homo_sapiens,GSM2828362,GEO,ZNF530,HEK293,37.0,0.0,0.976,162.0,0.0080994999999979,0.4468201754385965,1,0,1,0,0,2,ENCFF693AUP,SRR6213913,released
101187,homo_sapiens,GSM2828957,GEO,ZNF624,HEK293,37.0,0.0,0.985,125.0,0.007968749999998,0.6460176991150443,1,0,1,0,0,2,ENCFF676BSD,SRR6214372,released
101703,homo_sapiens,GSM2824336,GEO,ZBTB10,HEK293,36.0,0.0,0.986,510.0,0.0452819999999886,0.9022,1,0,1,1,1,4,ENCFF454CBQ,SRR6212704,released
101702,homo_sapiens,GSM2824337,GEO,ZBTB10,HEK293,37.0,0.0,0.985,327.0,0.0326879999999918,0.8884,1,0,1,1,1,4,ENCFF456XDQ,SRR6212705,released
101915,homo_sapiens,GSM2827597,GEO,ZNF433,HEK293,37.0,0.0,0.966,118.0,0.0043649999999989,0.4816870144284129,1,0,1,0,0,2,ENCFF380XRO,SRR6213897,released
101572,homo_sapiens,GSM2827233,GEO,ZNF571,HEK293,40.0,0.0,0.965,142.0,0.0087287499999978,0.4413616227558871,1,0,1,0,0,2,ENCFF226BLN,SRR6213155,released
100167,homo_sapiens,GSM2827557,GEO,ZNF157,HEK293,37.0,0.0,0.976,1032.0,0.0235312499999941,0.5504,1,0,1,1,0,3,ENCFF794VUU,SRR6213850,released
100202,homo_sapiens,GSM2827353,GEO,ZNF211,HEK293,37.0,0.0,0.974,231.0,0.0071672499999982,0.4067901234567901,1,0,1,0,0,2,ENCFF651FCK,SRR6213523,released
100195,homo_sapiens,GSM2827342,GEO,ZNF302,HEK293,37.0,0.0,0.984,164.0,0.0092312499999976,0.659247889485802,1,0,1,0,0,2,ENCFF061PFW,SRR6213538,released
102513,homo_sapiens,GSM2827531,GEO,ZNF493,HEK293,37.0,0.0,0.965,112.0,0.0045477499999988,0.4995555555555555,1,0,1,0,0,2,ENCFF191HHO,SRR6213729,revoked
100864,homo_sapiens,GSM2827398,GEO,ZNF521,HEK293,40.0,0.0,0.945,135.0,0.0098717499999975,0.3755636675971656,1,0,1,0,0,2,ENCFF780IGT,SRR6213578,released
100171,homo_sapiens,GSM2827562,GEO,ZNF473,HEK293,40.0,0.0,0.961,142.0,0.0108452499999972,0.54,1,0,1,1,0,3,ENCFF126ZYT,SRR6213853,released
102058,homo_sapiens,GSM2827608,GEO,ZNF507,K562,40.0,0.0,0.942,1433.0,0.0200927499999949,0.123,1,0,1,1,0,3,ENCFF240EGC,SRR6213909,released
100625,homo_sapiens,GSM2827509,GEO,ZNF701,HEK293,37.0,0.0,0.985,167.0,0.0100629999999974,0.6326,1,0,1,1,0,3,ENCFF784RTY,SRR6213707,released
101721,homo_sapiens,GSM2827587,GEO,ZNF747,HEK293,37.0,0.0,0.986,143.0,0.0084004999999979,0.4696228044917938,1,0,1,0,0,2,ENCFF961HPB,SRR6213888,released
101213,homo_sapiens,GSM2827472,GEO,ZNF266,HEK293,37.0,0.0,0.983,312.0,0.0098122499999975,0.4973736047275114,1,0,1,0,0,2,ENCFF103HSX,SRR6213640,released
101914,homo_sapiens,GSM2827596,GEO,ZNF433,HEK293,37.0,0.0,0.962,134.0,0.0052272499999986,0.4567039106145251,1,0,1,0,0,2,ENCFF661FBG,SRR6213896,released
101762,homo_sapiens,GSM2827316,GEO,ZNF629,HEK293,37.0,0.0,0.969,4300.0,0.1135804999999716,0.9546,1,0,1,1,1,4,ENCFF701LQT,SRR6213406,released
100201,homo_sapiens,GSM2827354,GEO,ZNF211,HEK293,37.0,0.0,0.984,209.0,0.0094142499999976,0.5193187595322827,1,0,1,0,0,2,ENCFF688OBA,SRR6213524,released
100166,homo_sapiens,GSM2827556,GEO,ZNF157,HEK293,37.0,0.0,0.979,1005.0,0.0223354999999944,0.517,1,0,1,1,0,3,ENCFF409HCF,SRR6213849,released
101573,homo_sapiens,GSM2827232,GEO,ZNF571,HEK293,40.0,0.0,0.959,150.0,0.0101862499999974,0.4478,1,0,1,1,0,3,ENCFF256EWC,SRR6213154,released
102512,homo_sapiens,GSM2827530,GEO,ZNF493,HEK293,37.0,0.0,,152.0,0.0106649999999973,0.4766666666666667,1,0,0,1,0,2,ENCFF790RTP,SRR6213728,revoked
101368,homo_sapiens,GSM2827456,GEO,ZNF560,HEK293,37.0,0.0,0.988,144.0,0.0070614999999982,0.4665683382497542,1,0,1,0,0,2,ENCFF901AEL,SRR6213633,released
102033,homo_sapiens,GSM2827388,GEO,ZNF174,HEK293,40.0,0.0,0.923,90.0,0.0075182499999981,0.8398,1,0,1,0,1,3,ENCFF700ORL,SRR6213568,released
100626,homo_sapiens,GSM2827508,GEO,ZNF701,HEK293,37.0,0.0,0.987,153.0,0.0101289999999974,0.6578,1,0,1,1,0,3,ENCFF610KRG,SRR6213706,released
102059,homo_sapiens,GSM2827609,GEO,ZNF507,K562,40.0,0.0,0.959,1802.0,0.0222559999999944,0.1204,1,0,1,1,0,3,ENCFF306MYT,SRR6213910,released
101882,homo_sapiens,GSM2827405,GEO,ZNF404,HEK293,37.0,0.0,0.969,127.0,0.0065014999999983,0.6550466153222537,1,0,1,0,0,2,ENCFF052DGQ,SRR6213588,released
101365,homo_sapiens,GSM2827442,GEO,ZNF195,HEK293,40.0,0.0,0.946,101.0,0.0042509999999989,0.5720620842572062,1,0,1,0,0,2,ENCFF708HJS,SRR6213659,revoked
101492,homo_sapiens,GSM2827429,GEO,ZBTB20,HEK293,37.0,0.0,0.985,2430.0,0.07990799999998,0.9392,1,0,1,1,1,4,ENCFF204KOO,SRR6213664,released
101214,homo_sapiens,GSM2827471,GEO,ZNF266,HEK293,37.0,0.0,0.982,185.0,0.0088842499999977,0.4451901565995526,1,0,1,0,0,2,ENCFF083CVO,SRR6213639,released
100753,homo_sapiens,GSM2827273,GEO,ZNF248,HEK293,40.0,0.0,0.949,153.0,0.0096027499999976,0.5280421137882162,1,0,1,0,0,2,ENCFF076DJF,SRR6213268,released
101207,homo_sapiens,GSM2827460,GEO,ZNF398,HEK293,40.0,0.0,0.951,3347.0,0.0847187499999788,0.9344,1,0,1,1,1,4,ENCFF217XXN,SRR6213635,released
101763,homo_sapiens,GSM2827315,GEO,ZNF629,HEK293,37.0,0.0,0.963,4331.0,0.1068689999999732,0.9562,1,0,1,1,1,4,ENCFF920JRG,SRR6213405,released
100865,homo_sapiens,GSM2827397,GEO,ZNF521,HEK293,40.0,0.0,0.934,145.0,0.0101382499999974,0.4004,1,0,1,1,0,3,ENCFF109KFS,SRR6213577,released
101429,homo_sapiens,GSM2827213,GEO,ZNF524,HEK293,36.0,0.0,0.99,204.0,0.0282034999999929,0.8872,1,0,1,1,1,4,ENCFF537WRB,SRR6213142,revoked
101427,homo_sapiens,GSM2827215,GEO,Zbtb21,HEK293,37.0,0.0,0.979,1495.0,0.0471792499999882,0.912,1,0,1,1,1,4,ENCFF280GIQ,SRR6213145,released
101881,homo_sapiens,GSM2827406,GEO,ZNF404,HEK293,37.0,0.0,0.994,231.0,0.0138638656673358,0.4565075212557227,1,0,1,1,0,3,ENCFF491FIO,SRR6213589,released
102242,homo_sapiens,GSM2827380,GEO,ZNF169,HEK293,37.0,0.0,0.988,222.0,0.011636249999997,0.5732,1,0,1,1,0,3,ENCFF390IPW,SRR6213544,released
101576,homo_sapiens,GSM2827237,GEO,ZNF300,HEK293,40.0,0.0,0.936,140.0,0.0066824999999983,0.5543147208121827,1,0,1,0,0,2,ENCFF916WNU,SRR6213224,revoked
102511,homo_sapiens,GSM2827533,GEO,ZNF662,HEK293,40.0,0.0,0.957,140.0,0.0087642499999978,0.4852441890833116,1,0,1,0,0,2,ENCFF410PMB,SRR6213827,revoked
101137,homo_sapiens,GSM2827156,GEO,ZNF416,HEK293,37.0,0.0,0.984,156.0,0.0093897499999976,0.5338256312529777,1,0,1,0,0,2,ENCFF711PUH,SRR6213077,released
101367,homo_sapiens,GSM2827455,GEO,ZNF560,HEK293,37.0,0.0,0.972,191.0,0.0081297499999979,0.363304665102945,1,0,1,0,0,2,ENCFF075NLI,SRR6213632,released
101206,homo_sapiens,GSM2827459,GEO,ZNF398,HEK293,40.0,0.0,0.957,2559.0,0.0684299999999829,0.9296,1,0,1,1,1,4,ENCFF183GXL,SRR6213634,released
101366,homo_sapiens,GSM2827443,GEO,ZNF195,HEK293,40.0,0.0,0.951,149.0,0.0096717499999975,0.4028,1,0,1,0,0,2,ENCFF990OIS,SRR6213660,revoked
101491,homo_sapiens,GSM2827428,GEO,ZBTB20,HEK293,37.0,0.0,0.978,3398.0,0.1341154999999664,0.9562,1,0,1,1,1,4,ENCFF033ZFD,SRR6213663,released
101430,homo_sapiens,GSM2827212,GEO,ZNF524,HEK293,37.0,0.0,0.986,125.0,0.0251379999999937,0.8974,1,0,1,1,1,4,ENCFF103KFM,SRR6213141,revoked
100754,homo_sapiens,GSM2827272,GEO,ZNF248,HEK293,40.0,0.0,0.937,178.0,0.0138517499999965,0.4848,1,0,1,1,0,3,ENCFF079WWC,SRR6213267,released
101722,homo_sapiens,GSM2827588,GEO,ZNF747,HEK293,37.0,0.0,0.983,141.0,0.0097404999999975,0.3989401968205904,1,0,1,0,0,2,ENCFF148YZK,SRR6213889,released
102241,homo_sapiens,GSM2827379,GEO,ZNF169,HEK293,37.0,0.0,0.988,249.0,0.0135887499999966,0.5984,1,0,1,1,0,3,ENCFF167QBT,SRR6213543,released
101428,homo_sapiens,GSM2827214,GEO,Zbtb21,HEK293,37.0,0.0,0.982,1341.0,0.0394009999999901,0.906,1,0,1,1,1,4,ENCFF950RDX,SRR6213144,released
100170,homo_sapiens,GSM2827561,GEO,ZNF473,HEK293,40.0,0.0,0.954,180.0,0.0151614999999962,0.5136,1,0,1,1,0,3,ENCFF204KLS,SRR6213852,released
101138,homo_sapiens,GSM2827157,GEO,ZNF416,HEK293,37.0,0.0,0.987,126.0,0.0075889999999981,0.6373144399460189,1,0,1,0,0,2,ENCFF859HOC,SRR6213078,released
102510,homo_sapiens,GSM2827532,GEO,ZNF662,HEK293,40.0,0.0,0.994,329.0,0.0202177986252986,0.54,1,0,1,1,0,3,ENCFF857UFP,SRR6213826,revoked
100194,homo_sapiens,GSM2827341,GEO,ZNF302,HEK293,37.0,0.0,0.984,145.0,0.0070519999999982,0.5160938352427714,1,0,1,0,0,2,ENCFF328EBF,SRR6213537,released
101577,homo_sapiens,GSM2827236,GEO,ZNF300,HEK293,40.0,0.0,0.927,167.0,0.0101137499999974,0.5274,1,0,1,1,0,3,ENCFF213XIX,SRR6213223,revoked
146833,homo_sapiens,GSM5330684,GEO,ZNF250,K-562,40.0,0.0,0.979,394.0,0.0138439179115643,0.5197255574614065,1,0,1,1,0,3,ENCFF481FOV,SRR14636998,revoked
166759,homo_sapiens,GSM4307849,GEO,Repin1,HEK293,37.0,0.0,0.997,229.0,0.0242605510965227,0.7618,1,0,1,1,1,4,ENCFF685PQB,SRR11075388,released
166760,homo_sapiens,GSM4307848,GEO,Repin1,HEK293,38.0,0.0,0.996,135.0,0.0154783087416278,0.8806,1,0,1,1,1,4,ENCFF629DEC,SRR11075387,released
177165,homo_sapiens,GSM3634154,GEO,Zbtb12,HEK293,37.0,0.0,0.995,716.0,0.0246929105667904,0.8398,1,0,1,1,1,4,ENCFF684UVH,SRR8659959,released
177206,homo_sapiens,GSM3634206,GEO,ZNF510,HEK293,37.0,0.0,0.996,666.0,0.0150685411071564,0.3437902879243661,1,0,1,1,0,3,ENCFF600HHA,SRR8660024,released
177015,homo_sapiens,GSM3634201,GEO,ZNF768,HEK293,37.0,0.0,0.998,341.0,0.0258300553599331,0.7032,1,0,1,1,1,4,ENCFF223ZOA,SRR8660019,released
177088,homo_sapiens,GSM3634423,GEO,ZNF189,HEK293,40.0,0.0,0.991,2645.0,0.1057094225592285,0.8312,1,0,1,1,1,4,ENCFF271YPD,SRR8660124,released
179316,homo_sapiens,GSM2424064,GEO,ZNF382,HEK293,40.0,0.0,0.995,737.0,0.0778338605356727,0.8958,1,0,1,1,1,4,ENCFF418SMX,SRR5112170,revoked
179328,homo_sapiens,GSM2424256,GEO,ZNF202,HEK293,38.0,0.0,0.995,260.0,0.0177391384332624,0.3817891373801917,1,0,1,1,0,3,ENCFF352QLC,SRR5112374,released
179333,homo_sapiens,GSM2424164,GEO,ZBTB49,HEK293,37.0,0.0,0.996,223.0,0.0115411252597099,0.5388739946380697,1,0,1,1,0,3,ENCFF505FEG,SRR5112276,released
179339,homo_sapiens,GSM2424073,GEO,ZNF800,HEK293,37.0,0.0,0.997,622.0,0.0234539683302413,0.79,1,0,1,1,1,4,ENCFF381EMJ,SRR5112183,revoked
179340,homo_sapiens,GSM2424163,GEO,ZBTB49,HEK293,38.0,0.0,0.996,211.0,0.014300056569562,0.5009572431397575,1,0,1,1,0,3,ENCFF951RZS,SRR5112275,released
179343,homo_sapiens,GSM2424065,GEO,ZNF382,HEK293,40.0,0.0,0.995,689.0,0.0823010502298539,0.9062,1,0,1,1,1,4,ENCFF426TGH,SRR5112171,revoked
179346,homo_sapiens,GSM2424141,GEO,ZNF547,HEK293,37.0,0.0,0.996,429.0,0.0164152677398529,0.6371252204585538,1,0,1,1,0,3,ENCFF923CFU,SRR5112279,released
179356,homo_sapiens,GSM2424072,GEO,ZNF800,HEK293,37.0,0.0,0.997,479.0,0.0204327656412015,0.7484,1,0,1,1,1,4,ENCFF033RQX,SRR5112182,revoked
179366,homo_sapiens,GSM2424142,GEO,ZNF547,HEK293,37.0,0.0,0.997,313.0,0.0183617218674235,0.7032,1,0,1,1,1,4,ENCFF965LJP,SRR5112280,released
179375,homo_sapiens,GSM2424100,GEO,ZBTB11,HEK293,37.0,0.0,0.985,6090.0,0.0919593914112064,0.709,1,0,1,1,1,4,ENCFF768RZW,SRR5112209,released
179387,homo_sapiens,GSM2424049,GEO,ZNF707,HEK293,38.0,0.0,0.996,565.0,0.0220014206877162,0.3722,1,0,1,1,0,3,ENCFF522POF,SRR5112162,released
179412,homo_sapiens,GSM2424099,GEO,ZBTB11,HEK293,37.0,0.0,0.988,4793.0,0.1064213760841416,0.8916,1,0,1,1,1,4,ENCFF952XTB,SRR5112208,released
179419,homo_sapiens,GSM2424255,GEO,ZNF202,HEK293,38.0,0.0,0.997,267.0,0.0181512979745143,0.376713920520567,1,0,1,1,0,3,ENCFF083PWC,SRR5112373,released
179454,homo_sapiens,GSM2423864,GEO,ZNF610,HEK293,36.0,0.0,0.997,917.0,0.0397322443838447,0.8386,1,0,1,1,1,4,ENCFF333HZB,SRR5111973,released
179456,homo_sapiens,GSM2423517,GEO,ZNF101,HEK293,37.0,0.0,0.99,189.0,0.033678834197077,0.9186,1,0,1,1,1,4,ENCFF466VMF,SRR5111618,revoked
179458,homo_sapiens,GSM2423190,GEO,Prdm10,HEK293,36.0,0.0,0.994,10059.0,0.2134742497330854,0.9304,1,0,1,1,1,4,ENCFF445ZKX,SRR5111295,released
179462,homo_sapiens,GSM2423493,GEO,ZNF558,HEK293,37.0,0.0,0.995,1038.0,0.0269368643573097,0.5126,1,0,1,1,0,3,ENCFF632OUF,SRR5111605,released
179471,homo_sapiens,GSM2423375,GEO,ZNF488,HEK293,38.0,0.0,0.996,363.0,0.0210119872492503,0.629,1,0,1,1,0,3,ENCFF508MSA,SRR5111489,released
179484,homo_sapiens,GSM2423484,GEO,ZNF239,HEK293,37.0,0.0,0.997,447.0,0.0254252936834535,0.6026,1,0,1,1,0,3,ENCFF586BYR,SRR5111614,released
179488,homo_sapiens,GSM2423598,GEO,ZNF414,HEK293,40.0,0.0,0.992,542.0,0.0434757277669036,0.5004,1,0,1,1,0,3,ENCFF580STU,SRR5111714,revoked
179490,homo_sapiens,GSM2423601,GEO,ZNF264,HEK293,37.0,0.0,0.992,229.0,0.0141188335154179,0.6917910447761194,1,0,1,1,0,3,ENCFF270PCJ,SRR5111734,revoked
179494,homo_sapiens,GSM2423582,GEO,ZNF654,HEK293,37.0,0.0,0.989,15392.0,0.0834348002405994,0.9578,1,0,1,1,1,4,ENCFF549SRV,SRR5111686,released
179498,homo_sapiens,GSM2423318,GEO,ZNF335,HEK293,36.0,0.0,0.994,6074.0,0.2210534532893028,0.9584,1,0,1,1,1,4,ENCFF898JXS,SRR5111427,released
179503,homo_sapiens,GSM2423964,GEO,ZNF781,HEK293,37.0,0.0,0.992,4645.0,0.0268807795426,0.1858,1,0,1,1,0,3,ENCFF931JHV,SRR5112098,revoked
179515,homo_sapiens,GSM2423767,GEO,ZBTB17,HEK293,37.0,0.0,0.996,3553.0,0.1845966457275019,0.841,1,0,1,1,1,4,ENCFF120XAX,SRR5111890,released
179517,homo_sapiens,GSM2423862,GEO,ZNF146,HEK293,37.0,0.0,0.997,3748.0,0.058251251332226,0.1312,1,0,1,1,0,3,ENCFF209LAN,SRR5111962,released
179528,homo_sapiens,GSM2423021,GEO,ZNF366,HEK293,40.0,0.0,0.995,4252.0,0.1280307272345169,0.6106,1,0,1,1,0,3,ENCFF572AYV,SRR5111104,released
179531,homo_sapiens,GSM2423851,GEO,ZNF792,HEK293,37.0,0.0,0.997,316.0,0.0275531894157379,0.7646,1,0,1,1,1,4,ENCFF755CGW,SRR5111975,released
179535,homo_sapiens,GSM2423652,GEO,ZNF138,HEK293,37.0,0.0,0.996,210.0,0.0121677277707974,0.5314559616536848,1,0,1,1,0,3,ENCFF858BWH,SRR5111752,released
179544,homo_sapiens,GSM2423937,GEO,ZNF324,HEK293,37.0,0.0,0.997,261.0,0.0369218222241452,0.8978,1,0,1,1,1,4,ENCFF936RHD,SRR5112070,released
179564,homo_sapiens,GSM2423836,GEO,ZNF580,HEK293,36.0,0.0,0.997,720.0,0.0499896645767131,0.7988,1,0,1,1,1,4,ENCFF919KAD,SRR5111932,released
179594,homo_sapiens,GSM2423191,GEO,ZNF121,HEK293,40.0,0.0,0.996,378.0,0.0528666402694584,0.57,1,0,1,1,0,3,ENCFF986WDC,SRR5111297,released
179597,homo_sapiens,GSM2423516,GEO,ZNF501,HEK293,40.0,0.0,0.995,203.0,0.0591690437715372,0.9116,1,0,1,1,1,4,ENCFF640PHT,SRR5111630,released
179601,homo_sapiens,GSM2423492,GEO,ZNF558,HEK293,37.0,0.0,0.995,928.0,0.0361894819143792,0.6606,1,0,1,1,0,3,ENCFF382AAJ,SRR5111604,released
179610,homo_sapiens,GSM2423865,GEO,ZNF610,HEK293,37.0,0.0,0.997,459.0,0.0256437762069481,0.85,1,0,1,1,1,4,ENCFF911HHR,SRR5111974,released
179613,homo_sapiens,GSM2423863,GEO,ZNF146,HEK293,37.0,0.0,0.996,2884.0,0.0506877203883135,0.1278,1,0,1,1,0,3,ENCFF441XRJ,SRR5111963,released
179624,homo_sapiens,GSM2423965,GEO,ZNF781,HEK293,37.0,0.0,0.994,4994.0,0.0292270435944398,0.1958,1,0,1,1,0,3,ENCFF180QIL,SRR5112099,revoked
179629,homo_sapiens,GSM2423197,GEO,ZNF292,HEK293,37.0,0.0,0.991,183.0,0.0139327896875206,0.4346289752650176,1,0,1,1,0,3,ENCFF104INT,SRR5111316,released
179641,homo_sapiens,GSM2423881,GEO,ZNF837,HEK293,37.0,0.0,0.997,264.0,0.0162296504536743,0.6251847472657405,1,0,1,1,0,3,ENCFF940QRR,SRR5111990,released
179642,homo_sapiens,GSM2423671,GEO,ZNF438,HEK293,40.0,0.0,0.989,4812.0,0.0291477038218086,0.2204,1,0,1,1,0,3,ENCFF619LOK,SRR5111780,revoked
179643,homo_sapiens,GSM2423319,GEO,ZNF335,HEK293,36.0,0.0,0.994,6408.0,0.236837039392571,0.9578,1,0,1,1,1,4,ENCFF251PNI,SRR5111428,released
179644,homo_sapiens,GSM2423485,GEO,ZNF239,HEK293,38.0,0.0,0.997,350.0,0.0211257549244316,0.5948,1,0,1,1,0,3,ENCFF876PMY,SRR5111615,released
179645,homo_sapiens,GSM2423600,GEO,ZNF264,HEK293,37.0,0.0,0.987,194.0,0.0116281770799871,0.784429178933595,1,0,1,1,1,4,ENCFF515LZE,SRR5111733,revoked
179648,homo_sapiens,GSM2423599,GEO,ZNF414,HEK293,40.0,0.0,0.993,363.0,0.0348883557103904,0.5248,1,0,1,1,0,3,ENCFF844IHT,SRR5111715,revoked
179651,homo_sapiens,GSM2423698,GEO,ZNF641,HEK293,37.0,0.0,0.997,226.0,0.0156472514418519,0.7242,1,0,1,1,1,4,ENCFF499VFM,SRR5111804,revoked
179667,homo_sapiens,GSM2423927,GEO,Prdm12,HEK293,38.0,0.0,0.988,1242.0,0.0153851921649353,0.2206677265500795,1,0,1,1,0,3,ENCFF923WIN,SRR5112032,revoked
179668,homo_sapiens,GSM2423653,GEO,ZNF138,HEK293,37.0,0.0,0.995,225.0,0.0136286413706211,0.5324217026907808,1,0,1,1,0,3,ENCFF528TQX,SRR5111753,released
179669,homo_sapiens,GSM2423956,GEO,Zbtb7a,HEK293,37.0,0.0,0.998,249.0,0.0253031596733701,0.8516,1,0,1,1,1,4,ENCFF649OML,SRR5112093,released
179670,homo_sapiens,GSM2423020,GEO,ZNF366,HEK293,40.0,0.0,0.996,5237.0,0.1331886311676237,0.559,1,0,1,1,0,3,ENCFF291MOB,SRR5111103,released
179679,homo_sapiens,GSM2423768,GEO,ZBTB17,HEK293,37.0,0.0,0.996,2408.0,0.1735223724544275,0.8642,1,0,1,1,1,4,ENCFF862OIP,SRR5111891,released
179694,homo_sapiens,GSM2423016,GEO,ZNF175,HEK293,37.0,0.0,0.997,267.0,0.0146049271265271,0.4069440100093838,1,0,1,1,0,3,ENCFF076GRK,SRR5111110,released
179695,homo_sapiens,GSM2423192,GEO,ZNF121,HEK293,40.0,0.0,0.997,317.0,0.0452579851473557,0.5682,1,0,1,1,0,3,ENCFF505LMS,SRR5111298,released
179698,homo_sapiens,GSM2423515,GEO,ZNF501,HEK293,40.0,0.0,0.996,209.0,0.0463965530334708,0.8762,1,0,1,1,1,4,ENCFF716DCY,SRR5111629,released
179700,homo_sapiens,GSM2423293,GEO,ZNF680,HEK293,37.0,0.0,0.997,1586.0,0.0266747680313617,0.4816,1,0,1,1,0,3,ENCFF292AJW,SRR5111402,released
179710,homo_sapiens,GSM2423938,GEO,ZNF324,HEK293,37.0,0.0,0.997,303.0,0.0408631148012064,0.8866,1,0,1,1,1,4,ENCFF909UDE,SRR5112071,released
179712,homo_sapiens,GSM2423627,GEO,ZNF740,K-562,37.0,0.0,0.995,151.0,0.0141516291012103,0.5694935217903416,1,0,1,1,0,3,ENCFF607RXB,SRR5111729,released
179724,homo_sapiens,GSM2423835,GEO,ZNF580,HEK293,36.0,0.0,0.997,758.0,0.0518574426705305,0.7894,1,0,1,1,1,4,ENCFF853ZLC,SRR5111931,released
179725,homo_sapiens,GSM2423128,GEO,ZNF341,HEK293,37.0,0.0,0.995,6116.0,0.1178337317006353,0.9438,1,0,1,1,1,4,ENCFF436WRK,SRR5111225,released
179727,homo_sapiens,GSM2423537,GEO,ZNF423,HEK293,37.0,0.0,0.998,449.0,0.0233193407116191,0.8894,1,0,1,1,1,4,ENCFF336XLE,SRR5111628,released
179728,homo_sapiens,GSM2423636,GEO,ZBTB33,HEK293,37.0,0.0,0.997,970.0,0.0340621392980387,0.778,1,0,1,1,1,4,ENCFF154HBU,SRR5111766,revoked
179731,homo_sapiens,GSM2423059,GEO,ZNF394,HEK293,40.0,0.0,0.989,5239.0,0.0540508165752668,0.2794,1,0,1,1,0,3,ENCFF814VNS,SRR5111156,released
179737,homo_sapiens,GSM2423540,GEO,ZBTB8A,HEK293,37.0,0.0,0.993,4635.0,0.1082631035252819,0.9124,1,0,1,1,1,4,ENCFF592FUT,SRR5111645,released
179743,homo_sapiens,GSM2423520,GEO,ZNF140,HEK293,38.0,0.0,0.994,660.0,0.0180705046410923,0.339,1,0,1,1,0,3,ENCFF802KGS,SRR5111617,released
179747,homo_sapiens,GSM2423955,GEO,Zbtb7a,HEK293,37.0,0.0,0.997,318.0,0.0321521702714852,0.7106,1,0,1,1,1,4,ENCFF231CRO,SRR5112092,released
179755,homo_sapiens,GSM2423464,GEO,ZNF692,HEK293,37.0,0.0,0.997,2037.0,0.0920048676330679,0.934,1,0,1,1,1,4,ENCFF916UAH,SRR5111565,released
179756,homo_sapiens,GSM2423889,GEO,ZNF664,HEK293,37.0,0.0,0.997,1115.0,0.0412954799559073,0.654,1,0,1,1,0,3,ENCFF176BPB,SRR5112008,released
179761,homo_sapiens,GSM2423167,GEO,ZNF391,HEK293,38.0,0.0,0.997,217.0,0.018522668869374,0.7978723404255319,1,0,1,1,1,4,ENCFF385QYN,SRR5111267,released
179762,homo_sapiens,GSM2423393,GEO,ZFP69B,HEK293,38.0,0.0,0.997,958.0,0.0487413576052951,0.8924,1,0,1,1,1,4,ENCFF014DZB,SRR5111505,released
179764,homo_sapiens,GSM2423714,GEO,ZNF512,K-562,38.0,0.0,0.996,701.0,0.0444859472395605,0.4812,1,0,1,1,0,3,ENCFF968UUM,SRR5111877,released
179765,homo_sapiens,GSM2423893,GEO,ZNF362,HEK293,40.0,0.0,0.996,369.0,0.0594185167365306,0.7682,1,0,1,1,1,4,ENCFF051TFE,SRR5112014,released
179770,homo_sapiens,GSM2423774,GEO,Nfe2l1,K-562,38.0,0.0,0.966,2475.0,0.0307111713186237,0.8264,1,0,1,1,1,4,ENCFF226RVI,SRR5111881,released
179778,homo_sapiens,GSM2423882,GEO,ZNF837,HEK293,37.0,0.0,0.997,362.0,0.0217105264803242,0.5464,1,0,1,1,0,3,ENCFF708AQI,SRR5111991,released
179779,homo_sapiens,GSM2423672,GEO,ZNF438,HEK293,40.0,0.0,0.994,4089.0,0.0283844785293011,0.2162,1,0,1,1,0,3,ENCFF558YFM,SRR5111781,revoked
179782,homo_sapiens,GSM2423518,GEO,ZNF101,HEK293,37.0,0.0,0.97,1104.0,0.016636893339813,0.4574,1,0,1,1,0,3,ENCFF231MZY,SRR5111619,revoked
179787,homo_sapiens,GSM2423017,GEO,ZNF175,HEK293,37.0,0.0,0.996,267.0,0.0163814656703266,0.3895558223289316,1,0,1,1,0,3,ENCFF131OXT,SRR5111111,released
179791,homo_sapiens,GSM2423463,GEO,ZNF692,HEK293,37.0,0.0,0.997,1793.0,0.0808080176777102,0.9234,1,0,1,1,1,4,ENCFF017EAR,SRR5111564,released
179793,homo_sapiens,GSM2423189,GEO,Prdm10,HEK293,36.0,0.0,0.994,9043.0,0.2034544946759658,0.9326,1,0,1,1,1,4,ENCFF071KJL,SRR5111294,released
179796,homo_sapiens,GSM2423697,GEO,ZNF641,HEK293,37.0,0.0,0.996,230.0,0.0128442065933978,0.6928926586721263,1,0,1,1,0,3,ENCFF802HEH,SRR5111803,revoked
179803,homo_sapiens,GSM2423713,GEO,ZNF512,K562,38.0,0.0,0.997,423.0,0.0463359299986524,0.5118,1,0,1,1,0,3,ENCFF123LEB,SRR5111876,released
179812,homo_sapiens,GSM2423773,GEO,Nfe2l1,K-562,37.0,0.0,0.991,898.0,0.0238104876595719,0.712210043334183,1,0,1,1,1,4,ENCFF576NTQ,SRR5111880,released
179814,homo_sapiens,GSM2423198,GEO,ZNF292,HEK293,37.0,0.0,0.993,283.0,0.0165716918681313,0.4024280575539568,1,0,1,1,0,3,ENCFF619CUO,SRR5111317,released
179816,homo_sapiens,GSM2423376,GEO,ZNF488,HEK293,38.0,0.0,0.996,364.0,0.0217363318330781,0.5481571981266544,1,0,1,1,0,3,ENCFF193OEU,SRR5111490,released
179823,homo_sapiens,GSM2423637,GEO,ZBTB33,HEK293,37.0,0.0,0.997,744.0,0.030447405475573,0.774,1,0,1,1,1,4,ENCFF569QXG,SRR5111767,revoked
179825,homo_sapiens,GSM2423536,GEO,ZNF423,HEK293,37.0,0.0,0.997,478.0,0.0223778726194129,0.8444,1,0,1,1,1,4,ENCFF268OZO,SRR5111627,released
179826,homo_sapiens,GSM2423129,GEO,ZNF341,HEK293,37.0,0.0,0.993,5630.0,0.1084505377791842,0.9424,1,0,1,1,1,4,ENCFF176QOJ,SRR5111226,released
179827,homo_sapiens,GSM2423928,GEO,Prdm12,HEK293,38.0,0.0,0.989,847.0,0.0152569390798787,0.2361717612809316,1,0,1,1,0,3,ENCFF909GZY,SRR5112033,revoked
179834,homo_sapiens,GSM2423626,GEO,ZNF740,K-562,37.0,0.0,0.994,215.0,0.0175363066413329,0.6737568266743317,1,0,1,1,0,3,ENCFF554XIX,SRR5111728,released
179845,homo_sapiens,GSM2423852,GEO,ZNF792,HEK293,37.0,0.0,0.997,296.0,0.0242544046022721,0.7272,1,0,1,1,1,4,ENCFF726QBO,SRR5111976,released
179854,homo_sapiens,GSM2423541,GEO,ZBTB8A,HEK293,37.0,0.0,0.993,3522.0,0.1127095472298864,0.945,1,0,1,1,1,4,ENCFF906LEJ,SRR5111646,released
179865,homo_sapiens,GSM2423581,GEO,ZNF654,HEK293,37.0,0.0,0.988,15602.0,0.0896980217391297,0.9568,1,0,1,1,1,4,ENCFF774IKE,SRR5111685,released
179867,homo_sapiens,GSM2423519,GEO,ZNF140,HEK293,38.0,0.0,0.996,516.0,0.0201530713725059,0.4122,1,0,1,1,0,3,ENCFF602URB,SRR5111616,released
179881,homo_sapiens,GSM2423892,GEO,ZNF362,HEK293,40.0,0.0,0.996,376.0,0.0729623059256937,0.7842,1,0,1,1,1,4,ENCFF991IIZ,SRR5112013,released
179884,homo_sapiens,GSM2423392,GEO,ZFP69B,HEK293,38.0,0.0,0.997,1301.0,0.063418019276028,0.8974,1,0,1,1,1,4,ENCFF322OHR,SRR5111504,released
179886,homo_sapiens,GSM2423060,GEO,ZNF394,HEK293,40.0,0.0,0.995,1511.0,0.0899050666063706,0.8526,1,0,1,1,1,4,ENCFF117GAX,SRR5111157,released
179887,homo_sapiens,GSM2423294,GEO,ZNF680,HEK293,37.0,0.0,0.996,1486.0,0.027012436262552,0.452,1,0,1,1,0,3,ENCFF706OYX,SRR5111403,released
179891,homo_sapiens,GSM2423166,GEO,ZNF391,HEK293,38.0,0.0,0.997,317.0,0.0453009200261751,0.8904,1,0,1,1,1,4,ENCFF218PFQ,SRR5111266,released
179895,homo_sapiens,GSM2423888,GEO,ZNF664,HEK293,37.0,0.0,0.997,728.0,0.0300926556973036,0.6064,1,0,1,1,0,3,ENCFF208FLC,SRR5112007,released
179983,homo_sapiens,GSM2825490,GEO,ZNF584,K-562,38.0,0.0,0.988,1047.0,0.0426059537865132,0.9324,1,0,1,1,1,4,ENCFF771AEO,SRR6212842,released
179987,homo_sapiens,GSM2825565,GEO,ZNF766,K562,38.0,0.0,0.997,3256.0,0.0888815736358726,0.9342,1,0,1,1,1,4,ENCFF862UUB,SRR6213003,released
180015,homo_sapiens,GSM2825482,GEO,ZNF697,HEK293,38.0,0.0,0.991,5799.0,0.0315740701591996,0.1982,1,0,1,1,0,3,ENCFF278MPJ,SRR6213015,revoked
180016,homo_sapiens,GSM2825489,GEO,ZNF584,K-562,38.0,0.0,0.975,484.0,0.0309574264158731,0.9336,1,0,1,1,1,4,ENCFF947GWY,SRR6212840,released
180017,homo_sapiens,GSM2825566,GEO,ZNF766,K-562,38.0,0.0,0.997,3226.0,0.0876650460296172,0.9406,1,0,1,1,1,4,ENCFF994DBJ,SRR6213005,released
180042,homo_sapiens,GSM2825483,GEO,ZNF697,HEK293,38.0,0.0,0.988,5995.0,0.0346782616002602,0.1998,1,0,1,1,0,3,ENCFF025PPV,SRR6213016,revoked
145314,homo_sapiens,GSM5214236,GEO,Fosl2,A549,40.0,0.0,0.978,10475.0,0.0965723280509871,0.9626,1,0,1,1,1,4,ENCFF818BKU,SRR14103683,released
145335,homo_sapiens,GSM5214819,GEO,Nr2f6,K562,40.0,0.0,0.989,409.0,0.0170460170212638,0.5340777820562187,1,0,1,1,0,3,ENCFF862RBY,SRR14105296,released
145468,homo_sapiens,GSM5214874,GEO,Nr2f1,Hep-G2,40.0,0.0,0.97,1723.0,0.0403536059183185,0.8944,1,0,1,1,1,4,ENCFF921YAV,SRR14105391,released
145558,homo_sapiens,GSM5214820,GEO,Nr2f6,K562,40.0,0.0,0.993,454.0,0.019299535587251,0.5895106944037504,1,0,1,1,0,3,ENCFF839RRW,SRR14105297,released
145657,homo_sapiens,GSM5214875,GEO,Nr2f1,Hep-G2,40.0,0.0,0.977,2397.0,0.0501206058710977,0.8958,1,0,1,1,1,4,ENCFF564LRC,SRR14105392,released
145662,homo_sapiens,GSM5214168,GEO,SOX13,Hep-G2,40.0,0.0,0.977,231.0,0.013825713803848,0.6855140186915888,1,0,1,1,0,3,ENCFF426VZE,SRR14103554,released
145707,homo_sapiens,GSM5214710,GEO,DEAF1,K562,40.0,0.0,0.989,2086.0,0.0368051652442018,0.8902,1,0,1,1,1,4,ENCFF819WYU,SRR14104505,released
145760,homo_sapiens,GSM5214047,GEO,Foxa3,K562,40.0,0.0,0.991,1881.0,0.0295724905203475,0.8252,1,0,1,1,1,4,ENCFF215TEG,SRR14103332,released
145872,homo_sapiens,GSM5214530,GEO,OVOL1,MCF-7,40.0,0.0,0.979,4376.0,0.0717333495919584,0.9184,1,0,1,1,1,4,ENCFF140SYG,SRR14104186,released
145999,homo_sapiens,GSM5214709,GEO,DEAF1,K562,40.0,0.0,0.987,1544.0,0.0318450590110717,0.8846,1,0,1,1,1,4,ENCFF316CVS,SRR14104504,released
146069,homo_sapiens,GSM5214167,GEO,SOX13,Hep-G2,40.0,0.0,0.975,277.0,0.0122037552169648,0.6847222222222222,1,0,1,1,0,3,ENCFF924RZC,SRR14103553,released
146113,homo_sapiens,GSM5214048,GEO,Foxa3,K562,40.0,0.0,0.992,1909.0,0.0274676126619298,0.8066,1,0,1,1,1,4,ENCFF660CKR,SRR14103333,released
146137,homo_sapiens,GSM5214531,GEO,OVOL1,MCF-7,40.0,0.0,0.979,3167.0,0.0521957751345829,0.8882,1,0,1,1,1,4,ENCFF828XLN,SRR14104187,released
146145,homo_sapiens,GSM5214235,GEO,Fosl2,A549,40.0,0.0,0.983,11434.0,0.0964982190605278,0.9588,1,0,1,1,1,4,ENCFF487DRU,SRR14103682,released
146971,homo_sapiens,GSM5331158,GEO,Foxo4,K-562,40.0,0.0,0.97,391.0,0.0174059296918203,0.5480505216913784,1,0,1,1,0,3,ENCFF217HST,SRR14638611,released
146639,homo_sapiens,GSM5331394,GEO,ZBTB5,K-562,40.0,0.0,0.977,708.0,0.0218767619411896,0.7408488659330789,1,0,1,1,1,4,ENCFF490SYO,SRR14638041,revoked
146989,homo_sapiens,GSM5331383,GEO,Arntl,SK-N-SH,40.0,0.0,0.972,361.0,0.0111147992270413,0.7480888241718238,1,0,1,1,1,4,ENCFF093AGQ,SRR14637995,released
146972,homo_sapiens,GSM5331159,GEO,Foxo4,K-562,40.0,0.0,0.973,415.0,0.0191952448399031,0.7463171036204744,1,0,1,1,1,4,ENCFF975QJO,SRR14638612,released
146988,homo_sapiens,GSM5331382,GEO,Arntl,SK-N-SH,40.0,0.0,0.956,333.0,0.0111937521942752,0.4919928825622776,1,0,1,1,0,3,ENCFF649RJR,SRR14637994,released
146638,homo_sapiens,GSM5331393,GEO,ZBTB5,K-562,40.0,0.0,0.976,597.0,0.0186215965744631,0.5702054794520548,1,0,1,1,0,3,ENCFF584LER,SRR14638040,revoked
152792,homo_sapiens,GSM5215273,GEO,Smad3,K562,40.0,0.0,0.989,639.0,0.0231043728150309,0.7848,1,0,1,1,1,4,ENCFF432KAJ,SRR14107083,released
152812,homo_sapiens,GSM5215337,GEO,DDIT3,K562,40.0,0.0,0.991,683.0,0.0216252605498235,0.6446625037169195,1,0,1,1,0,3,ENCFF160QDU,SRR14107166,released
152900,homo_sapiens,GSM5215105,GEO,ZNF57,K562,40.0,0.0,0.978,518.0,0.0186778113183153,0.6399138991389914,1,0,1,1,0,3,ENCFF683QUQ,SRR14106124,released
152915,homo_sapiens,GSM5215264,GEO,ZNF84,K562,40.0,0.0,0.994,458.0,0.0165931364639973,0.6640993788819876,1,0,1,1,0,3,ENCFF241LHX,SRR14107073,released
152957,homo_sapiens,GSM5215263,GEO,ZNF84,K562,40.0,0.0,0.994,490.0,0.0195944304925725,0.6852,1,0,1,1,0,3,ENCFF545BPE,SRR14107072,released
152985,homo_sapiens,GSM5215525,GEO,TEAD1,K562,40.0,0.0,0.989,1042.0,0.0328052278124778,0.8102,1,0,1,1,1,4,ENCFF684LRO,SRR14107499,released
153102,homo_sapiens,GSM5215274,GEO,Smad3,K562,40.0,0.0,0.989,671.0,0.0227726473202452,0.7632,1,0,1,1,1,4,ENCFF089MKD,SRR14107084,released
153119,homo_sapiens,GSM5215526,GEO,TEAD1,K562,40.0,0.0,0.989,1169.0,0.0312036941744633,0.8138,1,0,1,1,1,4,ENCFF773CXD,SRR14107500,released
153225,homo_sapiens,GSM5215603,GEO,TFCP2,K562,39.0,0.0,0.993,1026.0,0.0328786227718433,0.798,1,0,1,1,1,4,ENCFF202QWH,SRR14107624,released
153276,homo_sapiens,GSM5215338,GEO,DDIT3,K562,40.0,0.0,0.989,784.0,0.023842370246508,0.7461866992068334,1,0,1,1,1,4,ENCFF509GKB,SRR14107167,released
153371,homo_sapiens,GSM5215106,GEO,ZNF57,K562,40.0,0.0,0.972,443.0,0.0174027751148046,0.5334370139968896,1,0,1,1,0,3,ENCFF911QXO,SRR14106125,released
153389,homo_sapiens,GSM5215602,GEO,TFCP2,K562,40.0,0.0,0.993,1031.0,0.0288745684660411,0.7876,1,0,1,1,1,4,ENCFF436KKW,SRR14107622,released
147043,homo_sapiens,GSM5330848,GEO,ZNF70,SK-N-SH,40.0,0.0,0.975,1178.0,0.0182699600056428,0.759,1,0,1,1,1,4,ENCFF844NOM,SRR14637523,released
147044,homo_sapiens,GSM5330849,GEO,ZNF70,SK-N-SH,40.0,0.0,0.974,1941.0,0.0290938436418842,0.7652,1,0,1,1,1,4,ENCFF819SMA,SRR14637524,released
101059,homo_sapiens,GSM2825194,GEO,ZNF26,HEK293,37.0,0.0,0.973,445.0,0.0087599999999978,0.452446588559614,1,0,1,0,0,2,ENCFF903BWT,SRR6212634,released
101060,homo_sapiens,GSM2825193,GEO,ZNF26,HEK293,37.0,0.0,0.968,651.0,0.0110889999999972,0.4641020366179798,1,0,1,1,0,3,ENCFF385MZK,SRR6212633,released
101792,homo_sapiens,GSM2825538,GEO,NR2C1,K562,40.0,0.0,0.868,3604.0,0.0811829999999797,0.9046,1,0,1,1,1,4,ENCFF621NBR,SRR6212907,released
100003,homo_sapiens,GSM2825087,GEO,ZNF10,HEK293,36.0,0.0,0.969,1101.0,0.0285744999999928,0.7552,1,0,1,1,1,4,ENCFF233DTH,SRR6212649,released
101793,homo_sapiens,GSM2825539,GEO,NR2C1,K562,40.0,0.0,0.883,3568.0,0.0830039999999792,0.8964,1,0,1,1,1,4,ENCFF960ZID,SRR6212908,released
100002,homo_sapiens,GSM2825086,GEO,ZNF10,HEK293,36.0,0.0,0.986,1195.0,0.0448209999999888,0.792,1,0,1,1,1,4,ENCFF192LSU,SRR6212648,released
100570,homo_sapiens,GSM2828505,GEO,ZNF19,HEK293,37.0,0.0,0.967,95.0,0.0053614999999986,0.6505263157894737,1,0,1,0,0,2,ENCFF164VSR,SRR6213967,released
100795,homo_sapiens,GSM2828556,GEO,ZNF34,HEK293,40.0,0.0,0.877,4658.0,0.0251539999999937,0.1922,1,0,1,1,0,3,ENCFF327HOL,SRR6214019,released
100569,homo_sapiens,GSM2828504,GEO,ZNF19,HEK293,37.0,0.0,0.975,124.0,0.0065687499999983,0.6362777515351913,1,0,1,0,0,2,ENCFF836EUU,SRR6213966,released
101351,homo_sapiens,GSM2828979,GEO,Prdm6,HEK293,35.0,0.0,0.971,5129.0,0.0944557499999763,0.9368,1,0,1,1,1,4,ENCFF889XNL,SRR6214399,released
100794,homo_sapiens,GSM2828555,GEO,ZNF34,HEK293,40.0,0.0,0.865,5641.0,0.0338459999999915,0.2144,1,0,1,1,0,3,ENCFF070RBE,SRR6214018,released
101352,homo_sapiens,GSM2828978,GEO,Prdm6,HEK293,38.0,0.0,0.991,6881.0,0.11979324999997,0.932,1,0,1,1,1,4,ENCFF622VFM,SRR6214398,released
101705,homo_sapiens,GSM2824334,GEO,Sall1,HEK293,37.0,0.0,0.984,148.0,0.0090312499999977,0.5375413591244591,1,0,1,0,0,2,ENCFF453SOG,SRR6212687,revoked
101704,homo_sapiens,GSM2824335,GEO,Sall1,HEK293,37.0,0.0,0.988,168.0,0.0100519999999974,0.4587703063952292,1,0,1,1,0,3,ENCFF696BLE,SRR6212688,revoked
101908,homo_sapiens,GSM2824365,GEO,SALL2,HEK293,40.0,0.0,0.943,165.0,0.0150364999999962,0.619,1,0,1,1,0,3,ENCFF009REX,SRR6212891,released
101907,homo_sapiens,GSM2824364,GEO,SALL2,HEK293,40.0,0.0,0.934,147.0,0.0109557499999972,0.5086,1,0,1,1,0,3,ENCFF998QDV,SRR6212890,released
101495,homo_sapiens,GSM2827437,GEO,BCL6B,HEK293,40.0,0.0,0.964,634.0,0.0191982499999952,0.8244,1,0,1,1,1,4,ENCFF793GUD,SRR6213623,released
101209,homo_sapiens,GSM2827468,GEO,ZNF23,HEK293,37.0,0.0,0.978,277.0,0.0090534999999977,0.5756972111553785,1,0,1,0,0,2,ENCFF767STU,SRR6213686,released
101496,homo_sapiens,GSM2827436,GEO,BCL6B,HEK293,40.0,0.0,0.951,572.0,0.0234809999999941,0.8194,1,0,1,1,1,4,ENCFF683HBT,SRR6213622,released
101253,homo_sapiens,GSM2827267,GEO,ZFHX2,HEK293,36.0,0.0,0.983,8550.0,0.16000824999996,0.8354,1,0,1,1,1,4,ENCFF962YIK,SRR6213262,released
101494,homo_sapiens,GSM2827433,GEO,Klf16,HEK293,36.0,0.0,0.989,347.0,0.0385289999999903,0.9156,1,0,1,1,1,4,ENCFF877OHU,SRR6213617,released
100172,homo_sapiens,GSM2827560,GEO,Cebpg,K562,36.0,0.0,0.97,3875.0,0.0662867499999834,0.8192,1,0,1,1,1,4,ENCFF392MVW,SRR6213856,released
101252,homo_sapiens,GSM2827268,GEO,ZFHX2,HEK293,37.0,0.0,0.971,9042.0,0.1582017499999604,0.8318,1,0,1,1,1,4,ENCFF574OQO,SRR6213263,released
101208,homo_sapiens,GSM2827467,GEO,ZNF23,HEK293,37.0,0.0,0.994,106.0,0.0056177499999985,0.4609826589595375,1,0,1,0,0,2,ENCFF311MID,SRR6213685,released
100173,homo_sapiens,GSM2827559,GEO,Cebpg,K562,36.0,0.0,0.973,2712.0,0.0538409999999865,0.8338,1,0,1,1,1,4,ENCFF496CZA,SRR6213855,released
101493,homo_sapiens,GSM2827434,GEO,Klf16,HEK293,36.0,0.0,0.989,299.0,0.0390467499999902,0.92,1,0,1,1,1,4,ENCFF509PJP,SRR6213618,released
172551,homo_sapiens,GSM4308186,GEO,PRDM4,HEK293,37.0,0.0,0.997,1440.0,0.0449608065789433,0.8628,1,0,1,1,1,4,ENCFF305RJU,SRR11075392,released
172585,homo_sapiens,GSM4308185,GEO,PRDM4,HEK293,37.0,0.0,0.996,2076.0,0.0519649074515459,0.861,1,0,1,1,1,4,ENCFF842HVL,SRR11075391,released
179313,homo_sapiens,GSM2424169,GEO,Zbtb1,HEK293,37.0,0.0,0.996,248.0,0.0166529730216393,0.8182,1,0,1,1,1,4,ENCFF707MCD,SRR5112283,released
179314,homo_sapiens,GSM2424219,GEO,ZNF18,HEK293,38.0,0.0,0.995,1110.0,0.0404042653213738,0.7928,1,0,1,1,1,4,ENCFF317GWC,SRR5112325,released
179349,homo_sapiens,GSM2424220,GEO,ZNF18,HEK293,38.0,0.0,0.995,1330.0,0.0472367539620371,0.7638,1,0,1,1,1,4,ENCFF943EAL,SRR5112326,released
179365,homo_sapiens,GSM2424228,GEO,ZNF24,HEK293,37.0,0.0,0.995,450.0,0.0487363315773747,0.9178,1,0,1,1,1,4,ENCFF652POL,SRR5112344,released
179381,homo_sapiens,GSM2424207,GEO,PATZ1,HEK293,36.0,0.0,0.997,1921.0,0.1069846307090228,0.9434,1,0,1,1,1,4,ENCFF413PLS,SRR5112341,released
179385,homo_sapiens,GSM2424022,GEO,FEZF1,HEK293,37.0,0.0,0.997,3799.0,0.0666588592163905,0.9312,1,0,1,1,1,4,ENCFF485SUN,SRR5112156,released
179397,homo_sapiens,GSM2424229,GEO,ZNF24,HEK293,38.0,0.0,0.997,397.0,0.0407951214359509,0.8948,1,0,1,1,1,4,ENCFF185DEL,SRR5112345,released
179401,homo_sapiens,GSM2424170,GEO,Zbtb1,HEK293,37.0,0.0,0.996,276.0,0.0195291876377597,0.6888,1,0,1,1,0,3,ENCFF022TFF,SRR5112284,released
179409,homo_sapiens,GSM2424206,GEO,PATZ1,HEK293,37.0,0.0,0.997,1490.0,0.0935955309205982,0.9408,1,0,1,1,1,4,ENCFF809WZP,SRR5112340,released
179420,homo_sapiens,GSM2424023,GEO,FEZF1,HEK293,37.0,0.0,0.996,6636.0,0.0942643468810555,0.937,1,0,1,1,1,4,ENCFF548NUZ,SRR5112157,released
179425,homo_sapiens,GSM2423047,GEO,ZNF71,HEK293,40.0,0.0,0.996,303.0,0.055850074462916,0.8702,1,0,1,1,1,4,ENCFF244FZX,SRR5111154,revoked
179431,homo_sapiens,GSM2423940,GEO,OVOL3,HEK293,38.0,0.0,0.996,297.0,0.0226050083806512,0.7728,1,0,1,1,1,4,ENCFF416FTW,SRR5112052,released
179438,homo_sapiens,GSM2423748,GEO,HINFP,K-562,38.0,0.0,0.991,1101.0,0.0265982618794242,0.7718,1,0,1,1,1,4,ENCFF551WWR,SRR5111857,released
179448,homo_sapiens,GSM2423489,GEO,GFI1B,HEK293,37.0,0.0,0.998,440.0,0.0237187876118757,0.8636,1,0,1,1,1,4,ENCFF752NOE,SRR5111609,released
179452,homo_sapiens,GSM2423397,GEO,INSM2,HEK293,37.0,0.0,0.997,635.0,0.0388728222138033,0.8804,1,0,1,1,1,4,ENCFF724ABX,SRR5111509,released
179457,homo_sapiens,GSM2423460,GEO,Cebpb,K562,38.0,0.0,0.994,7797.0,0.1420514213991079,0.8908,1,0,1,1,1,4,ENCFF470OUZ,SRR5111561,released
179465,homo_sapiens,GSM2423886,GEO,Prdm2,HEK293,40.0,0.0,0.996,201.0,0.022527283440654,0.6584,1,0,1,1,0,3,ENCFF331FYR,SRR5112029,released
179469,homo_sapiens,GSM2423799,GEO,MEF2D,K-562,37.0,0.0,0.994,1164.0,0.0473563795876296,0.849,1,0,1,1,1,4,ENCFF703DNA,SRR5111903,released
179478,homo_sapiens,GSM2423181,GEO,TSHZ1,HEK293,37.0,0.0,0.997,357.0,0.0216998390503592,0.8068,1,0,1,1,1,4,ENCFF147LKM,SRR5111410,released
179480,homo_sapiens,GSM2423005,GEO,Prdm1,HEK293,37.0,0.0,0.997,4087.0,0.0991908144094252,0.6068,1,0,1,1,0,3,ENCFF691EHP,SRR5111109,released
179487,homo_sapiens,GSM2423068,GEO,Nr4a1,K-562,36.0,0.0,0.978,639.0,0.0612679429904547,0.8216,1,0,1,1,1,4,ENCFF671VDI,SRR5111171,released
179511,homo_sapiens,GSM2423378,GEO,ZFP37,HEK293,40.0,0.0,0.996,213.0,0.0465820796299219,0.8746,1,0,1,1,1,4,ENCFF755SKN,SRR5111492,released
179542,homo_sapiens,GSM2423632,GEO,GLIS2,HEK293,37.0,0.0,0.997,3121.0,0.0981411925503427,0.9464,1,0,1,1,1,4,ENCFF641THN,SRR5111846,released
179549,homo_sapiens,GSM2423734,GEO,Klf13,K-562,36.0,0.0,0.979,370.0,0.0235069342342878,0.8234,1,0,1,1,1,4,ENCFF358PYP,SRR5111835,released
179556,homo_sapiens,GSM2423749,GEO,HINFP,K-562,38.0,0.0,0.995,1128.0,0.027326196471026,0.762,1,0,1,1,1,4,ENCFF423ZOG,SRR5111858,released
179557,homo_sapiens,GSM2423356,GEO,ZFP41,HEK293,37.0,0.0,0.997,272.0,0.0177592781301111,0.4516229712858926,1,0,1,1,0,3,ENCFF161OGL,SRR5111465,released
179562,homo_sapiens,GSM2423941,GEO,Aebp2,HEK293,37.0,0.0,0.998,254.0,0.0161273065793091,0.5672144964180362,1,0,1,1,0,3,ENCFF588QLY,SRR5112044,released
179566,homo_sapiens,GSM2423729,GEO,SCRT1,HEK293,37.0,0.0,0.997,459.0,0.0341165704304296,0.737,1,0,1,1,1,4,ENCFF029VAX,SRR5111844,released
179567,homo_sapiens,GSM2423733,GEO,Klf13,K-562,36.0,0.0,0.994,680.0,0.0340265491704705,0.8142,1,0,1,1,1,4,ENCFF519FTA,SRR5111834,released
179568,homo_sapiens,GSM2423545,GEO,Glis1,HEK293,37.0,0.0,0.994,15210.0,0.2236639162729386,0.9146,1,0,1,1,1,4,ENCFF548XKA,SRR5111647,released
179574,homo_sapiens,GSM2423459,GEO,Cebpb,K-562,38.0,0.0,0.994,6792.0,0.12345170407287,0.8862,1,0,1,1,1,4,ENCFF156EZY,SRR5111560,released
179583,homo_sapiens,GSM2423004,GEO,Prdm1,HEK293,37.0,0.0,0.997,4256.0,0.1036688339683355,0.6324,1,0,1,1,0,3,ENCFF110KHM,SRR5111108,released
179584,homo_sapiens,GSM2423798,GEO,MEF2D,K-562,38.0,0.0,0.994,1023.0,0.0441970676457404,0.8604,1,0,1,1,1,4,ENCFF987YBA,SRR5111902,released
179589,homo_sapiens,GSM2423887,GEO,Prdm2,HEK293,40.0,0.0,0.996,189.0,0.0292607928621239,0.721,1,0,1,1,1,4,ENCFF655ROQ,SRR5112030,released
179607,homo_sapiens,GSM2423396,GEO,INSM2,HEK293,37.0,0.0,0.997,544.0,0.0440476255910491,0.867,1,0,1,1,1,4,ENCFF112XWZ,SRR5111508,released
179609,homo_sapiens,GSM2423488,GEO,GFI1B,HEK293,37.0,0.0,0.997,416.0,0.0203419120286551,0.8004,1,0,1,1,1,4,ENCFF429EZN,SRR5111608,released
179618,homo_sapiens,GSM2423717,GEO,ZFP64,HEK293,38.0,0.0,0.993,2581.0,0.0203259212853058,0.1992,1,0,1,1,0,3,ENCFF653BTH,SRR5111821,revoked
179647,homo_sapiens,GSM2423777,GEO,Tead2,K562,38.0,0.0,0.995,635.0,0.0234117708521532,0.767,1,0,1,1,1,4,ENCFF677HXI,SRR5112057,released
179652,homo_sapiens,GSM2423069,GEO,Nr4a1,K-562,36.0,0.0,0.981,628.0,0.0627065150727539,0.827,1,0,1,1,1,4,ENCFF760LCQ,SRR5111172,released
179655,homo_sapiens,GSM2423341,GEO,SCRT2,HEK293,40.0,0.0,0.996,4802.0,0.1253217638253209,0.8874,1,0,1,1,1,4,ENCFF858OMD,SRR5111452,released
179666,homo_sapiens,GSM2423633,GEO,GLIS2,HEK293,37.0,0.0,0.997,1596.0,0.0662251771476529,0.9364,1,0,1,1,1,4,ENCFF100DYO,SRR5111847,released
179678,homo_sapiens,GSM2423377,GEO,ZFP37,HEK293,40.0,0.0,0.996,225.0,0.0500666615324325,0.8672,1,0,1,1,1,4,ENCFF512LPA,SRR5111491,released
179696,homo_sapiens,GSM2423993,GEO,Ikzf2,HEK293,37.0,0.0,0.993,18035.0,0.2191903805089556,0.8608,1,0,1,1,1,4,ENCFF307WIE,SRR5112124,revoked
179701,homo_sapiens,GSM2423355,GEO,ZFP41,HEK293,37.0,0.0,0.997,297.0,0.0185825487304334,0.4704314105671352,1,0,1,1,0,3,ENCFF343SQT,SRR5111464,released
179717,homo_sapiens,GSM2423730,GEO,SCRT1,HEK293,37.0,0.0,0.997,890.0,0.0514653523966363,0.7678,1,0,1,1,1,4,ENCFF783NLA,SRR5111845,released
179720,homo_sapiens,GSM2423546,GEO,Glis1,HEK293,38.0,0.0,0.995,8655.0,0.1397936930708773,0.9006,1,0,1,1,1,4,ENCFF307HHE,SRR5111648,released
179723,homo_sapiens,GSM2423942,GEO,Aebp2,HEK293,37.0,0.0,0.997,318.0,0.0169736534856549,0.4596,1,0,1,1,0,3,ENCFF151IBJ,SRR5112045,released
179739,homo_sapiens,GSM2423342,GEO,SCRT2,HEK293,40.0,0.0,0.996,3765.0,0.1235354986648144,0.874,1,0,1,1,1,4,ENCFF539QEY,SRR5111453,released
179741,homo_sapiens,GSM2423043,GEO,ZNF24,K-562,38.0,0.0,0.995,1124.0,0.051065864061586,0.7134,1,0,1,1,1,4,ENCFF977AJQ,SRR5111134,released
179744,homo_sapiens,GSM2423048,GEO,ZNF71,HEK293,40.0,0.0,0.993,322.0,0.0349597512568581,0.5832,1,0,1,1,0,3,ENCFF369REJ,SRR5111155,revoked
179792,homo_sapiens,GSM2423992,GEO,Ikzf2,HEK293,36.0,0.0,0.992,24651.0,0.2882455232527028,0.8826,1,0,1,1,1,4,ENCFF018TBF,SRR5112123,revoked
179794,homo_sapiens,GSM2423778,GEO,Tead2,K-562,38.0,0.0,0.995,745.0,0.0227311313831232,0.7794,1,0,1,1,1,4,ENCFF734FMS,SRR5112058,released
179809,homo_sapiens,GSM2423718,GEO,ZFP64,HEK293,38.0,0.0,0.995,725.0,0.0167914911855181,0.2478403336312183,1,0,1,1,0,3,ENCFF688XKX,SRR5111822,revoked
179811,homo_sapiens,GSM2423182,GEO,TSHZ1,HEK293,37.0,0.0,0.997,530.0,0.0352284258368734,0.8672,1,0,1,1,1,4,ENCFF945NKO,SRR5111411,released
179836,homo_sapiens,GSM2423939,GEO,OVOL3,HEK293,37.0,0.0,0.997,378.0,0.0253134134556646,0.844,1,0,1,1,1,4,ENCFF070SVK,SRR5112051,released
179857,homo_sapiens,GSM2423042,GEO,ZNF24,K-562,37.0,0.0,0.996,1011.0,0.0472518307398932,0.7296,1,0,1,1,1,4,ENCFF718HUU,SRR5111133,released
179953,homo_sapiens,GSM2825134,GEO,Cebpg,MCF-7,38.0,0.0,0.996,1078.0,0.0167233553712974,0.8228,1,0,1,1,1,4,ENCFF203HJN,SRR6212621,released
179963,homo_sapiens,GSM2825564,GEO,FOSL1,K-562,38.0,0.0,0.995,11232.0,0.1481055926664018,0.9792,1,0,1,1,1,4,ENCFF381IRT,SRR6212948,released
179964,homo_sapiens,GSM2825960,GEO,GABPA,K-562,38.0,0.0,0.978,7172.0,0.2087186486306768,0.9714,1,0,1,1,1,4,ENCFF346WZR,SRR6213041,released
179973,homo_sapiens,GSM2825135,GEO,Cebpg,MCF-7,38.0,0.0,0.996,1053.0,0.0163995588908213,0.8126,1,0,1,1,1,4,ENCFF560POR,SRR6212623,released
179974,homo_sapiens,GSM2825427,GEO,GABPA,MCF-7,38.0,0.0,0.996,464.0,0.006746173593733,0.9204665959703076,1,0,1,0,1,3,ENCFF305ZJL,SRR6212663,released
179975,homo_sapiens,GSM2825563,GEO,FOSL1,K-562,38.0,0.0,0.995,7689.0,0.137644420038869,0.978,1,0,1,1,1,4,ENCFF429QSN,SRR6212946,released
179990,homo_sapiens,GSM2825959,GEO,GABPA,K-562,38.0,0.0,0.974,7500.0,0.2207106979368137,0.9716,1,0,1,1,1,4,ENCFF385UYP,SRR6213039,released
179993,homo_sapiens,GSM2825063,GEO,TFDP1,K-562,37.0,0.0,0.996,951.0,0.0622713856707477,0.9618,1,0,1,1,1,4,ENCFF713DPD,SRR6213150,released
180018,homo_sapiens,GSM2825595,GEO,ZNF83,K-562,38.0,0.0,0.995,769.0,0.0222553022520381,0.9292,1,0,1,1,1,4,ENCFF251YFI,SRR6212989,released
180022,homo_sapiens,GSM2825062,GEO,TFDP1,K-562,36.0,0.0,0.995,737.0,0.0309027042743742,0.9502,1,0,1,1,1,4,ENCFF987WCU,SRR6213148,released
180029,homo_sapiens,GSM2825428,GEO,GABPA,MCF-7,38.0,0.0,0.996,990.0,0.0090566777250498,0.9247481108312342,1,0,1,0,1,3,ENCFF089FKI,SRR6212665,released
180040,homo_sapiens,GSM2825594,GEO,ZNF83,K-562,38.0,0.0,0.997,961.0,0.0441858522646739,0.9378,1,0,1,1,1,4,ENCFF471BMT,SRR6212988,released
145811,homo_sapiens,GSM5214294,GEO,Rest,K562,40.0,0.0,0.981,1145.0,0.0337024383731828,0.853,1,0,1,1,1,4,ENCFF254CYD,SRR14103786,released
145824,homo_sapiens,GSM5214383,GEO,Esr1,MCF-7,40.0,0.0,0.97,6835.0,0.0994245526693384,0.895,1,0,1,1,1,4,ENCFF521PGK,SRR14103932,released
146227,homo_sapiens,GSM5214293,GEO,Rest,K562,40.0,0.0,0.981,1104.0,0.0375371810980471,0.8738,1,0,1,1,1,4,ENCFF354NIL,SRR14103785,released
146248,homo_sapiens,GSM5214384,GEO,Esr1,MCF-7,40.0,0.0,0.964,7397.0,0.1104175257641451,0.9074,1,0,1,1,1,4,ENCFF291LJD,SRR14103933,released
146552,homo_sapiens,GSM5331013,GEO,ZNF8,SK-N-SH,40.0,0.0,0.973,1670.0,0.0229505327302084,0.3274,1,0,1,1,0,3,ENCFF230HZW,SRR14638252,released
146551,homo_sapiens,GSM5331012,GEO,ZNF8,SK-N-SH,40.0,0.0,0.977,2517.0,0.0376796199580915,0.3444,1,0,1,1,0,3,ENCFF051VPB,SRR14638251,released
152815,homo_sapiens,GSM5215429,GEO,TFE3,K562,40.0,0.0,0.991,7352.0,0.052108267860146,0.6762,1,0,1,1,0,3,ENCFF427KAL,SRR14107367,released
152885,homo_sapiens,GSM5215802,GEO,JUNB,K562,40.0,0.0,0.99,781.0,0.0207248985523295,0.6251378169790518,1,0,1,1,0,3,ENCFF092RMB,SRR14107951,released
153021,homo_sapiens,GSM5215629,GEO,ZFP1,K562,40.0,0.0,0.988,789.0,0.0205433820238413,0.4313886606409203,1,0,1,1,0,3,ENCFF117LRS,SRR14107663,released
153027,homo_sapiens,GSM5215532,GEO,ELK3,K562,40.0,0.0,0.989,328.0,0.0140126757773781,0.4535483870967742,1,0,1,1,0,3,ENCFF475ODN,SRR14107506,released
153106,homo_sapiens,GSM5215803,GEO,JUNB,K562,40.0,0.0,0.99,728.0,0.020001319064778,0.6829997012249776,1,0,1,1,0,3,ENCFF128WKJ,SRR14107952,released
153248,homo_sapiens,GSM5215531,GEO,ELK3,K562,40.0,0.0,0.987,371.0,0.0138217741612984,0.6048387096774194,1,0,1,1,0,3,ENCFF896QXS,SRR14107505,released
153251,homo_sapiens,GSM5215630,GEO,ZFP1,K562,40.0,0.0,0.99,689.0,0.0193817954961775,0.4765580331618067,1,0,1,1,0,3,ENCFF563MJG,SRR14107665,released
153292,homo_sapiens,GSM5215430,GEO,TFE3,K562,40.0,0.0,0.991,6251.0,0.0512376650944918,0.6926,1,0,1,1,0,3,ENCFF911RBJ,SRR14107369,released
146777,homo_sapiens,GSM5330963,GEO,Atf4,HepG2,40.0,0.0,0.991,536.0,0.0122836523002446,0.4817762882279011,1,0,1,1,0,3,ENCFF153SON,SRR14637802,released
146776,homo_sapiens,GSM5330962,GEO,Atf4,HepG2,40.0,0.0,0.986,503.0,0.0103226383613095,0.6091617933723197,1,0,1,1,0,3,ENCFF169TCI,SRR14637801,released
146831,homo_sapiens,GSM5330870,GEO,TOX2,SK-N-SH,40.0,0.0,0.97,311.0,0.0129474200570835,0.8776,1,0,1,1,1,4,ENCFF169EUL,SRR14637571,released
146832,homo_sapiens,GSM5330871,GEO,TOX2,SK-N-SH,40.0,0.0,0.976,391.0,0.0199145900075456,0.8792,1,0,1,1,1,4,ENCFF662SHE,SRR14637572,released
102578,homo_sapiens,GSM2825090,GEO,ZIK1,HEK293,40.0,0.0,0.964,152.0,0.0093449999999976,0.4621956428876548,1,0,1,0,0,2,ENCFF696VRU,SRR6212591,revoked
102577,homo_sapiens,GSM2825091,GEO,ZIK1,HEK293,40.0,0.0,0.96,158.0,0.0097937499999975,0.4584,1,0,1,0,0,2,ENCFF786REQ,SRR6212592,revoked
101319,homo_sapiens,GSM2828565,GEO,Zic2,HEK293,37.0,0.0,0.977,9714.0,0.1624004999999594,0.9176,1,0,1,1,1,4,ENCFF549IKB,SRR6214033,released
101318,homo_sapiens,GSM2828564,GEO,Zic2,HEK293,37.0,0.0,0.979,7531.0,0.1394089999999651,0.9156,1,0,1,1,1,4,ENCFF539JMO,SRR6214032,released
102243,homo_sapiens,GSM2828856,GEO,GLI2,HEK293,37.0,0.0,0.974,411.0,0.0101474999999974,0.8334111059262715,1,0,1,1,1,4,ENCFF594EJQ,SRR6214191,released
102244,homo_sapiens,GSM2828857,GEO,GLI2,HEK293,36.0,0.0,0.987,61.0,0.0025567499999993,0.7446808510638298,1,0,1,0,1,3,ENCFF677MGT,SRR6214192,released
100198,homo_sapiens,GSM2827338,GEO,RBAK,HEK293,37.0,0.0,0.975,159.0,0.0112907499999971,0.6518,1,0,1,1,0,3,ENCFF108NAI,SRR6213532,released
100197,homo_sapiens,GSM2827337,GEO,RBAK,HEK293,37.0,0.0,0.976,155.0,0.0084257499999978,0.6046790641871626,1,0,1,0,0,2,ENCFF470VSN,SRR6213531,released
145517,homo_sapiens,GSM5214856,GEO,MLX,K562,40.0,0.0,0.993,382.0,0.0183364679111765,0.5626003210272873,1,0,1,1,0,3,ENCFF844VSS,SRR14105362,released
145733,homo_sapiens,GSM5214857,GEO,MLX,K562,40.0,0.0,0.993,335.0,0.0167271550047656,0.5548847420417125,1,0,1,1,0,3,ENCFF634RIS,SRR14105363,released
145852,homo_sapiens,GSM5214343,GEO,ERF,K562,39.0,0.0,0.993,425.0,0.0319123216213899,0.814,1,0,1,1,1,4,ENCFF719GWW,SRR14103855,released
146146,homo_sapiens,GSM5214342,GEO,ERF,K562,40.0,0.0,0.992,425.0,0.0299361463846992,0.8098,1,0,1,1,1,4,ENCFF706KWW,SRR14103853,released
152871,homo_sapiens,GSM5215041,GEO,Maz,GM12878,39.0,0.0,0.981,2827.0,0.0737646948532673,0.9426,1,0,1,1,1,4,ENCFF989PAV,SRR14106035,released
153435,homo_sapiens,GSM5215042,GEO,Maz,GM12878,39.0,0.0,0.984,1514.0,0.0523977109327528,0.919,1,0,1,1,1,4,ENCFF858PHT,SRR14106036,released
146991,homo_sapiens,GSM5330748,GEO,Maz,K-562,40.0,0.0,0.988,939.0,0.0664397232657672,0.8854,1,0,1,1,1,4,ENCFF027IXU,SRR14637171,released
146990,homo_sapiens,GSM5330747,GEO,Maz,K-562,40.0,0.0,0.987,1299.0,0.0767441069645068,0.8982,1,0,1,1,1,4,ENCFF967IXD,SRR14637170,released
100628,homo_sapiens,GSM2827506,GEO,YY2,HEK293,37.0,0.0,0.988,611.0,0.0307142499999923,0.83,1,0,1,1,1,4,ENCFF237ACY,SRR6213703,released
100627,homo_sapiens,GSM2827507,GEO,YY2,HEK293,37.0,0.0,0.989,662.0,0.0301714999999924,0.8448,1,0,1,1,1,4,ENCFF268FKS,SRR6213704,released
145349,homo_sapiens,GSM5214069,GEO,ZSCAN29,Hep-G2,36.0,0.0,0.984,446.0,0.0409302018775439,0.9238,1,0,1,1,1,4,ENCFF859IWH,SRR14103363,released
145378,homo_sapiens,GSM5214363,GEO,ZSCAN30,Hep-G2,36.0,0.0,0.987,406.0,0.0323189477516895,0.9064,1,0,1,1,1,4,ENCFF164PAY,SRR14103887,released
145386,homo_sapiens,GSM5214078,GEO,ZNF280D,Hep-G2,36.0,0.0,0.992,326.0,0.0458469044794411,0.888,1,0,1,1,1,4,ENCFF366HQT,SRR14103374,released
145446,homo_sapiens,GSM5214972,GEO,ZKSCAN5,Hep-G2,36.0,0.0,0.988,1057.0,0.0349817844333345,0.8618,1,0,1,1,1,4,ENCFF083KJW,SRR14105557,released
145449,homo_sapiens,GSM5214272,GEO,ZSCAN22,Hep-G2,36.0,0.0,0.98,665.0,0.0265217289134302,0.88,1,0,1,1,1,4,ENCFF605ILQ,SRR14103749,released
145473,homo_sapiens,GSM5214700,GEO,TSC22D2,Hep-G2,35.0,0.0,0.994,447.0,0.0213053874701049,0.931,1,0,1,1,1,4,ENCFF564GDH,SRR14104493,released
145613,homo_sapiens,GSM5214362,GEO,ZSCAN30,Hep-G2,36.0,0.0,0.988,318.0,0.03810683543594,0.8958,1,0,1,1,1,4,ENCFF607VPU,SRR14103886,released
145625,homo_sapiens,GSM5214699,GEO,TSC22D2,Hep-G2,35.0,0.0,0.995,511.0,0.0646770221187859,0.9502,1,0,1,1,1,4,ENCFF891OVQ,SRR14104492,released
145679,homo_sapiens,GSM5214973,GEO,ZKSCAN5,Hep-G2,36.0,0.0,0.988,663.0,0.0241369964937765,0.8366,1,0,1,1,1,4,ENCFF522TCA,SRR14105558,released
145812,homo_sapiens,GSM5214465,GEO,ZNF512B,Hep-G2,36.0,0.0,0.99,208.0,0.0207829008237931,0.8736,1,0,1,1,1,4,ENCFF638MRO,SRR14104071,released
145875,homo_sapiens,GSM5214631,GEO,ZSCAN31,Hep-G2,36.0,0.0,0.98,411.0,0.053810372092719,0.94,1,0,1,1,1,4,ENCFF029QVW,SRR14104364,released
145907,homo_sapiens,GSM5214239,GEO,ZNF354B,K562,40.0,0.0,0.992,661.0,0.0169946773454865,0.5161775771256584,1,0,1,1,0,3,ENCFF606DVM,SRR14103688,released
146056,homo_sapiens,GSM5214070,GEO,ZSCAN29,Hep-G2,36.0,0.0,0.982,504.0,0.0429495518755323,0.9208,1,0,1,1,1,4,ENCFF225WHZ,SRR14103364,released
146079,homo_sapiens,GSM5214464,GEO,ZNF512B,Hep-G2,36.0,0.0,0.99,359.0,0.0631887769590336,0.9102,1,0,1,1,1,4,ENCFF989DDY,SRR14104070,released
146136,homo_sapiens,GSM5214630,GEO,ZSCAN31,Hep-G2,36.0,0.0,0.982,1548.0,0.0828298083460543,0.9424,1,0,1,1,1,4,ENCFF327UUK,SRR14104363,released
146195,homo_sapiens,GSM5214238,GEO,ZNF354B,K562,40.0,0.0,0.991,613.0,0.0162387908301847,0.4078173642338291,1,0,1,1,0,3,ENCFF861QLL,SRR14103687,released
146257,homo_sapiens,GSM5214076,GEO,ZNF280D,Hep-G2,36.0,0.0,0.992,524.0,0.0655719837432272,0.8966,1,0,1,1,1,4,ENCFF440UBR,SRR14103373,released
146277,homo_sapiens,GSM5214271,GEO,ZSCAN22,Hep-G2,37.0,0.0,0.978,665.0,0.0197398982815015,0.849,1,0,1,1,1,4,ENCFF939WUL,SRR14103748,released
149656,homo_sapiens,GSM5369887,GEO,ZNF780A,K562,40.0,0.0,0.989,376.0,0.0162495747363324,0.5199249882794187,1,0,1,1,0,3,ENCFF294MFL,SRR14848447,released
149661,homo_sapiens,GSM5369886,GEO,ZNF780A,K562,40.0,0.0,0.989,320.0,0.018078337713752,0.6332323996971991,1,0,1,1,0,3,ENCFF270LBK,SRR14848446,released
149683,homo_sapiens,GSM5213809,GEO,LRRFIP1,Hep-G2,35.0,0.0,0.995,321.0,0.0171498637206992,0.9224,1,0,1,1,1,4,ENCFF499QMQ,SRR14102882,released
149731,homo_sapiens,GSM5213808,GEO,LRRFIP1,Hep-G2,35.0,0.0,0.995,216.0,0.0100460456264133,0.906199807259878,1,0,1,1,1,4,ENCFF135MTN,SRR14102881,released
150888,homo_sapiens,GSM5374832,GEO,ZNF518B,K562,40.0,0.0,0.987,421.0,0.0160207575879834,0.4748347737671581,1,0,1,1,0,3,ENCFF086GYL,SRR14842690,released
150892,homo_sapiens,GSM5374519,GEO,RHOXF2B,K562,40.0,0.0,0.993,432.0,0.0172919247574247,0.6169122357463165,1,0,1,1,0,3,ENCFF170FVD,SRR14855592,released
150902,homo_sapiens,GSM5374520,GEO,RHOXF2B,K562,40.0,0.0,0.993,395.0,0.0164133000121439,0.6005212211466865,1,0,1,1,0,3,ENCFF274RJH,SRR14855593,released
150926,homo_sapiens,GSM5374831,GEO,ZNF518B,K562,40.0,0.0,0.982,293.0,0.0155957736969917,0.3139442231075697,1,0,1,1,0,3,ENCFF624LZM,SRR14842689,released
152783,homo_sapiens,GSM5215087,GEO,ZSCAN20,Hep-G2,34.0,0.0,0.985,456.0,0.0415198399336255,0.9402,1,0,1,1,1,4,ENCFF380NAL,SRR14106096,released
152822,homo_sapiens,GSM5215449,GEO,Onecut1,Hep-G2,35.0,0.0,0.987,15217.0,0.1570076305056938,0.8194,1,0,1,1,1,4,ENCFF218KXL,SRR14107394,released
152827,homo_sapiens,GSM5215723,GEO,GPBP1L1,Hep-G2,36.0,0.0,0.988,154.0,0.0073119008567322,0.7447495961227787,1,0,1,0,1,3,ENCFF136QSJ,SRR14107824,released
152877,homo_sapiens,GSM5215286,GEO,ZFP36L2,Hep-G2,35.0,0.0,0.994,289.0,0.0126690144015495,0.9258,1,0,1,1,1,4,ENCFF008RIP,SRR14107109,released
152918,homo_sapiens,GSM5215716,GEO,ONECUT2,Hep-G2,35.0,0.0,0.993,2022.0,0.0319378586551382,0.848,1,0,1,1,1,4,ENCFF314NXQ,SRR14107815,released
153001,homo_sapiens,GSM5215336,GEO,ZKSCAN3,K562,40.0,0.0,0.992,380.0,0.0177886517163017,0.4455825864276568,1,0,1,1,0,3,ENCFF628ROD,SRR14107165,released
153037,homo_sapiens,GSM5215724,GEO,GPBP1L1,Hep-G2,36.0,0.0,0.987,149.0,0.006489090769488,0.6945373467112598,1,0,1,0,0,2,ENCFF483MFB,SRR14107825,released
153058,homo_sapiens,GSM5215717,GEO,ONECUT2,Hep-G2,35.0,0.0,0.993,2683.0,0.0428138494904697,0.8496,1,0,1,1,1,4,ENCFF015KYG,SRR14107816,released
153145,homo_sapiens,GSM5215335,GEO,ZKSCAN3,K562,40.0,0.0,0.991,344.0,0.0183378905508761,0.3552036199095023,1,0,1,1,0,3,ENCFF004RTV,SRR14107164,released
153196,homo_sapiens,GSM5215088,GEO,ZSCAN20,Hep-G2,34.0,0.0,0.98,384.0,0.0266930212528798,0.9338,1,0,1,1,1,4,ENCFF851HLE,SRR14106097,released
153217,homo_sapiens,GSM5215277,GEO,ZNF280B,Hep-G2,36.0,0.0,0.986,2080.0,0.1830063462628245,0.9146,1,0,1,1,1,4,ENCFF617UHD,SRR14107087,released
153303,homo_sapiens,GSM5215450,GEO,Onecut1,Hep-G2,35.0,0.0,0.989,13266.0,0.1301477601406904,0.8226,1,0,1,1,1,4,ENCFF843QCN,SRR14107395,released
153385,homo_sapiens,GSM5215276,GEO,ZNF280B,Hep-G2,36.0,0.0,0.983,3132.0,0.1805420114071962,0.9566,1,0,1,1,1,4,ENCFF169NRP,SRR14107086,released
153388,homo_sapiens,GSM5215285,GEO,ZFP36L2,Hep-G2,35.0,0.0,0.996,262.0,0.0179598773325408,0.9264,1,0,1,1,1,4,ENCFF037YGA,SRR14107108,released
153795,homo_sapiens,GSM5378695,GEO,ZNF280B,K-562,40.0,0.0,0.991,367.0,0.0160843352571796,0.4300213675213675,1,0,1,1,0,3,ENCFF948VGD,SRR14844831,released
153802,homo_sapiens,GSM5378694,GEO,ZNF280B,K-562,40.0,0.0,0.99,344.0,0.015917526453584,0.4528301886792453,1,0,1,1,0,3,ENCFF533YAK,SRR14844830,released
153816,homo_sapiens,GSM5378786,GEO,ZSCAN18,SK-N-SH,40.0,0.0,0.983,269.0,0.0100918622724031,0.5055379746835443,1,0,1,1,0,3,ENCFF430VQF,SRR14839674,released
102646,homo_sapiens,GSM2534640,GEO,GATAD2A,Hep-G2,35.0,0.0,0.992,9401.0,0.1742944999999564,0.9676,1,0,1,1,1,4,ENCFF113FFZ,SRR5339564,released
163492,homo_sapiens,GSM6372626,GEO,ZSCAN20,A549,36.0,0.0,0.967,397.0,0.0127229669139829,0.7565668906536347,1,0,1,1,1,4,ENCFF432AKK,SRR20466083,released
163631,homo_sapiens,GSM6372249,GEO,ZNF354C,K-562,36.0,0.0,0.981,756.0,0.0197035582667285,0.2626465661641541,1,0,1,1,0,3,ENCFF545ACS,SRR20464408,released
163493,homo_sapiens,GSM6372627,GEO,ZSCAN20,A549,36.0,0.0,0.966,408.0,0.0137732171657914,0.7310582341891045,1,0,1,1,1,4,ENCFF747UKC,SRR20466084,released
172024,homo_sapiens,GSM5669607,GEO,ZSCAN12,Hep-G2,34.0,0.0,0.977,420.0,0.0257955690093096,0.9358,1,0,1,1,1,4,ENCFF976XBY,SRR16813547,released
172294,homo_sapiens,GSM5669608,GEO,ZSCAN12,Hep-G2,34.0,0.0,0.989,328.0,0.0269022765751958,0.934,1,0,1,1,1,4,ENCFF824HFG,SRR16813548,released
145281,homo_sapiens,GSM5214425,GEO,ZNF484,Hep-G2,36.0,0.0,0.988,170.0,0.0117141323750422,0.869592608147837,1,0,1,1,1,4,ENCFF922WAR,SRR14104009,released
145286,homo_sapiens,GSM5214927,GEO,ZNF224,Hep-G2,36.0,0.0,0.983,312.0,0.039192984289545,0.9216,1,0,1,1,1,4,ENCFF277QJA,SRR14105476,released
145290,homo_sapiens,GSM5214227,GEO,ZNF432,Hep-G2,36.0,0.0,0.988,398.0,0.0426304149375932,0.9036,1,0,1,1,1,4,ENCFF932GMA,SRR14103668,released
145293,homo_sapiens,GSM5214755,GEO,ZNF333,Hep-G2,36.0,0.0,0.984,549.0,0.0753272029046418,0.9154,1,0,1,1,1,4,ENCFF094NVB,SRR14105191,released
145296,homo_sapiens,GSM5214454,GEO,ZNF784,Hep-G2,36.0,0.0,0.989,314.0,0.0380038927654882,0.9054,1,0,1,1,1,4,ENCFF863HIA,SRR14104057,released
145300,homo_sapiens,GSM5214548,GEO,ZNF318,Hep-G2,36.0,0.0,0.981,223.0,0.0434913342013062,0.8756,1,0,1,1,1,4,ENCFF175XQN,SRR14104210,released
145303,homo_sapiens,GSM5214956,GEO,STAT5B,Hep-G2,35.0,0.0,0.995,268.0,0.0157408976841611,0.9226,1,0,1,1,1,4,ENCFF756JOP,SRR14105525,released
145311,homo_sapiens,GSM5214936,GEO,Srebf2,K562,36.0,0.0,0.986,186.0,0.0099531033848769,0.8395470864402099,1,0,1,0,1,3,ENCFF811IHO,SRR14105486,released
145319,homo_sapiens,GSM5214532,GEO,Prdm10,Hep-G2,34.0,0.0,0.978,2319.0,0.139691826398888,0.943,1,0,1,1,1,4,ENCFF799OVA,SRR14104188,released
145320,homo_sapiens,GSM5214445,GEO,ZNF143,Hep-G2,35.0,0.0,0.976,3578.0,0.1318447407033859,0.9408,1,0,1,1,1,4,ENCFF690SXC,SRR14104046,released
145330,homo_sapiens,GSM5214706,GEO,ZNF296,Hep-G2,36.0,0.0,0.988,438.0,0.0729068112731063,0.9158,1,0,1,1,1,4,ENCFF290FAY,SRR14104501,released
145339,homo_sapiens,GSM5214372,GEO,ZNF253,K562,40.0,0.0,0.991,408.0,0.0162870699169785,0.3755787037037037,1,0,1,1,0,3,ENCFF885VAS,SRR14103920,released
145346,homo_sapiens,GSM5214682,GEO,ZNF775,Hep-G2,36.0,0.0,0.971,262.0,0.0171745425315669,0.9236,1,0,1,1,1,4,ENCFF636PIY,SRR14104456,released
145356,homo_sapiens,GSM5214777,GEO,ZNF766,Hep-G2,34.0,0.0,0.992,847.0,0.0718245444095904,0.942,1,0,1,1,1,4,ENCFF758AGR,SRR14105230,released
145363,homo_sapiens,GSM5214175,GEO,ZNF577,Hep-G2,36.0,0.0,0.98,255.0,0.012621528485606,0.8924923391215526,1,0,1,1,1,4,ENCFF262VIF,SRR14103561,released
145366,homo_sapiens,GSM5214303,GEO,ZNF217,Hep-G2,37.0,0.0,0.976,1241.0,0.0644692473403129,0.9426,1,0,1,1,1,4,ENCFF932RPX,SRR14103798,released
145375,homo_sapiens,GSM5214561,GEO,ZNF232,Hep-G2,34.0,0.0,0.993,435.0,0.0234933061535805,0.9256,1,0,1,1,1,4,ENCFF979NLT,SRR14104241,released
145377,homo_sapiens,GSM5214592,GEO,SP140L,Hep-G2,34.0,0.0,0.99,446.0,0.0360168379373436,0.9462,1,0,1,1,1,4,ENCFF209GIK,SRR14104297,released
145383,homo_sapiens,GSM5214914,GEO,ZNF445,K562,40.0,0.0,0.964,347.0,0.0138834088700758,0.5873180873180873,1,0,1,1,0,3,ENCFF649HJJ,SRR14105456,released
145396,homo_sapiens,GSM5214588,GEO,ZNF350,Hep-G2,36.0,0.0,0.986,616.0,0.0700277512251216,0.9348,1,0,1,1,1,4,ENCFF369QFX,SRR14104293,released
145401,homo_sapiens,GSM5214812,GEO,ZNF142,Hep-G2,35.0,0.0,0.992,1032.0,0.0688749190680876,0.946,1,0,1,1,1,4,ENCFF343HVO,SRR14105287,released
145402,homo_sapiens,GSM5214265,GEO,ZNF367,Hep-G2,34.0,0.0,0.994,584.0,0.0339425841814169,0.9378,1,0,1,1,1,4,ENCFF303PPA,SRR14103742,released
145410,homo_sapiens,GSM5214314,GEO,ZNF570,Hep-G2,36.0,0.0,0.976,208.0,0.0110648676271567,0.8481848184818482,1,0,1,1,1,4,ENCFF780FLY,SRR14103810,released
145420,homo_sapiens,GSM5214760,GEO,ZNF557,Hep-G2,35.0,0.0,0.993,506.0,0.030227515251417,0.929,1,0,1,1,1,4,ENCFF683CCP,SRR14105205,released
145422,homo_sapiens,GSM5214617,GEO,ZNF33A,Hep-G2,36.0,0.0,0.986,311.0,0.0241492834801823,0.8954,1,0,1,1,1,4,ENCFF899VHI,SRR14104342,released
145429,homo_sapiens,GSM5214865,GEO,ZNF101,Hep-G2,37.0,0.0,0.979,300.0,0.0187948833595132,0.8944,1,0,1,1,1,4,ENCFF849PDK,SRR14105380,released
145431,homo_sapiens,GSM5214279,GEO,ZNF33B,Hep-G2,36.0,0.0,0.986,324.0,0.034941347515276,0.9072,1,0,1,1,1,4,ENCFF676FOK,SRR14103756,released
145432,homo_sapiens,GSM5214488,GEO,ZBTB49,Hep-G2,35.0,0.0,0.995,199.0,0.0440011065936765,0.9036,1,0,1,1,1,4,ENCFF783TWG,SRR14104105,released
145435,homo_sapiens,GSM5214896,GEO,ZNF778,Hep-G2,36.0,0.0,0.986,328.0,0.0234709210314469,0.8892,1,0,1,1,1,4,ENCFF722UGR,SRR14105432,released
145438,homo_sapiens,GSM5214567,GEO,ZNF446,Hep-G2,36.0,0.0,0.984,349.0,0.0449274710221436,0.906,1,0,1,1,1,4,ENCFF535AAG,SRR14104247,released
145441,homo_sapiens,GSM5214789,GEO,ZNF274,Hep-G2,36.0,0.0,0.987,503.0,0.0538881064037381,0.9206,1,0,1,1,1,4,ENCFF877MAD,SRR14105250,released
145443,homo_sapiens,GSM5214173,GEO,ZNF337,Hep-G2,36.0,0.0,0.979,179.0,0.0136059916073054,0.7687861271676301,1,0,1,1,1,4,ENCFF108SCK,SRR14103559,released
145452,homo_sapiens,GSM5214470,GEO,ZNF230,Hep-G2,37.0,0.0,0.976,799.0,0.0713605323463333,0.9286,1,0,1,1,1,4,ENCFF462OIA,SRR14104076,released
145453,homo_sapiens,GSM5214281,GEO,ZNF383,Hep-G2,36.0,0.0,0.985,183.0,0.0228195806837347,0.8954,1,0,1,1,1,4,ENCFF471MCX,SRR14103758,released
145478,homo_sapiens,GSM5214798,GEO,ZNF770,Hep-G2,36.0,0.0,0.977,3479.0,0.1061938340176825,0.7342,1,0,1,1,1,4,ENCFF623BNO,SRR14105263,released
145479,homo_sapiens,GSM5214169,GEO,ZNF483,Hep-G2,36.0,0.0,0.982,389.0,0.0395863172234412,0.9124,1,0,1,1,1,4,ENCFF285OOK,SRR14103555,released
145480,homo_sapiens,GSM5214968,GEO,ZBTB14,Hep-G2,35.0,0.0,0.992,2310.0,0.0694057678645658,0.946,1,0,1,1,1,4,ENCFF205UDR,SRR14105553,released
145482,homo_sapiens,GSM5214241,GEO,ZNF583,K562,40.0,0.0,0.993,562.0,0.0287333020010638,0.7722,1,0,1,1,1,4,ENCFF557OYZ,SRR14103694,released
145487,homo_sapiens,GSM5214836,GEO,ZNF691,Hep-G2,36.0,0.0,0.983,668.0,0.0484814462892457,0.906,1,0,1,1,1,4,ENCFF316BQB,SRR14105320,released
145489,homo_sapiens,GSM5214635,GEO,SNAPC4,Hep-G2,36.0,0.0,0.98,483.0,0.0442931464769999,0.9146,1,0,1,1,1,4,ENCFF102LBY,SRR14104370,released
145493,homo_sapiens,GSM5214131,GEO,ZNF740,Hep-G2,35.0,0.0,0.994,1223.0,0.0446184738654542,0.9286,1,0,1,1,1,4,ENCFF687ISI,SRR14103480,released
145496,homo_sapiens,GSM5214046,GEO,ZBTB17,GM12878,40.0,0.0,0.977,239.0,0.0111844314956045,0.4098173515981735,1,0,1,1,0,3,ENCFF622QAG,SRR14103331,released
145499,homo_sapiens,GSM5214347,GEO,ZBTB44,Hep-G2,35.0,0.0,0.996,521.0,0.0240963101891714,0.9234,1,0,1,1,1,4,ENCFF793RLC,SRR14103864,released
145505,homo_sapiens,GSM5214738,GEO,Zbtb7b,Hep-G2,35.0,0.0,0.993,909.0,0.0652026983148357,0.9526,1,0,1,1,1,4,ENCFF161RCI,SRR14105148,released
145506,homo_sapiens,GSM5214250,GEO,ZNF639,K562,34.0,0.0,0.994,154.0,0.0131334874418527,0.81,1,0,1,1,1,4,ENCFF625ILT,SRR14103713,released
145508,homo_sapiens,GSM5214026,GEO,ZNF624,A549,40.0,0.0,0.985,1022.0,0.020814500683784,0.6462,1,0,1,1,0,3,ENCFF859GIK,SRR14103308,released
145519,homo_sapiens,GSM5214057,GEO,ZNF362,Hep-G2,36.0,0.0,0.984,6302.0,0.1273441935144067,0.904,1,0,1,1,1,4,ENCFF202VHW,SRR14103346,released
145521,homo_sapiens,GSM5214448,GEO,YEATS4,Hep-G2,35.0,0.0,0.994,2653.0,0.1166466271238272,0.9662,1,0,1,1,1,4,ENCFF693SFZ,SRR14104049,released
145529,homo_sapiens,GSM5214533,GEO,Prdm10,Hep-G2,34.0,0.0,0.982,1868.0,0.1049012684680008,0.9352,1,0,1,1,1,4,ENCFF223SMM,SRR14104189,released
145534,homo_sapiens,GSM5214147,GEO,ZNF548,Hep-G2,36.0,0.0,0.981,251.0,0.0235124330482903,0.8996,1,0,1,1,1,4,ENCFF420TOV,SRR14103516,released
145548,homo_sapiens,GSM5214041,GEO,ZBTB33,Hep-G2,34.0,0.0,0.991,8294.0,0.1478531232751424,0.8464,1,0,1,1,1,4,ENCFF745CTV,SRR14103325,released
145555,homo_sapiens,GSM5214754,GEO,ZNF333,Hep-G2,36.0,0.0,0.985,318.0,0.036366716887219,0.9138,1,0,1,1,1,4,ENCFF875LNQ,SRR14105190,released
145559,homo_sapiens,GSM5214957,GEO,STAT5B,Hep-G2,35.0,0.0,0.996,229.0,0.0166761765585746,0.9204,1,0,1,1,1,4,ENCFF187PPS,SRR14105526,released
145561,homo_sapiens,GSM5214549,GEO,ZNF318,Hep-G2,37.0,0.0,0.98,479.0,0.0624840495426983,0.9116,1,0,1,1,1,4,ENCFF678QJW,SRR14104211,released
145570,homo_sapiens,GSM5214226,GEO,ZNF432,Hep-G2,36.0,0.0,0.986,252.0,0.0221330734884395,0.8842,1,0,1,1,1,4,ENCFF908WAD,SRR14103667,released
145573,homo_sapiens,GSM5214050,GEO,ZNF697,Hep-G2,34.0,0.0,0.992,1395.0,0.0687541127083735,0.9396,1,0,1,1,1,4,ENCFF737OHV,SRR14103335,released
145577,homo_sapiens,GSM5214378,GEO,ZNF777,Hep-G2,35.0,0.0,0.992,2638.0,0.0878049378134921,0.9538,1,0,1,1,1,4,ENCFF172EJI,SRR14103927,released
145578,homo_sapiens,GSM5214589,GEO,ZNF180,Hep-G2,35.0,0.0,0.993,145.0,0.0114707088282878,0.9008345606283752,1,0,1,1,1,4,ENCFF818RYJ,SRR14104294,released
145589,homo_sapiens,GSM5214264,GEO,ZNF367,Hep-G2,34.0,0.0,0.992,147.0,0.011324013723196,0.9131878557874764,1,0,1,1,1,4,ENCFF553VWF,SRR14103741,released
145591,homo_sapiens,GSM5214313,GEO,ZNF570,Hep-G2,36.0,0.0,0.975,262.0,0.0145026603097757,0.9126,1,0,1,1,1,4,ENCFF283DMN,SRR14103809,released
145594,homo_sapiens,GSM5214165,GEO,ZNF408,K562,40.0,0.0,0.986,354.0,0.0138994193201443,0.242473555736371,1,0,1,1,0,3,ENCFF723PIC,SRR14103551,released
145595,homo_sapiens,GSM5214813,GEO,ZNF142,Hep-G2,35.0,0.0,0.991,718.0,0.0499528230695065,0.936,1,0,1,1,1,4,ENCFF280RFU,SRR14105288,released
145609,homo_sapiens,GSM5214915,GEO,ZNF445,K562,40.0,0.0,0.982,458.0,0.0174217255901954,0.6608837083220385,1,0,1,1,0,3,ENCFF091GDP,SRR14105457,released
145620,homo_sapiens,GSM5214776,GEO,ZNF766,Hep-G2,35.0,0.0,0.994,290.0,0.0206464210086776,0.9356,1,0,1,1,1,4,ENCFF082MCI,SRR14105229,released
145622,homo_sapiens,GSM5214477,GEO,ZNF608,Hep-G2,36.0,0.0,0.99,646.0,0.0679332179046352,0.9398,1,0,1,1,1,4,ENCFF692KFX,SRR14104086,released
145629,homo_sapiens,GSM5214302,GEO,ZNF217,Hep-G2,36.0,0.0,0.976,5035.0,0.1386990149384936,0.955,1,0,1,1,1,4,ENCFF166QTU,SRR14103797,released
145634,homo_sapiens,GSM5214174,GEO,ZNF337,Hep-G2,36.0,0.0,0.985,619.0,0.0409735037742203,0.8802,1,0,1,1,1,4,ENCFF295IQT,SRR14103560,released
145648,homo_sapiens,GSM5214683,GEO,ZNF775,Hep-G2,37.0,0.0,0.978,314.0,0.0143685460047445,0.8976,1,0,1,1,1,4,ENCFF249PUU,SRR14104457,released
145650,homo_sapiens,GSM5214373,GEO,ZNF253,K562,40.0,0.0,0.992,404.0,0.0171553466739912,0.3576923076923077,1,0,1,1,0,3,ENCFF420VZW,SRR14103921,released
145661,homo_sapiens,GSM5214799,GEO,ZNF770,Hep-G2,36.0,0.0,0.98,6724.0,0.167334681365949,0.73,1,0,1,1,1,4,ENCFF453LDL,SRR14105264,released
145663,homo_sapiens,GSM5214969,GEO,ZBTB14,Hep-G2,35.0,0.0,0.993,2094.0,0.0536361460484425,0.9388,1,0,1,1,1,4,ENCFF927DAU,SRR14105554,released
145672,homo_sapiens,GSM5214269,GEO,ZNF460,Hep-G2,36.0,0.0,0.984,3222.0,0.1121591564481966,0.6742,1,0,1,1,0,3,ENCFF284SZE,SRR14103746,released
145689,homo_sapiens,GSM5214471,GEO,ZNF230,Hep-G2,36.0,0.0,0.985,263.0,0.0363998166845465,0.918,1,0,1,1,1,4,ENCFF567DMV,SRR14104077,released
145690,homo_sapiens,GSM5214280,GEO,ZNF383,Hep-G2,36.0,0.0,0.984,179.0,0.0127080471456333,0.8899044453676777,1,0,1,1,1,4,ENCFF261EQN,SRR14103757,released
145700,homo_sapiens,GSM5214788,GEO,ZNF397,K562,40.0,0.0,0.977,431.0,0.0146306622736867,0.5053221288515406,1,0,1,1,0,3,ENCFF646KIB,SRR14105249,released
145702,homo_sapiens,GSM5214411,GEO,ZNF234,Hep-G2,36.0,0.0,0.99,323.0,0.0320555066088026,0.9142,1,0,1,1,1,4,ENCFF641PAA,SRR14103990,released
145703,homo_sapiens,GSM5214566,GEO,ZNF446,Hep-G2,36.0,0.0,0.984,778.0,0.0501016787750808,0.9226,1,0,1,1,1,4,ENCFF999YUH,SRR14104246,released
145708,homo_sapiens,GSM5214897,GEO,ZNF778,Hep-G2,36.0,0.0,0.988,319.0,0.017196323189452,0.8836,1,0,1,1,1,4,ENCFF123RTA,SRR14105433,released
145709,homo_sapiens,GSM5214278,GEO,ZNF33B,Hep-G2,36.0,0.0,0.976,287.0,0.0338015276639674,0.907,1,0,1,1,1,4,ENCFF818KEX,SRR14103755,released
145710,homo_sapiens,GSM5214489,GEO,ZBTB49,Hep-G2,35.0,0.0,0.994,267.0,0.0120758960604362,0.9020429544264011,1,0,1,1,1,4,ENCFF250CTL,SRR14104106,released
145724,homo_sapiens,GSM5214909,GEO,TCF7L2,Hep-G2,36.0,0.0,0.989,7114.0,0.1269806046225757,0.952,1,0,1,1,1,4,ENCFF903KXG,SRR14105451,released
145735,homo_sapiens,GSM5214056,GEO,ZNF362,Hep-G2,36.0,0.0,0.986,1867.0,0.0355085782169099,0.8588,1,0,1,1,1,4,ENCFF857YRR,SRR14103345,released
145741,homo_sapiens,GSM5214438,GEO,ZNF696,K562,40.0,0.0,0.971,355.0,0.0130257315969993,0.3990909090909091,1,0,1,1,0,3,ENCFF642LOK,SRR14104030,released
145742,homo_sapiens,GSM5214027,GEO,ZNF624,A549,40.0,0.0,0.987,1095.0,0.0237090611312719,0.6384,1,0,1,1,0,3,ENCFF675KSS,SRR14103309,released
145746,homo_sapiens,GSM5214251,GEO,ZNF639,K562,34.0,0.0,0.995,145.0,0.0145054550706956,0.7812,1,0,1,1,1,4,ENCFF929WXW,SRR14103714,released
145748,homo_sapiens,GSM5214739,GEO,Zbtb7b,Hep-G2,35.0,0.0,0.993,1756.0,0.0896446345454803,0.9574,1,0,1,1,1,4,ENCFF218TXW,SRR14105149,released
145749,homo_sapiens,GSM5214453,GEO,ZNF784,Hep-G2,36.0,0.0,0.986,843.0,0.0746354779844041,0.9344,1,0,1,1,1,4,ENCFF234PPI,SRR14104056,released
145755,homo_sapiens,GSM5214759,GEO,ZNF557,Hep-G2,35.0,0.0,0.992,447.0,0.0307990367786698,0.9352,1,0,1,1,1,4,ENCFF302KIY,SRR14105204,released
145757,homo_sapiens,GSM5214130,GEO,ZNF740,Hep-G2,35.0,0.0,0.995,933.0,0.032217978367578,0.916,1,0,1,1,1,4,ENCFF440ZZR,SRR14103479,released
145759,homo_sapiens,GSM5214931,GEO,ZNF574,Hep-G2,34.0,0.0,0.968,8632.0,0.2744402746667694,0.9648,1,0,1,1,1,4,ENCFF844MSF,SRR14105481,released
145768,homo_sapiens,GSM5214141,GEO,ZNF335,Hep-G2,34.0,0.0,0.986,881.0,0.0881989911719834,0.9426,1,0,1,1,1,4,ENCFF602HLJ,SRR14103508,released
145769,homo_sapiens,GSM5214837,GEO,ZNF691,Hep-G2,36.0,0.0,0.977,3354.0,0.1214624984535721,0.9498,1,0,1,1,1,4,ENCFF690TDX,SRR14105321,released
145770,homo_sapiens,GSM5214240,GEO,ZNF583,K562,40.0,0.0,0.992,615.0,0.023583261791625,0.7388,1,0,1,1,1,4,ENCFF780RPQ,SRR14103693,released
145779,homo_sapiens,GSM5214117,GEO,ZNF326,Hep-G2,35.0,0.0,0.996,180.0,0.013037364162355,0.881,1,0,1,1,1,4,ENCFF676GWQ,SRR14103458,released
145780,homo_sapiens,GSM5214060,GEO,ZBTB42,Hep-G2,36.0,0.0,0.983,293.0,0.0219687088003818,0.9046,1,0,1,1,1,4,ENCFF655YRV,SRR14103349,released
145784,homo_sapiens,GSM5214590,GEO,ZNF180,Hep-G2,34.0,0.0,0.992,282.0,0.0222706437899283,0.8924,1,0,1,1,1,4,ENCFF364HAA,SRR14104295,released
145789,homo_sapiens,GSM5214414,GEO,ZNF276,Hep-G2,36.0,0.0,0.974,495.0,0.0559244143265685,0.9334,1,0,1,1,1,4,ENCFF024XQA,SRR14103993,released
145805,homo_sapiens,GSM5214797,GEO,ZNF737,Hep-G2,36.0,0.0,0.986,589.0,0.0823023835133124,0.878,1,0,1,1,1,4,ENCFF037KKL,SRR14105262,released
145806,homo_sapiens,GSM5214166,GEO,ZNF408,K562,40.0,0.0,0.967,330.0,0.0116735097815966,0.2876151484135107,1,0,1,1,0,3,ENCFF026VLB,SRR14103552,released
145854,homo_sapiens,GSM5214042,GEO,ZBTB33,Hep-G2,34.0,0.0,0.994,3613.0,0.1028690631722528,0.8674,1,0,1,1,1,4,ENCFF204TCE,SRR14103326,released
145864,homo_sapiens,GSM5214144,GEO,Plscr1,Hep-G2,36.0,0.0,0.978,412.0,0.0386973096732301,0.9338,1,0,1,1,1,4,ENCFF186JOP,SRR14103512,released
145873,homo_sapiens,GSM5214447,GEO,YEATS4,Hep-G2,35.0,0.0,0.994,737.0,0.0559624825587683,0.9532,1,0,1,1,1,4,ENCFF626IOR,SRR14104048,released
145885,homo_sapiens,GSM5214339,GEO,ZNF174,K562,40.0,0.0,0.985,390.0,0.0133244355466544,0.4435045317220544,1,0,1,1,0,3,ENCFF901VJQ,SRR14103847,released
145888,homo_sapiens,GSM5214427,GEO,ZNF484,Hep-G2,37.0,0.0,0.983,574.0,0.0262276597451389,0.8886,1,0,1,1,1,4,ENCFF399IEW,SRR14104010,released
145891,homo_sapiens,GSM5214155,GEO,ZNF264,Hep-G2,35.0,0.0,0.995,1147.0,0.051182938453997,0.9076,1,0,1,1,1,4,ENCFF434CYS,SRR14103537,released
145894,homo_sapiens,GSM5214323,GEO,ZNF607,Hep-G2,36.0,0.0,0.983,1126.0,0.0944249207666154,0.9484,1,0,1,1,1,4,ENCFF118NRV,SRR14103824,released
145895,homo_sapiens,GSM5214254,GEO,ZBTB37,Hep-G2,36.0,0.0,0.973,700.0,0.0361789529501765,0.8904,1,0,1,1,1,4,ENCFF246HDQ,SRR14103717,released
145896,homo_sapiens,GSM5214049,GEO,ZNF697,Hep-G2,34.0,0.0,0.991,953.0,0.0531663820470118,0.9384,1,0,1,1,1,4,ENCFF695BEF,SRR14103334,released
145902,homo_sapiens,GSM5214348,GEO,ZBTB44,Hep-G2,35.0,0.0,0.993,277.0,0.0144723450287801,0.9382,1,0,1,1,1,4,ENCFF658UIC,SRR14103865,released
145906,homo_sapiens,GSM5214939,GEO,ZNF184,K562,34.0,0.0,0.994,408.0,0.0117237959263629,0.6194743130227002,1,0,1,1,0,3,ENCFF213COA,SRR14105489,released
145913,homo_sapiens,GSM5214825,GEO,ZNF462,GM23338,40.0,0.0,0.982,1466.0,0.0357744190669117,0.9222,1,0,1,1,1,4,ENCFF517YLO,SRR14105302,released
145932,homo_sapiens,GSM5214928,GEO,ZNF224,Hep-G2,36.0,0.0,0.974,363.0,0.0643284270641863,0.9242,1,0,1,1,1,4,ENCFF804RAW,SRR14105477,released
145936,homo_sapiens,GSM5214035,GEO,ZNF319,K562,40.0,0.0,0.993,1407.0,0.0273431634095819,0.7,1,0,1,1,1,4,ENCFF622WBA,SRR14103319,released
145939,homo_sapiens,GSM5214142,GEO,ZNF335,Hep-G2,34.0,0.0,0.985,1113.0,0.1027472688259352,0.9424,1,0,1,1,1,4,ENCFF462GFP,SRR14103509,released
145953,homo_sapiens,GSM5214044,GEO,ZNF773,Hep-G2,35.0,0.0,0.994,300.0,0.0153532895533983,0.9124,1,0,1,1,1,4,ENCFF356XWR,SRR14103328,released
145954,homo_sapiens,GSM5214932,GEO,ZNF574,Hep-G2,35.0,0.0,0.964,8236.0,0.3022793067563025,0.9676,1,0,1,1,1,4,ENCFF511XFX,SRR14105482,released
145964,homo_sapiens,GSM5214481,GEO,ZBTB39,Hep-G2,36.0,0.0,0.993,414.0,0.0408781995839474,0.9086,1,0,1,1,1,4,ENCFF201OWG,SRR14104092,released
145965,homo_sapiens,GSM5214270,GEO,ZNF460,Hep-G2,36.0,0.0,0.988,1221.0,0.0278561528499605,0.5098,1,0,1,1,0,3,ENCFF737BEM,SRR14103747,released
145981,homo_sapiens,GSM5214686,GEO,ZNF263,Hep-G2,35.0,0.0,0.992,6081.0,0.1203500590666857,0.8926,1,0,1,1,1,4,ENCFF702CNU,SRR14104461,released
145985,homo_sapiens,GSM5214299,GEO,ZNF512,Hep-G2,36.0,0.0,0.99,290.0,0.0247184334462964,0.6946,1,0,1,1,0,3,ENCFF546POY,SRR14103793,released
145991,homo_sapiens,GSM5214587,GEO,ZNF350,Hep-G2,36.0,0.0,0.976,1797.0,0.1350544011621245,0.9604,1,0,1,1,1,4,ENCFF260YHQ,SRR14104292,released
145994,homo_sapiens,GSM5214615,GEO,ZNF257,K562,40.0,0.0,0.977,693.0,0.0176366940036296,0.6775035595633603,1,0,1,1,0,3,ENCFF602UOI,SRR14104339,released
145996,homo_sapiens,GSM5214514,GEO,ZNF615,Hep-G2,36.0,0.0,0.987,279.0,0.0366766476426887,0.9072,1,0,1,1,1,4,ENCFF314JDS,SRR14104147,released
146003,homo_sapiens,GSM5214160,GEO,ZNF772,Hep-G2,36.0,0.0,0.978,428.0,0.0630125178031849,0.9326,1,0,1,1,1,4,ENCFF717GBT,SRR14103543,released
146005,homo_sapiens,GSM5214816,GEO,ZNF713,Hep-G2,36.0,0.0,0.986,206.0,0.0211585699542406,0.9054,1,0,1,1,1,4,ENCFF235GNB,SRR14105293,released
146009,homo_sapiens,GSM5214412,GEO,ZNF234,Hep-G2,36.0,0.0,0.99,334.0,0.0349093742915776,0.9044,1,0,1,1,1,4,ENCFF875CUL,SRR14103991,released
146017,homo_sapiens,GSM5214910,GEO,TCF7L2,Hep-G2,36.0,0.0,0.988,8160.0,0.1467865112527232,0.9536,1,0,1,1,1,4,ENCFF835YEA,SRR14105452,released
146031,homo_sapiens,GSM5214176,GEO,ZNF577,Hep-G2,36.0,0.0,0.978,203.0,0.008691953729259,0.7955246913580247,1,0,1,0,1,3,ENCFF514CAS,SRR14103562,released
146033,homo_sapiens,GSM5214787,GEO,ZNF397,K562,40.0,0.0,0.98,466.0,0.0167692830744302,0.657934357121349,1,0,1,1,0,3,ENCFF261YAB,SRR14105248,released
146041,homo_sapiens,GSM5214300,GEO,ZNF512,Hep-G2,36.0,0.0,0.989,236.0,0.0281704543891797,0.8368,1,0,1,1,1,4,ENCFF763WKP,SRR14103794,released
146048,homo_sapiens,GSM5214619,GEO,ZNF33A,Hep-G2,36.0,0.0,0.98,188.0,0.0322592987141511,0.92,1,0,1,1,1,4,ENCFF318WTT,SRR14104343,released
146059,homo_sapiens,GSM5214705,GEO,ZNF296,Hep-G2,36.0,0.0,0.987,569.0,0.06044496421545,0.9162,1,0,1,1,1,4,ENCFF952PTZ,SRR14104500,released
146067,homo_sapiens,GSM5214796,GEO,ZNF737,Hep-G2,36.0,0.0,0.986,274.0,0.0544384746225762,0.9168,1,0,1,1,1,4,ENCFF348ABI,SRR14105261,released
146080,homo_sapiens,GSM5214513,GEO,ZNF615,Hep-G2,36.0,0.0,0.987,324.0,0.0299212047102053,0.8852,1,0,1,1,1,4,ENCFF520DFG,SRR14104146,released
146087,homo_sapiens,GSM5214591,GEO,SP140L,Hep-G2,34.0,0.0,0.991,180.0,0.0141686934915762,0.9364,1,0,1,1,1,4,ENCFF580TTL,SRR14104296,released
146090,homo_sapiens,GSM5214116,GEO,ZNF326,Hep-G2,33.0,0.0,0.997,112.0,0.0101999741981655,0.8030734206033011,1,0,1,1,1,4,ENCFF271FIN,SRR14103457,released
146091,homo_sapiens,GSM5214061,GEO,ZBTB42,Hep-G2,36.0,0.0,0.984,556.0,0.0377479448204931,0.9144,1,0,1,1,1,4,ENCFF142TNE,SRR14103350,released
146099,homo_sapiens,GSM5214562,GEO,ZNF232,Hep-G2,34.0,0.0,0.99,1321.0,0.0852073628076167,0.9532,1,0,1,1,1,4,ENCFF037JEV,SRR14104242,released
146103,homo_sapiens,GSM5214255,GEO,ZBTB37,Hep-G2,36.0,0.0,0.983,502.0,0.0283439141609965,0.8806,1,0,1,1,1,4,ENCFF785GZC,SRR14103718,released
146105,homo_sapiens,GSM5214154,GEO,ZNF264,Hep-G2,35.0,0.0,0.994,939.0,0.0474944954226949,0.8946,1,0,1,1,1,4,ENCFF598DDV,SRR14103536,released
146125,homo_sapiens,GSM5214338,GEO,ZNF174,K562,40.0,0.0,0.983,343.0,0.0128340145119248,0.3693548387096774,1,0,1,1,0,3,ENCFF807PRS,SRR14103846,released
146130,homo_sapiens,GSM5214145,GEO,Plscr1,Hep-G2,36.0,0.0,0.989,311.0,0.0250957244895548,0.8904,1,0,1,1,1,4,ENCFF670UXT,SRR14103513,released
146138,homo_sapiens,GSM5214446,GEO,ZNF143,Hep-G2,34.0,0.0,0.963,4531.0,0.2133967980440987,0.958,1,0,1,1,1,4,ENCFF552VNS,SRR14104047,released
146141,homo_sapiens,GSM5214935,GEO,Srebf2,K562,36.0,0.0,0.988,220.0,0.0114310901336525,0.8572880666802195,1,0,1,1,1,4,ENCFF129WGJ,SRR14105485,released
146142,homo_sapiens,GSM5214043,GEO,ZNF773,Hep-G2,34.0,0.0,0.992,613.0,0.0504694926610172,0.9446,1,0,1,1,1,4,ENCFF335HQZ,SRR14103327,released
146147,homo_sapiens,GSM5214437,GEO,ZNF696,K562,39.0,0.0,0.973,340.0,0.0133718350508836,0.4256505576208178,1,0,1,1,0,3,ENCFF503RUC,SRR14104029,released
146167,homo_sapiens,GSM5214636,GEO,SNAPC4,Hep-G2,36.0,0.0,0.981,508.0,0.0521144272698344,0.9196,1,0,1,1,1,4,ENCFF639KDY,SRR14104371,released
146176,homo_sapiens,GSM5214034,GEO,ZNF319,K562,40.0,0.0,0.994,1332.0,0.0259042932111605,0.7198,1,0,1,1,1,4,ENCFF500AUA,SRR14103318,released
146181,homo_sapiens,GSM5214148,GEO,ZNF548,Hep-G2,36.0,0.0,0.981,1131.0,0.0621849407489724,0.9002,1,0,1,1,1,4,ENCFF317QBT,SRR14103517,released
146197,homo_sapiens,GSM5214938,GEO,ZNF184,K562,34.0,0.0,0.995,326.0,0.0103924870359453,0.7335127860026918,1,0,1,1,1,4,ENCFF499QHC,SRR14105488,released
146201,homo_sapiens,GSM5214324,GEO,ZNF607,Hep-G2,36.0,0.0,0.985,944.0,0.074587218396669,0.9392,1,0,1,1,1,4,ENCFF912FOA,SRR14103825,released
146205,homo_sapiens,GSM5214824,GEO,ZNF462,GM23338,40.0,0.0,0.982,910.0,0.022828532737834,0.9026,1,0,1,1,1,4,ENCFF545IBI,SRR14105301,released
146210,homo_sapiens,GSM5214413,GEO,ZNF276,Hep-G2,36.0,0.0,0.975,527.0,0.0489107862534867,0.92,1,0,1,1,1,4,ENCFF085HJA,SRR14103992,released
146220,homo_sapiens,GSM5214478,GEO,ZNF608,Hep-G2,36.0,0.0,0.987,380.0,0.0563886904440154,0.9282,1,0,1,1,1,4,ENCFF294GDT,SRR14104087,released
146224,homo_sapiens,GSM5214866,GEO,ZNF101,Hep-G2,36.0,0.0,0.976,186.0,0.0094917625551756,0.8028259473346179,1,0,1,0,1,3,ENCFF154QOK,SRR14105381,released
146231,homo_sapiens,GSM5214614,GEO,ZNF257,K562,40.0,0.0,0.974,788.0,0.0181174224901907,0.7229588276343336,1,0,1,1,1,4,ENCFF855JVD,SRR14104338,released
146233,homo_sapiens,GSM5214161,GEO,ZNF772,Hep-G2,36.0,0.0,0.989,1644.0,0.0985230099463368,0.945,1,0,1,1,1,4,ENCFF067XGV,SRR14103544,released
146234,homo_sapiens,GSM5214817,GEO,ZNF713,Hep-G2,36.0,0.0,0.985,202.0,0.0225263411650323,0.889,1,0,1,1,1,4,ENCFF052PWY,SRR14105294,released
146235,homo_sapiens,GSM5214790,GEO,ZNF274,Hep-G2,36.0,0.0,0.984,1669.0,0.1436288684427291,0.9448,1,0,1,1,1,4,ENCFF171SFH,SRR14105251,released
146250,homo_sapiens,GSM5214377,GEO,ZNF777,Hep-G2,35.0,0.0,0.993,2814.0,0.0946534555513653,0.9566,1,0,1,1,1,4,ENCFF923MPX,SRR14103926,released
146258,homo_sapiens,GSM5214687,GEO,ZNF263,Hep-G2,35.0,0.0,0.992,4323.0,0.1314350200320043,0.902,1,0,1,1,1,4,ENCFF684VWX,SRR14104462,released
146272,homo_sapiens,GSM5214170,GEO,ZNF483,Hep-G2,36.0,0.0,0.975,282.0,0.0537004248318354,0.9354,1,0,1,1,1,4,ENCFF553AEW,SRR14103556,released
146276,homo_sapiens,GSM5214480,GEO,ZBTB39,Hep-G2,36.0,0.0,0.993,565.0,0.0524288025978816,0.9158,1,0,1,1,1,4,ENCFF052HRY,SRR14104091,released
148077,homo_sapiens,GSM5370357,GEO,HMGXB4,A-549,38.0,0.0,0.985,362.0,0.0218145038646743,0.7868,1,0,1,1,1,4,ENCFF743VEP,SRR14831430,released
148082,homo_sapiens,GSM5370356,GEO,HMGXB4,A-549,38.0,0.0,0.989,370.0,0.0189931584295291,0.6195622055971183,1,0,1,1,0,3,ENCFF574YRH,SRR14831429,released
149655,homo_sapiens,GSM5369903,GEO,Hmg20b,K562,40.0,0.0,0.988,262.0,0.0192229746972843,0.7457446808510638,1,0,1,1,1,4,ENCFF055OOV,SRR14829737,released
149668,homo_sapiens,GSM5369904,GEO,Hmg20b,K562,40.0,0.0,0.99,408.0,0.0182174712031015,0.4987234042553191,1,0,1,1,0,3,ENCFF570RWB,SRR14829738,released
149674,homo_sapiens,GSM5213904,GEO,ZNF530,Hep-G2,36.0,0.0,0.984,330.0,0.0235383656126161,0.9104,1,0,1,1,1,4,ENCFF497BNP,SRR14103100,released
149677,homo_sapiens,GSM5213975,GEO,ZNF891,Hep-G2,36.0,0.0,0.985,1764.0,0.1449848235512527,0.954,1,0,1,1,1,4,ENCFF424AXJ,SRR14103222,released
149679,homo_sapiens,GSM5213986,GEO,ZNF764,K562,40.0,0.0,0.957,467.0,0.0163918471101684,0.6799424184261037,1,0,1,1,0,3,ENCFF290FLG,SRR14103253,released
149686,homo_sapiens,GSM5213813,GEO,ZNF800,Hep-G2,35.0,0.0,0.994,981.0,0.0630749145737572,0.955,1,0,1,1,1,4,ENCFF230SWM,SRR14102922,released
149687,homo_sapiens,GSM5213997,GEO,ZNF501,Hep-G2,36.0,0.0,0.976,1170.0,0.1465186734563269,0.9532,1,0,1,1,1,4,ENCFF551ZGT,SRR14103267,released
149693,homo_sapiens,GSM5213937,GEO,ZNF317,Hep-G2,36.0,0.0,0.987,2341.0,0.0764717150811029,0.806,1,0,1,1,1,4,ENCFF507QQW,SRR14103168,released
149700,homo_sapiens,GSM5213931,GEO,ZNF324,K562,40.0,0.0,0.992,984.0,0.0241121221932824,0.4172,1,0,1,1,0,3,ENCFF195UGY,SRR14103158,released
149702,homo_sapiens,GSM5213826,GEO,ZNF786,Hep-G2,36.0,0.0,0.982,263.0,0.0340190478284401,0.9056,1,0,1,1,1,4,ENCFF504TGM,SRR14102954,released
149709,homo_sapiens,GSM5213962,GEO,ZNF707,Hep-G2,36.0,0.0,0.988,478.0,0.0253704719333169,0.8376,1,0,1,1,1,4,ENCFF565MVD,SRR14103202,released
149711,homo_sapiens,GSM5213897,GEO,ZNF609,Hep-G2,36.0,0.0,0.988,811.0,0.0369922366942889,0.925,1,0,1,1,1,4,ENCFF819GVT,SRR14103084,released
149713,homo_sapiens,GSM5213864,GEO,ZNF776,Hep-G2,36.0,0.0,0.98,685.0,0.0664448936359442,0.9286,1,0,1,1,1,4,ENCFF803JXB,SRR14103030,released
149717,homo_sapiens,GSM5213973,GEO,ZNF569,Hep-G2,36.0,0.0,0.975,159.0,0.0160120447172336,0.9244,1,0,1,1,1,4,ENCFF286TEU,SRR14103220,released
149727,homo_sapiens,GSM5213996,GEO,ZNF501,Hep-G2,36.0,0.0,0.974,851.0,0.1262310316044529,0.9532,1,0,1,1,1,4,ENCFF832IIW,SRR14103266,released
149732,homo_sapiens,GSM5213974,GEO,ZNF891,Hep-G2,36.0,0.0,0.98,1605.0,0.1599469712818198,0.943,1,0,1,1,1,4,ENCFF646TAS,SRR14103221,released
149752,homo_sapiens,GSM5213827,GEO,ZNF786,Hep-G2,36.0,0.0,0.982,289.0,0.0261567490086943,0.9012,1,0,1,1,1,4,ENCFF721QRZ,SRR14102955,released
149754,homo_sapiens,GSM5213930,GEO,ZNF382,Hep-G2,36.0,0.0,0.987,187.0,0.0134571330275367,0.8258785942492013,1,0,1,1,1,4,ENCFF218KSE,SRR14103157,released
149760,homo_sapiens,GSM5213903,GEO,ZNF530,Hep-G2,36.0,0.0,0.985,421.0,0.0283772120737137,0.9022,1,0,1,1,1,4,ENCFF370ACK,SRR14103099,released
149766,homo_sapiens,GSM5213972,GEO,ZNF569,Hep-G2,36.0,0.0,0.983,167.0,0.0115290500768557,0.8943777934603623,1,0,1,1,1,4,ENCFF224VNL,SRR14103219,released
149767,homo_sapiens,GSM5213896,GEO,ZNF609,Hep-G2,36.0,0.0,0.984,3426.0,0.1012482139352175,0.9554,1,0,1,1,1,4,ENCFF034UVP,SRR14103083,released
149770,homo_sapiens,GSM5213865,GEO,ZNF776,Hep-G2,36.0,0.0,0.991,394.0,0.0508065147472603,0.9134,1,0,1,1,1,4,ENCFF793GED,SRR14103031,released
149774,homo_sapiens,GSM5213814,GEO,ZNF800,Hep-G2,35.0,0.0,0.989,387.0,0.0468228394148502,0.9468,1,0,1,1,1,4,ENCFF766AYB,SRR14102923,released
149785,homo_sapiens,GSM5213849,GEO,ZNF281,Hep-G2,34.0,0.0,0.994,7017.0,0.116493784337642,0.9414,1,0,1,1,1,4,ENCFF747ILZ,SRR14103003,released
149791,homo_sapiens,GSM5213995,GEO,ZNF260,Hep-G2,36.0,0.0,0.985,169.0,0.0112872888335623,0.8400884303610906,1,0,1,1,1,4,ENCFF998YYW,SRR14103265,released
149794,homo_sapiens,GSM5213889,GEO,Prdm15,Hep-G2,35.0,0.0,0.988,2432.0,0.0738050540072158,0.8766,1,0,1,1,1,4,ENCFF764ZTH,SRR14103075,released
149812,homo_sapiens,GSM5213960,GEO,ZNF414,Hep-G2,36.0,0.0,0.992,772.0,0.0780780007841415,0.9408,1,0,1,1,1,4,ENCFF264CPR,SRR14103200,released
149820,homo_sapiens,GSM5213938,GEO,ZNF317,Hep-G2,36.0,0.0,0.985,2449.0,0.0834952553857996,0.8102,1,0,1,1,1,4,ENCFF732WUF,SRR14103169,released
149824,homo_sapiens,GSM5213942,GEO,ZNF785,K562,40.0,0.0,0.99,263.0,0.0157992815850664,0.3640275387263339,1,0,1,1,0,3,ENCFF127FLC,SRR14103174,released
149826,homo_sapiens,GSM5213929,GEO,ZNF382,Hep-G2,36.0,0.0,0.98,156.0,0.0128032589204793,0.565597667638484,1,0,1,1,0,3,ENCFF429LUX,SRR14103156,released
149830,homo_sapiens,GSM5213848,GEO,ZNF281,Hep-G2,35.0,0.0,0.995,2076.0,0.0269639568968596,0.9078,1,0,1,1,1,4,ENCFF297QSD,SRR14103002,released
149842,homo_sapiens,GSM5213985,GEO,ZNF764,K562,40.0,0.0,0.959,472.0,0.0184772195769655,0.6682403433476395,1,0,1,1,0,3,ENCFF951KNA,SRR14103252,released
149849,homo_sapiens,GSM5213994,GEO,ZNF260,Hep-G2,36.0,0.0,0.985,163.0,0.0093305991028189,0.6632747456059205,1,0,1,0,0,2,ENCFF847AOV,SRR14103264,released
149850,homo_sapiens,GSM5213888,GEO,Prdm15,Hep-G2,34.0,0.0,0.983,1848.0,0.0950423512082643,0.9,1,0,1,1,1,4,ENCFF862XFU,SRR14103074,released
149862,homo_sapiens,GSM5213961,GEO,ZNF707,Hep-G2,36.0,0.0,0.984,295.0,0.0188588446551435,0.8438,1,0,1,1,1,4,ENCFF459WUM,SRR14103201,released
149871,homo_sapiens,GSM5213932,GEO,ZNF324,K562,40.0,0.0,0.992,1020.0,0.0219609259860201,0.4828,1,0,1,1,0,3,ENCFF860BLA,SRR14103159,released
149872,homo_sapiens,GSM5213959,GEO,ZNF414,Hep-G2,36.0,0.0,0.993,438.0,0.0612457236492207,0.9278,1,0,1,1,1,4,ENCFF640YMI,SRR14103199,released
149873,homo_sapiens,GSM5213943,GEO,ZNF785,K562,40.0,0.0,0.991,297.0,0.0161483196755091,0.305156382079459,1,0,1,1,0,3,ENCFF689QKM,SRR14103175,released
146670,homo_sapiens,GSM5331232,GEO,ZNF883,HepG2,36.0,0.0,0.985,788.0,0.0578121827867912,0.9336,1,0,1,1,1,4,ENCFF581CMX,SRR14638829,released
146585,homo_sapiens,GSM5331160,GEO,ZNF608,SK-N-SH,39.0,0.0,0.968,129.0,0.0205886230695299,0.7951703320396722,1,0,1,1,1,4,ENCFF637XNQ,SRR14638613,released
146671,homo_sapiens,GSM5331233,GEO,ZNF883,HepG2,36.0,0.0,0.984,1192.0,0.1371615084017828,0.9404,1,0,1,1,1,4,ENCFF308XDZ,SRR14638830,released
146586,homo_sapiens,GSM5331161,GEO,ZNF608,SK-N-SH,38.0,0.0,0.977,149.0,0.0162286524466672,0.8339340171887996,1,0,1,1,1,4,ENCFF457OOM,SRR14638614,released
146796,homo_sapiens,GSM5331353,GEO,ZBTB38,HepG2,36.0,0.0,0.981,3563.0,0.2168675752794382,0.9136,1,0,1,1,1,4,ENCFF021VKE,SRR14637940,released
150879,homo_sapiens,GSM5374463,GEO,ZNF551,K562,40.0,0.0,0.987,401.0,0.0138031413062607,0.3805612594113621,1,0,1,1,0,3,ENCFF017JIW,SRR14828914,released
150885,homo_sapiens,GSM5374626,GEO,ZNF655,K562,40.0,0.0,0.994,459.0,0.0180893280088945,0.3730620155038759,1,0,1,1,0,3,ENCFF906ZOZ,SRR14845605,released
150903,homo_sapiens,GSM5374464,GEO,ZNF551,K562,40.0,0.0,0.984,374.0,0.0138942616779254,0.4212198221092757,1,0,1,1,0,3,ENCFF060QLJ,SRR14828915,released
150917,homo_sapiens,GSM5374625,GEO,ZNF655,K562,40.0,0.0,0.994,404.0,0.0170076554069565,0.4322678843226788,1,0,1,1,0,3,ENCFF404OZO,SRR14845604,released
150941,homo_sapiens,GSM5379224,GEO,CSRNP3,SK-N-SH,40.0,0.0,0.979,275.0,0.0185641767223202,0.8676,1,0,1,1,1,4,ENCFF736ULK,SRR14847649,released
150950,homo_sapiens,GSM5379223,GEO,CSRNP3,SK-N-SH,40.0,0.0,0.978,266.0,0.0167327786329283,0.852,1,0,1,1,1,4,ENCFF735WXN,SRR14847648,released
152757,homo_sapiens,GSM5215667,GEO,NFATC3,Hep-G2,36.0,0.0,0.986,140.0,0.0106184155407279,0.9098,1,0,1,1,1,4,ENCFF626BQM,SRR14107724,released
152758,homo_sapiens,GSM5215096,GEO,ZNF674,Hep-G2,36.0,0.0,0.984,214.0,0.0169757571652982,0.9106,1,0,1,1,1,4,ENCFF760KJZ,SRR14106108,released
152764,homo_sapiens,GSM5215315,GEO,ARID4A,Hep-G2,36.0,0.0,0.989,9498.0,0.2993379874758505,0.9716,1,0,1,1,1,4,ENCFF131VXF,SRR14107159,released
152779,homo_sapiens,GSM5215074,GEO,ZNF138,Hep-G2,36.0,0.0,0.985,620.0,0.047044820567219,0.938,1,0,1,1,1,4,ENCFF897PDT,SRR14106082,released
152782,homo_sapiens,GSM5215269,GEO,ZNF343,Hep-G2,36.0,0.0,0.982,524.0,0.0419645894408074,0.922,1,0,1,1,1,4,ENCFF436FRP,SRR14107079,released
152784,homo_sapiens,GSM5215676,GEO,Mllt10,Hep-G2,34.0,0.0,0.994,129.0,0.0162231656191785,0.7488829311885612,1,0,1,1,1,4,ENCFF082XJV,SRR14107743,released
152786,homo_sapiens,GSM5215577,GEO,ZBTB11,K562,39.0,0.0,0.991,1013.0,0.0352553915266436,0.7323615160349854,1,0,1,1,1,4,ENCFF355TNC,SRR14107580,released
152788,homo_sapiens,GSM5215172,GEO,ZNF768,Hep-G2,35.0,0.0,0.992,5763.0,0.0856362105206109,0.6106,1,0,1,1,0,3,ENCFF020PJB,SRR14106957,released
152789,homo_sapiens,GSM5215783,GEO,HIVEP1,Hep-G2,36.0,0.0,0.984,973.0,0.1029830561013276,0.9452,1,0,1,1,1,4,ENCFF843VDP,SRR14107948,released
152793,homo_sapiens,GSM5215506,GEO,Hoxb13,A549,40.0,0.0,0.982,419.0,0.0256485134937586,0.8292,1,0,1,1,1,4,ENCFF207CRX,SRR14107463,released
152799,homo_sapiens,GSM5215607,GEO,ZNF503,Hep-G2,35.0,0.0,0.993,610.0,0.0337370966794141,0.9394,1,0,1,1,1,4,ENCFF148NOA,SRR14107628,released
152808,homo_sapiens,GSM5215732,GEO,ZNF710,Hep-G2,36.0,0.0,0.982,2431.0,0.1186585898357077,0.9474,1,0,1,1,1,4,ENCFF642CGH,SRR14107836,released
152810,homo_sapiens,GSM5215728,GEO,ZNF597,Hep-G2,35.0,0.0,0.995,143.0,0.0138733072036253,0.8967326496541855,1,0,1,1,1,4,ENCFF786WZU,SRR14107829,released
152834,homo_sapiens,GSM5215625,GEO,ZNF619,Hep-G2,36.0,0.0,0.984,377.0,0.0672396013749865,0.9196,1,0,1,1,1,4,ENCFF708RJR,SRR14107659,released
152852,homo_sapiens,GSM5215050,GEO,ZNF549,Hep-G2,35.0,0.0,0.993,271.0,0.01665070679035,0.912,1,0,1,1,1,4,ENCFF521QZO,SRR14106046,released
152853,homo_sapiens,GSM5215127,GEO,ZNF331,GM23338,40.0,0.0,0.959,932.0,0.0100095787475231,0.4837988826815642,1,0,1,1,0,3,ENCFF164VIS,SRR14106160,released
152854,homo_sapiens,GSM5215226,GEO,ZBTB46,Hep-G2,36.0,0.0,0.985,179.0,0.0219157311984401,0.887,1,0,1,1,1,4,ENCFF633GWC,SRR14107032,released
152858,homo_sapiens,GSM5215632,GEO,ZNF133,K562,40.0,0.0,0.992,467.0,0.0147521732442363,0.4947145877378435,1,0,1,1,0,3,ENCFF679HEE,SRR14107668,released
152879,homo_sapiens,GSM5215601,GEO,ZNF239,K562,40.0,0.0,0.99,1287.0,0.0318460467023888,0.71,1,0,1,1,1,4,ENCFF604CHB,SRR14107620,released
152883,homo_sapiens,GSM5215369,GEO,ZNF311,K562,40.0,0.0,0.983,491.0,0.019951226615885,0.7702,1,0,1,1,1,4,ENCFF379OZY,SRR14107244,released
152886,homo_sapiens,GSM5215785,GEO,ZNF215,K562,40.0,0.0,0.982,569.0,0.0214545523623599,0.7776,1,0,1,1,1,4,ENCFF336SWY,SRR14107950,released
152902,homo_sapiens,GSM5215683,GEO,ZNF556,Hep-G2,36.0,0.0,0.981,345.0,0.0371010532598773,0.8926,1,0,1,1,1,4,ENCFF580QWD,SRR14107750,released
152905,homo_sapiens,GSM5215466,GEO,ZNF700,K562,40.0,0.0,0.973,525.0,0.0146359903056715,0.5936413313462494,1,0,1,1,0,3,ENCFF818SQO,SRR14107422,released
152906,homo_sapiens,GSM5215297,GEO,ZNF550,Hep-G2,36.0,0.0,0.986,207.0,0.0276459278697105,0.8162,1,0,1,1,1,4,ENCFF698HLF,SRR14107130,released
152913,homo_sapiens,GSM5215012,GEO,ZNF444,K562,40.0,0.0,0.976,386.0,0.0148264711338555,0.6574712643678161,1,0,1,1,0,3,ENCFF575ZVQ,SRR14105623,released
152923,homo_sapiens,GSM5215560,GEO,HMGXB4,Hep-G2,36.0,0.0,0.976,1432.0,0.0826539472897734,0.9472,1,0,1,1,1,4,ENCFF941TBT,SRR14107545,released
152926,homo_sapiens,GSM5215692,GEO,ZNF687,Hep-G2,36.0,0.0,0.955,15014.0,0.589515635883289,0.9738,1,0,1,1,1,4,ENCFF263PYL,SRR14107761,released
152929,homo_sapiens,GSM5215272,GEO,ZNF256,Hep-G2,34.0,0.0,0.992,310.0,0.0247813432943965,0.922,1,0,1,1,1,4,ENCFF792ERI,SRR14107082,released
152931,homo_sapiens,GSM5215173,GEO,ZNF768,Hep-G2,34.0,0.0,0.989,11346.0,0.3664664115237271,0.8404,1,0,1,1,1,4,ENCFF300JRW,SRR14106958,released
152932,homo_sapiens,GSM5215782,GEO,HIVEP1,Hep-G2,36.0,0.0,0.983,797.0,0.0986674444218435,0.9356,1,0,1,1,1,4,ENCFF351CMY,SRR14107947,released
152936,homo_sapiens,GSM5215606,GEO,ZNF503,Hep-G2,35.0,0.0,0.993,1149.0,0.0563464693164519,0.9598,1,0,1,1,1,4,ENCFF752ORU,SRR14107627,released
152943,homo_sapiens,GSM5215075,GEO,ZNF138,Hep-G2,36.0,0.0,0.985,521.0,0.0337107293955574,0.9186,1,0,1,1,1,4,ENCFF091CDQ,SRR14106083,released
152948,homo_sapiens,GSM5215169,GEO,ZNF331,Hep-G2,35.0,0.0,0.995,1669.0,0.0695305409642025,0.878,1,0,1,1,1,4,ENCFF997ULS,SRR14106952,released
152951,homo_sapiens,GSM5215677,GEO,Mllt10,Hep-G2,34.0,0.0,0.994,127.0,0.0150472562590272,0.8064295485636115,1,0,1,1,1,4,ENCFF905EFV,SRR14107744,released
152955,homo_sapiens,GSM5215314,GEO,ARID4A,Hep-G2,36.0,0.0,0.993,1352.0,0.0876576039108835,0.942,1,0,1,1,1,4,ENCFF490LPB,SRR14107158,released
152975,homo_sapiens,GSM5215097,GEO,ZNF674,Hep-G2,36.0,0.0,0.986,417.0,0.0263594103591919,0.9182,1,0,1,1,1,4,ENCFF363LDF,SRR14106109,released
152986,homo_sapiens,GSM5215624,GEO,ZNF619,Hep-G2,36.0,0.0,0.982,264.0,0.0477278334620158,0.9272,1,0,1,1,1,4,ENCFF959YVH,SRR14107658,released
153000,homo_sapiens,GSM5215241,GEO,SETDB1,Hep-G2,36.0,0.0,0.986,385.0,0.0248138306449433,0.8456,1,0,1,1,1,4,ENCFF529SLH,SRR14107047,released
153006,homo_sapiens,GSM5215742,GEO,ZNF441,Hep-G2,36.0,0.0,0.989,1862.0,0.078083372433734,0.8602,1,0,1,1,1,4,ENCFF334IYI,SRR14107851,released
153013,homo_sapiens,GSM5215733,GEO,ZNF710,Hep-G2,36.0,0.0,0.984,660.0,0.0570239380320819,0.919,1,0,1,1,1,4,ENCFF226SGK,SRR14107837,released
153017,homo_sapiens,GSM5215642,GEO,ZNF761,Hep-G2,36.0,0.0,0.982,646.0,0.0426730000334789,0.8598,1,0,1,1,1,4,ENCFF746FFC,SRR14107680,released
153028,homo_sapiens,GSM5215445,GEO,ZNF507,K562,40.0,0.0,0.97,1107.0,0.0219301941917715,0.7258907363420427,1,0,1,1,1,4,ENCFF772MLI,SRR14107387,released
153030,homo_sapiens,GSM5215633,GEO,ZNF133,K562,40.0,0.0,0.991,411.0,0.0145409736291035,0.4529863985807215,1,0,1,1,0,3,ENCFF029VTH,SRR14107669,released
153033,homo_sapiens,GSM5215559,GEO,HMGXB4,Hep-G2,37.0,0.0,0.974,4249.0,0.127992074933322,0.9526,1,0,1,1,1,4,ENCFF766BXY,SRR14107544,released
153043,homo_sapiens,GSM5215051,GEO,ZNF549,Hep-G2,35.0,0.0,0.995,275.0,0.0144881770854392,0.9030013049151804,1,0,1,1,1,4,ENCFF083YXG,SRR14106047,released
153044,homo_sapiens,GSM5215126,GEO,ZBTB43,Hep-G2,35.0,0.0,0.994,1415.0,0.0580430567911239,0.9512,1,0,1,1,1,4,ENCFF614JJF,SRR14106158,released
153053,homo_sapiens,GSM5215649,GEO,ZBTB8A,Hep-G2,37.0,0.0,0.977,380.0,0.0283921805879612,0.9112,1,0,1,1,1,4,ENCFF813CWP,SRR14107694,released
153057,homo_sapiens,GSM5215308,GEO,ZNF782,Hep-G2,36.0,0.0,0.986,476.0,0.0652997951418039,0.9318,1,0,1,1,1,4,ENCFF246POV,SRR14107141,released
153070,homo_sapiens,GSM5215467,GEO,ZNF700,K562,40.0,0.0,0.963,351.0,0.0147761254515953,0.5759717314487632,1,0,1,1,0,3,ENCFF754DQH,SRR14107423,released
153072,homo_sapiens,GSM5215510,GEO,ZNF543,Hep-G2,36.0,0.0,0.982,654.0,0.0491036969936807,0.9032,1,0,1,1,1,4,ENCFF800IAN,SRR14107468,released
153078,homo_sapiens,GSM5215013,GEO,ZNF444,K562,40.0,0.0,0.977,482.0,0.0161336977661877,0.695872801082544,1,0,1,1,0,3,ENCFF461XQK,SRR14105624,released
153080,homo_sapiens,GSM5215570,GEO,ZNF709,Hep-G2,36.0,0.0,0.984,1317.0,0.0784861169927512,0.9198,1,0,1,1,1,4,ENCFF924ODM,SRR14107562,released
153083,homo_sapiens,GSM5215706,GEO,ZNF616,Hep-G2,36.0,0.0,0.989,549.0,0.0353412889546477,0.9098,1,0,1,1,1,4,ENCFF212GYT,SRR14107796,released
153088,homo_sapiens,GSM5215682,GEO,ZNF556,Hep-G2,37.0,0.0,0.978,1256.0,0.0997752364166242,0.9434,1,0,1,1,1,4,ENCFF724AJZ,SRR14107749,released
153091,homo_sapiens,GSM5215205,GEO,ZNF114,GM23338,40.0,0.0,0.983,275.0,0.0161990320319166,0.8452,1,0,1,1,1,4,ENCFF460WUI,SRR14107011,released
153093,homo_sapiens,GSM5215368,GEO,ZNF311,K562,40.0,0.0,0.976,574.0,0.0219420878987663,0.7852,1,0,1,1,1,4,ENCFF770TBR,SRR14107243,released
153094,homo_sapiens,GSM5215600,GEO,ZNF239,K562,40.0,0.0,0.992,1486.0,0.0366883568806883,0.7076,1,0,1,1,1,4,ENCFF978SCH,SRR14107619,released
153100,homo_sapiens,GSM5215069,GEO,ARID3B,K562,40.0,0.0,0.993,361.0,0.0162968187451266,0.5635593220338984,1,0,1,1,0,3,ENCFF249HAL,SRR14106076,released
153105,homo_sapiens,GSM5215784,GEO,ZNF215,K562,40.0,0.0,0.985,680.0,0.0229273195577531,0.764,1,0,1,1,1,4,ENCFF649AAY,SRR14107949,released
153107,homo_sapiens,GSM5215175,GEO,ZNF134,K562,40.0,0.0,0.993,1496.0,0.0265179483504341,0.6194,1,0,1,1,0,3,ENCFF961ATG,SRR14106960,released
153112,homo_sapiens,GSM5215420,GEO,ZNF485,Hep-G2,36.0,0.0,0.986,1223.0,0.1222924040974791,0.9412,1,0,1,1,1,4,ENCFF506UID,SRR14107277,released
153136,homo_sapiens,GSM5215440,GEO,ZBTB24,Hep-G2,37.0,0.0,0.978,393.0,0.0205510092689546,0.8478,1,0,1,1,1,4,ENCFF590ESY,SRR14107382,released
153138,homo_sapiens,GSM5215128,GEO,ZNF331,GM23338,40.0,0.0,0.97,1054.0,0.0119800516605173,0.5783351508542348,1,0,1,1,0,3,ENCFF423MXO,SRR14106161,released
153141,homo_sapiens,GSM5215741,GEO,ZNF441,Hep-G2,36.0,0.0,0.989,4505.0,0.1246090870814157,0.8702,1,0,1,1,1,4,ENCFF224XBL,SRR14107850,released
153144,homo_sapiens,GSM5215242,GEO,SETDB1,Hep-G2,36.0,0.0,0.986,177.0,0.0094720845212906,0.876510067114094,1,0,1,0,1,3,ENCFF376YND,SRR14107048,released
153150,homo_sapiens,GSM5215076,GEO,Zbtb21,Hep-G2,34.0,0.0,0.993,1648.0,0.0373434077649957,0.9324,1,0,1,1,1,4,ENCFF679XMS,SRR14106084,released
153152,homo_sapiens,GSM5215101,GEO,ZNF513,Hep-G2,35.0,0.0,0.995,120.0,0.0234647179712196,0.9104,1,0,1,1,1,4,ENCFF201FLC,SRR14106113,released
153154,homo_sapiens,GSM5215298,GEO,ZNF550,Hep-G2,36.0,0.0,0.983,260.0,0.0437054800444009,0.8694,1,0,1,1,1,4,ENCFF318FGY,SRR14107131,released
153164,homo_sapiens,GSM5215473,GEO,ZBTB10,Hep-G2,35.0,0.0,0.993,351.0,0.0204081020014798,0.917,1,0,1,1,1,4,ENCFF599ISF,SRR14107435,released
153165,homo_sapiens,GSM5215719,GEO,ZNF572,Hep-G2,36.0,0.0,0.984,269.0,0.0665351982342881,0.9138,1,0,1,1,1,4,ENCFF991SFR,SRR14107819,released
153167,homo_sapiens,GSM5215271,GEO,ZNF256,Hep-G2,34.0,0.0,0.992,375.0,0.0278228307852327,0.9222,1,0,1,1,1,4,ENCFF108UAF,SRR14107081,released
153169,homo_sapiens,GSM5215170,GEO,ZNF331,Hep-G2,33.0,0.0,0.994,5293.0,0.1129622689951591,0.8914,1,0,1,1,1,4,ENCFF453GJG,SRR14106953,released
153180,homo_sapiens,GSM5215779,GEO,ZNF510,Hep-G2,36.0,0.0,0.987,267.0,0.0252976446968708,0.9146,1,0,1,1,1,4,ENCFF378JPN,SRR14107944,released
153187,homo_sapiens,GSM5215293,GEO,ZNF121,Hep-G2,36.0,0.0,0.982,3200.0,0.0829670069867614,0.6734,1,0,1,1,0,3,ENCFF680MJM,SRR14107124,released
153193,homo_sapiens,GSM5215497,GEO,ZNF547,Hep-G2,36.0,0.0,0.979,351.0,0.0473639421971935,0.9326,1,0,1,1,1,4,ENCFF946GMW,SRR14107456,released
153198,homo_sapiens,GSM5215578,GEO,ZBTB11,K562,40.0,0.0,0.988,1244.0,0.0395853891176901,0.7430803571428571,1,0,1,1,1,4,ENCFF690JJH,SRR14107581,released
153199,homo_sapiens,GSM5215010,GEO,ZNF490,Hep-G2,37.0,0.0,0.981,763.0,0.0156663984566672,0.6836,1,0,1,1,0,3,ENCFF535WMX,SRR14105621,released
153207,homo_sapiens,GSM5215509,GEO,ZNF543,Hep-G2,36.0,0.0,0.983,707.0,0.0489772824157559,0.9106,1,0,1,1,1,4,ENCFF979VXI,SRR14107467,released
153208,homo_sapiens,GSM5215116,GEO,ZNF629,Hep-G2,35.0,0.0,0.994,6284.0,0.0874699539412146,0.6874,1,0,1,1,0,3,ENCFF418YNP,SRR14106135,released
153220,homo_sapiens,GSM5215668,GEO,NFATC3,Hep-G2,36.0,0.0,0.984,284.0,0.029978155444856,0.8726,1,0,1,1,1,4,ENCFF055YCL,SRR14107725,released
153222,homo_sapiens,GSM5215569,GEO,ZNF709,Hep-G2,36.0,0.0,0.978,465.0,0.0588699017772888,0.9316,1,0,1,1,1,4,ENCFF189FIV,SRR14107561,released
153224,homo_sapiens,GSM5215176,GEO,ZNF134,K562,39.0,0.0,0.992,1421.0,0.0258299487262643,0.6344,1,0,1,1,0,3,ENCFF475UOI,SRR14106961,released
153232,homo_sapiens,GSM5215681,GEO,ZNF720,Hep-G2,35.0,0.0,0.994,188.0,0.0169340467915593,0.8784,1,0,1,1,1,4,ENCFF046UMT,SRR14107748,released
153233,homo_sapiens,GSM5215070,GEO,ARID3B,K562,40.0,0.0,0.993,377.0,0.018986554189286,0.7822,1,0,1,1,1,4,ENCFF091NPX,SRR14106077,released
153236,homo_sapiens,GSM5215206,GEO,ZNF114,GM23338,40.0,0.0,0.983,247.0,0.0131278574495394,0.8025324088031354,1,0,1,1,1,4,ENCFF552EFI,SRR14107012,released
153237,homo_sapiens,GSM5215619,GEO,ZNF526,Hep-G2,36.0,0.0,0.981,1783.0,0.0538763534124557,0.923,1,0,1,1,1,4,ENCFF245ILI,SRR14107650,released
153239,homo_sapiens,GSM5215573,GEO,HMGXB3,Hep-G2,34.0,0.0,0.992,1232.0,0.0834103606780198,0.9526,1,0,1,1,1,4,ENCFF428PIO,SRR14107574,released
153240,homo_sapiens,GSM5215705,GEO,ZNF616,Hep-G2,36.0,0.0,0.987,909.0,0.0518075059866788,0.9192,1,0,1,1,1,4,ENCFF434BJG,SRR14107795,released
153245,homo_sapiens,GSM5215333,GEO,ZNF678,Hep-G2,36.0,0.0,0.982,391.0,0.0373726789621663,0.901,1,0,1,1,1,4,ENCFF697YKH,SRR14107162,released
153249,homo_sapiens,GSM5215446,GEO,ZNF507,K562,40.0,0.0,0.961,1356.0,0.0265204164475672,0.81,1,0,1,1,1,4,ENCFF725KHC,SRR14107388,released
153253,homo_sapiens,GSM5215342,GEO,HIVEP1,K562,40.0,0.0,0.991,600.0,0.0195754916385501,0.707,1,0,1,1,1,4,ENCFF903AWM,SRR14107172,released
153256,homo_sapiens,GSM5215641,GEO,ZNF761,Hep-G2,36.0,0.0,0.982,637.0,0.0406461543769247,0.8622,1,0,1,1,1,4,ENCFF705PTD,SRR14107679,released
153262,homo_sapiens,GSM5215023,GEO,ZNF660,Hep-G2,36.0,0.0,0.977,233.0,0.0124376031402115,0.8473494310296975,1,0,1,1,1,4,ENCFF931INC,SRR14105646,released
153264,homo_sapiens,GSM5215048,GEO,ZNF124,Hep-G2,35.0,0.0,0.992,555.0,0.0490176920761464,0.9224,1,0,1,1,1,4,ENCFF224RUK,SRR14106044,released
153273,homo_sapiens,GSM5215125,GEO,ZBTB43,Hep-G2,35.0,0.0,0.994,1167.0,0.0462305409746535,0.9492,1,0,1,1,1,4,ENCFF013AYQ,SRR14106157,released
153274,homo_sapiens,GSM5215650,GEO,ZBTB8A,Hep-G2,36.0,0.0,0.974,202.0,0.009171309533696,0.8467548076923077,1,0,1,0,1,3,ENCFF697VVE,SRR14107695,released
153275,homo_sapiens,GSM5215727,GEO,ZNF597,Hep-G2,34.0,0.0,0.994,116.0,0.0134291012672649,0.8946922642574816,1,0,1,1,1,4,ENCFF480GKE,SRR14107828,released
153277,homo_sapiens,GSM5215039,GEO,Nfe2l1,Hep-G2,36.0,0.0,0.98,435.0,0.0551513334161841,0.8768,1,0,1,1,1,4,ENCFF526PYN,SRR14106032,released
153284,homo_sapiens,GSM5215441,GEO,ZBTB24,Hep-G2,37.0,0.0,0.978,380.0,0.0191519445757313,0.8226,1,0,1,1,1,4,ENCFF694CLQ,SRR14107383,released
153286,homo_sapiens,GSM5215243,GEO,HMG20A,K562,40.0,0.0,0.985,417.0,0.0190265031194791,0.2224669603524229,1,0,1,1,0,3,ENCFF615VBM,SRR14107049,released
153287,homo_sapiens,GSM5215334,GEO,ZNF678,Hep-G2,36.0,0.0,0.979,232.0,0.0177012540023301,0.9144,1,0,1,1,1,4,ENCFF723MRO,SRR14107163,released
153310,homo_sapiens,GSM5215421,GEO,ZNF485,Hep-G2,36.0,0.0,0.989,363.0,0.0606698451215464,0.9054,1,0,1,1,1,4,ENCFF468RDH,SRR14107278,released
153311,homo_sapiens,GSM5215720,GEO,ZNF572,Hep-G2,36.0,0.0,0.984,447.0,0.0893055308976389,0.9232,1,0,1,1,1,4,ENCFF596XBO,SRR14107820,released
153337,homo_sapiens,GSM5215778,GEO,ZNF510,Hep-G2,37.0,0.0,0.975,414.0,0.0382095693018613,0.9346,1,0,1,1,1,4,ENCFF660DWI,SRR14107943,released
153342,homo_sapiens,GSM5215505,GEO,Hoxb13,A549,40.0,0.0,0.972,323.0,0.0163647400492128,0.8013812154696133,1,0,1,1,1,4,ENCFF226HES,SRR14107462,released
153344,homo_sapiens,GSM5215472,GEO,ZBTB10,Hep-G2,35.0,0.0,0.994,1149.0,0.0470468457748353,0.9348,1,0,1,1,1,4,ENCFF167MUY,SRR14107434,released
153351,homo_sapiens,GSM5215307,GEO,ZNF782,Hep-G2,36.0,0.0,0.98,382.0,0.036211061099639,0.8854,1,0,1,1,1,4,ENCFF346FTT,SRR14107140,released
153352,homo_sapiens,GSM5215270,GEO,ZNF343,Hep-G2,36.0,0.0,0.984,357.0,0.0314759754386228,0.9072,1,0,1,1,1,4,ENCFF852VBW,SRR14107080,released
153365,homo_sapiens,GSM5215077,GEO,Zbtb21,Hep-G2,34.0,0.0,0.992,2086.0,0.0416406861360117,0.9346,1,0,1,1,1,4,ENCFF226ZNT,SRR14106085,released
153366,homo_sapiens,GSM5215100,GEO,ZNF513,Hep-G2,35.0,0.0,0.994,123.0,0.0185865834002071,0.9248,1,0,1,1,1,4,ENCFF959XPE,SRR14106112,released
153367,homo_sapiens,GSM5215618,GEO,ZNF526,Hep-G2,36.0,0.0,0.983,1175.0,0.0352450844205005,0.894,1,0,1,1,1,4,ENCFF282WLE,SRR14107649,released
153372,homo_sapiens,GSM5215680,GEO,ZNF720,Hep-G2,35.0,0.0,0.994,139.0,0.0131528104397184,0.883,1,0,1,1,1,4,ENCFF796INP,SRR14107747,released
153379,homo_sapiens,GSM5215572,GEO,HMGXB3,Hep-G2,34.0,0.0,0.993,975.0,0.0465587641806304,0.934,1,0,1,1,1,4,ENCFF151AOU,SRR14107573,released
153394,homo_sapiens,GSM5215117,GEO,ZNF629,Hep-G2,35.0,0.0,0.993,7859.0,0.1060939489633259,0.6522,1,0,1,1,0,3,ENCFF540KKQ,SRR14106136,released
153396,homo_sapiens,GSM5215691,GEO,ZNF687,Hep-G2,36.0,0.0,0.972,14095.0,0.446436887050976,0.9702,1,0,1,1,1,4,ENCFF917GRB,SRR14107760,released
153402,homo_sapiens,GSM5215011,GEO,ZNF490,Hep-G2,36.0,0.0,0.973,580.0,0.015544735471601,0.7116,1,0,1,1,1,4,ENCFF779ZWE,SRR14105622,released
153407,homo_sapiens,GSM5215496,GEO,ZNF547,Hep-G2,36.0,0.0,0.987,579.0,0.076744325567424,0.9336,1,0,1,1,1,4,ENCFF406EJW,SRR14107455,released
153410,homo_sapiens,GSM5215294,GEO,ZNF121,Hep-G2,36.0,0.0,0.981,6354.0,0.1349164181448808,0.6598,1,0,1,1,0,3,ENCFF304IFW,SRR14107125,released
153418,homo_sapiens,GSM5215225,GEO,ZBTB46,Hep-G2,36.0,0.0,0.984,201.0,0.0126998557629235,0.8566644340254521,1,0,1,1,1,4,ENCFF641WRM,SRR14107031,released
153422,homo_sapiens,GSM5215038,GEO,Nfe2l1,Hep-G2,36.0,0.0,0.986,244.0,0.0158398696266653,0.8406,1,0,1,1,1,4,ENCFF525JIX,SRR14106031,released
153428,homo_sapiens,GSM5215022,GEO,ZNF660,Hep-G2,36.0,0.0,0.985,315.0,0.0219693941714705,0.8946,1,0,1,1,1,4,ENCFF739JQK,SRR14105645,released
153434,homo_sapiens,GSM5215049,GEO,ZNF124,Hep-G2,34.0,0.0,0.994,657.0,0.0455114241089876,0.924,1,0,1,1,1,4,ENCFF928GMP,SRR14106045,released
153438,homo_sapiens,GSM5215343,GEO,HIVEP1,K562,40.0,0.0,0.989,570.0,0.0190844007159164,0.7184,1,0,1,1,1,4,ENCFF933GNG,SRR14107173,released
146599,homo_sapiens,GSM5330760,GEO,Zbtb12,K-562,40.0,0.0,0.992,1548.0,0.0278306856890214,0.8282,1,0,1,1,1,4,ENCFF158DFY,SRR14637191,released
146662,homo_sapiens,GSM5330856,GEO,ZNF281,K-562,36.0,0.0,0.975,5686.0,0.1220948226680901,0.9242,1,0,1,1,1,4,ENCFF651YNF,SRR14637533,released
146803,homo_sapiens,GSM5330758,GEO,CAMTA2,HepG2,36.0,0.0,0.981,514.0,0.0686144079388523,0.9166,1,0,1,1,1,4,ENCFF071CWD,SRR14637188,released
146804,homo_sapiens,GSM5330937,GEO,ZNF576,HepG2,36.0,0.0,0.985,280.0,0.0349241619529758,0.8774,1,0,1,1,1,4,ENCFF881ZTQ,SRR14637752,released
153515,homo_sapiens,GSM5330616,GEO,ZNF225,HepG2,36.0,0.0,0.987,776.0,0.0741851226913956,0.9354,1,0,1,1,1,4,ENCFF084WPW,SRR14636863,released
146598,homo_sapiens,GSM5330759,GEO,Zbtb12,K-562,40.0,0.0,0.993,1611.0,0.028755028465076,0.8446,1,0,1,1,1,4,ENCFF486JTI,SRR14637190,released
146856,homo_sapiens,GSM5330764,GEO,STAT5B,K-562,36.0,0.0,0.984,388.0,0.0134749164958133,0.3253903040262941,1,0,1,1,0,3,ENCFF594NNR,SRR14637220,released
146943,homo_sapiens,GSM5330797,GEO,POU6F1,SK-N-SH,40.0,0.0,0.981,284.0,0.023464202354971,0.8094,1,0,1,1,1,4,ENCFF897BYH,SRR14637363,released
146802,homo_sapiens,GSM5330757,GEO,CAMTA2,HepG2,36.0,0.0,0.989,212.0,0.0230442180059773,0.9052,1,0,1,1,1,4,ENCFF301BMC,SRR14637187,released
146753,homo_sapiens,GSM5330762,GEO,ZNF165,K-562,40.0,0.0,0.992,390.0,0.0171302702295772,0.5967436577054146,1,0,1,1,0,3,ENCFF164WTK,SRR14637218,released
146942,homo_sapiens,GSM5330796,GEO,POU6F1,SK-N-SH,40.0,0.0,0.978,197.0,0.014387837842566,0.8702,1,0,1,1,1,4,ENCFF713ALO,SRR14637362,released
146661,homo_sapiens,GSM5330855,GEO,ZNF281,K-562,36.0,0.0,0.978,4806.0,0.0987951198868089,0.9028,1,0,1,1,1,4,ENCFF239FTP,SRR14637532,released
102247,homo_sapiens,GSM2828854,GEO,ZNF350,HEK293,40.0,0.0,0.939,146.0,0.0120652499999969,0.8134,1,0,1,1,1,4,ENCFF777QMW,SRR6214221,released
100640,homo_sapiens,GSM2534716,GEO,ARID4B,Hep-G2,35.0,0.0,0.991,4598.0,0.1259857499999685,0.9624,1,0,1,1,1,4,ENCFF550QWK,SRR5339645,released
102280,homo_sapiens,GSM2534181,GEO,ZNF644,Hep-G2,35.0,0.0,0.991,2961.0,0.0498797499999875,0.9338,1,0,1,1,1,4,ENCFF095XXT,SRR5338963,released
102654,homo_sapiens,GSM2534642,GEO,Hmg20b,Hep-G2,35.0,0.0,0.993,948.0,0.0320232499999919,0.9442,1,0,1,1,1,4,ENCFF713JRT,SRR5339552,released
100639,homo_sapiens,GSM2534717,GEO,ARID4B,Hep-G2,35.0,0.0,0.99,9332.0,0.1923564999999519,0.9658,1,0,1,1,1,4,ENCFF362DJJ,SRR5339646,released
101226,homo_sapiens,GSM2534485,GEO,RFXANK,Hep-G2,35.0,0.0,0.99,595.0,0.0202714999999949,0.9358,1,0,1,1,1,4,ENCFF958ONK,SRR5339371,released
102279,homo_sapiens,GSM2534180,GEO,ZNF644,Hep-G2,35.0,0.0,0.993,3757.0,0.0591419999999852,0.9308,1,0,1,1,1,4,ENCFF272TAW,SRR5338962,released
100755,homo_sapiens,GSM2534159,GEO,THAP11,Hep-G2,35.0,0.0,0.952,8489.0,0.2723299999999319,0.9666,1,0,1,1,1,4,ENCFF345EHR,SRR5338926,released
100486,homo_sapiens,GSM2534082,GEO,ZNF652,Hep-G2,35.0,0.0,0.985,5936.0,0.111950749999972,0.8814,1,0,1,1,1,4,ENCFF061MRR,SRR5338819,released
100756,homo_sapiens,GSM2534158,GEO,THAP11,Hep-G2,35.0,0.0,0.947,8543.0,0.2917727499999271,0.9686,1,0,1,1,1,4,ENCFF371NAN,SRR5338925,released
101751,homo_sapiens,GSM2527475,GEO,GATAD1,Hep-G2,35.0,0.0,0.99,5331.0,0.1190047499999702,0.9636,1,0,1,1,1,4,ENCFF495VRD,SRR5331267,released
102078,homo_sapiens,GSM2527433,GEO,HMG20A,Hep-G2,35.0,0.0,0.993,685.0,0.0286739999999928,0.9412,1,0,1,1,1,4,ENCFF402KIC,SRR5331202,released
101439,homo_sapiens,GSM2527571,GEO,ZBTB26,Hep-G2,35.0,0.0,0.994,973.0,0.0451947499999887,0.9226,1,0,1,1,1,4,ENCFF649ROJ,SRR5331378,released
102079,homo_sapiens,GSM2527434,GEO,HMG20A,Hep-G2,35.0,0.0,0.99,7665.0,0.1339969999999665,0.9708,1,0,1,1,1,4,ENCFF261LRY,SRR5331203,released
101031,homo_sapiens,GSM2533962,GEO,ZNF511,Hep-G2,35.0,0.0,0.991,343.0,0.0406299999999898,0.9518,1,0,1,1,1,4,ENCFF259MWS,SRR5338656,released
101032,homo_sapiens,GSM2533961,GEO,ZNF511,Hep-G2,35.0,0.0,0.989,447.0,0.035811249999991,0.9516,1,0,1,1,1,4,ENCFF128OQA,SRR5338655,released
146795,homo_sapiens,GSM5331352,GEO,ZBTB38,HepG2,36.0,0.0,0.986,1516.0,0.1295969177370519,0.8876,1,0,1,1,1,4,ENCFF358PSV,SRR14637939,released
146855,homo_sapiens,GSM5330763,GEO,STAT5B,K-562,36.0,0.0,0.985,330.0,0.0123832067708797,0.3248175182481752,1,0,1,1,0,3,ENCFF387PSC,SRR14637219,released
146805,homo_sapiens,GSM5330938,GEO,ZNF576,HepG2,36.0,0.0,0.988,519.0,0.0292512950117418,0.8918,1,0,1,1,1,4,ENCFF211AMX,SRR14637753,released
153516,homo_sapiens,GSM5330617,GEO,ZNF225,HepG2,36.0,0.0,0.983,1464.0,0.1723878092345152,0.8866,1,0,1,1,1,4,ENCFF092VOM,SRR14636864,released
146752,homo_sapiens,GSM5330761,GEO,ZNF165,K-562,40.0,0.0,0.993,402.0,0.0213081235440241,0.767,1,0,1,1,1,4,ENCFF513ADU,SRR14637217,released
164672,homo_sapiens,GSM5668028,GEO,ZNF416,GM25256,36.0,0.0,0.992,402.0,0.0123557903786908,0.795,1,0,1,1,1,4,ENCFF560IQI,SRR16810646,released
164683,homo_sapiens,GSM5668966,GEO,ZNF302,A549,36.0,0.0,0.981,468.0,0.0162875208972279,0.6664628553959034,1,0,1,1,0,3,ENCFF363ZCB,SRR16811776,released
164685,homo_sapiens,GSM5668509,GEO,ZNF646,Hep-G2,36.0,0.0,0.985,1232.0,0.0529338667333284,0.8144,1,0,1,1,1,4,ENCFF854HNF,SRR16811155,released
164688,homo_sapiens,GSM5668690,GEO,THAP12,K-562,36.0,0.0,0.991,648.0,0.0304485056559895,0.7832,1,0,1,1,1,4,ENCFF207YHP,SRR16811457,released
164716,homo_sapiens,GSM5668029,GEO,ZNF416,GM25256,36.0,0.0,0.992,461.0,0.0117681123503068,0.7523645743766122,1,0,1,1,1,4,ENCFF203CPG,SRR16810647,released
164730,homo_sapiens,GSM5668508,GEO,ZNF646,Hep-G2,36.0,0.0,0.986,1770.0,0.0766816421471518,0.9016,1,0,1,1,1,4,ENCFF271AEG,SRR16811154,released
164733,homo_sapiens,GSM5668967,GEO,ZNF302,A549,36.0,0.0,0.982,436.0,0.0166772575054244,0.7135945815191098,1,0,1,1,1,4,ENCFF567LYV,SRR16811777,released
164831,homo_sapiens,GSM5668689,GEO,THAP12,K-562,36.0,0.0,0.991,610.0,0.0242152387881818,0.7736,1,0,1,1,1,4,ENCFF570TJZ,SRR16811456,released
163485,homo_sapiens,GSM6372536,GEO,ZNF425,GM25256,36.0,0.0,0.992,311.0,0.0082095790758989,0.694831013916501,1,0,1,0,0,2,ENCFF077YKK,SRR20465576,released
163671,homo_sapiens,GSM6372198,GEO,ZNF699,K-562,36.0,0.0,0.985,331.0,0.0147444636114466,0.2610088070456365,1,0,1,1,0,3,ENCFF397FIX,SRR20464121,released
163496,homo_sapiens,GSM6372514,GEO,CAMTA2,K-562,40.0,0.0,0.993,388.0,0.0180667772901339,0.6363049095607235,1,0,1,1,0,3,ENCFF396CIB,SRR20465460,released
163700,homo_sapiens,GSM6372563,GEO,ZNF221,Hep-G2,36.0,0.0,0.985,694.0,0.0725638160214793,0.9414,1,0,1,1,1,4,ENCFF278YLO,SRR20465717,released
163687,homo_sapiens,GSM6372602,GEO,ARID4B,K-562,36.0,0.0,0.988,1019.0,0.0755569336330463,0.938,1,0,1,1,1,4,ENCFF552XRX,SRR20465951,released
163701,homo_sapiens,GSM6372564,GEO,ZNF221,Hep-G2,36.0,0.0,0.984,475.0,0.0565029657460498,0.9314,1,0,1,1,1,4,ENCFF848ITW,SRR20465718,released
163672,homo_sapiens,GSM6372199,GEO,ZNF699,K-562,36.0,0.0,0.982,363.0,0.0122557708702589,0.4373010821133036,1,0,1,1,0,3,ENCFF935LIL,SRR20464122,released
163495,homo_sapiens,GSM6372513,GEO,CAMTA2,K-562,40.0,0.0,0.992,345.0,0.0173111340446924,0.5802987861811392,1,0,1,1,0,3,ENCFF862ZJI,SRR20465459,released
163555,homo_sapiens,GSM6372180,GEO,ZNF605,Hep-G2,36.0,0.0,0.983,1078.0,0.1105287740516931,0.9438,1,0,1,1,1,4,ENCFF145GNF,SRR20464071,released
163572,homo_sapiens,GSM6372658,GEO,ZNF398,K-562,36.0,0.0,0.978,370.0,0.0126502623680246,0.3819742489270386,1,0,1,1,0,3,ENCFF021VGV,SRR20466317,released
163575,homo_sapiens,GSM6372197,GEO,ZNF816,Hep-G2,36.0,0.0,0.989,469.0,0.042968707028532,0.9134,1,0,1,1,1,4,ENCFF030SUX,SRR20464120,released
163556,homo_sapiens,GSM6372181,GEO,ZNF605,Hep-G2,36.0,0.0,0.985,448.0,0.0711216909254853,0.9382,1,0,1,1,1,4,ENCFF328AIN,SRR20464072,released
163484,homo_sapiens,GSM6372535,GEO,ZNF425,GM25256,36.0,0.0,0.993,329.0,0.0087531804580437,0.6511270491803278,1,0,1,0,0,2,ENCFF443KYK,SRR20465575,released
163573,homo_sapiens,GSM6372659,GEO,ZNF398,K-562,36.0,0.0,0.981,397.0,0.013810401287364,0.4175317185697808,1,0,1,1,0,3,ENCFF251YAP,SRR20466318,released
163574,homo_sapiens,GSM6372196,GEO,ZNF816,Hep-G2,36.0,0.0,0.987,760.0,0.0637251566499267,0.9376,1,0,1,1,1,4,ENCFF748DCR,SRR20464119,released
163686,homo_sapiens,GSM6372601,GEO,ARID4B,K-562,36.0,0.0,0.988,498.0,0.0452494026724762,0.9336,1,0,1,1,1,4,ENCFF996XBB,SRR20465950,released
172014,homo_sapiens,GSM5669886,GEO,ZNF865,Hep-G2,36.0,0.0,0.979,13199.0,0.189308385149002,0.8272,1,0,1,1,1,4,ENCFF082XKF,SRR16814630,released
172021,homo_sapiens,GSM5669119,GEO,ZNF251,Hep-G2,37.0,0.0,0.981,352.0,0.0346188371737255,0.8868,1,0,1,1,1,4,ENCFF952IDK,SRR16812318,released
172140,homo_sapiens,GSM5669887,GEO,ZNF865,Hep-G2,36.0,0.0,0.984,3921.0,0.050218170825581,0.796,1,0,1,1,1,4,ENCFF799XBO,SRR16814631,released
172159,homo_sapiens,GSM5669120,GEO,ZNF251,Hep-G2,36.0,0.0,0.979,250.0,0.0204647586787587,0.8794,1,0,1,1,1,4,ENCFF460TWH,SRR16812319,released
172247,homo_sapiens,GSM5669260,GEO,ZNF430,Hep-G2,36.0,0.0,0.979,812.0,0.0553596460678639,0.9172,1,0,1,1,1,4,ENCFF305TDP,SRR16812587,released
172279,homo_sapiens,GSM5669573,GEO,ZNF850,Hep-G2,36.0,0.0,0.986,475.0,0.0261880312646123,0.8604,1,0,1,1,1,4,ENCFF523MYQ,SRR16813470,released
172336,homo_sapiens,GSM5669259,GEO,ZNF430,Hep-G2,36.0,0.0,0.978,1471.0,0.0941360691657638,0.9306,1,0,1,1,1,4,ENCFF611UXL,SRR16812586,released
172400,homo_sapiens,GSM5669572,GEO,ZNF850,Hep-G2,36.0,0.0,0.987,335.0,0.0276088608562507,0.8906,1,0,1,1,1,4,ENCFF562SHF,SRR16813469,released
172543,homo_sapiens,GSM4308113,GEO,ZNF549,HEK293,40.0,0.0,0.989,600.0,0.015237105712779,0.7408,1,0,1,1,1,4,ENCFF378PPW,SRR11075389,released
163663,homo_sapiens,GSM6347330,GEO,ZNF707,K-562,36.0,0.0,0.986,910.0,0.0186006829352165,0.4281437125748503,1,0,1,1,0,3,ENCFF450YDH,SRR20463816,released
163664,homo_sapiens,GSM6347331,GEO,ZNF707,K-562,36.0,0.0,0.986,927.0,0.0179746364546792,0.3886547811993517,1,0,1,1,0,3,ENCFF832SFH,SRR20463817,released
163521,homo_sapiens,GSM6347346,GEO,NFATC4,GM25256,36.0,0.0,0.992,417.0,0.0128617186437119,0.8092,1,0,1,1,1,4,ENCFF289OMX,SRR20463956,released
174749,homo_sapiens,GSM5667501,GEO,ZNF219,Hep-G2,36.0,0.0,0.994,7017.0,0.1236605858670522,0.9736,1,0,1,1,1,4,ENCFF771EFB,SRR16808606,released
174748,homo_sapiens,GSM5667500,GEO,ZNF219,Hep-G2,36.0,0.0,0.993,7366.0,0.137521307329687,0.973,1,0,1,1,1,4,ENCFF110WFK,SRR16808605,released
145283,homo_sapiens,GSM5214653,GEO,Nr5a1,Hep-G2,35.0,0.0,0.995,7639.0,0.1041355128267704,0.9044,1,0,1,1,1,4,ENCFF560KNZ,SRR14104399,released
145291,homo_sapiens,GSM5214350,GEO,HNF4G,Hep-G2,36.0,0.0,0.982,3105.0,0.0799667964861498,0.9402,1,0,1,1,1,4,ENCFF077HNX,SRR14103869,released
145304,homo_sapiens,GSM5214020,GEO,STAT6,Hep-G2,36.0,0.0,0.98,166.0,0.0301555773087046,0.9294,1,0,1,1,1,4,ENCFF698ZGJ,SRR14103302,released
145307,homo_sapiens,GSM5214642,GEO,Zfp62,Hep-G2,34.0,0.0,0.995,119.0,0.0174272306387473,0.9092,1,0,1,1,1,4,ENCFF893OFF,SRR14104381,released
145308,homo_sapiens,GSM5214735,GEO,KLF10,K562,40.0,0.0,0.992,402.0,0.0160312714671045,0.4090648307515777,1,0,1,1,0,3,ENCFF246XXX,SRR14105144,released
145329,homo_sapiens,GSM5214881,GEO,CEBPD,Hep-G2,33.0,0.0,0.993,5425.0,0.0854189208436926,0.9448,1,0,1,1,1,4,ENCFF616JYP,SRR14105403,released
145333,homo_sapiens,GSM5214319,GEO,ESRRA,Hep-G2,36.0,0.0,0.985,1875.0,0.0684014362062207,0.9006,1,0,1,1,1,4,ENCFF464HKV,SRR14103818,released
145336,homo_sapiens,GSM5214570,GEO,Mef2a,Hep-G2,34.0,0.0,0.994,500.0,0.0349020784122492,0.9396,1,0,1,1,1,4,ENCFF805CUR,SRR14104252,released
145337,homo_sapiens,GSM5214381,GEO,Nr1h2,K562,36.0,0.0,0.987,208.0,0.0129561695646629,0.8902,1,0,1,1,1,4,ENCFF957FNO,SRR14103930,released
145345,homo_sapiens,GSM5214905,GEO,LCORL,Hep-G2,36.0,0.0,0.993,2269.0,0.1240698026024475,0.953,1,0,1,1,1,4,ENCFF902YLN,SRR14105444,released
145354,homo_sapiens,GSM5214600,GEO,FOXA2,Hep-G2,34.0,0.0,0.994,10146.0,0.1053365732429116,0.9652,1,0,1,1,1,4,ENCFF515SBM,SRR14104309,released
145357,homo_sapiens,GSM5214599,GEO,FOXA2,Hep-G2,35.0,0.0,0.991,15809.0,0.1812986409280623,0.9702,1,0,1,1,1,4,ENCFF710ZUI,SRR14104308,released
145360,homo_sapiens,GSM5214974,GEO,ZNF30,Hep-G2,36.0,0.0,0.991,353.0,0.0256072772233089,0.8934,1,0,1,1,1,4,ENCFF313RZP,SRR14105559,released
145372,homo_sapiens,GSM5214009,GEO,Clock,K562,39.0,0.0,0.986,334.0,0.0163320186625899,0.5029976019184652,1,0,1,1,0,3,ENCFF164KAE,SRR14103284,released
145407,homo_sapiens,GSM5214162,GEO,FOXM1,Hep-G2,34.0,0.0,0.996,239.0,0.019050397724259,0.9032,1,0,1,1,1,4,ENCFF022XKL,SRR14103545,released
145414,homo_sapiens,GSM5214290,GEO,Esrrb,K562,40.0,0.0,0.991,387.0,0.018558349168062,0.5822528363047001,1,0,1,1,0,3,ENCFF181HSQ,SRR14103782,released
145423,homo_sapiens,GSM5214212,GEO,SPDEF,MCF-7,40.0,0.0,0.986,2665.0,0.0588090508797932,0.9066,1,0,1,1,1,4,ENCFF928JTA,SRR14103647,released
145440,homo_sapiens,GSM5214178,GEO,ZNF12,K562,36.0,0.0,0.985,1288.0,0.0333637924960282,0.7436,1,0,1,1,1,4,ENCFF106RSV,SRR14103565,released
145445,homo_sapiens,GSM5214805,GEO,HMGA1,Hep-G2,34.0,0.0,0.996,88.0,0.0083730267104778,0.6638225255972696,1,0,1,0,0,2,ENCFF738UKJ,SRR14105272,released
145450,homo_sapiens,GSM5214483,GEO,ZBTB3,Hep-G2,36.0,0.0,0.979,666.0,0.0392567499999901,0.9088,1,0,1,1,1,4,ENCFF851UPQ,SRR14104094,released
145456,homo_sapiens,GSM5214219,GEO,Foxf2,A549,39.0,0.0,0.977,573.0,0.0174732866748796,0.8294,1,0,1,1,1,4,ENCFF265BUM,SRR14103655,released
145457,homo_sapiens,GSM5214771,GEO,FOXS1,A549,40.0,0.0,0.966,465.0,0.016253804584442,0.7504539559014267,1,0,1,1,1,4,ENCFF462BGX,SRR14105222,released
145460,homo_sapiens,GSM5214981,GEO,ATOH8,A549,40.0,0.0,0.974,535.0,0.0216820825874802,0.8224,1,0,1,1,1,4,ENCFF925AZB,SRR14105567,released
145470,homo_sapiens,GSM5214268,GEO,GMEB1,Hep-G2,36.0,0.0,0.979,3942.0,0.1188285372262812,0.9616,1,0,1,1,1,4,ENCFF946XRR,SRR14103745,released
145486,homo_sapiens,GSM5214140,GEO,Klf13,Hep-G2,36.0,0.0,0.985,311.0,0.0413471566621875,0.8664,1,0,1,1,1,4,ENCFF009ZIC,SRR14103507,released
145497,homo_sapiens,GSM5214459,GEO,HOMEZ,K562,40.0,0.0,0.982,337.0,0.0180885431311855,0.6588579795021962,1,0,1,1,0,3,ENCFF203YNV,SRR14104064,released
145500,homo_sapiens,GSM5214230,GEO,Gata2,K562,36.0,0.0,0.99,2311.0,0.0407494844051838,0.9508,1,0,1,1,1,4,ENCFF008FJJ,SRR14103677,released
145507,homo_sapiens,GSM5214327,GEO,FOXJ3,K562,36.0,0.0,0.989,321.0,0.0091576209752259,0.8358741485566007,1,0,1,0,1,3,ENCFF558WLT,SRR14103830,released
145531,homo_sapiens,GSM5214745,GEO,THAP9,Hep-G2,36.0,0.0,0.974,2695.0,0.1530674299945602,0.9604,1,0,1,1,1,4,ENCFF466KZT,SRR14105157,released
145535,homo_sapiens,GSM5214030,GEO,ZFP41,Hep-G2,36.0,0.0,0.982,203.0,0.0169483939718332,0.8856,1,0,1,1,1,4,ENCFF085DAM,SRR14103312,released
145541,homo_sapiens,GSM5214643,GEO,Zfp62,Hep-G2,34.0,0.0,0.995,123.0,0.0151148896599268,0.8872458410351202,1,0,1,1,1,4,ENCFF281MVN,SRR14104382,released
145554,homo_sapiens,GSM5214455,GEO,ZBTB4,Hep-G2,36.0,0.0,0.985,577.0,0.1041897387636701,0.9144,1,0,1,1,1,4,ENCFF888ZZB,SRR14104058,released
145560,homo_sapiens,GSM5214021,GEO,STAT6,Hep-G2,36.0,0.0,0.986,164.0,0.0158473110182353,0.9136,1,0,1,1,1,4,ENCFF260NYI,SRR14103303,released
145571,homo_sapiens,GSM5214351,GEO,HNF4G,Hep-G2,36.0,0.0,0.984,322.0,0.0312380692357407,0.904,1,0,1,1,1,4,ENCFF277OHY,SRR14103870,released
145576,homo_sapiens,GSM5214538,GEO,SOX18,Hep-G2,36.0,0.0,0.982,171.0,0.0126960026177396,0.9016,1,0,1,1,1,4,ENCFF744AFE,SRR14104196,released
145581,homo_sapiens,GSM5214767,GEO,HOXA5,Hep-G2,35.0,0.0,0.992,907.0,0.0621831557134613,0.949,1,0,1,1,1,4,ENCFF520VTE,SRR14105217,released
145631,homo_sapiens,GSM5214975,GEO,ZNF30,Hep-G2,36.0,0.0,0.99,377.0,0.0347502479698357,0.9072,1,0,1,1,1,4,ENCFF006BKI,SRR14105560,released
145635,homo_sapiens,GSM5214571,GEO,Mef2a,Hep-G2,35.0,0.0,0.953,348.0,0.0186808967770854,0.9468,1,0,1,1,1,4,ENCFF238YMB,SRR14104253,released
145637,homo_sapiens,GSM5214406,GEO,ZNF17,Hep-G2,36.0,0.0,0.987,263.0,0.0230606241231269,0.8936,1,0,1,1,1,4,ENCFF715XXJ,SRR14103977,released
145640,homo_sapiens,GSM5214318,GEO,ESRRA,Hep-G2,37.0,0.0,0.974,1393.0,0.0593811789719092,0.9308,1,0,1,1,1,4,ENCFF982OPR,SRR14103817,released
145641,homo_sapiens,GSM5214707,GEO,FOXO1,Hep-G2,34.0,0.0,0.997,1109.0,0.0839108904086957,0.9554,1,0,1,1,1,4,ENCFF176POC,SRR14104502,released
145642,homo_sapiens,GSM5214880,GEO,CEBPD,Hep-G2,33.0,0.0,0.995,3763.0,0.0517139242062888,0.9266,1,0,1,1,1,4,ENCFF137CSB,SRR14105402,released
145647,homo_sapiens,GSM5214072,GEO,FOXP4,Hep-G2,35.0,0.0,0.991,7211.0,0.127716939594814,0.9652,1,0,1,1,1,4,ENCFF242GNW,SRR14103366,released
145649,homo_sapiens,GSM5214904,GEO,LCORL,Hep-G2,36.0,0.0,0.994,1438.0,0.1115536902399148,0.9502,1,0,1,1,1,4,ENCFF485HDJ,SRR14105443,released
145665,homo_sapiens,GSM5214386,GEO,TFDP2,Hep-G2,34.0,0.0,0.994,4145.0,0.0772277460392821,0.9652,1,0,1,1,1,4,ENCFF419YKH,SRR14103935,released
145671,homo_sapiens,GSM5214498,GEO,Nr3c1,Hep-G2,34.0,0.0,0.996,109.0,0.008569055491214,0.7691309987029832,1,0,1,0,1,3,ENCFF069MVN,SRR14104118,released
145675,homo_sapiens,GSM5214482,GEO,ZBTB3,Hep-G2,36.0,0.0,0.965,211.0,0.0136803875909601,0.91624895572264,1,0,1,1,1,4,ENCFF616QLY,SRR14104093,released
145676,homo_sapiens,GSM5214172,GEO,Fosl2,Hep-G2,34.0,0.0,0.982,18637.0,0.2577936525909955,0.9726,1,0,1,1,1,4,ENCFF502WCW,SRR14103558,released
145677,homo_sapiens,GSM5214804,GEO,HMGA1,Hep-G2,34.0,0.0,0.996,93.0,0.0087784396323531,0.6024096385542169,1,0,1,0,0,2,ENCFF313HCQ,SRR14105271,released
145681,homo_sapiens,GSM5214770,GEO,FOXS1,A549,40.0,0.0,0.982,532.0,0.0201150014682797,0.8048,1,0,1,1,1,4,ENCFF064JPG,SRR14105221,released
145685,homo_sapiens,GSM5214218,GEO,Foxf2,A549,40.0,0.0,0.992,1097.0,0.0312362415247714,0.8338,1,0,1,1,1,4,ENCFF427VGU,SRR14103654,released
145687,homo_sapiens,GSM5214119,GEO,Satb2,Hep-G2,35.0,0.0,0.995,545.0,0.0285130646650725,0.9322,1,0,1,1,1,4,ENCFF609NGB,SRR14103461,released
145696,homo_sapiens,GSM5214213,GEO,SPDEF,MCF-7,40.0,0.0,0.985,1602.0,0.0487667554082496,0.8824,1,0,1,1,1,4,ENCFF867FHB,SRR14103648,released
145699,homo_sapiens,GSM5214179,GEO,ZNF12,K562,36.0,0.0,0.984,596.0,0.050854784623665,0.7866,1,0,1,1,1,4,ENCFF966SKD,SRR14103566,released
145714,homo_sapiens,GSM5214792,GEO,Zbtb1,Hep-G2,35.0,0.0,0.996,142.0,0.0108000445115146,0.8472317156527683,1,0,1,1,1,4,ENCFF349JZN,SRR14105253,released
145716,homo_sapiens,GSM5214163,GEO,FOXM1,Hep-G2,34.0,0.0,0.994,373.0,0.022535006326597,0.9104,1,0,1,1,1,4,ENCFF384ENL,SRR14103546,released
145723,homo_sapiens,GSM5214209,GEO,DMTF1,Hep-G2,36.0,0.0,0.977,194.0,0.0122279271821441,0.9126,1,0,1,1,1,4,ENCFF566ODT,SRR14103644,released
145728,homo_sapiens,GSM5214460,GEO,HOMEZ,K562,40.0,0.0,0.983,365.0,0.016059192311201,0.55560951918407,1,0,1,1,0,3,ENCFF767NQA,SRR14104065,released
145729,homo_sapiens,GSM5214357,GEO,Arntl,Hep-G2,37.0,0.0,0.977,1406.0,0.0705544322921917,0.9378,1,0,1,1,1,4,ENCFF895UEX,SRR14103877,released
145731,homo_sapiens,GSM5214748,GEO,ZFP37,Hep-G2,34.0,0.0,0.992,726.0,0.047652187824962,0.942,1,0,1,1,1,4,ENCFF893QHE,SRR14105160,released
145734,homo_sapiens,GSM5214121,GEO,Satb2,Hep-G2,35.0,0.0,0.994,512.0,0.02273631542379,0.9338,1,0,1,1,1,4,ENCFF168ETF,SRR14103462,released
145738,homo_sapiens,GSM5214654,GEO,Nr5a1,Hep-G2,35.0,0.0,0.994,3966.0,0.0590122058968568,0.8944,1,0,1,1,1,4,ENCFF182PGT,SRR14104400,released
145740,homo_sapiens,GSM5214422,GEO,TEAD4,Hep-G2,34.0,0.0,0.992,4607.0,0.0657174424878496,0.94,1,0,1,1,1,4,ENCFF062BYU,SRR14104004,released
145754,homo_sapiens,GSM5214231,GEO,Gata2,K562,36.0,0.0,0.99,1590.0,0.0321223849100042,0.937,1,0,1,1,1,4,ENCFF690SYN,SRR14103678,released
145772,homo_sapiens,GSM5214728,GEO,FOXA1,Hep-G2,34.0,0.0,0.993,11586.0,0.1088021890832941,0.9616,1,0,1,1,1,4,ENCFF128UUS,SRR14105124,released
145793,homo_sapiens,GSM5214093,GEO,HOXB5,A549,40.0,0.0,0.974,591.0,0.0293835239091009,0.8612,1,0,1,1,1,4,ENCFF616YBL,SRR14103417,released
145795,homo_sapiens,GSM5214267,GEO,GMEB1,Hep-G2,36.0,0.0,0.985,2038.0,0.040501039145079,0.9356,1,0,1,1,1,4,ENCFF583EFH,SRR14103744,released
145808,homo_sapiens,GSM5214613,GEO,TCFL5,K562,40.0,0.0,0.976,578.0,0.0164744691093352,0.6054073803434418,1,0,1,1,0,3,ENCFF066EKP,SRR14104337,released
145819,homo_sapiens,GSM5214071,GEO,FOXP4,Hep-G2,35.0,0.0,0.992,5431.0,0.0992953935232176,0.9604,1,0,1,1,1,4,ENCFF098CHO,SRR14103365,released
145826,homo_sapiens,GSM5214405,GEO,ZNF17,Hep-G2,36.0,0.0,0.986,280.0,0.0192008017587434,0.889,1,0,1,1,1,4,ENCFF891YTB,SRR14103976,released
145831,homo_sapiens,GSM5214276,GEO,ZNF83,Hep-G2,36.0,0.0,0.983,530.0,0.066716910009407,0.926,1,0,1,1,1,4,ENCFF003BPA,SRR14103753,released
145832,homo_sapiens,GSM5214487,GEO,Nr2f6,K562,33.0,0.0,0.997,1395.0,0.0313389814480716,0.9112,1,0,1,1,1,4,ENCFF788QRB,SRR14104104,released
145859,homo_sapiens,GSM5214328,GEO,FOXJ3,K562,36.0,0.0,0.99,318.0,0.0115615190194998,0.683572710951526,1,0,1,1,0,3,ENCFF471BBK,SRR14103831,released
145861,homo_sapiens,GSM5214029,GEO,ZFP41,Hep-G2,36.0,0.0,0.988,432.0,0.0455150649440141,0.9198,1,0,1,1,1,4,ENCFF432IJG,SRR14103311,released
145874,homo_sapiens,GSM5214746,GEO,THAP9,Hep-G2,36.0,0.0,0.982,719.0,0.0448949058230307,0.9196,1,0,1,1,1,4,ENCFF465DES,SRR14105158,released
145899,homo_sapiens,GSM5214456,GEO,ZBTB4,Hep-G2,36.0,0.0,0.987,195.0,0.0236302342228437,0.9092,1,0,1,1,1,4,ENCFF291VPP,SRR14104059,released
145908,homo_sapiens,GSM5214626,GEO,ZNF77,K562,40.0,0.0,0.994,322.0,0.0177171261301497,0.4539959704499664,1,0,1,1,0,3,ENCFF803NKB,SRR14104353,released
145914,homo_sapiens,GSM5214252,GEO,DDIT3,Hep-G2,34.0,0.0,0.977,163.0,0.0094779951894925,0.9208791208791208,1,0,1,0,1,3,ENCFF673DSS,SRR14103715,released
145920,homo_sapiens,GSM5214421,GEO,TEAD4,Hep-G2,34.0,0.0,0.994,3385.0,0.0608159917237137,0.9448,1,0,1,1,1,4,ENCFF101AMD,SRR14104003,released
145924,homo_sapiens,GSM5214223,GEO,ZNF76,K562,39.0,0.0,0.982,433.0,0.0257375894572243,0.7842,1,0,1,1,1,4,ENCFF645PLM,SRR14103663,released
145966,homo_sapiens,GSM5214807,GEO,Hnf1b,Hep-G2,36.0,0.0,0.982,1787.0,0.1328260619431063,0.9524,1,0,1,1,1,4,ENCFF290ZIZ,SRR14105274,released
145968,homo_sapiens,GSM5214171,GEO,Fosl2,Hep-G2,34.0,0.0,0.984,18075.0,0.2370168879121627,0.973,1,0,1,1,1,4,ENCFF292LDB,SRR14103557,released
145972,homo_sapiens,GSM5214403,GEO,HNF4A,Hep-G2,34.0,0.0,0.992,16203.0,0.1618404988046794,0.9538,1,0,1,1,1,4,ENCFF382VQI,SRR14103974,released
145974,homo_sapiens,GSM5214385,GEO,TFDP2,Hep-G2,34.0,0.0,0.994,2854.0,0.0630537041308347,0.9608,1,0,1,1,1,4,ENCFF760KQT,SRR14103934,released
145975,homo_sapiens,GSM5214675,GEO,CREB3,Hep-G2,35.0,0.0,0.993,357.0,0.0220703433731389,0.9372,1,0,1,1,1,4,ENCFF450AJC,SRR14104443,released
146004,homo_sapiens,GSM5214791,GEO,Zbtb1,Hep-G2,35.0,0.0,0.995,326.0,0.0186848063495507,0.913,1,0,1,1,1,4,ENCFF716JUA,SRR14105252,released
146012,homo_sapiens,GSM5214095,GEO,ZNF41,K562,40.0,0.0,0.988,675.0,0.0175325932820625,0.7327549724925941,1,0,1,1,1,4,ENCFF978IFY,SRR14103419,released
146023,homo_sapiens,GSM5214189,GEO,Rreb1,K562,40.0,0.0,0.993,422.0,0.0271404131176432,0.791,1,0,1,1,1,4,ENCFF907VAK,SRR14103608,released
146026,homo_sapiens,GSM5214210,GEO,DMTF1,Hep-G2,36.0,0.0,0.977,400.0,0.020661419100178,0.8986,1,0,1,1,1,4,ENCFF884SJH,SRR14103645,released
146039,homo_sapiens,GSM5214277,GEO,ZNF83,Hep-G2,37.0,0.0,0.977,371.0,0.0327927372625966,0.8908,1,0,1,1,1,4,ENCFF345HGP,SRR14103754,released
146040,homo_sapiens,GSM5214486,GEO,Nr2f6,K562,34.0,0.0,0.991,420.0,0.0117203543537212,0.8602957906712173,1,0,1,1,1,4,ENCFF611DVN,SRR14104103,released
146062,homo_sapiens,GSM5214382,GEO,Nr1h2,K562,36.0,0.0,0.988,236.0,0.0203082287904264,0.889,1,0,1,1,1,4,ENCFF891ZYP,SRR14103931,released
146064,homo_sapiens,GSM5214404,GEO,HNF4A,Hep-G2,34.0,0.0,0.991,21257.0,0.2149430400943212,0.9564,1,0,1,1,1,4,ENCFF416JVM,SRR14103975,released
146065,homo_sapiens,GSM5214010,GEO,Clock,K562,40.0,0.0,0.985,390.0,0.0188974896972417,0.671486953788117,1,0,1,1,0,3,ENCFF337DOV,SRR14103285,released
146075,homo_sapiens,GSM5214497,GEO,Nr3c1,Hep-G2,34.0,0.0,0.995,120.0,0.0096822670835156,0.7658119658119659,1,0,1,0,1,3,ENCFF726PBW,SRR14104117,released
146081,homo_sapiens,GSM5214612,GEO,TCFL5,K562,40.0,0.0,0.975,512.0,0.0164658219795802,0.527681660899654,1,0,1,1,0,3,ENCFF973LJD,SRR14104336,released
146098,homo_sapiens,GSM5214092,GEO,HOXB5,A549,38.0,0.0,0.975,521.0,0.0234721571454708,0.8664,1,0,1,1,1,4,ENCFF657OOT,SRR14103416,released
146127,homo_sapiens,GSM5214727,GEO,FOXA1,Hep-G2,34.0,0.0,0.995,9725.0,0.0882550194596677,0.9608,1,0,1,1,1,4,ENCFF015SPJ,SRR14105123,released
146134,homo_sapiens,GSM5214358,GEO,Arntl,Hep-G2,36.0,0.0,0.978,1361.0,0.0603197378202734,0.9338,1,0,1,1,1,4,ENCFF912EDI,SRR14103878,released
146135,homo_sapiens,GSM5214747,GEO,ZFP37,Hep-G2,35.0,0.0,0.993,320.0,0.0260683679461041,0.9388,1,0,1,1,1,4,ENCFF475WWC,SRR14105159,released
146153,homo_sapiens,GSM5214736,GEO,KLF10,K562,40.0,0.0,0.992,425.0,0.0162881954583414,0.514526710402999,1,0,1,1,0,3,ENCFF097ZBB,SRR14105145,released
146173,homo_sapiens,GSM5214537,GEO,SOX18,Hep-G2,36.0,0.0,0.985,275.0,0.0235938179957543,0.8932,1,0,1,1,1,4,ENCFF090MFI,SRR14104195,released
146192,homo_sapiens,GSM5214222,GEO,ZNF76,K562,40.0,0.0,0.981,361.0,0.0201668072017582,0.7170290878282971,1,0,1,1,1,4,ENCFF818RGZ,SRR14103662,released
146193,homo_sapiens,GSM5214627,GEO,ZNF77,K562,40.0,0.0,0.994,306.0,0.0174253540138187,0.4529855868222375,1,0,1,1,0,3,ENCFF581YGY,SRR14104354,released
146196,homo_sapiens,GSM5214139,GEO,Klf13,Hep-G2,36.0,0.0,0.986,250.0,0.0285879441247044,0.8706,1,0,1,1,1,4,ENCFF540NXQ,SRR14103506,released
146200,homo_sapiens,GSM5214253,GEO,DDIT3,Hep-G2,34.0,0.0,0.996,169.0,0.0118282767945705,0.8944539457610554,1,0,1,1,1,4,ENCFF118VEY,SRR14103716,released
146206,homo_sapiens,GSM5214094,GEO,ZNF41,K562,40.0,0.0,0.988,827.0,0.0189023760608193,0.7068,1,0,1,1,1,4,ENCFF718KNW,SRR14103418,released
146216,homo_sapiens,GSM5214188,GEO,Rreb1,K562,40.0,0.0,0.993,452.0,0.0258604405862042,0.772,1,0,1,1,1,4,ENCFF583VLJ,SRR14103607,released
146219,homo_sapiens,GSM5214289,GEO,Esrrb,K562,39.0,0.0,0.98,320.0,0.0150509396807552,0.366447985004686,1,0,1,1,0,3,ENCFF773BDS,SRR14103781,released
146236,homo_sapiens,GSM5214960,GEO,TEAD1,K562,40.0,0.0,0.989,375.0,0.0156902822898809,0.683445945945946,1,0,1,1,0,3,ENCFF480VTB,SRR14105532,released
146241,homo_sapiens,GSM5214708,GEO,FOXO1,Hep-G2,34.0,0.0,0.992,7464.0,0.1031889386268913,0.9624,1,0,1,1,1,4,ENCFF323JWJ,SRR14104503,released
146242,homo_sapiens,GSM5214674,GEO,CREB3,Hep-G2,35.0,0.0,0.993,364.0,0.0241044136064189,0.9406,1,0,1,1,1,4,ENCFF724TNQ,SRR14104442,released
146249,homo_sapiens,GSM5214200,GEO,SMAD9,Hep-G2,36.0,0.0,0.983,294.0,0.0201980265367412,0.8712,1,0,1,1,1,4,ENCFF034ETQ,SRR14103627,released
146252,homo_sapiens,GSM5214768,GEO,HOXA5,Hep-G2,34.0,0.0,0.991,1181.0,0.0714048536207448,0.954,1,0,1,1,1,4,ENCFF275FEA,SRR14105218,released
146253,homo_sapiens,GSM5214199,GEO,SMAD9,Hep-G2,36.0,0.0,0.986,305.0,0.0246102549518089,0.893,1,0,1,1,1,4,ENCFF718KIZ,SRR14103626,released
146268,homo_sapiens,GSM5214982,GEO,ATOH8,A549,38.0,0.0,0.973,454.0,0.0143476656440591,0.7571082879612825,1,0,1,1,1,4,ENCFF109IXL,SRR14105568,released
146271,homo_sapiens,GSM5214806,GEO,Hnf1b,Hep-G2,36.0,0.0,0.984,1905.0,0.1156027535300256,0.95,1,0,1,1,1,4,ENCFF100BMQ,SRR14105273,released
148065,homo_sapiens,GSM5370502,GEO,Gtf2i,GM25256,40.0,0.0,0.989,397.0,0.0137763429903117,0.5866501854140914,1,0,1,1,0,3,ENCFF679LCF,SRR14841427,released
148066,homo_sapiens,GSM5370001,GEO,NR2E3,A-549,38.0,0.0,0.99,304.0,0.0230800737354049,0.8432,1,0,1,1,1,4,ENCFF997RBA,SRR14830847,released
148074,homo_sapiens,GSM5370503,GEO,Gtf2i,GM25256,40.0,0.0,0.989,390.0,0.0138156602473109,0.6081018518518518,1,0,1,1,0,3,ENCFF782KLH,SRR14841428,released
148075,homo_sapiens,GSM5370000,GEO,NR2E3,A-549,38.0,0.0,0.99,305.0,0.0195854403056732,0.8164,1,0,1,1,1,4,ENCFF796MQP,SRR14830846,released
149645,homo_sapiens,GSM5369713,GEO,HMGA2,A549,40.0,0.0,0.988,340.0,0.0187006691875419,0.7934,1,0,1,1,1,4,ENCFF734YKM,SRR14837972,released
149651,homo_sapiens,GSM5369712,GEO,HMGA2,A549,40.0,0.0,0.989,354.0,0.016653689538632,0.789,1,0,1,1,1,4,ENCFF953IGT,SRR14837971,released
149675,homo_sapiens,GSM5213818,GEO,Fosl2,A549,40.0,0.0,0.984,364.0,0.012877555425423,0.5191222570532915,1,0,1,1,0,3,ENCFF249XJO,SRR14102931,released
149690,homo_sapiens,GSM5213851,GEO,Smad1,Hep-G2,36.0,0.0,0.986,183.0,0.0166176555930615,0.909,1,0,1,1,1,4,ENCFF055YEY,SRR14103005,released
149704,homo_sapiens,GSM5213920,GEO,ZNF12,Hep-G2,35.0,0.0,0.994,2925.0,0.0442301371836493,0.7154,1,0,1,1,1,4,ENCFF642OPP,SRR14103144,released
149722,homo_sapiens,GSM5213875,GEO,Gata2,SK-N-SH,36.0,0.0,0.988,7116.0,0.0814981835462226,0.9668,1,0,1,1,1,4,ENCFF785ZLQ,SRR14103057,released
149748,homo_sapiens,GSM5213850,GEO,Smad1,Hep-G2,36.0,0.0,0.981,842.0,0.090089005172791,0.9432,1,0,1,1,1,4,ENCFF895DOD,SRR14103004,released
149759,homo_sapiens,GSM5213968,GEO,ZNF20,Hep-G2,36.0,0.0,0.984,368.0,0.0193108401113101,0.8858,1,0,1,1,1,4,ENCFF566MZO,SRR14103210,released
149761,homo_sapiens,GSM5213874,GEO,Gata2,SK-N-SH,36.0,0.0,0.989,11405.0,0.1156227491723663,0.971,1,0,1,1,1,4,ENCFF478LQX,SRR14103056,released
149763,homo_sapiens,GSM5213919,GEO,ZNF12,Hep-G2,35.0,0.0,0.993,3264.0,0.0794284376364657,0.8406,1,0,1,1,1,4,ENCFF787PAK,SRR14103143,released
149781,homo_sapiens,GSM5213944,GEO,FOXJ3,Hep-G2,34.0,0.0,0.989,1429.0,0.0651744977031947,0.9614,1,0,1,1,1,4,ENCFF305GXO,SRR14103176,released
149790,homo_sapiens,GSM5213917,GEO,ZBED4,Hep-G2,34.0,0.0,0.991,400.0,0.0349715640011847,0.9478,1,0,1,1,1,4,ENCFF294ARZ,SRR14103128,released
149795,homo_sapiens,GSM5213882,GEO,Creb1,GM23338,39.0,0.0,0.972,5273.0,0.0690011079450598,0.9326,1,0,1,1,1,4,ENCFF059GRX,SRR14103066,released
149809,homo_sapiens,GSM5213877,GEO,ZNF10,Hep-G2,36.0,0.0,0.984,221.0,0.0166724461613154,0.7814,1,0,1,1,1,4,ENCFF781VEU,SRR14103059,released
149819,homo_sapiens,GSM5213824,GEO,HOXA7,A549,40.0,0.0,0.987,452.0,0.0252726530259027,0.7614,1,0,1,1,1,4,ENCFF096KTP,SRR14102951,released
149822,homo_sapiens,GSM5213922,GEO,GTF3A,Hep-G2,36.0,0.0,0.985,231.0,0.0230054228122312,0.8912,1,0,1,1,1,4,ENCFF561DXF,SRR14103146,released
149827,homo_sapiens,GSM5213844,GEO,Smad3,Hep-G2,34.0,0.0,0.993,813.0,0.0544141939155508,0.9564,1,0,1,1,1,4,ENCFF455NES,SRR14102995,released
149838,homo_sapiens,GSM5213945,GEO,FOXJ3,Hep-G2,35.0,0.0,0.994,335.0,0.0246118719408364,0.9308,1,0,1,1,1,4,ENCFF225AOR,SRR14103177,released
149841,homo_sapiens,GSM5213843,GEO,Smad3,Hep-G2,34.0,0.0,0.991,1259.0,0.0661425902669575,0.959,1,0,1,1,1,4,ENCFF062XDG,SRR14102994,released
149846,homo_sapiens,GSM5213883,GEO,Creb1,GM23338,40.0,0.0,0.985,4778.0,0.0592945478922837,0.9298,1,0,1,1,1,4,ENCFF723XAZ,SRR14103067,released
149851,homo_sapiens,GSM5213967,GEO,ZNF20,Hep-G2,36.0,0.0,0.963,415.0,0.0227359060314513,0.9038,1,0,1,1,1,4,ENCFF882BRW,SRR14103209,released
149856,homo_sapiens,GSM5213916,GEO,ZBED4,Hep-G2,34.0,0.0,0.995,1654.0,0.0626893685078186,0.951,1,0,1,1,1,4,ENCFF040FPT,SRR14103127,released
149865,homo_sapiens,GSM5213876,GEO,ZNF10,Hep-G2,36.0,0.0,0.98,175.0,0.0104945261985564,0.6651785714285714,1,0,1,1,0,3,ENCFF386ROJ,SRR14103058,released
149877,homo_sapiens,GSM5213923,GEO,GTF3A,Hep-G2,36.0,0.0,0.985,200.0,0.0160664552578199,0.8906,1,0,1,1,1,4,ENCFF528NGV,SRR14103147,released
149880,homo_sapiens,GSM5213825,GEO,HOXA7,A549,40.0,0.0,0.986,438.0,0.0200830446991116,0.7602,1,0,1,1,1,4,ENCFF926XRJ,SRR14102953,released
146731,homo_sapiens,GSM5331228,GEO,CSDC2,SK-N-SH,40.0,0.0,0.974,442.0,0.0337894393309749,0.8842,1,0,1,1,1,4,ENCFF749ILR,SRR14638805,released
146601,homo_sapiens,GSM5331398,GEO,PATZ1,SK-N-SH,39.0,0.0,0.971,309.0,0.0234119912062694,0.8644,1,0,1,1,1,4,ENCFF918ZSW,SRR14638105,released
146999,homo_sapiens,GSM5331032,GEO,IKZF4,HepG2,36.0,0.0,0.988,339.0,0.0241995770680625,0.9004,1,0,1,1,1,4,ENCFF963RRE,SRR14638296,released
146886,homo_sapiens,GSM5331305,GEO,Glis3,SK-N-SH,40.0,0.0,0.982,383.0,0.0165235182007772,0.8458,1,0,1,1,1,4,ENCFF999BTS,SRR14637865,released
146730,homo_sapiens,GSM5331227,GEO,CSDC2,SK-N-SH,40.0,0.0,0.974,386.0,0.0223699220276941,0.8486,1,0,1,1,1,4,ENCFF528HWW,SRR14638804,released
146998,homo_sapiens,GSM5331031,GEO,IKZF4,HepG2,36.0,0.0,0.984,1337.0,0.0809836359894506,0.9386,1,0,1,1,1,4,ENCFF484AWZ,SRR14638295,released
147052,homo_sapiens,GSM5331303,GEO,ZNF34,HepG2,36.0,0.0,0.98,281.0,0.036091370609125,0.9158,1,0,1,1,1,4,ENCFF723OHM,SRR14637863,released
146885,homo_sapiens,GSM5331304,GEO,Glis3,SK-N-SH,40.0,0.0,0.99,442.0,0.0203973851238212,0.8454,1,0,1,1,1,4,ENCFF244LXH,SRR14637864,released
146600,homo_sapiens,GSM5331397,GEO,PATZ1,SK-N-SH,40.0,0.0,0.971,560.0,0.041465114024055,0.8928,1,0,1,1,1,4,ENCFF166HVR,SRR14638104,released
147051,homo_sapiens,GSM5331302,GEO,ZNF34,HepG2,36.0,0.0,0.984,197.0,0.0219679415195465,0.9048,1,0,1,1,1,4,ENCFF436IDM,SRR14637862,released
152759,homo_sapiens,GSM5215710,GEO,PATZ1,Hep-G2,35.0,0.0,0.993,5488.0,0.1337568881555728,0.9586,1,0,1,1,1,4,ENCFF226HHH,SRR14107807,released
152762,homo_sapiens,GSM5215163,GEO,Rreb1,Hep-G2,34.0,0.0,0.994,375.0,0.0310532162304225,0.9296,1,0,1,1,1,4,ENCFF612EOA,SRR14106939,released
152771,homo_sapiens,GSM5215209,GEO,Snai1,Hep-G2,36.0,0.0,0.986,341.0,0.028277816229444,0.9072,1,0,1,1,1,4,ENCFF935RSK,SRR14107015,released
152787,homo_sapiens,GSM5215168,GEO,MEF2D,Hep-G2,36.0,0.0,0.985,729.0,0.0629669586479777,0.938,1,0,1,1,1,4,ENCFF303UHT,SRR14106951,released
152797,homo_sapiens,GSM5215770,GEO,Nr4a1,K562,40.0,0.0,0.987,405.0,0.0190227756241648,0.771,1,0,1,1,1,4,ENCFF415CJF,SRR14107926,released
152805,homo_sapiens,GSM5215231,GEO,Nr5a2,A549,39.0,0.0,0.984,1292.0,0.045839321672907,0.903,1,0,1,1,1,4,ENCFF293WAK,SRR14107038,released
152816,homo_sapiens,GSM5215634,GEO,ZFP14,Hep-G2,37.0,0.0,0.973,202.0,0.0137747090049227,0.8930542778288868,1,0,1,1,1,4,ENCFF369UUX,SRR14107670,released
152831,homo_sapiens,GSM5215027,GEO,NFKB2,Hep-G2,34.0,0.0,0.986,4595.0,0.2113645264438335,0.9666,1,0,1,1,1,4,ENCFF494MGC,SRR14105650,released
152848,homo_sapiens,GSM5215553,GEO,NR0B2,Hep-G2,36.0,0.0,0.987,957.0,0.060882619483613,0.9298,1,0,1,1,1,4,ENCFF218UQC,SRR14107534,released
152850,homo_sapiens,GSM5215725,GEO,FOXJ3,SK-N-SH,36.0,0.0,0.988,1054.0,0.0539461131526134,0.9534,1,0,1,1,1,4,ENCFF090JWH,SRR14107826,released
152851,homo_sapiens,GSM5215538,GEO,Prdm1,A549,40.0,0.0,0.99,2064.0,0.0336506634933566,0.8242,1,0,1,1,1,4,ENCFF272JEL,SRR14107514,released
152856,homo_sapiens,GSM5215639,GEO,HINFP,Hep-G2,37.0,0.0,0.972,1955.0,0.0915512948530498,0.9458,1,0,1,1,1,4,ENCFF907VOC,SRR14107677,released
152894,homo_sapiens,GSM5215019,GEO,ZNF23,K562,40.0,0.0,0.991,483.0,0.0145056362577823,0.6670511341791618,1,0,1,1,0,3,ENCFF524QHI,SRR14105640,released
152908,homo_sapiens,GSM5215610,GEO,HOXA3,Hep-G2,35.0,0.0,0.993,4137.0,0.1152451157425413,0.9618,1,0,1,1,1,4,ENCFF939INQ,SRR14107632,released
152919,homo_sapiens,GSM5215090,GEO,PATZ1,K562,40.0,0.0,0.991,460.0,0.0177439524761577,0.6220787207872078,1,0,1,1,0,3,ENCFF478JEY,SRR14106099,released
152922,homo_sapiens,GSM5215008,GEO,Gata2,Hep-G2,34.0,0.0,0.993,4726.0,0.0646278772535047,0.9426,1,0,1,1,1,4,ENCFF987QAP,SRR14105619,released
152924,homo_sapiens,GSM5215593,GEO,ZNF79,K562,38.0,0.0,0.968,558.0,0.0179703739573832,0.6156011258544432,1,0,1,1,0,3,ENCFF859AUS,SRR14107605,released
152928,homo_sapiens,GSM5215305,GEO,NFAT5,Hep-G2,35.0,0.0,0.993,724.0,0.0499783165109015,0.9426,1,0,1,1,1,4,ENCFF153MZP,SRR14107138,released
152934,homo_sapiens,GSM5215771,GEO,Nr4a1,K562,40.0,0.0,0.983,394.0,0.0205876652566216,0.7822,1,0,1,1,1,4,ENCFF035UFD,SRR14107927,released
152949,homo_sapiens,GSM5215576,GEO,Foxk1,Hep-G2,35.0,0.0,0.981,582.0,0.1128637660002691,0.9354,1,0,1,1,1,4,ENCFF896GCH,SRR14107579,released
152954,homo_sapiens,GSM5215268,GEO,ZFP82,Hep-G2,36.0,0.0,0.991,638.0,0.0634641193198773,0.9306,1,0,1,1,1,4,ENCFF232FSQ,SRR14107078,released
152958,homo_sapiens,GSM5215162,GEO,Rreb1,Hep-G2,34.0,0.0,0.994,4502.0,0.1161749270961754,0.9596,1,0,1,1,1,4,ENCFF809RQP,SRR14106938,released
152967,homo_sapiens,GSM5215461,GEO,TSHZ1,K562,40.0,0.0,0.977,541.0,0.0135138516666757,0.5428931875525652,1,0,1,1,0,3,ENCFF085FHC,SRR14107410,released
152974,homo_sapiens,GSM5215666,GEO,HNF1A,Hep-G2,36.0,0.0,0.984,1117.0,0.0537122200230931,0.9076,1,0,1,1,1,4,ENCFF356QPN,SRR14107723,released
152976,homo_sapiens,GSM5215711,GEO,PATZ1,Hep-G2,35.0,0.0,0.993,10138.0,0.180470189977396,0.9604,1,0,1,1,1,4,ENCFF134BSB,SRR14107808,released
152978,homo_sapiens,GSM5215488,GEO,Mybl2,Hep-G2,34.0,0.0,0.993,2244.0,0.085631361032837,0.9642,1,0,1,1,1,4,ENCFF633SJT,SRR14107441,released
152995,homo_sapiens,GSM5215554,GEO,NR0B2,Hep-G2,36.0,0.0,0.986,656.0,0.0839108636851554,0.9286,1,0,1,1,1,4,ENCFF524BTF,SRR14107535,released
153005,homo_sapiens,GSM5215635,GEO,ZFP14,Hep-G2,36.0,0.0,0.978,382.0,0.0183636651907067,0.8636,1,0,1,1,1,4,ENCFF114LSG,SRR14107671,released
153008,homo_sapiens,GSM5215230,GEO,Nr5a2,A549,40.0,0.0,0.987,1741.0,0.0530557024733321,0.8994,1,0,1,1,1,4,ENCFF420IMD,SRR14107037,released
153045,homo_sapiens,GSM5215539,GEO,Prdm1,A549,40.0,0.0,0.99,2244.0,0.0364993989084476,0.835,1,0,1,1,1,4,ENCFF925LJA,SRR14107515,released
153056,homo_sapiens,GSM5215009,GEO,Gata2,Hep-G2,34.0,0.0,0.993,6002.0,0.0804555141648414,0.947,1,0,1,1,1,4,ENCFF816DYA,SRR14105620,released
153064,homo_sapiens,GSM5215592,GEO,ZNF79,K562,40.0,0.0,0.969,613.0,0.0199884318563519,0.6291190316072629,1,0,1,1,0,3,ENCFF624BRR,SRR14107604,released
153082,homo_sapiens,GSM5215018,GEO,ZNF23,K562,40.0,0.0,0.99,453.0,0.0143274686371703,0.6025188916876574,1,0,1,1,0,3,ENCFF778XBJ,SRR14105639,released
153103,homo_sapiens,GSM5215303,GEO,Smad3,K562,40.0,0.0,0.988,378.0,0.0163708365037421,0.7072111207645526,1,0,1,1,1,4,ENCFF424EYH,SRR14107136,released
153146,homo_sapiens,GSM5215575,GEO,Foxk1,Hep-G2,35.0,0.0,0.995,4603.0,0.0990226486656003,0.9638,1,0,1,1,1,4,ENCFF284WGS,SRR14107578,released
153160,homo_sapiens,GSM5215183,GEO,OVOL1,MCF-7,40.0,0.0,0.965,342.0,0.0130917961262015,0.6330897703549061,1,0,1,1,0,3,ENCFF942ZTE,SRR14106982,released
153166,homo_sapiens,GSM5215306,GEO,NFAT5,Hep-G2,35.0,0.0,0.992,534.0,0.0480595302578045,0.9364,1,0,1,1,1,4,ENCFF990OCD,SRR14107139,released
153172,homo_sapiens,GSM5215094,GEO,ZNF44,Hep-G2,36.0,0.0,0.982,207.0,0.0200367067527424,0.8948,1,0,1,1,1,4,ENCFF328HDI,SRR14106106,released
153173,homo_sapiens,GSM5215665,GEO,HNF1A,Hep-G2,36.0,0.0,0.985,2951.0,0.0931338279961322,0.9494,1,0,1,1,1,4,ENCFF194IIM,SRR14107722,released
153178,homo_sapiens,GSM5215289,GEO,ZNF25,Hep-G2,36.0,0.0,0.986,354.0,0.0293686563977141,0.9054,1,0,1,1,1,4,ENCFF124IGZ,SRR14107114,released
153186,homo_sapiens,GSM5215462,GEO,TSHZ1,K562,40.0,0.0,0.97,448.0,0.0152868119092742,0.558961038961039,1,0,1,1,0,3,ENCFF227ELI,SRR14107411,released
153189,homo_sapiens,GSM5215260,GEO,Creb5,K562,40.0,0.0,0.99,401.0,0.0198713728566261,0.6720874433484404,1,0,1,1,0,3,ENCFF576LXY,SRR14107067,released
153200,homo_sapiens,GSM5215167,GEO,MEF2D,Hep-G2,36.0,0.0,0.988,1028.0,0.0704865871989406,0.9266,1,0,1,1,1,4,ENCFF578CNZ,SRR14106950,released
153206,homo_sapiens,GSM5215513,GEO,Tfap4,Hep-G2,34.0,0.0,0.991,11721.0,0.1668014599663483,0.9654,1,0,1,1,1,4,ENCFF287TAL,SRR14107471,released
153219,homo_sapiens,GSM5215300,GEO,TBX18,K562,40.0,0.0,0.984,444.0,0.0220115875736174,0.7768,1,0,1,1,1,4,ENCFF874IUH,SRR14107133,released
153227,homo_sapiens,GSM5215185,GEO,PITX1,Hep-G2,36.0,0.0,0.99,1956.0,0.0725848744186283,0.9314,1,0,1,1,1,4,ENCFF854DHD,SRR14106984,released
153246,homo_sapiens,GSM5215244,GEO,GMEB1,K562,40.0,0.0,0.987,2444.0,0.0444000652938349,0.8334,1,0,1,1,1,4,ENCFF462QOO,SRR14107050,released
153247,homo_sapiens,GSM5215059,GEO,HOXD1,Hep-G2,35.0,0.0,0.995,641.0,0.0414609785347719,0.9462,1,0,1,1,1,4,ENCFF258HMT,SRR14106062,released
153252,homo_sapiens,GSM5215235,GEO,Nr2c2,Hep-G2,36.0,0.0,0.97,6444.0,0.1732709648010101,0.948,1,0,1,1,1,4,ENCFF495CCP,SRR14107042,released
153254,homo_sapiens,GSM5215043,GEO,THAP8,Hep-G2,36.0,0.0,0.99,286.0,0.0256655146821733,0.8878,1,0,1,1,1,4,ENCFF885GXA,SRR14106037,released
153258,homo_sapiens,GSM5215028,GEO,NFKB2,Hep-G2,35.0,0.0,0.993,476.0,0.0306405758990095,0.929,1,0,1,1,1,4,ENCFF583IMK,SRR14105651,released
153261,homo_sapiens,GSM5215154,GEO,KLF12,Hep-G2,35.0,0.0,0.995,451.0,0.0367179018198944,0.9446,1,0,1,1,1,4,ENCFF767FOI,SRR14106917,released
153297,homo_sapiens,GSM5215044,GEO,THAP8,Hep-G2,36.0,0.0,0.987,333.0,0.0420116359925256,0.9244,1,0,1,1,1,4,ENCFF666EDU,SRR14106038,released
153307,homo_sapiens,GSM5215153,GEO,KLF12,Hep-G2,35.0,0.0,0.994,1185.0,0.0537127708280301,0.9504,1,0,1,1,1,4,ENCFF177GXD,SRR14106916,released
153318,homo_sapiens,GSM5215514,GEO,Tfap4,Hep-G2,34.0,0.0,0.992,10033.0,0.1541403314383828,0.9604,1,0,1,1,1,4,ENCFF478KCR,SRR14107472,released
153327,homo_sapiens,GSM5215261,GEO,Creb5,K562,39.0,0.0,0.99,346.0,0.0186891708297405,0.6460176991150443,1,0,1,1,0,3,ENCFF078VXR,SRR14107068,released
153330,homo_sapiens,GSM5215095,GEO,ZNF44,Hep-G2,36.0,0.0,0.984,435.0,0.0484589247331052,0.9098,1,0,1,1,1,4,ENCFF316KLT,SRR14106107,released
153334,homo_sapiens,GSM5215210,GEO,Snai1,Hep-G2,36.0,0.0,0.984,441.0,0.0460520199722991,0.9204,1,0,1,1,1,4,ENCFF620IJG,SRR14107016,released
153338,homo_sapiens,GSM5215288,GEO,ZNF25,Hep-G2,36.0,0.0,0.988,420.0,0.0254247226715486,0.8966,1,0,1,1,1,4,ENCFF736WDT,SRR14107113,released
153364,homo_sapiens,GSM5215299,GEO,TBX18,K562,40.0,0.0,0.979,562.0,0.0272927542837426,0.7902,1,0,1,1,1,4,ENCFF995DOZ,SRR14107132,released
153386,homo_sapiens,GSM5215487,GEO,Mybl2,Hep-G2,34.0,0.0,0.994,1735.0,0.0586216424712315,0.9576,1,0,1,1,1,4,ENCFF582TKX,SRR14107440,released
153391,homo_sapiens,GSM5215184,GEO,PITX1,Hep-G2,36.0,0.0,0.99,2358.0,0.1162374322060355,0.9426,1,0,1,1,1,4,ENCFF607MXB,SRR14106983,released
153392,homo_sapiens,GSM5215609,GEO,HOXA3,Hep-G2,35.0,0.0,0.991,11473.0,0.2226153725064378,0.9724,1,0,1,1,1,4,ENCFF168ELP,SRR14107631,released
153405,homo_sapiens,GSM5215089,GEO,PATZ1,K562,40.0,0.0,0.99,378.0,0.0210342683924501,0.7660695468914647,1,0,1,1,1,4,ENCFF905YHU,SRR14106098,released
153408,homo_sapiens,GSM5215267,GEO,ZFP82,Hep-G2,36.0,0.0,0.987,284.0,0.0307721563999026,0.913,1,0,1,1,1,4,ENCFF192WGV,SRR14107077,released
153425,homo_sapiens,GSM5215726,GEO,FOXJ3,SK-N-SH,36.0,0.0,0.987,536.0,0.0407351460347356,0.9488,1,0,1,1,1,4,ENCFF813BPP,SRR14107827,released
153437,homo_sapiens,GSM5215234,GEO,Nr2c2,Hep-G2,36.0,0.0,0.978,3591.0,0.0888092654361204,0.9282,1,0,1,1,1,4,ENCFF980BMT,SRR14107041,released
153442,homo_sapiens,GSM5215640,GEO,HINFP,Hep-G2,37.0,0.0,0.973,705.0,0.0427458951665516,0.9268,1,0,1,1,1,4,ENCFF237HRT,SRR14107678,released
153444,homo_sapiens,GSM5215245,GEO,GMEB1,K562,40.0,0.0,0.988,2242.0,0.0402787214476523,0.8158,1,0,1,1,1,4,ENCFF072VPG,SRR14107051,released
153451,homo_sapiens,GSM5215058,GEO,HOXD1,Hep-G2,35.0,0.0,0.995,657.0,0.0457565796305398,0.9414,1,0,1,1,1,4,ENCFF939UOZ,SRR14106061,released
153809,homo_sapiens,GSM5378697,GEO,Gtf2i,K-562,40.0,0.0,0.993,1179.0,0.0476481240051309,0.6542,1,0,1,1,0,3,ENCFF178BTY,SRR14834598,released
153820,homo_sapiens,GSM5378696,GEO,Gtf2i,K-562,40.0,0.0,0.992,919.0,0.0362049508613812,0.6336,1,0,1,1,0,3,ENCFF127VTR,SRR14834597,released
147038,homo_sapiens,GSM5330802,GEO,Shox2,K-562,40.0,0.0,0.968,578.0,0.0193329989155116,0.7658039881204921,1,0,1,1,1,4,ENCFF199ZYE,SRR14637369,revoked
147037,homo_sapiens,GSM5330801,GEO,Shox2,K-562,40.0,0.0,0.972,679.0,0.0255463285620658,0.7856,1,0,1,1,1,4,ENCFF155PWJ,SRR14637368,revoked
147040,homo_sapiens,GSM5330899,GEO,Creb5,SK-N-SH,40.0,0.0,0.964,467.0,0.0253462382358904,0.8982,1,0,1,1,1,4,ENCFF706POD,SRR14637655,released
146964,homo_sapiens,GSM5330959,GEO,TSHZ2,SK-N-SH,40.0,0.0,0.978,808.0,0.0536758517656317,0.942,1,0,1,1,1,4,ENCFF423VHT,SRR14637798,released
147039,homo_sapiens,GSM5330898,GEO,Creb5,SK-N-SH,40.0,0.0,0.967,334.0,0.0213220782998056,0.8712,1,0,1,1,1,4,ENCFF877YMX,SRR14637654,released
100872,homo_sapiens,GSM2534127,GEO,MIER3,Hep-G2,35.0,0.0,0.986,213.0,0.0224172499999943,0.937,1,0,1,1,1,4,ENCFF352WCY,SRR5338906,released
100216,homo_sapiens,GSM2534286,GEO,Tead3,Hep-G2,35.0,0.0,0.994,7018.0,0.1276762499999681,0.954,1,0,1,1,1,4,ENCFF770VIU,SRR5339108,released
100473,homo_sapiens,GSM2534072,GEO,TEAD1,Hep-G2,35.0,0.0,0.992,4832.0,0.0775987499999806,0.9594,1,0,1,1,1,4,ENCFF703VJZ,SRR5338903,released
101378,homo_sapiens,GSM2534449,GEO,Nr2f6,Hep-G2,35.0,0.0,0.991,13522.0,0.1596377499999601,0.9376,1,0,1,1,1,4,ENCFF862ZWK,SRR5339379,released
101240,homo_sapiens,GSM2534040,GEO,Rcor2,Hep-G2,35.0,0.0,0.992,1048.0,0.0618962499999845,0.947,1,0,1,1,1,4,ENCFF040QAY,SRR5338785,released
102615,homo_sapiens,GSM2534689,GEO,MIXL1,Hep-G2,35.0,0.0,0.992,3230.0,0.0714362499999821,0.9554,1,0,1,1,1,4,ENCFF616WVB,SRR5339624,released
100215,homo_sapiens,GSM2534287,GEO,Tead3,Hep-G2,35.0,0.0,0.993,4580.0,0.0626437499999843,0.9496,1,0,1,1,1,4,ENCFF192BLY,SRR5339109,released
101550,homo_sapiens,GSM2534241,GEO,Cebpg,Hep-G2,34.0,0.0,0.991,14138.0,0.1275422499999681,0.9452,1,0,1,1,1,4,ENCFF430LJV,SRR5339054,released
102091,homo_sapiens,GSM2534382,GEO,GMEB2,Hep-G2,35.0,0.0,0.984,1190.0,0.0204052499999949,0.942,1,0,1,1,1,4,ENCFF096ZDV,SRR5339246,released
101239,homo_sapiens,GSM2534039,GEO,Rcor2,Hep-G2,35.0,0.0,0.984,449.0,0.0513002499999871,0.9564,1,0,1,1,1,4,ENCFF763NHP,SRR5338784,released
102572,homo_sapiens,GSM2534338,GEO,ZGPAT,Hep-G2,35.0,0.0,0.98,343.0,0.0761307499999809,0.9632,1,0,1,1,1,4,ENCFF885OGQ,SRR5339173,released
100871,homo_sapiens,GSM2534128,GEO,MIER3,Hep-G2,,0.0,0.988,3119.0,0.0898837499999775,0.9604,0,0,1,1,1,3,ENCFF823JNT,SRR5338907,released
101549,homo_sapiens,GSM2534242,GEO,Cebpg,Hep-G2,35.0,0.0,0.993,13399.0,0.1137479999999715,0.9514,1,0,1,1,1,4,ENCFF608JCC,SRR5339055,released
102571,homo_sapiens,GSM2534339,GEO,ZGPAT,Hep-G2,35.0,0.0,0.98,1464.0,0.1271032499999682,0.9656,1,0,1,1,1,4,ENCFF379UBY,SRR5339174,released
101379,homo_sapiens,GSM2534450,GEO,Nr2f6,Hep-G2,35.0,0.0,0.989,2710.0,0.047934999999988,0.934,1,0,1,1,1,4,ENCFF095AEN,SRR5339380,released
101113,homo_sapiens,GSM2527486,GEO,HOMEZ,Hep-G2,35.0,0.0,0.989,5586.0,0.0951324999999762,0.9468,1,0,1,1,1,4,ENCFF403YQE,SRR5331262,released
101422,homo_sapiens,GSM2527514,GEO,CEBPA,Hep-G2,35.0,0.0,0.985,29392.0,0.2425064999999394,0.9504,1,0,1,1,1,4,ENCFF460NRJ,SRR5331303,released
101112,homo_sapiens,GSM2527487,GEO,HOMEZ,Hep-G2,35.0,0.0,0.991,969.0,0.0543049999999864,0.9536,1,0,1,1,1,4,ENCFF064SPT,SRR5331263,released
146963,homo_sapiens,GSM5330958,GEO,TSHZ2,SK-N-SH,40.0,0.0,0.976,408.0,0.0340586248955683,0.92,1,0,1,1,1,4,ENCFF853QMD,SRR14637797,released
163626,homo_sapiens,GSM6372562,GEO,Mecom,K-562,36.0,0.0,0.994,601.0,0.0245995201424245,0.7742,1,0,1,1,1,4,ENCFF291RWA,SRR20465716,released
163659,homo_sapiens,GSM6372531,GEO,Foxp1,K-562,36.0,0.0,0.988,423.0,0.0461514673640023,0.9206,1,0,1,1,1,4,ENCFF834ACK,SRR20465565,released
163660,homo_sapiens,GSM6372532,GEO,Foxp1,K-562,36.0,0.0,0.987,522.0,0.0349488766967916,0.905,1,0,1,1,1,4,ENCFF087QTU,SRR20465566,released
163625,homo_sapiens,GSM6372561,GEO,Mecom,K-562,36.0,0.0,0.994,812.0,0.029187546340244,0.7994,1,0,1,1,1,4,ENCFF664MHN,SRR20465715,released
172008,homo_sapiens,GSM5669584,GEO,Tead2,Hep-G2,35.0,0.0,0.994,272.0,0.0172034755556957,0.9094,1,0,1,1,1,4,ENCFF242JCO,SRR16813488,released
172064,homo_sapiens,GSM5669659,GEO,Nr1h2,GM25256,36.0,0.0,0.976,360.0,0.0245562973520304,0.7586,1,0,1,1,1,4,ENCFF812UDT,SRR16813898,released
172100,homo_sapiens,GSM5669776,GEO,FOSL1,Hep-G2,34.0,0.0,0.994,2302.0,0.0370077473493875,0.9466,1,0,1,1,1,4,ENCFF660RIA,SRR16814153,released
172181,homo_sapiens,GSM5669583,GEO,Tead2,Hep-G2,35.0,0.0,0.994,313.0,0.0198743792068294,0.907,1,0,1,1,1,4,ENCFF513WVV,SRR16813487,released
172193,homo_sapiens,GSM5669175,GEO,CENPX,Hep-G2,36.0,0.0,0.969,153.0,0.0083806485523733,0.8588450962419798,1,0,1,0,1,3,ENCFF362MKP,SRR16812576,released
172199,homo_sapiens,GSM5669660,GEO,Nr1h2,GM25256,36.0,0.0,0.976,270.0,0.0111768366126028,0.8578,1,0,1,1,1,4,ENCFF100JVL,SRR16813899,released
172230,homo_sapiens,GSM5669451,GEO,NCOA1,Hep-G2,36.0,0.0,0.992,260.0,0.0464589031056362,0.915,1,0,1,1,1,4,ENCFF340KCA,SRR16813317,released
172272,homo_sapiens,GSM5669176,GEO,CENPX,Hep-G2,36.0,0.0,0.982,176.0,0.0114842733830674,0.887,1,0,1,1,1,4,ENCFF049ONB,SRR16812577,released
172320,homo_sapiens,GSM5669450,GEO,NCOA1,Hep-G2,36.0,0.0,0.993,234.0,0.0400290605707726,0.912,1,0,1,1,1,4,ENCFF939HGS,SRR16813316,released
172410,homo_sapiens,GSM5669775,GEO,FOSL1,Hep-G2,34.0,0.0,0.993,811.0,0.0185361116916811,0.9140220571685798,1,0,1,1,1,4,ENCFF604YAK,SRR16814152,released
163706,homo_sapiens,GSM6347236,GEO,PRRX2,GM25256,36.0,0.0,0.991,394.0,0.0146800726008999,0.8284,1,0,1,1,1,4,ENCFF867DJE,SRR20463197,released
163707,homo_sapiens,GSM6347237,GEO,PRRX2,GM25256,36.0,0.0,0.991,412.0,0.0114188967432595,0.7949234488315874,1,0,1,1,1,4,ENCFF122NEO,SRR20463198,released
174865,homo_sapiens,GSM5667618,GEO,OVOL2,GM25256,36.0,0.0,0.994,580.0,0.0133105791811471,0.6306855277475517,1,0,1,1,0,3,ENCFF164PRN,SRR16809082,released
174971,homo_sapiens,GSM5667316,GEO,PRDM4,Hep-G2,34.0,0.0,0.995,186.0,0.0120305905090006,0.8955223880597015,1,0,1,1,1,4,ENCFF471TOX,SRR16807090,released
174972,homo_sapiens,GSM5667317,GEO,PRDM4,Hep-G2,34.0,0.0,0.992,320.0,0.0188572501414309,0.9254,1,0,1,1,1,4,ENCFF143IOZ,SRR16807091,released
175025,homo_sapiens,GSM5667803,GEO,THAP7,K-562,40.0,0.0,0.994,474.0,0.02470201074572,0.7906,1,0,1,1,1,4,ENCFF678INP,SRR16809702,released
174869,homo_sapiens,GSM5667459,GEO,SOX15,GM25256,36.0,0.0,0.993,593.0,0.0156738989872614,0.362726935902186,1,0,1,1,0,3,ENCFF360RSZ,SRR16808475,released
174864,homo_sapiens,GSM5667617,GEO,OVOL2,GM25256,36.0,0.0,0.995,564.0,0.0132889500883636,0.3322859387274156,1,0,1,1,0,3,ENCFF579ISJ,SRR16809080,released
174863,homo_sapiens,GSM5667483,GEO,Bach2,SK-N-SH,37.0,0.0,0.991,290.0,0.0121182622274299,0.6828054298642534,1,0,1,1,0,3,ENCFF461AXC,SRR16808563,released
174862,homo_sapiens,GSM5667482,GEO,Bach2,SK-N-SH,37.0,0.0,0.992,260.0,0.0114180419948553,0.4897090134847409,1,0,1,1,0,3,ENCFF299DAG,SRR16808562,released
175026,homo_sapiens,GSM5667804,GEO,THAP7,K-562,40.0,0.0,0.994,394.0,0.0211431620703525,0.761504321420229,1,0,1,1,1,4,ENCFF009EKW,SRR16809703,released
174870,homo_sapiens,GSM5667460,GEO,SOX15,GM25256,36.0,0.0,0.991,545.0,0.0152831116593225,0.3054892601431981,1,0,1,1,0,3,ENCFF412HGR,SRR16808477,released
145294,homo_sapiens,GSM5214622,GEO,ISL2,Hep-G2,34.0,0.0,0.992,4206.0,0.1000552875841024,0.96,1,0,1,1,1,4,ENCFF214PNT,SRR14104347,released
145297,homo_sapiens,GSM5214321,GEO,ZNF7,K562,36.0,0.0,0.988,2261.0,0.1232362271848575,0.9194,1,0,1,1,1,4,ENCFF340ELG,SRR14103820,released
145302,homo_sapiens,GSM5214821,GEO,RARG,Hep-G2,36.0,0.0,0.977,341.0,0.0168369140190415,0.9218,1,0,1,1,1,4,ENCFF743GGV,SRR14105298,released
145306,homo_sapiens,GSM5214543,GEO,E2F5,Hep-G2,34.0,0.0,0.995,700.0,0.0260719653633535,0.9298,1,0,1,1,1,4,ENCFF938OXS,SRR14104205,released
145312,homo_sapiens,GSM5214841,GEO,ATF7,Hep-G2,36.0,0.0,0.981,879.0,0.0434947822921782,0.9262,1,0,1,1,1,4,ENCFF168ZBK,SRR14105332,released
145323,homo_sapiens,GSM5214658,GEO,SIX4,Hep-G2,35.0,0.0,0.994,1320.0,0.0407437765930352,0.9386,1,0,1,1,1,4,ENCFF285LBE,SRR14104406,released
145331,homo_sapiens,GSM5214671,GEO,CBFB,K562,36.0,0.0,0.991,289.0,0.0305507443020837,0.8692,1,0,1,1,1,4,ENCFF456LEM,SRR14104437,released
145347,homo_sapiens,GSM5214868,GEO,MTA3,Hep-G2,34.0,0.0,0.994,153.0,0.0088724772547171,0.7920868890612878,1,0,1,0,1,3,ENCFF464HVO,SRR14105383,released
145351,homo_sapiens,GSM5214476,GEO,GZF1,Hep-G2,36.0,0.0,0.989,709.0,0.0421511907711287,0.8748,1,0,1,1,1,4,ENCFF381ECB,SRR14104085,released
145376,homo_sapiens,GSM5214416,GEO,LCOR,Hep-G2,35.0,0.0,0.996,2803.0,0.0841942414782758,0.9552,1,0,1,1,1,4,ENCFF336PYL,SRR14103995,released
145384,homo_sapiens,GSM5214062,GEO,LBX2,Hep-G2,36.0,0.0,0.987,921.0,0.0680279628498968,0.931,1,0,1,1,1,4,ENCFF893XIQ,SRR14103351,released
145388,homo_sapiens,GSM5214467,GEO,CBFB,Hep-G2,34.0,0.0,0.994,926.0,0.0404382671148188,0.955,1,0,1,1,1,4,ENCFF747FIK,SRR14104073,released
145417,homo_sapiens,GSM5214109,GEO,E2F3,K562,39.0,0.0,0.983,528.0,0.0271366895753969,0.8158,1,0,1,1,1,4,ENCFF297NBH,SRR14103448,released
145436,homo_sapiens,GSM5214711,GEO,ZIK1,Hep-G2,36.0,0.0,0.988,465.0,0.0387554019187348,0.923,1,0,1,1,1,4,ENCFF992ZXY,SRR14104506,released
145439,homo_sapiens,GSM5214396,GEO,DLX6,Hep-G2,35.0,0.0,0.995,966.0,0.0513888916648383,0.95,1,0,1,1,1,4,ENCFF213KQG,SRR14103955,released
145462,homo_sapiens,GSM5214585,GEO,Klf6,K562,40.0,0.0,0.97,457.0,0.0146308003309254,0.613243357233235,1,0,1,1,0,3,ENCFF206NYP,SRR14104290,released
145475,homo_sapiens,GSM5214401,GEO,CREM,Hep-G2,34.0,0.0,0.994,586.0,0.0116525238255526,0.9024219024219025,1,0,1,1,1,4,ENCFF415KBR,SRR14103972,released
145484,homo_sapiens,GSM5214941,GEO,Atf5,Hep-G2,36.0,0.0,0.979,360.0,0.0273822272949874,0.9152,1,0,1,1,1,4,ENCFF630LTH,SRR14105493,released
145520,homo_sapiens,GSM5214921,GEO,ZXDC,Hep-G2,36.0,0.0,0.992,313.0,0.0568888893332128,0.9154,1,0,1,1,1,4,ENCFF743BIY,SRR14105464,released
145527,homo_sapiens,GSM5214722,GEO,ELF1,Hep-G2,34.0,0.0,0.991,5169.0,0.092773941166001,0.9658,1,0,1,1,1,4,ENCFF927CDC,SRR14105110,released
145556,homo_sapiens,GSM5214623,GEO,ISL2,Hep-G2,35.0,0.0,0.991,2183.0,0.0764590954460227,0.9594,1,0,1,1,1,4,ENCFF363ZKV,SRR14104348,released
145562,homo_sapiens,GSM5214648,GEO,Gfi1,Hep-G2,36.0,0.0,0.979,2584.0,0.1014686555345399,0.9354,1,0,1,1,1,4,ENCFF172POX,SRR14104388,released
145563,homo_sapiens,GSM5214320,GEO,ZNF7,K562,36.0,0.0,0.985,2146.0,0.0730883545325226,0.843,1,0,1,1,1,4,ENCFF510COT,SRR14103819,released
145572,homo_sapiens,GSM5214926,GEO,Usf2,Hep-G2,36.0,0.0,0.987,512.0,0.0433720384857979,0.9172,1,0,1,1,1,4,ENCFF821LCS,SRR14105475,released
145583,homo_sapiens,GSM5214466,GEO,CBFB,Hep-G2,34.0,0.0,0.994,1188.0,0.0433603489401922,0.952,1,0,1,1,1,4,ENCFF404MQV,SRR14104072,released
145593,homo_sapiens,GSM5214012,GEO,JUNB,K562,40.0,0.0,0.991,449.0,0.0176694736110431,0.4895222129086337,1,0,1,1,0,3,ENCFF746FEB,SRR14103287,released
145611,homo_sapiens,GSM5214063,GEO,LBX2,Hep-G2,36.0,0.0,0.988,232.0,0.0224998456397743,0.8708,1,0,1,1,1,4,ENCFF466IYT,SRR14103352,released
145614,homo_sapiens,GSM5214215,GEO,ATF6,Hep-G2,34.0,0.0,0.995,337.0,0.0222616795968855,0.9344,1,0,1,1,1,4,ENCFF099YFB,SRR14103650,released
145658,homo_sapiens,GSM5214202,GEO,Sox6,Hep-G2,36.0,0.0,0.989,9817.0,0.2083615039150647,0.9622,1,0,1,1,1,4,ENCFF596GYL,SRR14103629,released
145660,homo_sapiens,GSM5214375,GEO,AFF4,Hep-G2,35.0,0.0,0.994,157.0,0.0217072892178479,0.918,1,0,1,1,1,4,ENCFF068JMQ,SRR14103924,released
145684,homo_sapiens,GSM5214607,GEO,MNX1,Hep-G2,36.0,0.0,0.981,5492.0,0.1979236603350264,0.9612,1,0,1,1,1,4,ENCFF204CAT,SRR14104324,released
145718,homo_sapiens,GSM5214962,GEO,Irf1,Hep-G2,37.0,0.0,0.975,314.0,0.0257479433200849,0.8758,1,0,1,1,1,4,ENCFF390VOI,SRR14105534,released
145736,homo_sapiens,GSM5214920,GEO,ZXDC,Hep-G2,36.0,0.0,0.988,1020.0,0.094218312590905,0.9378,1,0,1,1,1,4,ENCFF457XYK,SRR14105463,released
145737,homo_sapiens,GSM5214723,GEO,ELF1,Hep-G2,34.0,0.0,0.992,4529.0,0.0707145997696702,0.9636,1,0,1,1,1,4,ENCFF772TIW,SRR14105111,released
145752,homo_sapiens,GSM5214752,GEO,NFYA,Hep-G2,35.0,0.0,0.992,3677.0,0.0707132653280441,0.9568,1,0,1,1,1,4,ENCFF081VHA,SRR14105168,released
145763,homo_sapiens,GSM5214544,GEO,E2F5,Hep-G2,34.0,0.0,0.993,1033.0,0.0341813759951274,0.9402,1,0,1,1,1,4,ENCFF210CWB,SRR14104206,released
145781,homo_sapiens,GSM5214916,GEO,RBAK,Hep-G2,36.0,0.0,0.985,1177.0,0.0304719507613036,0.7526,1,0,1,1,1,4,ENCFF023JXE,SRR14105458,released
145785,homo_sapiens,GSM5214216,GEO,ATF6,Hep-G2,34.0,0.0,0.994,391.0,0.0288980358026344,0.9362,1,0,1,1,1,4,ENCFF377BKV,SRR14103651,released
145810,homo_sapiens,GSM5214764,GEO,ATF6,K562,36.0,0.0,0.987,419.0,0.0347058154318824,0.92,1,0,1,1,1,4,ENCFF907LTM,SRR14105213,released
145817,homo_sapiens,GSM5214680,GEO,MAF1,Hep-G2,35.0,0.0,0.994,322.0,0.019981221201838,0.9344,1,0,1,1,1,4,ENCFF613ZQM,SRR14104454,released
145827,homo_sapiens,GSM5214704,GEO,GLI4,Hep-G2,36.0,0.0,0.987,267.0,0.0216016417457589,0.8754,1,0,1,1,1,4,ENCFF625PRW,SRR14104499,released
145847,homo_sapiens,GSM5214184,GEO,HSF2,Hep-G2,34.0,0.0,0.992,674.0,0.0187557523879782,0.9024,1,0,1,1,1,4,ENCFF409TRX,SRR14103579,released
145880,homo_sapiens,GSM5214925,GEO,Usf2,Hep-G2,36.0,0.0,0.979,2903.0,0.0476219162550055,0.9182,1,0,1,1,1,4,ENCFF161GYB,SRR14105474,released
145892,homo_sapiens,GSM5214022,GEO,EGR1,Hep-G2,36.0,0.0,0.982,8339.0,0.195618822772447,0.9556,1,0,1,1,1,4,ENCFF930UQF,SRR14103304,released
145909,homo_sapiens,GSM5214751,GEO,NFYA,Hep-G2,35.0,0.0,0.991,5116.0,0.1111181117954002,0.9612,1,0,1,1,1,4,ENCFF659QAR,SRR14105167,released
145918,homo_sapiens,GSM5214657,GEO,SIX4,Hep-G2,35.0,0.0,0.995,1781.0,0.0364387365758279,0.934,1,0,1,1,1,4,ENCFF716QIT,SRR14104405,released
145961,homo_sapiens,GSM5214472,GEO,BCL6,K562,40.0,0.0,0.991,475.0,0.0169010342461238,0.5593069746779209,1,0,1,1,0,3,ENCFF232QMU,SRR14104078,released
145969,homo_sapiens,GSM5214006,GEO,Irf5,Hep-G2,36.0,0.0,0.99,498.0,0.0451970056008611,0.9128,1,0,1,1,1,4,ENCFF414UUA,SRR14103281,released
145989,homo_sapiens,GSM5214201,GEO,Sox6,Hep-G2,36.0,0.0,0.991,5511.0,0.1547443342844876,0.9578,1,0,1,1,1,4,ENCFF042DKF,SRR14103628,released
145990,homo_sapiens,GSM5214376,GEO,AFF4,Hep-G2,35.0,0.0,0.994,179.0,0.0311361267813108,0.9228,1,0,1,1,1,4,ENCFF752FAQ,SRR14103925,released
146006,homo_sapiens,GSM5214961,GEO,Irf1,Hep-G2,36.0,0.0,0.977,312.0,0.015487007072281,0.9164,1,0,1,1,1,4,ENCFF591QNH,SRR14105533,released
146011,homo_sapiens,GSM5214565,GEO,Usf1,Hep-G2,34.0,0.0,0.99,7710.0,0.1157340135821008,0.9522,1,0,1,1,1,4,ENCFF597QDE,SRR14104245,released
146020,homo_sapiens,GSM5214867,GEO,MTA3,Hep-G2,34.0,0.0,0.994,120.0,0.0082417706044244,0.7962356792144026,1,0,1,0,1,3,ENCFF717ELM,SRR14105382,released
146042,homo_sapiens,GSM5214475,GEO,GZF1,Hep-G2,36.0,0.0,0.987,784.0,0.0495959963066394,0.8844,1,0,1,1,1,4,ENCFF420XEG,SRR14104084,released
146047,homo_sapiens,GSM5214185,GEO,HSF2,Hep-G2,35.0,0.0,0.993,1028.0,0.0260565245639397,0.861,1,0,1,1,1,4,ENCFF063SIN,SRR14103580,released
146055,homo_sapiens,GSM5214681,GEO,MAF1,Hep-G2,35.0,0.0,0.994,562.0,0.034499460629442,0.9378,1,0,1,1,1,4,ENCFF421TFR,SRR14104455,released
146061,homo_sapiens,GSM5214672,GEO,CBFB,K562,36.0,0.0,0.99,488.0,0.0563302499999859,0.895,1,0,1,1,1,4,ENCFF244ZZX,SRR14104438,released
146084,homo_sapiens,GSM5214765,GEO,ATF6,K562,36.0,0.0,0.986,221.0,0.0236364113503301,0.905,1,0,1,1,1,4,ENCFF210RWL,SRR14105214,released
146085,homo_sapiens,GSM5214608,GEO,MNX1,Hep-G2,36.0,0.0,0.984,3496.0,0.1483144348413508,0.9576,1,0,1,1,1,4,ENCFF891HNJ,SRR14104325,released
146093,homo_sapiens,GSM5214917,GEO,RBAK,Hep-G2,36.0,0.0,0.987,600.0,0.0338349599226619,0.8118,1,0,1,1,1,4,ENCFF063VDS,SRR14105459,released
146101,homo_sapiens,GSM5214415,GEO,LCOR,Hep-G2,35.0,0.0,0.994,6336.0,0.1344058118839785,0.9626,1,0,1,1,1,4,ENCFF861FKA,SRR14103994,released
146104,homo_sapiens,GSM5214822,GEO,RARG,Hep-G2,36.0,0.0,0.972,173.0,0.0087851774532336,0.8907666941467436,1,0,1,0,1,3,ENCFF749YZL,SRR14105299,released
146106,homo_sapiens,GSM5214023,GEO,EGR1,Hep-G2,36.0,0.0,0.982,4577.0,0.1362798724587941,0.9542,1,0,1,1,1,4,ENCFF816JAW,SRR14103305,released
146144,homo_sapiens,GSM5214842,GEO,ATF7,Hep-G2,36.0,0.0,0.978,580.0,0.0517526180952273,0.906,1,0,1,1,1,4,ENCFF940STK,SRR14105333,released
146159,homo_sapiens,GSM5214647,GEO,Gfi1,Hep-G2,36.0,0.0,0.987,1678.0,0.0616769196115135,0.9084,1,0,1,1,1,4,ENCFF375GES,SRR14104387,released
146177,homo_sapiens,GSM5214942,GEO,Atf5,Hep-G2,36.0,0.0,0.981,463.0,0.0293621999296424,0.9054,1,0,1,1,1,4,ENCFF147QPD,SRR14105494,released
146209,homo_sapiens,GSM5214712,GEO,ZIK1,Hep-G2,36.0,0.0,0.987,788.0,0.0557689312490126,0.9352,1,0,1,1,1,4,ENCFF261FFV,SRR14104507,released
146211,homo_sapiens,GSM5214395,GEO,DLX6,Hep-G2,35.0,0.0,0.995,903.0,0.05577951460303,0.951,1,0,1,1,1,4,ENCFF709HMQ,SRR14103954,released
146212,homo_sapiens,GSM5214564,GEO,Usf1,Hep-G2,34.0,0.0,0.977,13171.0,0.1998545723772945,0.9546,1,0,1,1,1,4,ENCFF358HWV,SRR14104244,released
146223,homo_sapiens,GSM5214110,GEO,E2F3,K562,40.0,0.0,0.986,627.0,0.0282340450176564,0.794,1,0,1,1,1,4,ENCFF595NPF,SRR14103449,released
146244,homo_sapiens,GSM5214703,GEO,GLI4,Hep-G2,36.0,0.0,0.968,304.0,0.0386178826222056,0.9008,1,0,1,1,1,4,ENCFF390QVX,SRR14104498,released
146246,homo_sapiens,GSM5214402,GEO,CREM,Hep-G2,34.0,0.0,0.993,435.0,0.010535590414864,0.8538306451612904,1,0,1,1,1,4,ENCFF607AZH,SRR14103973,released
146251,homo_sapiens,GSM5214586,GEO,Klf6,K562,40.0,0.0,0.972,893.0,0.0344326276685475,0.8168,1,0,1,1,1,4,ENCFF883VSC,SRR14104291,released
146264,homo_sapiens,GSM5214473,GEO,BCL6,K562,40.0,0.0,0.992,503.0,0.0187491979905755,0.7144092219020173,1,0,1,1,1,4,ENCFF140PSH,SRR14104079,released
146273,homo_sapiens,GSM5214007,GEO,Irf5,Hep-G2,36.0,0.0,0.99,410.0,0.0426486021371942,0.915,1,0,1,1,1,4,ENCFF250RQH,SRR14103282,released
149648,homo_sapiens,GSM5369620,GEO,E4F1,K562,40.0,0.0,0.992,623.0,0.0275469601022492,0.6478,1,0,1,1,0,3,ENCFF179FNZ,SRR14835768,released
149654,homo_sapiens,GSM5369621,GEO,E4F1,K562,40.0,0.0,0.992,504.0,0.0214420591022048,0.5403709765411893,1,0,1,1,0,3,ENCFF198RJA,SRR14835770,released
149688,homo_sapiens,GSM5213878,GEO,HEY1,K562,40.0,0.0,0.986,457.0,0.0163049391284732,0.5314236853356135,1,0,1,1,0,3,ENCFF640EMC,SRR14103060,released
149692,homo_sapiens,GSM5213957,GEO,E2F1,Hep-G2,35.0,0.0,0.99,1094.0,0.0366778762416793,0.9496,1,0,1,1,1,4,ENCFF488WET,SRR14103196,released
149694,homo_sapiens,GSM5213840,GEO,ATF3,Hep-G2,34.0,0.0,0.993,3276.0,0.0553146955075219,0.9562,1,0,1,1,1,4,ENCFF650OMN,SRR14102985,released
149720,homo_sapiens,GSM5213886,GEO,RORA,Hep-G2,36.0,0.0,0.986,232.0,0.0312779705366512,0.903,1,0,1,1,1,4,ENCFF838ZPL,SRR14103071,released
149726,homo_sapiens,GSM5213879,GEO,HEY1,K562,40.0,0.0,0.985,444.0,0.0196767561564847,0.7786,1,0,1,1,1,4,ENCFF460XBY,SRR14103061,released
149746,homo_sapiens,GSM5213956,GEO,E2F1,Hep-G2,35.0,0.0,0.993,875.0,0.0295877932020034,0.9378,1,0,1,1,1,4,ENCFF581VTI,SRR14103195,released
149769,homo_sapiens,GSM5213912,GEO,E2F2,Hep-G2,34.0,0.0,0.993,525.0,0.0422856702935893,0.9344,1,0,1,1,1,4,ENCFF210DMT,SRR14103117,released
149783,homo_sapiens,GSM5213924,GEO,Tbx2,Hep-G2,36.0,0.0,0.987,4711.0,0.173110904714061,0.9612,1,0,1,1,1,4,ENCFF419NAA,SRR14103148,released
149787,homo_sapiens,GSM5213955,GEO,Rxra,Hep-G2,34.0,0.0,0.99,3526.0,0.1862523324307007,0.965,1,0,1,1,1,4,ENCFF964CIX,SRR14103194,released
149788,homo_sapiens,GSM5213893,GEO,Mafg,Hep-G2,36.0,0.0,0.991,623.0,0.0287360732040788,0.849,1,0,1,1,1,4,ENCFF021SCJ,SRR14103080,released
149815,homo_sapiens,GSM5213911,GEO,E2F2,Hep-G2,34.0,0.0,0.994,139.0,0.0182591424442029,0.926,1,0,1,1,1,4,ENCFF323LJW,SRR14103116,released
149818,homo_sapiens,GSM5213953,GEO,DLX4,K562,40.0,0.0,0.992,453.0,0.0162626979706445,0.3350846468184472,1,0,1,1,0,3,ENCFF014ZNZ,SRR14103191,released
149823,homo_sapiens,GSM5213949,GEO,Elk1,Hep-G2,35.0,0.0,0.993,601.0,0.0431235413761804,0.9476,1,0,1,1,1,4,ENCFF523AZG,SRR14103181,released
149832,homo_sapiens,GSM5213954,GEO,Rxra,Hep-G2,34.0,0.0,0.993,6778.0,0.1446167720152616,0.9516,1,0,1,1,1,4,ENCFF408DAJ,SRR14103193,released
149833,homo_sapiens,GSM5213839,GEO,ATF3,Hep-G2,34.0,0.0,0.994,1835.0,0.0444699080861214,0.949,1,0,1,1,1,4,ENCFF753IEK,SRR14102984,released
149834,homo_sapiens,GSM5213925,GEO,Tbx2,Hep-G2,36.0,0.0,0.987,1231.0,0.0924456912828934,0.9448,1,0,1,1,1,4,ENCFF443SCJ,SRR14103149,released
149854,homo_sapiens,GSM5213892,GEO,Mafg,Hep-G2,36.0,0.0,0.988,742.0,0.0249343687567701,0.8588,1,0,1,1,1,4,ENCFF362CDC,SRR14103079,released
149867,homo_sapiens,GSM5213885,GEO,RORA,Hep-G2,36.0,0.0,0.972,142.0,0.0186236135600139,0.9256,1,0,1,1,1,4,ENCFF614FQG,SRR14103070,released
149878,homo_sapiens,GSM5213948,GEO,Elk1,Hep-G2,35.0,0.0,0.993,447.0,0.0286423495793356,0.9324,1,0,1,1,1,4,ENCFF021QOD,SRR14103180,released
149879,homo_sapiens,GSM5213952,GEO,DLX4,K562,40.0,0.0,0.992,403.0,0.0166134025579229,0.3126323218066337,1,0,1,1,0,3,ENCFF344NKD,SRR14103190,released
150887,homo_sapiens,GSM5374823,GEO,ELF2,K562,40.0,0.0,0.992,681.0,0.0311069755255647,0.734,1,0,1,1,1,4,ENCFF301MSV,SRR14845950,released
150889,homo_sapiens,GSM5374359,GEO,RFX7,K562,40.0,0.0,0.989,461.0,0.0158004327460835,0.4362694300518134,1,0,1,1,0,3,ENCFF190PFO,SRR14844430,released
150893,homo_sapiens,GSM5374512,GEO,RARB,A549,40.0,0.0,0.981,338.0,0.0188452584277482,0.7747183979974969,1,0,1,1,1,4,ENCFF181MIT,SRR14849853,released
150897,homo_sapiens,GSM5374824,GEO,ELF2,K562,40.0,0.0,0.994,856.0,0.0356362725613609,0.7426,1,0,1,1,1,4,ENCFF152BIF,SRR14845952,released
150900,homo_sapiens,GSM5374358,GEO,RFX7,K562,40.0,0.0,0.992,456.0,0.0171126987416833,0.4122383252818035,1,0,1,1,0,3,ENCFF616EPQ,SRR14844429,released
150923,homo_sapiens,GSM5374511,GEO,RARB,A549,40.0,0.0,0.981,360.0,0.0181192030878016,0.7762857866734229,1,0,1,1,1,4,ENCFF058PKG,SRR14849852,released
150952,homo_sapiens,GSM5379019,GEO,TCF4,SK-N-SH,40.0,0.0,0.982,5178.0,0.0835539756506707,0.956,1,0,1,1,1,4,ENCFF259EAN,SRR14834861,released
150958,homo_sapiens,GSM5379119,GEO,ZNF3,K-562,39.0,0.0,0.984,326.0,0.0167228473820044,0.4963503649635036,1,0,1,1,0,3,ENCFF055LFW,SRR14842994,released
150961,homo_sapiens,GSM5379020,GEO,TCF4,SK-N-SH,40.0,0.0,0.979,785.0,0.0258008823853698,0.904,1,0,1,1,1,4,ENCFF583XQM,SRR14834862,released
150964,homo_sapiens,GSM5379118,GEO,ZNF3,K-562,40.0,0.0,0.984,372.0,0.0167696072252425,0.4934518241347053,1,0,1,1,0,3,ENCFF197CUH,SRR14842993,released
152751,homo_sapiens,GSM5215595,GEO,MSX2,MCF-7,40.0,0.0,0.991,1255.0,0.0349150992339057,0.847,1,0,1,1,1,4,ENCFF269TJM,SRR14107607,released
152754,homo_sapiens,GSM5215112,GEO,Thra,Hep-G2,35.0,0.0,0.995,5758.0,0.1124828144551128,0.9404,1,0,1,1,1,4,ENCFF572VSH,SRR14106131,released
152760,homo_sapiens,GSM5215566,GEO,Mta1,Hep-G2,36.0,0.0,0.981,256.0,0.034259409453071,0.9096,1,0,1,1,1,4,ENCFF127YTF,SRR14107557,released
152761,homo_sapiens,GSM5215179,GEO,E2F4,Hep-G2,35.0,0.0,0.989,6545.0,0.1150261857862874,0.9632,1,0,1,1,1,4,ENCFF922FCP,SRR14106972,released
152769,homo_sapiens,GSM5215460,GEO,MYNN,Hep-G2,34.0,0.0,0.991,378.0,0.0357188420080909,0.9474,1,0,1,1,1,4,ENCFF009TLA,SRR14107409,released
152774,homo_sapiens,GSM5215616,GEO,Ctcf,Hep-G2,36.0,0.0,0.967,44779.0,0.4450983581285597,0.9706,1,0,1,1,1,4,ENCFF186EUH,SRR14107646,released
152794,homo_sapiens,GSM5215471,GEO,Rela,Hep-G2,35.0,0.0,0.996,220.0,0.0278318270671657,0.932,1,0,1,1,1,4,ENCFF300YPO,SRR14107433,released
152796,homo_sapiens,GSM5215119,GEO,FOSB,A549,40.0,0.0,0.988,434.0,0.0224707207207151,0.7694,1,0,1,1,1,4,ENCFF233WJS,SRR14106141,released
152806,homo_sapiens,GSM5215544,GEO,Elf4,Hep-G2,36.0,0.0,0.968,416.0,0.0357675410316256,0.931,1,0,1,1,1,4,ENCFF421RNZ,SRR14107522,released
152807,homo_sapiens,GSM5215433,GEO,Nfix,K562,40.0,0.0,0.963,1501.0,0.0202858613398221,0.5884127942063971,1,0,1,1,0,3,ENCFF290HOJ,SRR14107374,released
152813,homo_sapiens,GSM5215036,GEO,MXD1,Hep-G2,36.0,0.0,0.986,1298.0,0.0659232093817953,0.9382,1,0,1,1,1,4,ENCFF044WQS,SRR14105668,released
152830,homo_sapiens,GSM5215251,GEO,MTF1,Hep-G2,35.0,0.0,0.992,433.0,0.0201079735548781,0.9288,1,0,1,1,1,4,ENCFF008EFQ,SRR14107057,released
152836,homo_sapiens,GSM5215453,GEO,UBTF,Hep-G2,36.0,0.0,0.967,5728.0,0.1727782831133733,0.9652,1,0,1,1,1,4,ENCFF117ZXV,SRR14107399,released
152837,homo_sapiens,GSM5215524,GEO,Etv5,K562,36.0,0.0,0.98,1859.0,0.0747575525622259,0.9526,1,0,1,1,1,4,ENCFF844ICH,SRR14107498,released
152844,homo_sapiens,GSM5215549,GEO,ADNP,Hep-G2,35.0,0.0,0.996,313.0,0.0208472979628154,0.7834,1,0,1,1,1,4,ENCFF214BVZ,SRR14107529,released
152861,homo_sapiens,GSM5215246,GEO,Six1,Hep-G2,34.0,0.0,0.994,757.0,0.0204733787575018,0.9238,1,0,1,1,1,4,ENCFF520KMT,SRR14107052,released
152867,homo_sapiens,GSM5215542,GEO,TP53,Hep-G2,35.0,0.0,0.993,717.0,0.0336341886717094,0.9374,1,0,1,1,1,4,ENCFF576QJW,SRR14107520,released
152892,homo_sapiens,GSM5215670,GEO,PBX1,A549,40.0,0.0,0.976,2776.0,0.0515082301527912,0.8926,1,0,1,1,1,4,ENCFF272TZP,SRR14107727,released
152907,homo_sapiens,GSM5215511,GEO,TCF3,K562,36.0,0.0,0.988,10889.0,0.1236129145134878,0.9762,1,0,1,1,1,4,ENCFF295YVN,SRR14107469,released
152910,homo_sapiens,GSM5215196,GEO,ETV6,Hep-G2,34.0,0.0,0.992,468.0,0.0450825419609124,0.942,1,0,1,1,1,4,ENCFF628MWX,SRR14106999,released
152935,homo_sapiens,GSM5215180,GEO,E2F4,Hep-G2,35.0,0.0,0.993,4527.0,0.0842970812206629,0.9666,1,0,1,1,1,4,ENCFF303PBY,SRR14106973,released
152940,homo_sapiens,GSM5215470,GEO,Rela,Hep-G2,35.0,0.0,0.995,258.0,0.0251112875237356,0.9362,1,0,1,1,1,4,ENCFF461DGH,SRR14107432,released
152963,homo_sapiens,GSM5215208,GEO,AKNA,Hep-G2,35.0,0.0,0.994,227.0,0.0124459496900734,0.9057239057239056,1,0,1,1,1,4,ENCFF270ICU,SRR14107014,released
152970,homo_sapiens,GSM5215113,GEO,Thra,Hep-G2,33.0,0.0,0.994,1210.0,0.0627240497316184,0.9536,1,0,1,1,1,4,ENCFF171NYQ,SRR14106132,released
152971,homo_sapiens,GSM5215594,GEO,MSX2,MCF-7,40.0,0.0,0.993,523.0,0.0254926893039809,0.7854,1,0,1,1,1,4,ENCFF851NCD,SRR14107606,released
152981,homo_sapiens,GSM5215151,GEO,ZHX3,Hep-G2,35.0,0.0,0.993,311.0,0.0239439200884201,0.9428,1,0,1,1,1,4,ENCFF038MBM,SRR14106914,released
152982,homo_sapiens,GSM5215250,GEO,MTF1,Hep-G2,35.0,0.0,0.993,277.0,0.0148580145282771,0.9175568973525312,1,0,1,1,1,4,ENCFF283SIW,SRR14107056,released
152991,homo_sapiens,GSM5215120,GEO,FOSB,A549,40.0,0.0,0.986,415.0,0.0217702479437851,0.779,1,0,1,1,1,4,ENCFF085ZFM,SRR14106143,released
152998,homo_sapiens,GSM5215037,GEO,MXD1,Hep-G2,36.0,0.0,0.986,1499.0,0.0922457136473,0.9428,1,0,1,1,1,4,ENCFF290TAQ,SRR14105669,released
153010,homo_sapiens,GSM5215459,GEO,MYNN,Hep-G2,34.0,0.0,0.985,216.0,0.0182793621579993,0.9262,1,0,1,1,1,4,ENCFF301CCI,SRR14107408,released
153016,homo_sapiens,GSM5215432,GEO,Nfix,K562,40.0,0.0,0.966,1985.0,0.0222811813019149,0.5996297153436705,1,0,1,1,0,3,ENCFF080GFO,SRR14107373,released
153020,homo_sapiens,GSM5215543,GEO,Elf4,Hep-G2,36.0,0.0,0.982,401.0,0.0231312234654517,0.9138,1,0,1,1,1,4,ENCFF746HXD,SRR14107521,released
153035,homo_sapiens,GSM5215247,GEO,Six1,Hep-G2,34.0,0.0,0.993,3211.0,0.0690898142097903,0.9472,1,0,1,1,1,4,ENCFF989RMX,SRR14107053,released
153046,homo_sapiens,GSM5215523,GEO,Etv5,K562,36.0,0.0,0.992,922.0,0.0609529682868497,0.9332,1,0,1,1,1,4,ENCFF527IMC,SRR14107497,released
153047,homo_sapiens,GSM5215454,GEO,UBTF,Hep-G2,36.0,0.0,0.985,1926.0,0.1076031850832514,0.9526,1,0,1,1,1,4,ENCFF309FRP,SRR14107400,released
153052,homo_sapiens,GSM5215548,GEO,ADNP,Hep-G2,35.0,0.0,0.995,414.0,0.0292357190948772,0.8322,1,0,1,1,1,4,ENCFF499KTO,SRR14107528,released
153055,homo_sapiens,GSM5215561,GEO,NFE2,Hep-G2,35.0,0.0,0.995,310.0,0.0113575865572398,0.9099415204678364,1,0,1,1,1,4,ENCFF044UKQ,SRR14107546,released
153063,homo_sapiens,GSM5215062,GEO,Atf2,Hep-G2,34.0,0.0,0.996,2741.0,0.0866807293882499,0.9638,1,0,1,1,1,4,ENCFF242YBD,SRR14106066,released
153069,homo_sapiens,GSM5215197,GEO,ETV6,Hep-G2,34.0,0.0,0.993,347.0,0.0329048899725477,0.942,1,0,1,1,1,4,ENCFF532JLC,SRR14107000,released
153084,homo_sapiens,GSM5215671,GEO,PBX1,A549,40.0,0.0,0.974,3104.0,0.0599317335550111,0.9,1,0,1,1,1,4,ENCFF452XLR,SRR14107728,released
153124,homo_sapiens,GSM5215152,GEO,ZHX3,Hep-G2,35.0,0.0,0.993,498.0,0.0138167797263821,0.9263891736723396,1,0,1,1,1,4,ENCFF866XYA,SRR14106915,released
153125,homo_sapiens,GSM5215253,GEO,Nfyb,Hep-G2,35.0,0.0,0.978,6859.0,0.1424350754940991,0.9526,1,0,1,1,1,4,ENCFF791UHQ,SRR14107059,released
153182,homo_sapiens,GSM5215763,GEO,Preb,Hep-G2,35.0,0.0,0.995,160.0,0.0202669168298268,0.8822,1,0,1,1,1,4,ENCFF028QUF,SRR14107919,released
153209,homo_sapiens,GSM5215061,GEO,Atf2,Hep-G2,34.0,0.0,0.995,854.0,0.0435168108242075,0.9538,1,0,1,1,1,4,ENCFF924KRY,SRR14106065,released
153211,homo_sapiens,GSM5215591,GEO,MYNN,K562,33.0,0.0,0.996,288.0,0.0210922159090004,0.7648,1,0,1,1,1,4,ENCFF565FAR,SRR14107603,released
153213,homo_sapiens,GSM5215562,GEO,NFE2,Hep-G2,34.0,0.0,0.994,750.0,0.0169054911849075,0.9022,1,0,1,1,1,4,ENCFF594AFD,SRR14107547,released
153234,homo_sapiens,GSM5215580,GEO,Xbp1,Hep-G2,34.0,0.0,0.994,289.0,0.0153744649126145,0.9294,1,0,1,1,1,4,ENCFF976BGL,SRR14107584,released
153241,homo_sapiens,GSM5215083,GEO,TCF3,Hep-G2,34.0,0.0,0.992,244.0,0.0243698389312425,0.937,1,0,1,1,1,4,ENCFF177YXT,SRR14106091,released
153257,homo_sapiens,GSM5215736,GEO,ETS1,Hep-G2,35.0,0.0,0.996,349.0,0.0203450717820072,0.9306,1,0,1,1,1,4,ENCFF187JLN,SRR14107842,released
153266,homo_sapiens,GSM5215457,GEO,Usf2,K562,34.0,0.0,0.99,6332.0,0.0694572394153689,0.932,1,0,1,1,1,4,ENCFF813OUZ,SRR14107403,released
153305,homo_sapiens,GSM5215252,GEO,Nfyb,Hep-G2,35.0,0.0,0.987,5176.0,0.092072753148017,0.9428,1,0,1,1,1,4,ENCFF062IKU,SRR14107058,released
153323,homo_sapiens,GSM5215615,GEO,Ctcf,Hep-G2,36.0,0.0,0.971,47026.0,0.4879522184213787,0.9696,1,0,1,1,1,4,ENCFF023MCP,SRR14107645,released
153333,homo_sapiens,GSM5215565,GEO,Mta1,Hep-G2,36.0,0.0,0.978,2500.0,0.1602853671765301,0.9488,1,0,1,1,1,4,ENCFF545AYR,SRR14107556,released
153368,homo_sapiens,GSM5215581,GEO,Xbp1,Hep-G2,35.0,0.0,0.993,353.0,0.021256486536353,0.9242,1,0,1,1,1,4,ENCFF519CBJ,SRR14107585,released
153370,homo_sapiens,GSM5215207,GEO,AKNA,Hep-G2,35.0,0.0,0.994,334.0,0.0193805775223052,0.9292,1,0,1,1,1,4,ENCFF871PVK,SRR14107013,released
153376,homo_sapiens,GSM5215082,GEO,TCF3,Hep-G2,34.0,0.0,0.993,192.0,0.0175217058800397,0.8894,1,0,1,1,1,4,ENCFF904RIB,SRR14106090,released
153393,homo_sapiens,GSM5215590,GEO,MYNN,K562,34.0,0.0,0.992,371.0,0.0116373319968329,0.7749500998003992,1,0,1,1,1,4,ENCFF082BBN,SRR14107602,released
153412,homo_sapiens,GSM5215512,GEO,TCF3,K562,36.0,0.0,0.984,15091.0,0.1834466752361001,0.9792,1,0,1,1,1,4,ENCFF279HDE,SRR14107470,released
153415,homo_sapiens,GSM5215764,GEO,Preb,Hep-G2,35.0,0.0,0.993,213.0,0.0180064368133106,0.903,1,0,1,1,1,4,ENCFF472XCF,SRR14107920,released
153433,homo_sapiens,GSM5215456,GEO,Usf2,K562,33.0,0.0,0.99,7940.0,0.0984925195744303,0.9352,1,0,1,1,1,4,ENCFF714LUH,SRR14107402,released
153440,homo_sapiens,GSM5215541,GEO,TP53,Hep-G2,35.0,0.0,0.994,383.0,0.0244680287158418,0.917,1,0,1,1,1,4,ENCFF257UIJ,SRR14107519,released
153443,homo_sapiens,GSM5215737,GEO,ETS1,Hep-G2,35.0,0.0,0.996,439.0,0.0282062271851766,0.9384,1,0,1,1,1,4,ENCFF807INH,SRR14107843,released
153800,homo_sapiens,GSM5378803,GEO,TFAM,K-562,40.0,0.0,0.973,219.0,0.0218202003885693,0.1834942932396839,1,0,1,1,0,3,ENCFF202MAV,SRR14850244,released
153805,homo_sapiens,GSM5378804,GEO,TFAM,K-562,40.0,0.0,0.971,258.0,0.0211759410904219,0.1727115716753022,1,0,1,1,0,3,ENCFF222WIM,SRR14850245,released
146565,homo_sapiens,GSM5330896,GEO,BNC2,SK-N-SH,39.0,0.0,0.983,633.0,0.0541656340102005,0.8884,1,0,1,1,1,4,ENCFF786PBN,SRR14637651,released
146566,homo_sapiens,GSM5330897,GEO,BNC2,SK-N-SH,40.0,0.0,0.986,488.0,0.0449775787445185,0.86,1,0,1,1,1,4,ENCFF220ERY,SRR14637653,released
146786,homo_sapiens,GSM5330775,GEO,TOX2,SK-N-SH,40.0,0.0,0.987,281.0,0.0090235508401348,0.6352313167259787,1,0,1,0,0,2,ENCFF134ZHE,SRR14637278,released
153957,homo_sapiens,GSM5375113,GEO,RARB,SK-N-SH,40.0,0.0,0.991,455.0,0.0200622617601673,0.749,1,0,1,1,1,4,ENCFF668SMB,SRR14828321,released
153958,homo_sapiens,GSM5375114,GEO,RARB,SK-N-SH,40.0,0.0,0.984,336.0,0.0192008195441237,0.8138,1,0,1,1,1,4,ENCFF128UVS,SRR14828322,released
101783,homo_sapiens,GSM2825550,GEO,ZNF3,Hep-G2,36.0,0.0,0.993,1053.0,0.023890249999994,0.8556,1,0,1,1,1,4,ENCFF296DPR,SRR6212924,released
102619,homo_sapiens,GSM2534683,GEO,SOX5,Hep-G2,35.0,0.0,0.988,2820.0,0.0606037499999848,0.9534,1,0,1,1,1,4,ENCFF674UHN,SRR5339612,released
101894,homo_sapiens,GSM2534397,GEO,Klf6,Hep-G2,35.0,0.0,0.987,835.0,0.043737249999989,0.9496,1,0,1,1,1,4,ENCFF762ILJ,SRR5339287,released
102528,homo_sapiens,GSM2534190,GEO,TFE3,Hep-G2,35.0,0.0,0.989,2422.0,0.0581489999999854,0.958,1,0,1,1,1,4,ENCFF085MHP,SRR5338954,released
101401,homo_sapiens,GSM2534018,GEO,THRB,Hep-G2,35.0,0.0,0.993,1449.0,0.015801499999996,0.8896,1,0,1,1,1,4,ENCFF675YZO,SRR5338736,released
100474,homo_sapiens,GSM2534075,GEO,Rara,Hep-G2,35.0,0.0,0.986,11997.0,0.1580734999999604,0.9358,1,0,1,1,1,4,ENCFF320DMI,SRR5338810,released
102527,homo_sapiens,GSM2534191,GEO,TFE3,Hep-G2,35.0,0.0,0.99,3170.0,0.059731999999985,0.9562,1,0,1,1,1,4,ENCFF851FHG,SRR5338955,released
101244,homo_sapiens,GSM2534026,GEO,MXD4,Hep-G2,34.0,0.0,0.981,221.0,0.0550254999999862,0.9598,1,0,1,1,1,4,ENCFF480HVG,SRR5338744,released
101016,homo_sapiens,GSM2534152,GEO,RXRB,Hep-G2,35.0,0.0,0.988,8271.0,0.1420712499999644,0.9598,1,0,1,1,1,4,ENCFF256YDZ,SRR5338939,released
100475,homo_sapiens,GSM2534076,GEO,Rara,Hep-G2,35.0,0.0,0.986,15170.0,0.1794374999999551,0.9406,1,0,1,1,1,4,ENCFF308NXH,SRR5338811,released
101697,homo_sapiens,GSM2534421,GEO,ELF3,Hep-G2,35.0,0.0,0.99,5903.0,0.1111309999999722,0.9636,1,0,1,1,1,4,ENCFF873VOO,SRR5339282,released
164667,homo_sapiens,GSM5668838,GEO,ELK4,Hep-G2,34.0,0.0,0.992,363.0,0.0204530203777053,0.904,1,0,1,1,1,4,ENCFF510PHS,SRR16811524,released
164671,homo_sapiens,GSM5668641,GEO,Nfib,Hep-G2,36.0,0.0,0.981,190.0,0.0116261819626411,0.8149108589951377,1,0,1,1,1,4,ENCFF664XNW,SRR16811366,released
164709,homo_sapiens,GSM5668148,GEO,Rorb,GM25256,36.0,0.0,0.995,539.0,0.0134533937787963,0.4570627409744129,1,0,1,1,0,3,ENCFF271SWP,SRR16810768,released
164762,homo_sapiens,GSM5668149,GEO,Rorb,GM25256,36.0,0.0,0.995,546.0,0.0129199574323635,0.5292397660818714,1,0,1,1,0,3,ENCFF588QSA,SRR16810770,released
164804,homo_sapiens,GSM5668837,GEO,ELK4,Hep-G2,35.0,0.0,0.995,133.0,0.0129932586628774,0.9182932364956876,1,0,1,1,1,4,ENCFF316DXF,SRR16811523,released
164836,homo_sapiens,GSM5668642,GEO,Nfib,Hep-G2,36.0,0.0,0.982,219.0,0.0191479544178449,0.8276,1,0,1,1,1,4,ENCFF476ERT,SRR16811367,released
165927,homo_sapiens,GSM6637579,GEO,MTF1,K-562,36.0,0.0,0.987,356.0,0.0148772379833234,0.3452748610253243,1,0,1,1,0,3,ENCFF561FMV,SRR21926553,released
166002,homo_sapiens,GSM6637578,GEO,MTF1,K-562,36.0,0.0,0.984,480.0,0.0147982094184074,0.4848084544253633,1,0,1,1,0,3,ENCFF571RTH,SRR21926552,released
163535,homo_sapiens,GSM6372203,GEO,OSR1,SK-N-SH,36.0,0.0,0.969,261.0,0.0137158105470328,0.625,1,0,1,1,0,3,ENCFF805NTQ,SRR20464140,released
163662,homo_sapiens,GSM6372221,GEO,MYNN,K-562,36.0,0.0,0.989,452.0,0.0141362437937903,0.3962645128722867,1,0,1,1,0,3,ENCFF868GMG,SRR20464258,released
163534,homo_sapiens,GSM6372202,GEO,OSR1,SK-N-SH,36.0,0.0,0.974,255.0,0.0123819859549905,0.5456362425049966,1,0,1,1,0,3,ENCFF863DZE,SRR20464139,released
163661,homo_sapiens,GSM6372220,GEO,MYNN,K-562,36.0,0.0,0.991,496.0,0.0147258184987669,0.2552192066805845,1,0,1,1,0,3,ENCFF370AKB,SRR20464257,released
163640,homo_sapiens,GSM6347221,GEO,HIC2,Hep-G2,36.0,0.0,0.991,910.0,0.0643967383424579,0.921,1,0,1,1,1,4,ENCFF655YIK,SRR20463116,released
163639,homo_sapiens,GSM6347220,GEO,HIC2,Hep-G2,36.0,0.0,0.991,1438.0,0.0626212743433424,0.9134,1,0,1,1,1,4,ENCFF572PRF,SRR20463115,released
163654,homo_sapiens,GSM6347243,GEO,MXD1,K-562,36.0,0.0,0.965,653.0,0.016331287545701,0.7109673625404292,1,0,1,1,1,4,ENCFF041DWU,SRR20463224,released
163577,homo_sapiens,GSM6347211,GEO,Isl1,SK-N-SH,36.0,0.0,0.981,7326.0,0.121689135755242,0.9316,1,0,1,1,1,4,ENCFF094AWK,SRR20463072,released
163653,homo_sapiens,GSM6347242,GEO,MXD1,K-562,36.0,0.0,0.975,525.0,0.0151714363046786,0.5069702602230484,1,0,1,1,0,3,ENCFF411CFF,SRR20463223,released
174798,homo_sapiens,GSM5667709,GEO,HES4,Hep-G2,36.0,0.0,0.986,1991.0,0.1219595877813457,0.9498,1,0,1,1,1,4,ENCFF239GYZ,SRR16809526,released
174797,homo_sapiens,GSM5667708,GEO,HES4,Hep-G2,36.0,0.0,0.987,905.0,0.0616373497302594,0.9172,1,0,1,1,1,4,ENCFF444IJA,SRR16809525,released
174919,homo_sapiens,GSM5667454,GEO,CDX4,GM25256,36.0,0.0,0.986,545.0,0.0148731795516045,0.488397001071046,1,0,1,1,0,3,ENCFF748IKL,SRR16808383,released
174918,homo_sapiens,GSM5667453,GEO,CDX4,GM25256,36.0,0.0,0.994,594.0,0.0141458321413518,0.2673101133025597,1,0,1,1,0,3,ENCFF178VJM,SRR16808380,released
100594,homo_sapiens,GSM2828681,GEO,ZSCAN5C,HEK293,36.0,0.0,0.973,284.0,0.0274214999999931,0.8504,1,0,1,1,1,4,ENCFF581XPH,SRR6214066,released
100595,homo_sapiens,GSM2828682,GEO,ZSCAN5C,HEK293,37.0,0.0,0.994,666.0,0.0400432499999899,0.7834,1,0,1,1,1,4,ENCFF742XIJ,SRR6214067,released
145369,homo_sapiens,GSM5214091,GEO,JUN,Hep-G2,36.0,0.0,0.975,507.0,0.0309445517093714,0.932,1,0,1,1,1,4,ENCFF702FLQ,SRR14103415,released
145371,homo_sapiens,GSM5214308,GEO,ZFX,Hep-G2,36.0,0.0,0.975,9005.0,0.2220766534562456,0.9652,1,0,1,1,1,4,ENCFF792CNL,SRR14103804,released
145523,homo_sapiens,GSM5214356,GEO,Sp1,Hep-G2,34.0,0.0,0.995,3541.0,0.0650419983145497,0.9652,1,0,1,1,1,4,ENCFF517LOQ,SRR14103876,released
145579,homo_sapiens,GSM5214997,GEO,Maz,K562,34.0,0.0,0.996,3029.0,0.0921749404786824,0.9632,1,0,1,1,1,4,ENCFF762DVM,SRR14105594,released
145602,homo_sapiens,GSM5214309,GEO,ZFX,Hep-G2,37.0,0.0,0.977,11385.0,0.3069417755487717,0.9698,1,0,1,1,1,4,ENCFF897SRW,SRR14103805,released
145605,homo_sapiens,GSM5214090,GEO,JUN,Hep-G2,37.0,0.0,0.979,1274.0,0.0466721263883824,0.9362,1,0,1,1,1,4,ENCFF716JFE,SRR14103414,released
145912,homo_sapiens,GSM5214153,GEO,WIZ,Hep-G2,36.0,0.0,0.986,575.0,0.042983983321696,0.9274,1,0,1,1,1,4,ENCFF869NFE,SRR14103535,released
145926,homo_sapiens,GSM5214854,GEO,NRL,Hep-G2,36.0,0.0,0.989,1939.0,0.1881770754985719,0.9392,1,0,1,1,1,4,ENCFF874BVX,SRR14105360,released
146188,homo_sapiens,GSM5214855,GEO,NRL,Hep-G2,36.0,0.0,0.977,1730.0,0.1685887332406121,0.949,1,0,1,1,1,4,ENCFF795GSR,SRR14105361,released
146191,homo_sapiens,GSM5214355,GEO,Sp1,Hep-G2,34.0,0.0,0.996,2704.0,0.0510554300455133,0.9618,1,0,1,1,1,4,ENCFF612ZWV,SRR14103875,released
146204,homo_sapiens,GSM5214152,GEO,WIZ,Hep-G2,36.0,0.0,0.989,923.0,0.0441598443218978,0.894,1,0,1,1,1,4,ENCFF565XOQ,SRR14103534,released
146254,homo_sapiens,GSM5214998,GEO,Maz,K562,34.0,0.0,0.994,3136.0,0.1010911451385064,0.9674,1,0,1,1,1,4,ENCFF849ZWV,SRR14105595,released
149718,homo_sapiens,GSM5213799,GEO,Maz,Hep-G2,36.0,0.0,0.985,2323.0,0.0968897682382461,0.9504,1,0,1,1,1,4,ENCFF622WRT,SRR14102866,released
149758,homo_sapiens,GSM5213798,GEO,Maz,Hep-G2,36.0,0.0,0.984,1628.0,0.0846337604706285,0.9514,1,0,1,1,1,4,ENCFF179GGV,SRR14102865,released
146614,homo_sapiens,GSM5331377,GEO,DBP,HepG2,35.0,0.0,0.995,269.0,0.0202774834579426,0.9352,1,0,1,1,1,4,ENCFF698KEW,SRR14637987,released
146615,homo_sapiens,GSM5331378,GEO,DBP,HepG2,35.0,0.0,0.995,231.0,0.0162442806892018,0.9282,1,0,1,1,1,4,ENCFF973NZN,SRR14637988,released
152855,homo_sapiens,GSM5215351,GEO,ZFY,Hep-G2,35.0,0.0,0.993,5302.0,0.1326520593734796,0.9708,1,0,1,1,1,4,ENCFF986ZEO,SRR14107236,released
152873,homo_sapiens,GSM5215340,GEO,SP2,Hep-G2,36.0,0.0,0.986,3866.0,0.1205715555904195,0.952,1,0,1,1,1,4,ENCFF986GWG,SRR14107169,released
152893,homo_sapiens,GSM5215081,GEO,MAX,Hep-G2,36.0,0.0,0.978,16530.0,0.323109665905877,0.9684,1,0,1,1,1,4,ENCFF674WFO,SRR14106089,released
152916,homo_sapiens,GSM5215495,GEO,Srf,K562,34.0,0.0,0.996,2041.0,0.0379856226675509,0.9278,1,0,1,1,1,4,ENCFF651BYS,SRR14107454,released
152964,homo_sapiens,GSM5215109,GEO,Ehf,A549,40.0,0.0,0.985,384.0,0.0161604061421457,0.7801955990220049,1,0,1,1,1,4,ENCFF482MKB,SRR14106128,released
152980,homo_sapiens,GSM5215026,GEO,ISX,Hep-G2,35.0,0.0,0.995,325.0,0.0192366260527061,0.9256,1,0,1,1,1,4,ENCFF290TTG,SRR14105649,released
153042,homo_sapiens,GSM5215350,GEO,ZFY,Hep-G2,34.0,0.0,0.99,9619.0,0.2593902283517665,0.9744,1,0,1,1,1,4,ENCFF510SDJ,SRR14107235,released
153076,homo_sapiens,GSM5215494,GEO,Srf,K562,34.0,0.0,0.993,2658.0,0.0567167528256408,0.9188,1,0,1,1,1,4,ENCFF630CZG,SRR14107453,released
153085,homo_sapiens,GSM5215080,GEO,MAX,Hep-G2,36.0,0.0,0.981,19041.0,0.3393118117447526,0.964,1,0,1,1,1,4,ENCFF605GOU,SRR14106088,released
153098,homo_sapiens,GSM5215501,GEO,TEF,Hep-G2,35.0,0.0,0.994,1305.0,0.0290453362149099,0.9296,1,0,1,1,1,4,ENCFF931NBX,SRR14107460,released
153123,homo_sapiens,GSM5215025,GEO,ISX,Hep-G2,35.0,0.0,0.993,274.0,0.0187585521706099,0.9248,1,0,1,1,1,4,ENCFF166CCT,SRR14105648,released
153177,homo_sapiens,GSM5215110,GEO,Ehf,A549,40.0,0.0,0.988,435.0,0.0219956574388437,0.812,1,0,1,1,1,4,ENCFF037XNL,SRR14106129,released
153229,homo_sapiens,GSM5215502,GEO,TEF,Hep-G2,35.0,0.0,0.993,494.0,0.0207101043185023,0.9234,1,0,1,1,1,4,ENCFF107AJQ,SRR14107461,released
153423,homo_sapiens,GSM5215339,GEO,SP2,Hep-G2,36.0,0.0,0.986,3347.0,0.0907024214648502,0.9456,1,0,1,1,1,4,ENCFF372TBP,SRR14107168,released
153798,homo_sapiens,GSM5378611,GEO,TOX,SK-N-SH,40.0,0.0,0.985,612.0,0.0308083296854403,0.8356,1,0,1,1,1,4,ENCFF269EUM,SRR14842271,released
153799,homo_sapiens,GSM5378671,GEO,PHB,K-562,40.0,0.0,0.993,313.0,0.0170039427657988,0.7351434426229508,1,0,1,1,1,4,ENCFF573FTW,SRR14842748,released
153822,homo_sapiens,GSM5378612,GEO,TOX,SK-N-SH,40.0,0.0,0.983,400.0,0.0223820769343047,0.7998,1,0,1,1,1,4,ENCFF629MCX,SRR14842272,released
153827,homo_sapiens,GSM5378672,GEO,PHB,K-562,40.0,0.0,0.992,360.0,0.0175138486682404,0.6947078617314163,1,0,1,1,0,3,ENCFF735VSL,SRR14842749,released
163711,homo_sapiens,GSM6372621,GEO,JUN,K-562,36.0,0.0,0.989,211.0,0.0144698376693803,0.8774,1,0,1,1,1,4,ENCFF544XTD,SRR20466072,released
163712,homo_sapiens,GSM6372622,GEO,JUN,K-562,36.0,0.0,0.987,324.0,0.0334936025996875,0.9202,1,0,1,1,1,4,ENCFF333YKW,SRR20466073,released
163469,homo_sapiens,GSM6372434,GEO,Srf,Hep-G2,36.0,0.0,0.986,929.0,0.0671595152808307,0.9332,1,0,1,1,1,4,ENCFF895KXT,SRR20464913,released
163468,homo_sapiens,GSM6372433,GEO,Srf,Hep-G2,36.0,0.0,0.983,655.0,0.0447993839075729,0.924,1,0,1,1,1,4,ENCFF995RPV,SRR20464912,released
163473,homo_sapiens,GSM6372204,GEO,Srf,K-562,40.0,0.0,0.986,789.0,0.0177353713981268,0.6555135292406168,1,0,1,1,0,3,ENCFF599DDS,SRR20464141,released
100032,homo_sapiens,GSM3498423,GEO,NR2E3,WA01,36.0,0.0,0.984,318.0,0.007984499999998,0.5925465838509317,1,0,1,0,0,2,ENCFF650WVN,SRR8275147,released
102587,homo_sapiens,GSM3498425,GEO,NR2E3,embryonic stem cell,36.0,0.0,0.991,525.0,0.0872387499999782,0.9744,1,0,1,1,1,4,ENCFF311BDI,SRR8275149,released
100031,homo_sapiens,GSM3498424,GEO,NR2E3,WA01,37.0,0.0,0.976,17.0,0.0029857499999992,0.6881720430107527,1,0,1,0,0,2,ENCFF372AND,SRR8275148,released
100025,homo_sapiens,GSM3498419,GEO,NR2E3,WA01,36.0,0.0,0.986,21.0,0.0026452499999993,0.6915887850467289,1,0,1,0,0,2,ENCFF979OQS,SRR8275143,released
100024,homo_sapiens,GSM3498420,GEO,NR2E3,WA01,37.0,0.0,0.981,218.0,0.0020952499999994,0.6317135549872123,1,0,1,0,0,2,ENCFF529XNL,SRR8275144,released
102586,homo_sapiens,GSM3498426,GEO,NR2E3,WA01,37.0,0.0,0.984,577.0,0.0663357499999834,0.9732,1,0,1,1,1,4,ENCFF879QBW,SRR8275150,released
101479,homo_sapiens,GSM2699985,GEO,NR2E3,WA01,37.0,0.0,0.971,332.0,0.0210434999999947,0.758,1,0,1,1,1,4,ENCFF935HUK,SRR5832800,released
101478,homo_sapiens,GSM2699984,GEO,NR2E3,WA01,38.0,0.0,0.976,354.0,0.0163122499999959,0.627,1,0,1,1,0,3,ENCFF220HNB,SRR5832799,released
101480,homo_sapiens,GSM2699986,GEO,NR2E3,WA01,36.0,0.0,0.996,1854.0,0.0762212499999809,0.7368,1,0,1,1,1,4,ENCFF503DAG,SRR5832801,released
102566,homo_sapiens,GSM2700574,GEO,NR2E3,WA01,38.0,0.0,0.991,2268.0,0.0272299999999931,0.8938189279302385,1,0,1,1,1,4,ENCFF079NVQ,SRR5832936,released
102565,homo_sapiens,GSM2700573,GEO,NR2E3,WA01,35.0,0.0,0.982,382.0,0.0265798980725958,0.9444444444444444,1,0,1,1,1,4,ENCFF794IGW,SRR5832935,released
101238,homo_sapiens,GSM2825500,GEO,GATAD2A,K562,37.0,0.0,0.967,175.0,0.03996074999999,0.8806,1,0,1,1,1,4,ENCFF762OUK,SRR6212863,released
101237,homo_sapiens,GSM2825501,GEO,GATAD2A,K562,37.0,0.0,0.994,49.0,0.0025499999999993,0.5416666666666666,1,0,1,0,0,2,ENCFF160GSI,SRR6212864,released
100782,homo_sapiens,GSM2423103,GEO,ZKSCAN1,Hep-G2,39.0,0.0,0.996,1687.0,0.0220919999999944,0.7114,1,0,1,1,1,4,ENCFF002EEH,SRR5111186,released
101090,homo_sapiens,GSM2423980,GEO,Bhlhe40,HEK293T,40.0,0.0,0.904,249.0,0.0064372499999983,0.6160990712074303,1,0,1,0,0,2,ENCFF527YMQ,SRR5112137,released
101335,homo_sapiens,GSM2423030,GEO,CREB3L1,K562,38.0,0.0,0.891,452.0,0.0333872499999916,0.9372,1,0,1,1,1,4,ENCFF002EIN,SRR5111129,released
101091,homo_sapiens,GSM2423979,GEO,Bhlhe40,HEK293T,40.0,0.0,0.859,313.0,0.0080149999999979,0.8050200072753728,1,0,1,0,1,3,ENCFF171ZAE,SRR5112136,released
100783,homo_sapiens,GSM2423102,GEO,ZKSCAN1,Hep-G2,39.0,0.0,0.994,1021.0,0.0129274999999967,0.7242,1,0,1,1,1,4,ENCFF002EEG,SRR5111185,released
101334,homo_sapiens,GSM2423031,GEO,CREB3L1,K562,38.0,0.0,0.9,1462.0,0.0788452499999803,0.9438,1,0,1,1,1,4,ENCFF002EIT,SRR5111130,released
100437,homo_sapiens,GSM2828892,GEO,Bhlhe40,GM12878,40.0,0.0,0.817,20348.0,0.3251932499999187,0.964,1,0,1,1,1,4,ENCFF216ZWY,SRR6214308,released
101322,homo_sapiens,GSM2828563,GEO,GATAD2B,GM12878,34.0,0.0,0.87,302.0,0.0823519999999794,0.9532,1,0,1,1,1,4,ENCFF785LRF,SRR6214030,released
102314,homo_sapiens,GSM2828861,GEO,GATAD2B,MCF-7,37.0,0.0,0.982,209.0,0.0201057499999949,0.7488,1,0,1,1,1,4,ENCFF855WMN,SRR6214198,released
101186,homo_sapiens,GSM2828967,GEO,Smarcc2,Hep-G2,40.0,0.0,0.942,182.0,0.0075812499999981,0.8107980108927303,1,0,1,0,1,3,ENCFF827KUP,SRR6214385,released
101185,homo_sapiens,GSM2828966,GEO,Smarcc2,Hep-G2,40.0,0.0,0.93,164.0,0.0073304999999981,0.7127541589648798,1,0,1,0,1,3,ENCFF753GKC,SRR6214384,released
101321,homo_sapiens,GSM2828562,GEO,GATAD2B,GM12878,39.0,0.0,0.828,147.0,0.0853892499999786,0.9586,1,0,1,1,1,4,ENCFF263DDP,SRR6214029,released
100438,homo_sapiens,GSM2828893,GEO,Bhlhe40,GM12878,40.0,0.0,0.876,7195.0,0.1093194999999726,0.956,1,0,1,1,1,4,ENCFF542AWV,SRR6214309,released
102315,homo_sapiens,GSM2828860,GEO,GATAD2B,MCF-7,37.0,0.0,0.979,209.0,0.0223677499999944,0.8174,1,0,1,1,1,4,ENCFF012IRR,SRR6214197,released
102461,homo_sapiens,GSM2828789,GEO,SMARCE1,Hep-G2,40.0,0.0,0.941,210.0,0.0063592499999984,0.4583645911477869,1,0,1,0,0,2,ENCFF637JXP,SRR6214124,released
101676,homo_sapiens,GSM2828872,GEO,ZNF512B,MCF-7,37.0,0.0,0.979,200.0,0.0200667499999949,0.712,1,0,1,1,1,4,ENCFF699NLS,SRR6214210,released
102460,homo_sapiens,GSM2828788,GEO,SMARCE1,Hep-G2,40.0,0.0,0.944,279.0,0.015648749999996,0.5916373583431028,1,0,1,1,0,3,ENCFF985OFU,SRR6214123,released
101677,homo_sapiens,GSM2828873,GEO,ZNF512B,MCF-7,37.0,0.0,0.983,169.0,0.0126229999999968,0.6132,1,0,1,1,0,3,ENCFF984URP,SRR6214211,released
102169,homo_sapiens,GSM2827282,GEO,SMARCE1,MCF-7,40.0,0.0,0.734,2098.0,0.0356167499999911,0.945,1,0,0,1,1,3,ENCFF734WRA,SRR6213275,released
100661,homo_sapiens,GSM2827163,GEO,ZSCAN29,GM12878,40.0,0.0,0.716,393.0,0.015655999999996,0.909,1,0,0,1,1,3,ENCFF294ZQW,SRR6213087,released
100854,homo_sapiens,GSM2827500,GEO,GATAD2B,K562,40.0,0.0,0.993,267.0,0.0387974300593423,0.87,1,0,1,1,1,4,ENCFF489DPL,SRR6213691,released
100853,homo_sapiens,GSM2827499,GEO,GATAD2B,K562,40.0,0.0,0.901,247.0,0.0592562499999851,0.9038,1,0,1,1,1,4,ENCFF552ETP,SRR6213690,released
102168,homo_sapiens,GSM2827281,GEO,SMARCE1,MCF-7,40.0,0.0,0.777,1472.0,0.0255709999999936,0.934,1,0,0,1,1,3,ENCFF609XEG,SRR6213274,released
100660,homo_sapiens,GSM2827164,GEO,ZSCAN29,GM12878,39.0,0.0,0.673,453.0,0.019927249999995,0.9114,1,0,0,1,1,3,ENCFF410XYU,SRR6213088,released
145398,homo_sapiens,GSM5214013,GEO,Arid5b,Hep-G2,35.0,0.0,0.987,10860.0,0.2113634710907255,0.9734,1,0,1,1,1,4,ENCFF935UML,SRR14103288,released
145666,homo_sapiens,GSM5214577,GEO,SPDEF,MCF-7,40.0,0.0,0.983,335.0,0.0161490192371184,0.8227589029881294,1,0,1,1,1,4,ENCFF342UTM,SRR14104272,released
145717,homo_sapiens,GSM5214014,GEO,Arid5b,Hep-G2,35.0,0.0,0.992,13650.0,0.1724539718600898,0.973,1,0,1,1,1,4,ENCFF660ZFC,SRR14103289,released
149697,homo_sapiens,GSM5213940,GEO,MSX2,MCF-7,40.0,0.0,0.99,401.0,0.0196120518741787,0.788,1,0,1,1,1,4,ENCFF009OKE,SRR14103171,released
146652,homo_sapiens,GSM5331060,GEO,SETDB1,HEK293,33.0,0.0,0.962,5291.0,0.0779557571315531,0.5954,1,0,1,1,0,3,ENCFF000ZTR,SRR14638367,released
146651,homo_sapiens,GSM5331059,GEO,SETDB1,HEK293,35.0,0.0,0.964,4178.0,0.0669150269024813,0.5656,1,0,1,1,0,3,ENCFF000ZTQ,SRR14638366,released
102284,homo_sapiens,GSM2825586,GEO,ZNF592,K562,40.0,0.0,0.907,843.0,0.0950957499999762,0.9186,1,0,1,1,1,4,ENCFF283GNM,SRR6212973,released
100235,homo_sapiens,GSM2825054,GEO,Bclaf1,Hep-G2,40.0,0.0,0.913,187.0,0.0087487499999978,0.2458,1,0,1,0,0,2,ENCFF383GYI,SRR6213084,released
100633,homo_sapiens,GSM2825412,GEO,ZNF316,K562,40.0,0.0,0.918,1127.0,0.0171987499999957,0.550327126321087,1,0,1,1,0,3,ENCFF121HAM,SRR6212859,released
100007,homo_sapiens,GSM2825077,GEO,ZNF579,MCF-7,40.0,0.0,0.986,466.0,0.0302790519868055,0.8218,1,0,1,1,1,4,ENCFF950ZQE,SRR6212624,released
100234,homo_sapiens,GSM2825055,GEO,Bclaf1,Hep-G2,40.0,0.0,0.934,188.0,0.0069092499999982,0.2985915492957746,1,0,1,0,0,2,ENCFF774IAM,SRR6213085,released
101025,homo_sapiens,GSM2825818,GEO,Zbtb7b,MCF-7,37.0,0.0,0.98,608.0,0.0177694999999955,0.6938,1,0,1,1,0,3,ENCFF662WYC,SRR6213022,released
101548,homo_sapiens,GSM2825533,GEO,ZNF592,GM12878,40.0,0.0,0.729,461.0,0.0332264999999916,0.9022,1,0,0,1,1,3,ENCFF011RRD,SRR6212900,released
100634,homo_sapiens,GSM2825411,GEO,ZNF316,K562,40.0,0.0,0.863,4600.0,0.0895999999999776,0.6186,1,0,1,1,0,3,ENCFF308CZX,SRR6212858,released
100008,homo_sapiens,GSM2825078,GEO,ZNF579,MCF-7,39.0,0.0,0.867,410.0,0.0392117499999902,0.9156,1,0,1,1,1,4,ENCFF970AND,SRR6212625,released
101024,homo_sapiens,GSM2825819,GEO,Zbtb7b,MCF-7,37.0,0.0,0.986,191.0,0.015715999999996,0.7766,1,0,1,1,1,4,ENCFF605PXJ,SRR6213023,released
101547,homo_sapiens,GSM2825532,GEO,ZNF592,GM12878,39.0,0.0,0.78,373.0,0.0246397499999938,0.9052,1,0,0,1,1,3,ENCFF773RRJ,SRR6212899,released
102283,homo_sapiens,GSM2825585,GEO,ZNF592,K562,40.0,0.0,0.897,1282.0,0.123942249999969,0.9186,1,0,1,1,1,4,ENCFF706KLP,SRR6212972,released
102221,homo_sapiens,GSM2423202,GEO,ZBTB33,MCF-7,36.0,0.0,0.985,354.0,0.0100882499999974,0.6801242236024845,1,0,1,1,0,3,ENCFF279UPH,SRR5111308,released
102480,homo_sapiens,GSM2423788,GEO,Srebf2,A-549,37.0,0.0,0.899,419.0,0.0121092499999969,0.7787846481876333,1,0,1,1,1,4,ENCFF002EMJ,SRR5111887,released
101475,homo_sapiens,GSM2423014,GEO,ZNF384,Hep-G2,39.0,0.0,0.99,6188.0,0.0541357499999864,0.9084,1,0,1,1,1,4,ENCFF001YXE,SRR5111097,released
101473,homo_sapiens,GSM2423560,GEO,NFE2L2,Hep-G2,39.0,0.0,0.99,2649.0,0.011902999999997,0.7226,1,0,1,1,1,4,ENCFF002EAY,SRR5111707,released
100128,homo_sapiens,GSM2423114,GEO,ZNF316,K562,37.0,0.0,0.986,7086.0,0.0884387499999778,0.856,1,0,1,1,1,4,ENCFF228VAR,SRR5111211,released
102219,homo_sapiens,GSM2423204,GEO,Pknox1,HEK293T,36.0,0.0,0.963,9972.0,0.1539369999999615,0.9226,1,0,1,1,1,4,ENCFF859KHK,SRR5111312,released
100958,homo_sapiens,GSM2423041,GEO,ZNF207,GM12878,37.0,0.0,0.942,98.0,0.0433919999999891,0.9362,1,0,1,1,1,4,ENCFF002EHP,SRR5111145,released
100612,homo_sapiens,GSM2423738,GEO,Srebf2,HeLa-S3,37.0,0.0,0.946,197.0,0.0147567499999963,0.8982,1,0,1,1,1,4,ENCFF002EHZ,SRR5111843,released
101474,homo_sapiens,GSM2423015,GEO,ZNF384,Hep-G2,39.0,0.0,0.991,5855.0,0.043860249999989,0.8972,1,0,1,1,1,4,ENCFF001YXD,SRR5111098,released
102218,homo_sapiens,GSM2423203,GEO,Pknox1,HEK293T,36.0,0.0,0.964,8758.0,0.1310122499999672,0.9232,1,0,1,1,1,4,ENCFF766EXH,SRR5111311,released
100135,homo_sapiens,GSM2423706,GEO,NFE2L2,A-549,39.0,0.0,0.992,2884.0,0.0133079999999966,0.7764,1,0,1,1,1,4,ENCFF002EAH,SRR5111813,released
101472,homo_sapiens,GSM2423561,GEO,NFE2L2,Hep-G2,39.0,0.0,0.993,5042.0,0.0252792499999936,0.847,1,0,1,1,1,4,ENCFF002EAS,SRR5111708,released
100129,homo_sapiens,GSM2423115,GEO,ZNF316,K562,37.0,0.0,0.975,24163.0,0.1828709999999543,0.7824,1,0,1,1,1,4,ENCFF387RWU,SRR5111212,released
100957,homo_sapiens,GSM2423040,GEO,ZNF207,GM12878,37.0,0.0,0.958,85.0,0.0202222499999949,0.9082,1,0,1,1,1,4,ENCFF002DOM,SRR5111144,released
102185,homo_sapiens,GSM2423884,GEO,Pknox1,GM12878,36.0,0.0,0.916,9917.0,0.255876499999936,0.9548,1,0,1,1,1,4,ENCFF258XJK,SRR5111987,released
102217,homo_sapiens,GSM2423199,GEO,ARID3A,MCF-7,36.0,0.0,0.977,133.0,0.0062317499999984,0.3653723742838956,1,0,1,0,0,2,ENCFF277XRY,SRR5111305,released
102479,homo_sapiens,GSM2423787,GEO,Srebf2,A-549,38.0,0.0,0.996,628.0,0.0213163451809078,0.478556263269639,1,0,1,1,0,3,ENCFF002EMN,SRR5111886,released
100134,homo_sapiens,GSM2423705,GEO,NFE2L2,A-549,39.0,0.0,0.991,2366.0,0.0128762499999967,0.7816,1,0,1,1,1,4,ENCFF002EAK,SRR5111812,released
102220,homo_sapiens,GSM2423201,GEO,ZBTB33,MCF-7,36.0,0.0,0.977,708.0,0.0194784999999951,0.7818,1,0,1,1,1,4,ENCFF748NXL,SRR5111307,released
100613,homo_sapiens,GSM2423737,GEO,Srebf2,HeLa-S3,37.0,0.0,0.971,196.0,0.0171949999999957,0.8938,1,0,1,1,1,4,ENCFF002EHY,SRR5111842,released
102184,homo_sapiens,GSM2423883,GEO,Pknox1,GM12878,36.0,0.0,0.939,6078.0,0.1524174999999619,0.949,1,0,1,1,1,4,ENCFF914JSK,SRR5111986,released
101274,homo_sapiens,GSM2424005,GEO,Srebf1,K562,39.0,0.0,0.983,222.0,0.0035327499999991,0.9242819843342036,1,0,1,0,1,3,ENCFF002EEL,SRR5112118,released
102141,homo_sapiens,GSM2424096,GEO,ZNF384,HEK293T,36.0,0.0,0.989,2537.0,0.0547029999999863,0.793,1,0,1,1,1,4,ENCFF237IMG,SRR5112207,released
101046,homo_sapiens,GSM2424019,GEO,ARID1B,K562,40.0,0.0,0.926,9995.0,0.1978844999999505,0.9728,1,0,1,1,1,4,ENCFF680HKS,SRR5112391,released
100044,homo_sapiens,GSM2424127,GEO,Srebf1,A-549,38.0,0.0,0.979,440.0,0.0090859999999977,0.7918140474987367,1,0,1,0,1,3,ENCFF002EMI,SRR5112243,released
101275,homo_sapiens,GSM2424004,GEO,Srebf1,K562,39.0,0.0,0.99,434.0,0.0071239999999982,0.9407275502416688,1,0,1,0,1,3,ENCFF002EEP,SRR5112117,released
101045,homo_sapiens,GSM2424018,GEO,ARID1B,K562,40.0,0.0,0.914,6832.0,0.1651177499999587,0.9716,1,0,1,1,1,4,ENCFF718FBA,SRR5112390,released
100105,homo_sapiens,GSM2424233,GEO,Pknox1,MCF-7,37.0,0.0,0.98,4401.0,0.0828627499999793,0.9376,1,0,1,1,1,4,ENCFF405YUH,SRR5112360,released
100043,homo_sapiens,GSM2424128,GEO,Srebf1,A-549,37.0,0.0,0.971,230.0,0.015901249999996,0.8894,1,0,1,1,1,4,ENCFF002EME,SRR5112244,released
102140,homo_sapiens,GSM2424095,GEO,ZNF384,HEK293T,36.0,0.0,0.984,2545.0,0.0569597499999857,0.7964,1,0,1,1,1,4,ENCFF871PJG,SRR5112206,released
100104,homo_sapiens,GSM2424232,GEO,Pknox1,MCF-7,37.0,0.0,0.959,7841.0,0.1331262499999667,0.9466,1,0,1,1,1,4,ENCFF060EBL,SRR5112359,released
100226,homo_sapiens,GSM2828943,GEO,ARID3A,GM12878,39.0,0.0,0.763,187.0,0.0315009999999921,0.94,1,0,0,1,1,3,ENCFF294EUQ,SRR6214361,released
101887,homo_sapiens,GSM2828888,GEO,ZNF687,GM12878,40.0,0.0,0.854,1327.0,0.0801287499999799,0.945,1,0,1,1,1,4,ENCFF452DGQ,SRR6214305,released
100227,homo_sapiens,GSM2828944,GEO,ARID3A,GM12878,40.0,0.0,0.744,680.0,0.0527127499999868,0.952,1,0,0,1,1,3,ENCFF900RHA,SRR6214362,released
101877,homo_sapiens,GSM2828889,GEO,ZNF217,GM12878,40.0,0.0,0.898,276.0,0.0555417499999861,0.9316,1,0,1,1,1,4,ENCFF907HHY,SRR6214306,released
101886,homo_sapiens,GSM2828887,GEO,ZNF687,GM12878,40.0,0.0,0.914,589.0,0.0422639999999894,0.9388,1,0,1,1,1,4,ENCFF814CFQ,SRR6214304,released
101876,homo_sapiens,GSM2828890,GEO,ZNF217,GM12878,39.0,0.0,0.877,399.0,0.059739999999985,0.9458,1,0,1,1,1,4,ENCFF608RBJ,SRR6214307,released
102453,homo_sapiens,GSM2828368,GEO,Nfib,MCF-7,37.0,0.0,0.977,5786.0,0.0642702499999839,0.8378,1,0,1,1,1,4,ENCFF627SNU,SRR6213919,released
102454,homo_sapiens,GSM2828369,GEO,Nfib,MCF-7,37.0,0.0,0.982,4510.0,0.047813749999988,0.805,1,0,1,1,1,4,ENCFF643VJS,SRR6213920,released
102478,homo_sapiens,GSM2422887,GEO,ZNF407,K562,37.0,0.0,0.952,845.0,0.0309722499999922,0.855476100865638,1,0,1,1,1,4,ENCFF379LAP,SRR5112396,released
102477,homo_sapiens,GSM2422888,GEO,ZNF407,K562,37.0,0.0,0.967,1067.0,0.0652539999999836,0.8586,1,0,1,1,1,4,ENCFF864KXI,SRR5112397,released
101203,homo_sapiens,GSM2827462,GEO,ZNF217,MCF-7,37.0,0.0,0.868,1617.0,0.0494734999999876,0.9454,1,0,1,1,1,4,ENCFF601NIY,SRR6213662,released
102305,homo_sapiens,GSM2827418,GEO,NFATC3,K562,38.0,0.0,0.94,242.0,0.0246027499999938,0.9086,1,0,1,1,1,4,ENCFF483YZA,SRR6213611,released
102721,homo_sapiens,GSM2827306,GEO,ZFX,MCF-7,37.0,0.0,0.978,750.0,0.0581229999999854,0.9268,1,0,1,1,1,4,ENCFF803FBH,SRR6213394,released
101363,homo_sapiens,GSM2827446,GEO,Mnt,MCF-7,40.0,0.0,0.956,150.0,0.0059289999999985,0.4064885496183206,1,0,1,0,0,2,ENCFF091KYM,SRR6213658,released
100391,homo_sapiens,GSM2827569,GEO,FOS,MCF-7,38.0,0.0,0.965,19885.0,0.1406484999999648,0.9706,1,0,1,1,1,4,ENCFF326JSE,SRR6213862,released
102720,homo_sapiens,GSM2827307,GEO,ZFX,MCF-7,36.0,0.0,0.97,1392.0,0.2795217499999301,0.8374,1,0,1,1,1,4,ENCFF857WNF,SRR6213395,released
102300,homo_sapiens,GSM2827288,GEO,Bclaf1,GM12878,40.0,0.0,0.827,383.0,0.0086817499999978,0.8822,1,0,1,0,1,3,ENCFF296PDU,SRR6213382,released
100700,homo_sapiens,GSM2827292,GEO,CC2D1A,K562,37.0,0.0,0.933,1675.0,0.0715052499999821,0.9406,1,0,1,1,1,4,ENCFF160TXM,SRR6213387,released
101010,homo_sapiens,GSM2827487,GEO,ZNF184,K562,36.0,0.0,0.977,506.0,0.0192847499999951,0.5552,1,0,1,1,0,3,ENCFF880UNP,SRR6213651,released
100398,homo_sapiens,GSM2827568,GEO,Bclaf1,K562,37.0,0.0,0.956,355.0,0.0100057499999975,0.8130563798219584,1,0,1,1,1,4,ENCFF744DBX,SRR6213861,released
100701,homo_sapiens,GSM2827291,GEO,CC2D1A,K562,37.0,0.0,0.93,632.0,0.0483332499999879,0.9342,1,0,1,1,1,4,ENCFF608EHV,SRR6213386,released
102304,homo_sapiens,GSM2827417,GEO,NFATC3,K562,37.0,0.0,0.945,197.0,0.0256969999999935,0.9156,1,0,1,1,1,4,ENCFF122AVV,SRR6213610,released
101011,homo_sapiens,GSM2827488,GEO,ZNF184,K562,36.0,0.0,0.974,1151.0,0.0368157499999908,0.4842,1,0,1,1,0,3,ENCFF118URY,SRR6213652,released
100399,homo_sapiens,GSM2827567,GEO,Bclaf1,K562,37.0,0.0,0.976,304.0,0.0071919999999982,0.549010989010989,1,0,1,0,0,2,ENCFF188VON,SRR6213860,released
101202,homo_sapiens,GSM2827461,GEO,ZNF217,MCF-7,39.0,0.0,0.915,1941.0,0.0504887499999873,0.9484,1,0,1,1,1,4,ENCFF263XLB,SRR6213661,released
102034,homo_sapiens,GSM2827387,GEO,ZNF350,HEK293,40.0,0.0,0.923,95.0,0.0120674999999969,0.828,1,0,1,1,1,4,ENCFF783BKL,SRR6213567,released
102301,homo_sapiens,GSM2827287,GEO,Bclaf1,GM12878,40.0,0.0,0.884,398.0,0.0103842499999974,0.8934,1,0,1,1,1,4,ENCFF027BOY,SRR6213381,released
100392,homo_sapiens,GSM2827570,GEO,FOS,MCF-7,38.0,0.0,0.975,10605.0,0.1149969999999712,0.9732,1,0,1,1,1,4,ENCFF464SOW,SRR6213863,released
101364,homo_sapiens,GSM2827445,GEO,Mnt,MCF-7,40.0,0.0,0.942,122.0,0.0061837499999984,0.3948051948051948,1,0,1,0,0,2,ENCFF832CXC,SRR6213657,released
145359,homo_sapiens,GSM5214002,GEO,Ncor1,Hep-G2,38.0,0.0,0.993,264.0,0.0202576264469012,0.9356,1,0,1,1,1,4,ENCFF458VHP,SRR14103274,released
145630,homo_sapiens,GSM5214003,GEO,Ncor1,Hep-G2,38.0,0.0,0.994,3866.0,0.0759740089245671,0.9632,1,0,1,1,1,4,ENCFF917UJR,SRR14103275,released
101766,homo_sapiens,GSM2825437,GEO,CSDE1,MCF-7,40.0,0.0,0.875,236.0,0.0063799999999984,0.7654690618762475,1,0,1,0,1,3,ENCFF065UKL,SRR6212672,released
100688,homo_sapiens,GSM2825457,GEO,FOXA1,MCF-7,38.0,0.0,0.993,11917.0,0.1137010584080272,0.9462,1,0,1,1,1,4,ENCFF580EKN,SRR6212932,released
101795,homo_sapiens,GSM2825537,GEO,ZBTB2,K562,38.0,0.0,0.978,1048.0,0.0373057499999906,0.8732,1,0,1,1,1,4,ENCFF796XXQ,SRR6212906,released
101767,homo_sapiens,GSM2825436,GEO,CSDE1,MCF-7,40.0,0.0,0.859,105.0,0.0054167499999986,0.4121900826446281,1,0,1,0,0,2,ENCFF715UPT,SRR6212671,released
100863,homo_sapiens,GSM2825370,GEO,Foxp1,Hep-G2,37.0,0.0,0.989,618.0,0.019749999999995,0.677,1,0,1,1,0,3,ENCFF363OSM,SRR6212640,released
101794,homo_sapiens,GSM2825536,GEO,ZBTB2,K562,37.0,0.0,0.977,965.0,0.063710749999984,0.9004,1,0,1,1,1,4,ENCFF223BRR,SRR6212905,released
101033,homo_sapiens,GSM2825484,GEO,NFRKB,Hep-G2,37.0,0.0,0.985,196.0,0.0110059999999972,0.6321928460342147,1,0,1,1,0,3,ENCFF780PZZ,SRR6212833,released
100862,homo_sapiens,GSM2825369,GEO,Foxp1,Hep-G2,37.0,0.0,0.985,512.0,0.0161024999999959,0.7122,1,0,1,1,1,4,ENCFF294HST,SRR6212639,released
101964,homo_sapiens,GSM2825560,GEO,Tcf12,K562,37.0,0.0,0.992,3210.0,0.0629167096913887,0.9134,1,0,1,1,1,4,ENCFF007HDS,SRR6212942,released
100010,homo_sapiens,GSM2825079,GEO,ZNF24,GM12878,40.0,0.0,0.882,1364.0,0.0522597499999869,0.8358,1,0,1,1,1,4,ENCFF659EDD,SRR6212609,released
100231,homo_sapiens,GSM2825065,GEO,FOXA2,Hep-G2,37.0,0.0,0.993,20970.0,0.1751986573194547,0.947,1,0,1,1,1,4,ENCFF414KXU,SRR6213129,released
100284,homo_sapiens,GSM2825506,GEO,Mybl2,K562,39.0,0.0,0.809,999.0,0.0280159999999929,0.9402,1,0,1,1,1,4,ENCFF570QCN,SRR6212867,released
102147,homo_sapiens,GSM2825584,GEO,NFRKB,MCF-7,40.0,0.0,0.933,125.0,0.0070569999999982,0.3773028739867354,1,0,1,0,0,2,ENCFF038CZC,SRR6212971,released
101963,homo_sapiens,GSM2825561,GEO,Tcf12,K562,37.0,0.0,0.994,2155.0,0.0473431278594036,0.9214,1,0,1,1,1,4,ENCFF043MCW,SRR6212943,released
101034,homo_sapiens,GSM2825485,GEO,NFRKB,Hep-G2,37.0,0.0,0.985,193.0,0.0112842499999971,0.5565517241379311,1,0,1,1,0,3,ENCFF318DFZ,SRR6212834,released
102146,homo_sapiens,GSM2825583,GEO,NFRKB,MCF-7,40.0,0.0,0.96,111.0,0.0058582499999985,0.4948453608247423,1,0,1,0,0,2,ENCFF616IVU,SRR6212970,released
100009,homo_sapiens,GSM2825080,GEO,ZNF24,GM12878,40.0,0.0,0.989,1862.0,0.0512916497563157,0.7824,1,0,1,1,1,4,ENCFF133HXA,SRR6212610,released
100283,homo_sapiens,GSM2825507,GEO,Mybl2,K562,40.0,0.0,0.924,469.0,0.0362409999999909,0.8374,1,0,1,1,1,4,ENCFF329ODS,SRR6212868,released
100230,homo_sapiens,GSM2825064,GEO,FOXA2,Hep-G2,37.0,0.0,0.993,19486.0,0.1535422837854255,0.9356,1,0,1,1,1,4,ENCFF035BJT,SRR6213128,released
101471,homo_sapiens,GSM2423555,GEO,ESRRA,K562,38.0,0.0,0.956,5821.0,0.1088522499999728,0.9168,1,0,1,1,1,4,ENCFF002DOX,SRR5111663,released
100343,homo_sapiens,GSM2423130,GEO,Smad2,K562,39.0,0.0,0.977,50.0,0.0013102499999996,0.7333333333333333,1,0,1,0,1,3,ENCFF002EBV,SRR5111228,released
102008,homo_sapiens,GSM2423458,GEO,RUNX1,K562,38.0,0.0,0.849,293.0,0.0114507499999971,0.897,1,0,1,1,1,4,ENCFF002DOZ,SRR5111632,released
102731,homo_sapiens,GSM2423535,GEO,ESRRA,A-549,39.0,0.0,0.98,487.0,0.0059174999999985,0.9028030578813252,1,0,1,0,1,3,ENCFF002EAE,SRR5111643,released
101840,homo_sapiens,GSM2423280,GEO,Ncor1,K562,38.0,0.0,0.963,204.0,0.015637749999996,0.9214,1,0,1,1,1,4,ENCFF417KCI,SRR5111384,released
102730,homo_sapiens,GSM2423534,GEO,ESRRA,A-549,39.0,0.0,0.984,230.0,0.003734249999999,0.8838120104438643,1,0,1,0,1,3,ENCFF002EAF,SRR5111642,released
100344,homo_sapiens,GSM2423131,GEO,Smad2,K562,39.0,0.0,0.984,36.0,0.0015169999999996,0.7419354838709677,1,0,1,0,1,3,ENCFF002EBP,SRR5111229,released
101325,homo_sapiens,GSM2423327,GEO,STAT1,GM12878,38.0,0.0,0.991,177.0,0.025884833997364,0.8954,1,0,1,1,1,4,ENCFF002ELB,SRR5111434,released
101470,homo_sapiens,GSM2423554,GEO,ESRRA,K562,38.0,0.0,0.852,1519.0,0.0743814999999814,0.8996,1,0,1,1,1,4,ENCFF002DUB,SRR5111662,released
101841,homo_sapiens,GSM2423281,GEO,Ncor1,K562,38.0,0.0,0.967,389.0,0.0216064999999946,0.933,1,0,1,1,1,4,ENCFF979ZZF,SRR5111385,released
101095,homo_sapiens,GSM2423982,GEO,Ncor1,K562,38.0,0.0,0.953,4440.0,0.0892814999999776,0.9654,1,0,1,1,1,4,ENCFF455UQA,SRR5112090,released
100602,homo_sapiens,GSM2423855,GEO,Cebpb,GM12878,37.0,0.0,0.997,1007.0,0.0052402499999986,0.8786173633440515,1,0,1,0,1,3,ENCFF002ECY,SRR5111955,released
102009,homo_sapiens,GSM2423457,GEO,RUNX1,K562,38.0,0.0,0.948,317.0,0.0170079999999957,0.8866,1,0,1,1,1,4,ENCFF002EGD,SRR5111631,released
101857,homo_sapiens,GSM2423747,GEO,CEBPZ,K562,39.0,0.0,0.981,577.0,0.007613999999998,0.8793024323083983,1,0,1,0,1,3,ENCFF002EEI,SRR5111852,released
101094,homo_sapiens,GSM2423983,GEO,Ncor1,K562,38.0,0.0,0.98,2738.0,0.0541314999999864,0.9676,1,0,1,1,1,4,ENCFF268XRY,SRR5112091,released
100603,homo_sapiens,GSM2423854,GEO,Cebpb,GM12878,37.0,0.0,0.988,418.0,0.0040389999999989,0.9188467698878804,1,0,1,0,1,3,ENCFF002EDA,SRR5111954,released
101324,homo_sapiens,GSM2423328,GEO,STAT1,GM12878,38.0,0.0,0.976,91.0,0.0131994999999967,0.9296,1,0,1,1,1,4,ENCFF002ELA,SRR5111435,released
101858,homo_sapiens,GSM2423746,GEO,CEBPZ,K562,39.0,0.0,0.992,272.0,0.0030814999999992,0.7578534031413613,1,0,1,0,1,3,ENCFF002EEE,SRR5111851,released
100314,homo_sapiens,GSM2424257,GEO,NFRKB,HEK293T,40.0,0.0,0.83,167.0,0.0092429999999976,0.8526933877967833,1,0,1,0,1,3,ENCFF895OQI,SRR5112383,released
100495,homo_sapiens,GSM2424191,GEO,ESRRA,MCF-7,38.0,0.0,0.967,574.0,0.0177524999999955,0.8812,1,0,1,1,1,4,ENCFF002DPQ,SRR5112313,released
100496,homo_sapiens,GSM2424192,GEO,ESRRA,MCF-7,37.0,0.0,0.958,518.0,0.0209007499999947,0.8998,1,0,1,1,1,4,ENCFF002EGM,SRR5112314,released
102343,homo_sapiens,GSM2424085,GEO,FOXK2,HEK293T,40.0,0.0,0.884,128.0,0.0141427499999964,0.8714,1,0,1,1,1,4,ENCFF482CBG,SRR5112196,released
100313,homo_sapiens,GSM2424258,GEO,NFRKB,HEK293T,40.0,0.0,0.845,200.0,0.0106599999999973,0.8346,1,0,1,1,1,4,ENCFF390ZPT,SRR5112384,released
102607,homo_sapiens,GSM2424143,GEO,Ncor1,K562,40.0,0.0,0.898,3322.0,0.0793161202580416,0.95,1,0,1,1,1,4,ENCFF224PWB,SRR5112256,released
101270,homo_sapiens,GSM2424010,GEO,FOXA1,K562,35.0,0.0,0.954,148.0,0.0061754999999984,0.8017847485127095,1,0,1,0,1,3,ENCFF394CJB,SRR5112151,released
102344,homo_sapiens,GSM2424084,GEO,FOXK2,HEK293T,40.0,0.0,0.99,278.0,0.0217632234013594,0.7353007945516459,1,0,1,1,1,4,ENCFF053MVO,SRR5112195,released
102608,homo_sapiens,GSM2424144,GEO,Ncor1,K562,40.0,0.0,0.85,5278.0,0.0870674999999782,0.9618,1,0,1,1,1,4,ENCFF443EYG,SRR5112257,released
101271,homo_sapiens,GSM2424011,GEO,FOXA1,K562,35.0,0.0,0.955,231.0,0.0063387499999984,0.8234885337039611,1,0,1,0,1,3,ENCFF692TZI,SRR5112152,released
100620,homo_sapiens,GSM2828910,GEO,FOXK2,GM12878,40.0,0.0,0.86,774.0,0.0393297499999901,0.903,1,0,1,1,1,4,ENCFF783FYL,SRR6214328,released
101200,homo_sapiens,GSM2828959,GEO,NR2C1,GM12878,40.0,0.0,0.711,2101.0,0.0388527499999902,0.9218,1,0,0,1,1,3,ENCFF194BDT,SRR6214377,released
100965,homo_sapiens,GSM2828541,GEO,Ikzf2,GM12878,40.0,0.0,0.938,5853.0,0.1872909999999532,0.964,1,0,1,1,1,4,ENCFF997CNG,SRR6214004,released
102463,homo_sapiens,GSM2828801,GEO,NR2C1,K562,39.0,0.0,0.934,2060.0,0.0657889999999835,0.8872,1,0,1,1,1,4,ENCFF025RHU,SRR6214181,released
100959,homo_sapiens,GSM2828546,GEO,Tcf12,GM12878,40.0,0.0,0.661,1291.0,0.0339897499999915,0.9386,1,0,0,1,1,3,ENCFF238XIH,SRR6214035,released
101201,homo_sapiens,GSM2828958,GEO,NR2C1,GM12878,40.0,0.0,0.681,2546.0,0.047737999999988,0.9228,1,0,0,1,1,3,ENCFF017QRM,SRR6214376,released
101873,homo_sapiens,GSM2828829,GEO,NFXL1,GM12878,40.0,0.0,0.915,236.0,0.0070782499999982,0.8466619485727765,1,0,1,0,1,3,ENCFF377QZD,SRR6214165,released
100964,homo_sapiens,GSM2828540,GEO,Ikzf2,GM12878,39.0,0.0,0.777,631.0,0.1112759999999721,0.9476,1,0,0,1,1,3,ENCFF364TAC,SRR6214003,released
102464,homo_sapiens,GSM2828800,GEO,NR2C1,K562,40.0,0.0,0.9,2348.0,0.091741249999977,0.902,1,0,1,1,1,4,ENCFF146EKI,SRR6214180,released
100960,homo_sapiens,GSM2828545,GEO,Tcf12,GM12878,40.0,0.0,0.732,1342.0,0.0340302499999914,0.9376,1,0,0,1,1,3,ENCFF530OLZ,SRR6214034,released
100841,homo_sapiens,GSM2828990,GEO,Tcf12,Hep-G2,40.0,0.0,0.939,180.0,0.0067177499999983,0.3280977312390924,1,0,1,0,0,2,ENCFF172SAB,SRR6214410,released
100593,homo_sapiens,GSM2828666,GEO,FOXM1,HEK293T,40.0,0.0,0.899,430.0,0.0151129999999962,0.9004,1,0,1,1,1,4,ENCFF256RPR,SRR6214052,released
100816,homo_sapiens,GSM2828693,GEO,LCORL,Hep-G2,37.0,0.0,0.989,389.0,0.0173407499999956,0.7046,1,0,1,1,1,4,ENCFF089HKF,SRR6214073,released
101195,homo_sapiens,GSM2828965,GEO,ZBTB5,K562,38.0,0.0,0.985,451.0,0.015735499999996,0.8194,1,0,1,1,1,4,ENCFF730YIK,SRR6214381,released
102746,homo_sapiens,GSM2828819,GEO,Tcf12,K562,37.0,0.0,0.994,6678.0,0.0774607833455434,0.9568,1,0,1,1,1,4,ENCFF920GYM,SRR6214160,released
101874,homo_sapiens,GSM2828830,GEO,NFXL1,GM12878,40.0,0.0,0.9,211.0,0.0085767499999978,0.8796,1,0,1,0,1,3,ENCFF571OVI,SRR6214166,released
100592,homo_sapiens,GSM2828667,GEO,FOXM1,HEK293T,40.0,0.0,0.899,261.0,0.0069889999999982,0.8694919335420178,1,0,1,0,1,3,ENCFF483BRW,SRR6214053,released
100621,homo_sapiens,GSM2828909,GEO,FOXK2,GM12878,38.0,0.0,0.893,739.0,0.0364334999999909,0.8996,1,0,1,1,1,4,ENCFF108FHI,SRR6214327,released
100840,homo_sapiens,GSM2828991,GEO,Tcf12,Hep-G2,40.0,0.0,0.948,214.0,0.007993749999998,0.2913236225459151,1,0,1,0,0,2,ENCFF791QOW,SRR6214411,released
102745,homo_sapiens,GSM2828818,GEO,Tcf12,K562,37.0,0.0,0.989,11268.0,0.1557799520352135,0.9712,1,0,1,1,1,4,ENCFF017IMJ,SRR6214159,released
101194,homo_sapiens,GSM2828964,GEO,ZBTB5,K562,37.0,0.0,0.955,459.0,0.0176854999999955,0.7754,1,0,1,1,1,4,ENCFF865YPR,SRR6214380,released
100815,homo_sapiens,GSM2828692,GEO,LCORL,Hep-G2,37.0,0.0,0.987,444.0,0.0171962499999957,0.8372,1,0,1,1,1,4,ENCFF822RJX,SRR6214072,released
100480,homo_sapiens,GSM2534065,GEO,ZFP64,Hep-G2,35.0,0.0,0.992,1033.0,0.0169144999999957,0.8038343984440123,1,0,1,1,1,4,ENCFF213TBR,SRR5338775,released
101390,homo_sapiens,GSM2534005,GEO,ZNF48,Hep-G2,34.0,0.0,0.994,1054.0,0.0486404999999878,0.8894,1,0,1,1,1,4,ENCFF521IXY,SRR5338713,released
99921,homo_sapiens,GSM2534492,GEO,Smad4,Hep-G2,34.0,0.0,0.994,11943.0,0.1873102730668,0.954,1,0,1,1,1,4,ENCFF633XUQ,SRR5339348,released
102308,homo_sapiens,GSM2534355,GEO,SOX13,Hep-G2,34.0,0.0,0.993,8777.0,0.1115389999999721,0.9574,1,0,1,1,1,4,ENCFF892EKB,SRR5339230,released
101241,homo_sapiens,GSM2534034,GEO,HNF4A,liver,36.0,0.0,0.979,30189.0,0.3018504124939577,0.8644,1,0,1,1,1,4,ENCFF435TOG,SRR5338912,released
99944,homo_sapiens,GSM2534200,GEO,HNF4A,liver,36.0,0.0,0.984,33541.0,0.2781139365223037,0.8598,1,0,1,1,1,4,ENCFF500ZBE,SRR5339012,released
99922,homo_sapiens,GSM2534491,GEO,Smad4,Hep-G2,34.0,0.0,0.995,6648.0,0.1088099976203733,0.953,1,0,1,1,1,4,ENCFF438SXQ,SRR5339347,released
101242,homo_sapiens,GSM2534035,GEO,HNF4A,liver,37.0,0.0,0.968,24459.0,0.3142645869519745,0.8342,1,0,1,1,1,4,ENCFF366KUG,SRR5338913,released
102309,homo_sapiens,GSM2534354,GEO,SOX13,Hep-G2,33.0,0.0,0.986,23563.0,0.267865749999933,0.9666,1,0,1,1,1,4,ENCFF336VLV,SRR5339229,released
100479,homo_sapiens,GSM2534066,GEO,ZFP64,Hep-G2,35.0,0.0,0.994,1665.0,0.0288304999999927,0.7916,1,0,1,1,1,4,ENCFF493APP,SRR5338776,released
101391,homo_sapiens,GSM2534006,GEO,ZNF48,Hep-G2,34.0,0.0,0.987,5623.0,0.2098852499999475,0.9608,1,0,1,1,1,4,ENCFF287ADI,SRR5338714,released
99943,homo_sapiens,GSM2534201,GEO,HNF4A,liver,36.0,0.0,0.971,37175.0,0.355770863292084,0.8602,1,0,1,1,1,4,ENCFF302XOK,SRR5339013,released
101590,homo_sapiens,GSM2527681,GEO,ZBED1,K562,39.0,0.0,0.992,368.0,0.019761499999995,0.944,1,0,1,1,1,4,ENCFF002BFP,SRR5331578,released
101981,homo_sapiens,GSM2527405,GEO,GABPA,liver,36.0,0.0,0.981,6795.0,0.1268878327361461,0.97,1,0,1,1,1,4,ENCFF039EYW,SRR5331161,released
101591,homo_sapiens,GSM2527680,GEO,ZBED1,K562,38.0,0.0,0.991,398.0,0.0155614999999961,0.9444,1,0,1,1,1,4,ENCFF002BFO,SRR5331577,released
102177,homo_sapiens,GSM2527373,GEO,Smad5,K562,38.0,0.0,0.992,3221.0,0.0659207499999835,0.9526,1,0,1,1,1,4,ENCFF001RUL,SRR5331594,released
101982,homo_sapiens,GSM2527406,GEO,GABPA,liver,36.0,0.0,0.988,4402.0,0.0663181027089736,0.965,1,0,1,1,1,4,ENCFF888RXZ,SRR5331162,released
102176,homo_sapiens,GSM2527374,GEO,Smad5,K562,39.0,0.0,0.988,7634.0,0.1375172499999656,0.9648,1,0,1,1,1,4,ENCFF001RUM,SRR5331595,released
101961,homo_sapiens,GSM2533949,GEO,GABPA,liver,36.0,0.0,0.981,2678.0,0.0372304867438136,0.9534,1,0,1,1,1,4,ENCFF237FXB,SRR5338626,released
102151,homo_sapiens,GSM2533924,GEO,GABPA,GM12878,38.0,0.0,0.976,4477.0,0.087918749999978,0.9688,1,0,1,1,1,4,ENCFF002DHM,SRR5338556,released
102152,homo_sapiens,GSM2533923,GEO,GABPA,GM12878,38.0,0.0,0.956,6891.0,0.1551049999999612,0.9654,1,0,1,1,1,4,ENCFF002DHL,SRR5338555,released
101962,homo_sapiens,GSM2533948,GEO,GABPA,liver,36.0,0.0,0.969,3354.0,0.0437613801113982,0.957,1,0,1,1,1,4,ENCFF214CAS,SRR5338625,released
101180,homo_sapiens,GSM2422974,GEO,NFXL1,K562,37.0,0.0,0.983,346.0,0.0101507499999974,0.6504456757407854,1,0,1,1,0,3,ENCFF358LFL,SRR5111100,released
101179,homo_sapiens,GSM2422973,GEO,NFXL1,K562,37.0,0.0,0.981,413.0,0.0133319999999966,0.7698,1,0,1,1,1,4,ENCFF277SWU,SRR5111099,released
100987,homo_sapiens,GSM2422994,GEO,FOXA1,HEK293T,36.0,0.0,0.957,136.0,0.0040487499999989,0.6518817204301075,1,0,1,0,0,2,ENCFF017YSG,SRR5111119,released
100988,homo_sapiens,GSM2422993,GEO,FOXA1,HEK293T,36.0,0.0,0.948,148.0,0.0035899999999991,0.7806955287437899,1,0,1,0,1,3,ENCFF613WSV,SRR5111118,released
101906,homo_sapiens,GSM2824363,GEO,RCOR1,SK-N-SH,39.0,0.0,0.991,9976.0,0.1148502499999712,0.9798,1,0,1,1,1,4,ENCFF002ECK,SRR6212888,released
101905,homo_sapiens,GSM2824362,GEO,RCOR1,SK-N-SH,39.0,0.0,0.992,3199.0,0.055902749999986,0.9752,1,0,1,1,1,4,ENCFF002ECI,SRR6212887,released
101431,homo_sapiens,GSM2827211,GEO,RCOR1,A-549,39.0,0.0,0.993,172.0,0.0016937499999995,0.6918767507002801,1,0,1,0,0,2,ENCFF002EAA,SRR6213140,released
100397,homo_sapiens,GSM2827564,GEO,Arid2,K562,37.0,0.0,0.968,444.0,0.0258957499999935,0.8996,1,0,1,1,1,4,ENCFF991XUU,SRR6213857,released
101580,homo_sapiens,GSM2827199,GEO,NFXL1,MCF-7,40.0,0.0,0.949,113.0,0.0058814999999985,0.6799645390070922,1,0,1,0,0,2,ENCFF274EIR,SRR6213125,released
101264,homo_sapiens,GSM2827258,GEO,ZNF24,MCF-7,40.0,0.0,0.846,756.0,0.0256497499999935,0.8398,1,0,1,1,1,4,ENCFF278ZXI,SRR6213244,released
101079,homo_sapiens,GSM2827249,GEO,Creb1,MCF-7,37.0,0.0,0.975,8058.0,0.1271939999999682,0.7662,1,0,1,1,1,4,ENCFF424SGO,SRR6213237,released
101338,homo_sapiens,GSM2827349,GEO,Ikzf1,GM12878,39.0,0.0,0.887,3138.0,0.1744932499999563,0.9634,1,0,1,1,1,4,ENCFF455PUN,SRR6213525,released
101426,homo_sapiens,GSM2827371,GEO,Nr2f1,GM12878,40.0,0.0,0.901,3843.0,0.1017672499999745,0.9552,1,0,1,1,1,4,ENCFF264WMA,SRR6213517,released
100991,homo_sapiens,GSM2827518,GEO,ZNF24,K562,38.0,0.0,0.973,2690.0,0.1095637499999726,0.7288,1,0,1,1,1,4,ENCFF292TZE,SRR6213715,released
102087,homo_sapiens,GSM2827284,GEO,Bach1,GM12878,40.0,0.0,0.909,1899.0,0.0735634999999816,0.9546,1,0,1,1,1,4,ENCFF540RXL,SRR6213399,released
101001,homo_sapiens,GSM2827475,GEO,Ikzf2,GM12878,39.0,0.0,0.907,4932.0,0.1462227499999634,0.9632,1,0,1,1,1,4,ENCFF952VLJ,SRR6213642,released
101012,homo_sapiens,GSM2827486,GEO,KHSRP,K562,37.0,0.0,0.957,364.0,0.0187912499999953,0.9058,1,0,1,1,1,4,ENCFF323SPJ,SRR6213697,released
99916,homo_sapiens,GSM2827167,GEO,Zbtb1,MCF-7,38.0,0.0,0.996,295.0,0.0186242451082568,0.3933463796477495,1,0,1,1,0,3,ENCFF337GLH,SRR6213093,released
101579,homo_sapiens,GSM2827198,GEO,NFXL1,MCF-7,40.0,0.0,0.936,183.0,0.0066647499999983,0.7654320987654321,1,0,1,0,1,3,ENCFF546RYU,SRR6213124,released
102086,homo_sapiens,GSM2827283,GEO,Bach1,GM12878,40.0,0.0,0.889,505.0,0.03973224999999,0.9342,1,0,1,1,1,4,ENCFF445LTV,SRR6213398,released
101432,homo_sapiens,GSM2827210,GEO,RCOR1,A-549,39.0,0.0,0.985,65.0,0.0018897499999995,0.8266199649737302,1,0,1,0,1,3,ENCFF002EAC,SRR6213139,released
100396,homo_sapiens,GSM2827565,GEO,Arid2,K562,37.0,0.0,0.956,333.0,0.0260502499999934,0.9008,1,0,1,1,1,4,ENCFF272DKU,SRR6213858,released
101078,homo_sapiens,GSM2827248,GEO,Creb1,MCF-7,37.0,0.0,0.961,14125.0,0.1927589999999518,0.7632,1,0,1,1,1,4,ENCFF843CJY,SRR6213236,released
100190,homo_sapiens,GSM2827345,GEO,ZNF24,Hep-G2,40.0,0.0,0.917,594.0,0.0167267499999958,0.8318,1,0,1,1,1,4,ENCFF722QHD,SRR6213539,released
101002,homo_sapiens,GSM2827474,GEO,Ikzf2,GM12878,40.0,0.0,0.934,115.0,0.0124322499999968,0.9465437788018434,1,0,1,1,1,4,ENCFF697JWX,SRR6213641,released
101425,homo_sapiens,GSM2827370,GEO,Nr2f1,GM12878,40.0,0.0,0.864,3983.0,0.1049739999999737,0.9552,1,0,1,1,1,4,ENCFF340SQP,SRR6213516,released
100191,homo_sapiens,GSM2827346,GEO,ZNF24,Hep-G2,40.0,0.0,0.936,686.0,0.0208827499999947,0.8124,1,0,1,1,1,4,ENCFF814CIF,SRR6213540,released
99917,homo_sapiens,GSM2827168,GEO,Zbtb1,MCF-7,38.0,0.0,0.995,306.0,0.0189703412424637,0.3476394849785407,1,0,1,1,0,3,ENCFF615YKQ,SRR6213094,released
100992,homo_sapiens,GSM2827517,GEO,ZNF24,K562,38.0,0.0,0.971,2216.0,0.087829999999978,0.7538,1,0,1,1,1,4,ENCFF241YMF,SRR6213714,released
101265,homo_sapiens,GSM2827257,GEO,ZNF24,MCF-7,40.0,0.0,0.856,1392.0,0.0409162499999897,0.8188,1,0,1,1,1,4,ENCFF037HQZ,SRR6213243,released
101013,homo_sapiens,GSM2827485,GEO,KHSRP,K562,37.0,0.0,0.966,362.0,0.015926999999996,0.904,1,0,1,1,1,4,ENCFF270RLC,SRR6213696,released
101339,homo_sapiens,GSM2827350,GEO,Ikzf1,GM12878,40.0,0.0,0.893,5330.0,0.2031189999999492,0.9636,1,0,1,1,1,4,ENCFF249RTD,SRR6213526,released
101081,homo_sapiens,GSM2827247,GEO,FOXM1,K562,37.0,0.0,0.768,2277.0,0.0541632499999864,0.9546,1,0,0,1,1,3,ENCFF888ZYM,SRR6213233,released
101224,homo_sapiens,GSM2534470,GEO,ZKSCAN8,Hep-G2,35.0,0.0,0.992,545.0,0.0208259999999947,0.901,1,0,1,1,1,4,ENCFF006ALN,SRR5339387,released
102645,homo_sapiens,GSM2534641,GEO,GATAD2A,Hep-G2,35.0,0.0,0.989,8969.0,0.1773269999999557,0.9694,1,0,1,1,1,4,ENCFF685OLC,SRR5339565,released
101225,homo_sapiens,GSM2534469,GEO,ZKSCAN8,Hep-G2,35.0,0.0,0.988,883.0,0.0693617499999826,0.9476,1,0,1,1,1,4,ENCFF824RXN,SRR5339386,released
153015,homo_sapiens,GSM5215545,GEO,USF3,Hep-G2,36.0,0.0,0.98,186.0,0.0152210648692362,0.9124,1,0,1,1,1,4,ENCFF514DHA,SRR14107523,released
153129,homo_sapiens,GSM5215546,GEO,USF3,Hep-G2,36.0,0.0,0.978,158.0,0.0096563031518799,0.8792786161207213,1,0,1,0,1,3,ENCFF259HRB,SRR14107524,released
102653,homo_sapiens,GSM2534643,GEO,Hmg20b,Hep-G2,35.0,0.0,0.994,733.0,0.0272474999999931,0.9328,1,0,1,1,1,4,ENCFF510RGT,SRR5339553,released
101227,homo_sapiens,GSM2534484,GEO,RFXANK,Hep-G2,35.0,0.0,0.983,366.0,0.027902999999993,0.9416,1,0,1,1,1,4,ENCFF895HBS,SRR5339370,released
100485,homo_sapiens,GSM2534081,GEO,ZNF652,Hep-G2,35.0,0.0,0.993,2764.0,0.0266629999999933,0.8168,1,0,1,1,1,4,ENCFF372LTI,SRR5338818,released
102567,homo_sapiens,GSM2534346,GEO,ZSCAN9,Hep-G2,34.0,0.0,0.989,1567.0,0.0688017499999828,0.9556,1,0,1,1,1,4,ENCFF257FGF,SRR5339199,released
100658,homo_sapiens,GSM2534043,GEO,Gabpb1,Hep-G2,35.0,0.0,0.97,11793.0,0.2406024999999398,0.969,1,0,1,1,1,4,ENCFF079HKK,SRR5338739,released
102568,homo_sapiens,GSM2534345,GEO,ZSCAN9,Hep-G2,35.0,0.0,0.988,580.0,0.0347492499999913,0.9434,1,0,1,1,1,4,ENCFF772XOL,SRR5339198,released
100659,homo_sapiens,GSM2534044,GEO,Gabpb1,Hep-G2,35.0,0.0,0.934,11587.0,0.4267322499998933,0.9748,1,0,1,1,1,4,ENCFF104LBO,SRR5338740,released
101750,homo_sapiens,GSM2527474,GEO,GATAD1,Hep-G2,35.0,0.0,0.992,4382.0,0.096017499999976,0.9618,1,0,1,1,1,4,ENCFF461VNE,SRR5331266,released
101440,homo_sapiens,GSM2527572,GEO,ZBTB26,Hep-G2,35.0,0.0,0.989,2016.0,0.0964434999999759,0.9448,1,0,1,1,1,4,ENCFF928MCL,SRR5331379,released
101064,homo_sapiens,GSM2527558,GEO,ZNF580,Hep-G2,35.0,0.0,0.989,360.0,0.0261444999999934,0.9438,1,0,1,1,1,4,ENCFF720DMM,SRR5331360,released
101063,homo_sapiens,GSM2527559,GEO,ZNF580,Hep-G2,35.0,0.0,0.99,1509.0,0.0988089999999753,0.9596,1,0,1,1,1,4,ENCFF099NTW,SRR5331361,released
100893,homo_sapiens,GSM2533984,GEO,ZNF792,Hep-G2,35.0,0.0,0.992,664.0,0.0387964999999903,0.9398,1,0,1,1,1,4,ENCFF414QOO,SRR5338820,released
100892,homo_sapiens,GSM2533985,GEO,ZNF792,Hep-G2,35.0,0.0,0.994,1524.0,0.0590204999999852,0.944,1,0,1,1,1,4,ENCFF503DWZ,SRR5338821,released
172567,homo_sapiens,GSM4308114,GEO,ZNF549,HEK293,40.0,0.0,0.993,660.0,0.0119686021411783,0.659016393442623,1,0,1,1,0,3,ENCFF150LAR,SRR11075390,released
145350,homo_sapiens,GSM5214287,GEO,Ctcf,transverse colon,35.0,0.0,0.985,12927.0,0.0793705458314932,0.9622,1,0,1,1,1,4,ENCFF967IEH,SRR14103778,released
145621,homo_sapiens,GSM5214286,GEO,Ctcf,transverse colon,35.0,0.0,0.99,12981.0,0.0785010199354928,0.9622,1,0,1,1,1,4,ENCFF195FUV,SRR14103774,released
145713,homo_sapiens,GSM5214262,GEO,Ctcf,heart left ventricle,35.0,0.0,0.984,24377.0,0.1807229758756839,0.9722,1,0,1,1,1,4,ENCFF399OXY,SRR14103738,released
145816,homo_sapiens,GSM5214870,GEO,Ctcf,tibial nerve,39.0,0.0,0.982,19985.0,0.1100660364223626,0.9726,1,0,1,1,1,4,ENCFF357NIW,SRR14105387,released
145849,homo_sapiens,GSM5214285,GEO,Ctcf,transverse colon,39.0,0.0,0.995,934.0,0.0191216842410649,0.936,1,0,1,1,1,4,ENCFF577IHY,SRR14103770,released
146001,homo_sapiens,GSM5214261,GEO,Ctcf,heart left ventricle,35.0,0.0,0.985,24586.0,0.1809145909777823,0.9712,1,0,1,1,1,4,ENCFF738RAG,SRR14103734,released
146021,homo_sapiens,GSM5214288,GEO,Ctcf,transverse colon,39.0,0.0,0.989,1640.0,0.0225770187996647,0.9372,1,0,1,1,1,4,ENCFF688CDG,SRR14103780,released
152763,homo_sapiens,GSM5215014,GEO,Ctcf,vastus medialis,39.0,0.0,0.99,20735.0,0.1403385162132045,0.9702,1,0,1,1,1,4,ENCFF460QYA,SRR14105626,released
152865,homo_sapiens,GSM5215030,GEO,Ctcf,heart left ventricle,35.0,0.0,0.989,12673.0,0.0659634713823127,0.9646,1,0,1,1,1,4,ENCFF184JPD,SRR14105659,released
152959,homo_sapiens,GSM5215015,GEO,Ctcf,gastrocnemius medialis,39.0,0.0,0.994,12438.0,0.0610155617322397,0.966,1,0,1,1,1,4,ENCFF941GDZ,SRR14105630,released
153195,homo_sapiens,GSM5215311,GEO,Ctcf,heart left ventricle,35.0,0.0,0.992,14514.0,0.0700968472738175,0.9658,1,0,1,1,1,4,ENCFF739BGG,SRR14107150,released
153409,homo_sapiens,GSM5215310,GEO,Ctcf,heart left ventricle,35.0,0.0,0.989,15331.0,0.0757472106461866,0.9636,1,0,1,1,1,4,ENCFF126NNH,SRR14107146,released
153441,homo_sapiens,GSM5215029,GEO,Ctcf,heart left ventricle,35.0,0.0,0.993,16605.0,0.0737469810727426,0.9692,1,0,1,1,1,4,ENCFF372MLW,SRR14105655,released
153524,homo_sapiens,GSM5330316,GEO,Ctcf,uterus,38.0,0.0,0.995,8408.0,0.0469035504560953,0.961,1,0,1,1,1,4,ENCFF949PVL,SRR14636374,released
100232,homo_sapiens,GSM2825059,GEO,RFX5,A-549,38.0,0.0,0.955,536.0,0.0218749999999945,0.9074,1,0,1,1,1,4,ENCFF002EJG,SRR6213106,released
101232,homo_sapiens,GSM2825630,GEO,Thra,K562,40.0,0.0,0.842,183.0,0.0092814999999976,0.8066,1,0,1,0,1,3,ENCFF097JYZ,SRR6212992,released
101892,homo_sapiens,GSM2825116,GEO,EGR1,K562,37.0,0.0,0.981,4408.0,0.0633147499999841,0.9314,1,0,1,1,1,4,ENCFF025AGM,SRR6212612,released
102132,homo_sapiens,GSM2825573,GEO,Ctcf,prostate gland,37.0,0.0,0.753,32453.0,0.2950387499999262,0.9696,1,0,0,1,1,3,ENCFF212WVZ,SRR6212961,released
102208,homo_sapiens,GSM2825473,GEO,EGR1,K562,37.0,0.0,0.954,4205.0,0.0750819999999812,0.9346,1,0,1,1,1,4,ENCFF326BXX,SRR6212721,released
101230,homo_sapiens,GSM2825674,GEO,Ctcf,VCaP,37.0,0.0,0.884,23558.0,0.1937549999999515,0.9604,1,0,1,1,1,4,ENCFF950MHM,SRR6213006,released
100006,homo_sapiens,GSM2825085,GEO,Ctcf,esophagus muscularis mucosa,40.0,0.0,0.766,12055.0,0.0827969999999793,0.959,1,0,0,1,1,3,ENCFF800IPM,SRR6213261,released
101960,homo_sapiens,GSM2825557,GEO,TBX3,Hep-G2,40.0,0.0,0.929,749.0,0.0366827499999908,0.8868,1,0,1,1,1,4,ENCFF388ZHD,SRR6213013,released
100861,homo_sapiens,GSM2825339,GEO,ARNT,Hep-G2,37.0,0.0,0.987,159.0,0.0093752499999976,0.3584,1,0,1,0,0,2,ENCFF906JOB,SRR6212637,released
101231,homo_sapiens,GSM2825631,GEO,Thra,K562,39.0,0.0,0.821,202.0,0.0064142499999983,0.8554752640355753,1,0,1,0,1,3,ENCFF695OJN,SRR6212993,released
100233,homo_sapiens,GSM2825058,GEO,RFX5,A-549,38.0,0.0,0.878,736.0,0.0289907499999927,0.905,1,0,1,1,1,4,ENCFF002EJA,SRR6213105,released
102209,homo_sapiens,GSM2825474,GEO,EGR1,K562,37.0,0.0,0.955,4366.0,0.0870389999999782,0.9422,1,0,1,1,1,4,ENCFF217XOV,SRR6212722,released
102135,homo_sapiens,GSM2825572,GEO,Lef1,HEK293T,40.0,0.0,0.927,102.0,0.0095854999999976,0.8676,1,0,1,0,1,3,ENCFF192OJP,SRR6212983,released
101893,homo_sapiens,GSM2825117,GEO,EGR1,K562,37.0,0.0,0.963,4282.0,0.0668759999999832,0.9284,1,0,1,1,1,4,ENCFF871VWH,SRR6212613,released
101229,homo_sapiens,GSM2825675,GEO,Ctcf,VCaP,37.0,0.0,0.935,27455.0,0.2249239999999437,0.9594,1,0,1,1,1,4,ENCFF199YWX,SRR6213007,released
102133,homo_sapiens,GSM2825574,GEO,Ctcf,prostate gland,37.0,0.0,0.802,28717.0,0.315968499999921,0.9684,1,0,1,1,1,4,ENCFF525FCD,SRR6212962,released
101243,homo_sapiens,GSM2825505,GEO,Ctcf,sigmoid colon,40.0,0.0,0.772,4761.0,0.0494614999999876,0.9462,1,0,0,1,1,3,ENCFF800GHL,SRR6212865,released
101934,homo_sapiens,GSM2825430,GEO,HES1,MCF-7,37.0,0.0,0.977,180.0,0.0105774999999973,0.5203911280705938,1,0,1,1,0,3,ENCFF039DVL,SRR6212667,released
102718,homo_sapiens,GSM2825441,GEO,Ctcf,PANC-1,37.0,0.0,,17385.0,0.2201499999999449,0.963,1,0,0,1,1,3,ENCFF447NYN,SRR6212679,released
101959,homo_sapiens,GSM2825556,GEO,TBX3,Hep-G2,40.0,0.0,0.962,308.0,0.0141062499999964,0.8462,1,0,1,1,1,4,ENCFF845RNP,SRR6213012,released
102134,homo_sapiens,GSM2825571,GEO,Lef1,HEK293T,40.0,0.0,0.92,150.0,0.0108294999999972,0.9122,1,0,1,1,1,4,ENCFF011PMD,SRR6212982,released
101077,homo_sapiens,GSM2825136,GEO,Ctcf,upper lobe of left lung,40.0,0.0,0.954,18034.0,0.1934939999999516,0.963,1,0,1,1,1,4,ENCFF527SCA,SRR6212628,released
100860,homo_sapiens,GSM2825340,GEO,ARNT,Hep-G2,37.0,0.0,0.987,152.0,0.0094972499999976,0.3535220539828835,1,0,1,0,0,2,ENCFF481UNM,SRR6212638,released
102719,homo_sapiens,GSM2825442,GEO,Ctcf,PANC-1,38.0,0.0,0.929,25617.0,0.288043999999928,0.9654,1,0,1,1,1,4,ENCFF052VWI,SRR6212680,released
101935,homo_sapiens,GSM2825429,GEO,HES1,MCF-7,37.0,0.0,0.986,260.0,0.0129259999999967,0.5066,1,0,1,1,0,3,ENCFF064WNX,SRR6212666,released
101541,homo_sapiens,GSM2825524,GEO,E2F7,K562,37.0,0.0,0.943,321.0,0.011693499999997,0.8606,1,0,1,1,1,4,ENCFF928ZAS,SRR6212894,released
101228,homo_sapiens,GSM2825676,GEO,Ctcf,body of pancreas,37.0,0.0,0.959,28444.0,0.2694327499999326,0.9654,1,0,1,1,1,4,ENCFF207HTT,SRR6212994,released
100824,homo_sapiens,GSM2825588,GEO,Ctcf,lower leg skin,39.0,0.0,0.77,597.0,0.0339459999999915,0.8844,1,0,0,1,1,3,ENCFF782COM,SRR6212974,released
100004,homo_sapiens,GSM2825069,GEO,Ctcf,gastrocnemius medialis,40.0,0.0,0.677,11108.0,0.1427139567887777,0.9628,1,0,0,1,1,3,ENCFF918SCN,SRR6213238,released
100099,homo_sapiens,GSM2825554,GEO,Ctcf,gastroesophageal sphincter,40.0,0.0,0.775,18979.0,0.1325779999999668,0.9594,1,0,0,1,1,3,ENCFF858MFW,SRR6212930,released
101540,homo_sapiens,GSM2825525,GEO,E2F7,K562,37.0,0.0,0.874,403.0,0.0148354999999962,0.8964,1,0,1,1,1,4,ENCFF124KEV,SRR6212895,released
100656,homo_sapiens,GSM2701742,GEO,Rest,A549,38.0,0.0,0.955,2321.0,0.0342329999999914,0.926,1,0,1,1,1,4,ENCFF137XSL,SRR5833145,released
100657,homo_sapiens,GSM2701743,GEO,Rest,A549,39.0,0.0,0.986,2241.0,0.0326042499999918,0.8802,1,0,1,1,1,4,ENCFF240SSO,SRR5833146,released
101140,homo_sapiens,GSM2423056,GEO,ETV6,K562,39.0,0.0,0.987,865.0,0.0111987499999972,0.9368,1,0,1,1,1,4,ENCFF002EEK,SRR5111237,released
101657,homo_sapiens,GSM2423723,GEO,ETV6,GM12878,38.0,0.0,0.814,71.0,0.0034399999999991,0.6794354838709677,1,0,1,0,0,2,ENCFF002EJZ,SRR5111859,released
101655,homo_sapiens,GSM2423732,GEO,TBX3,Hep-G2,37.0,0.0,0.99,306.0,0.0140947499999964,0.6546717171717171,1,0,1,1,0,3,ENCFF428YAW,SRR5111870,released
101851,homo_sapiens,GSM2423442,GEO,IRF3,GM12878,38.0,0.0,0.932,795.0,0.0143032499999964,0.9112,1,0,1,1,1,4,ENCFF002EKL,SRR5111549,released
100986,homo_sapiens,GSM2423667,GEO,Zhx1,K562,39.0,0.0,0.993,230.0,0.0062697499999984,0.932832523199293,1,0,1,0,1,3,ENCFF002EET,SRR5111769,released
100558,homo_sapiens,GSM2423079,GEO,Rest,K562,37.0,0.0,0.908,22312.0,0.1956974999999511,0.9622,1,0,1,1,1,4,ENCFF002EJC,SRR5111206,released
102728,homo_sapiens,GSM2423511,GEO,UBTF,GM12878,39.0,0.0,0.991,221.0,0.0021154999999994,0.7318982387475538,1,0,1,0,1,3,ENCFF002EDC,SRR5111625,released
101337,homo_sapiens,GSM2423391,GEO,IRF2,K562,39.0,0.0,0.992,1788.0,,0.9434,1,0,1,0,1,3,ENCFF002EEC,SRR5111503,released
101342,homo_sapiens,GSM2423754,GEO,Elk1,A-549,39.0,0.0,0.975,198.0,0.0022572499999994,0.6936416184971098,1,0,1,0,0,2,ENCFF002EAB,SRR5111867,released
101139,homo_sapiens,GSM2423057,GEO,ETV6,K562,39.0,0.0,0.98,188.0,0.0029039999999992,0.8842443729903537,1,0,1,0,1,3,ENCFF002EEB,SRR5111238,released
100985,homo_sapiens,GSM2423666,GEO,Zhx1,K562,39.0,0.0,0.991,208.0,0.0049324999999987,0.9348670451150284,1,0,1,0,1,3,ENCFF002EES,SRR5111768,released
100557,homo_sapiens,GSM2423080,GEO,Rest,K562,37.0,0.0,0.969,5763.0,0.0836152499999791,0.9356,1,0,1,1,1,4,ENCFF002EJE,SRR5111207,released
101336,homo_sapiens,GSM2423390,GEO,IRF2,K562,39.0,0.0,0.991,880.0,0.0132072499999966,0.928479103834554,1,0,1,1,1,4,ENCFF002EEJ,SRR5111502,released
102212,homo_sapiens,GSM2423467,GEO,IRF3,SK-N-SH,39.0,0.0,0.971,708.0,0.0047089999999988,0.9325581395348838,1,0,1,0,1,3,ENCFF002EWT,SRR5111610,released
101656,homo_sapiens,GSM2423724,GEO,ETV6,GM12878,38.0,0.0,0.804,70.0,0.0034374999999991,0.633495145631068,1,0,1,0,0,2,ENCFF002EKB,SRR5111860,released
101343,homo_sapiens,GSM2423755,GEO,Elk1,A-549,39.0,0.0,0.978,89.0,0.0024439999999993,0.8342245989304813,1,0,1,0,1,3,ENCFF002DZZ,SRR5111868,released
102207,homo_sapiens,GSM2423353,GEO,Mta1,MCF-7,38.0,0.0,0.967,634.0,0.0242837499999939,0.9114,1,0,1,1,1,4,ENCFF002EGV,SRR5111460,released
101330,homo_sapiens,GSM2423573,GEO,NRF1,K562,37.0,0.0,0.861,10783.0,0.4669189999998833,0.9588,1,0,1,1,1,4,ENCFF002DPB,SRR5111677,released
100561,homo_sapiens,GSM2423083,GEO,Maff,HeLa-S3,39.0,0.0,0.996,9991.0,0.0394094999999901,0.5642,1,0,1,1,0,3,ENCFF002EDF,SRR5111166,released
100562,homo_sapiens,GSM2423084,GEO,Maff,HeLa-S3,39.0,0.0,0.99,8476.0,0.0672634999999831,0.7578,1,0,1,1,1,4,ENCFF002EDH,SRR5111167,released
102213,homo_sapiens,GSM2423468,GEO,IRF3,SK-N-SH,39.0,0.0,0.978,1240.0,0.0075004999999981,0.9431263084438242,1,0,1,0,1,3,ENCFF002EWN,SRR5111611,released
102206,homo_sapiens,GSM2423354,GEO,Mta1,MCF-7,37.0,0.0,0.971,529.0,0.023917999999994,0.9226,1,0,1,1,1,4,ENCFF002EGZ,SRR5111461,released
101852,homo_sapiens,GSM2423441,GEO,IRF3,GM12878,38.0,0.0,0.928,339.0,0.0115337499999971,0.91,1,0,1,1,1,4,ENCFF002EKK,SRR5111548,released
101654,homo_sapiens,GSM2423731,GEO,TBX3,Hep-G2,38.0,0.0,0.987,440.0,0.0176139999999956,0.8934,1,0,1,1,1,4,ENCFF521BUZ,SRR5111869,released
102729,homo_sapiens,GSM2423512,GEO,UBTF,GM12878,39.0,0.0,0.967,135.0,0.0018114999999995,0.8343685300207039,1,0,1,0,1,3,ENCFF002EDB,SRR5111626,released
101329,homo_sapiens,GSM2423572,GEO,NRF1,K562,37.0,0.0,0.931,6366.0,0.2462977499999384,0.9534,1,0,1,1,1,4,ENCFF002EGB,SRR5111676,released
100312,homo_sapiens,GSM2424260,GEO,NRF1,K562,37.0,0.0,0.9,8572.0,0.3670867499999082,0.956,1,0,1,1,1,4,ENCFF002EFZ,SRR5112382,released
102129,homo_sapiens,GSM2424107,GEO,Zhx1,HeLa-S3,38.0,0.0,0.995,105.0,0.0043999999999989,0.947318311647096,1,0,1,0,1,3,ENCFF002EDK,SRR5112221,released
100311,homo_sapiens,GSM2424259,GEO,NRF1,K562,37.0,0.0,0.889,10806.0,0.4646819999998838,0.9588,1,0,1,1,1,4,ENCFF002DPA,SRR5112381,released
102128,homo_sapiens,GSM2424106,GEO,Zhx1,HeLa-S3,38.0,0.0,0.99,126.0,0.0069979999999982,0.9603285914646364,1,0,1,0,1,3,ENCFF002EDM,SRR5112220,released
100140,homo_sapiens,GSM2698609,GEO,Ctcf,DoHH2,38.0,0.0,0.578,1664.0,0.2766851318330484,0.9776006074411542,1,0,0,1,1,3,ENCFF002AWX,SRR5833232,released
100786,homo_sapiens,GSM2698421,GEO,Ctcf,OCI-LY7,37.0,0.0,0.978,30231.0,0.3019517499999245,0.9776,1,0,1,1,1,4,ENCFF266OUT,SRR5833045,released
102028,homo_sapiens,GSM2698705,GEO,Ctcf,PC-9,38.0,0.0,0.98,23476.0,0.231954499999942,0.9754,1,0,1,1,1,4,ENCFF411AYK,SRR5832730,released
100139,homo_sapiens,GSM2698608,GEO,Ctcf,DoHH2,38.0,0.0,0.98,29661.0,0.2676304999999331,0.9692,1,0,1,1,1,4,ENCFF002AUH,SRR5833231,released
100785,homo_sapiens,GSM2698420,GEO,Ctcf,OCI-LY7,37.0,0.0,0.995,30557.0,0.2128822499999468,0.9728,1,0,1,1,1,4,ENCFF690GSP,SRR5833042,released
102029,homo_sapiens,GSM2698706,GEO,Ctcf,PC-9,37.0,0.0,0.706,22390.0,0.1681779999999579,0.9668,1,0,0,1,1,3,ENCFF932CIF,SRR5832731,released
100147,homo_sapiens,GSM2828709,GEO,Ctcf,thyroid gland,40.0,0.0,0.889,24748.0,0.2026199999999493,0.9664,1,0,1,1,1,4,ENCFF202MPS,SRR6214084,released
100133,homo_sapiens,GSM2828463,GEO,Mta1,K562,37.0,0.0,0.959,1275.0,0.0763844999999809,0.921,1,0,1,1,1,4,ENCFF434PLO,SRR6213940,released
100839,homo_sapiens,GSM2828988,GEO,Rest,liver,38.0,0.0,0.981,2900.0,0.0739079268640154,0.9264,1,0,1,1,1,4,ENCFF486HCN,SRR6214406,released
101355,homo_sapiens,GSM2828970,GEO,Sox6,K562,37.0,0.0,0.944,4554.0,0.1218957499999695,0.9514,1,0,1,1,1,4,ENCFF002DUA,SRR6214389,released
100143,homo_sapiens,GSM2828718,GEO,Ctcf,upper lobe of left lung,40.0,0.0,0.942,16239.0,0.11975474999997,0.958,1,0,1,1,1,4,ENCFF901YTM,SRR6214100,released
102012,homo_sapiens,GSM2828983,GEO,Ctcf,small intestine Peyer's patch,40.0,0.0,0.75,28680.0,0.2065632499999483,0.9676,1,0,0,1,1,3,ENCFF895LBD,SRR6214403,released
101009,homo_sapiens,GSM2828999,GEO,Ctcf,adrenal gland,37.0,0.0,0.955,24052.0,0.1952817499999511,0.9678,1,0,1,1,1,4,ENCFF448IBU,SRR6214419,released
99998,homo_sapiens,GSM2828928,GEO,ATF7,MCF-7,38.0,0.0,0.995,1936.0,0.0379974284353971,0.6438,1,0,1,1,0,3,ENCFF439BDU,SRR6214346,released
100961,homo_sapiens,GSM2828547,GEO,Ctcf,lower leg skin,40.0,0.0,0.929,184.0,0.0043432499999989,0.4214876033057851,1,0,1,0,0,2,ENCFF581VOV,SRR6214007,released
100221,homo_sapiens,GSM2828939,GEO,Elf4,HEK293T,35.0,0.0,0.966,624.0,0.0154899999999961,0.894,1,0,1,1,1,4,ENCFF474NLU,SRR6214357,released
100790,homo_sapiens,GSM2828550,GEO,Ctcf,tibial nerve,40.0,0.0,0.759,21192.0,0.2493714999999376,0.967,1,0,0,1,1,3,ENCFF151IHT,SRR6214020,released
100644,homo_sapiens,GSM2828839,GEO,Ctcf,22Rv1,37.0,0.0,0.972,10656.0,0.1109287499999722,0.9608,1,0,1,1,1,4,ENCFF953SOH,SRR6214223,released
100359,homo_sapiens,GSM2828521,GEO,Ctcf,sigmoid colon,40.0,0.0,0.845,9610.0,0.0707922499999823,0.9548,1,0,1,1,1,4,ENCFF991UEV,SRR6213984,released
102748,homo_sapiens,GSM2828823,GEO,ATF7,K562,38.0,0.0,0.883,2729.0,0.1155782499999711,0.9428,1,0,1,1,1,4,ENCFF002DTY,SRR6214162,released
101155,homo_sapiens,GSM2828640,GEO,Usf2,SK-N-SH,39.0,0.0,0.991,1641.0,0.0124242499999968,0.944613680420936,1,0,1,1,1,4,ENCFF002ECG,SRR6214045,released
100814,homo_sapiens,GSM2828691,GEO,NKRF,GM12878,40.0,0.0,0.861,837.0,0.0538407499999865,0.945,1,0,1,1,1,4,ENCFF369GUT,SRR6214071,released
100373,homo_sapiens,GSM2828781,GEO,ELF1,GM12878,40.0,0.0,0.857,7563.0,0.1166339999999708,0.9626,1,0,1,1,1,4,ENCFF862VDD,SRR6214113,released
100844,homo_sapiens,GSM2828982,GEO,Ctcf,uterus,40.0,0.0,0.853,15749.0,0.0875889999999781,0.9552,1,0,1,1,1,4,ENCFF262JDY,SRR6214400,released
100622,homo_sapiens,GSM2828911,GEO,Ctcf,gastrocnemius medialis,40.0,0.0,0.723,8935.0,0.0587587499999853,0.9578,1,0,0,1,1,3,ENCFF950ZNN,SRR6214329,released
100222,homo_sapiens,GSM2828938,GEO,Elf4,HEK293T,35.0,0.0,0.967,902.0,0.0213779999999946,0.86,1,0,1,1,1,4,ENCFF439QJV,SRR6214356,released
101154,homo_sapiens,GSM2828641,GEO,Usf2,SK-N-SH,39.0,0.0,0.991,732.0,0.0047609999999988,0.9187817258883249,1,0,1,0,1,3,ENCFF002ECJ,SRR6214046,released
102749,homo_sapiens,GSM2828822,GEO,ATF7,K562,37.0,0.0,0.991,5415.0,0.1556191812121922,0.9214,1,0,1,1,1,4,ENCFF002DOR,SRR6214161,released
100643,homo_sapiens,GSM2828838,GEO,Ctcf,22Rv1,38.0,0.0,0.943,15870.0,0.1424157499999644,0.9598,1,0,1,1,1,4,ENCFF780PZK,SRR6214222,released
100132,homo_sapiens,GSM2828464,GEO,Mta1,K562,,0.0,0.986,567.0,0.0111134999999972,0.8724604966139955,0,0,1,1,1,3,ENCFF638OLJ,SRR6213941,released
100144,homo_sapiens,GSM2828714,GEO,Ctcf,ascending aorta,40.0,0.0,0.84,8547.0,0.0610002499999847,0.9562,1,0,1,1,1,4,ENCFF803COB,SRR6214088,released
100813,homo_sapiens,GSM2828690,GEO,NKRF,GM12878,40.0,0.0,0.914,727.0,0.0489217499999877,0.9428,1,0,1,1,1,4,ENCFF877IEW,SRR6214070,released
100572,homo_sapiens,GSM2828518,GEO,MTA3,K562,37.0,0.0,0.958,826.0,0.0624404999999843,0.9278,1,0,1,1,1,4,ENCFF894NUI,SRR6213981,released
102316,homo_sapiens,GSM2828871,GEO,Ctcf,testis,40.0,0.0,0.774,15268.0,0.0865944999999783,0.9552,1,0,0,1,1,3,ENCFF873BBZ,SRR6214228,released
100379,homo_sapiens,GSM2828722,GEO,Ctcf,esophagus squamous epithelium,40.0,0.0,0.753,18812.0,0.135957749999966,0.9628,1,0,0,1,1,3,ENCFF248TRL,SRR6214103,released
100796,homo_sapiens,GSM2828554,GEO,RFX5,MCF-7,37.0,0.0,0.978,1729.0,0.0352074999999912,0.8668,1,0,1,1,1,4,ENCFF002DTW,SRR6214024,released
100218,homo_sapiens,GSM2828941,GEO,Atf2,K562,37.0,0.0,0.985,19552.0,0.1671456621943066,0.817,1,0,1,1,1,4,ENCFF043SEF,SRR6214359,released
100371,homo_sapiens,GSM2828847,GEO,Irf5,GM12878,38.0,0.0,0.979,389.0,0.0104404999999973,0.670253164556962,1,0,1,1,0,3,ENCFF086HHP,SRR6214230,released
101354,homo_sapiens,GSM2828981,GEO,NFIC,K562,40.0,0.0,0.906,11653.0,0.1515227499999621,0.8756,1,0,1,1,1,4,ENCFF439DZE,SRR6214402,released
100374,homo_sapiens,GSM2828782,GEO,ELF1,GM12878,40.0,0.0,0.896,7719.0,0.1096372499999726,0.962,1,0,1,1,1,4,ENCFF164VNM,SRR6214114,released
100428,homo_sapiens,GSM2828903,GEO,Ctcf,esophagus squamous epithelium,40.0,0.0,0.739,18174.0,0.1086667499999728,0.961,1,0,0,1,1,3,ENCFF296OXR,SRR6214322,released
100601,homo_sapiens,GSM2828684,GEO,Lef1,K-562,37.0,0.0,0.905,174.0,0.011825499999997,0.9114,1,0,1,1,1,4,ENCFF850KNY,SRR6214062,released
100571,homo_sapiens,GSM2828516,GEO,Ctcf,prostate gland,40.0,0.0,0.843,21961.0,0.1619434999999595,0.9632,1,0,1,1,1,4,ENCFF899YPM,SRR6213979,released
100136,homo_sapiens,GSM2828488,GEO,Ctcf,right lobe of liver,40.0,0.0,0.893,24324.0,0.1673279999999581,0.9628,1,0,1,1,1,4,ENCFF365XKE,SRR6213951,released
101670,homo_sapiens,GSM2828865,GEO,Ctcf,22Rv1,38.0,0.0,0.918,17725.0,0.1484424999999629,0.9608,1,0,1,1,1,4,ENCFF860SCI,SRR6214202,released
100589,homo_sapiens,GSM2828671,GEO,PAX8,MCF-7,40.0,0.0,0.924,397.0,0.011978999999997,0.6071998177261335,1,0,1,1,0,3,ENCFF309FAZ,SRR6214060,released
100838,homo_sapiens,GSM2828987,GEO,Rest,liver,36.0,0.0,0.978,2895.0,0.0710184065631911,0.924,1,0,1,1,1,4,ENCFF698SDI,SRR6214405,released
101680,homo_sapiens,GSM2828868,GEO,ARNT,HEK293T,40.0,0.0,0.933,387.0,0.0093832499999976,0.881,1,0,1,0,1,3,ENCFF119WDG,SRR6214203,released
99999,homo_sapiens,GSM2828927,GEO,ATF7,MCF-7,38.0,0.0,0.99,4508.0,0.065146398917554,0.7234,1,0,1,1,1,4,ENCFF140LSM,SRR6214345,released
100372,homo_sapiens,GSM2828846,GEO,Irf5,GM12878,38.0,0.0,0.979,537.0,0.0130614999999967,0.8238429172510519,1,0,1,1,1,4,ENCFF668ZNC,SRR6214229,released
100217,homo_sapiens,GSM2828940,GEO,Atf2,K562,38.0,0.0,0.987,8122.0,0.0841886560668685,0.7842,1,0,1,1,1,4,ENCFF307XRL,SRR6214358,released
101671,homo_sapiens,GSM2828864,GEO,Ctcf,22Rv1,38.0,0.0,0.968,13256.0,0.1202377499999699,0.9606,1,0,1,1,1,4,ENCFF743IYA,SRR6214201,released
100573,homo_sapiens,GSM2828517,GEO,MTA3,K562,37.0,0.0,0.945,625.0,0.103934249999974,0.9354,1,0,1,1,1,4,ENCFF002EFW,SRR6213980,released
101356,homo_sapiens,GSM2828969,GEO,Sox6,K562,37.0,0.0,0.947,3143.0,0.0779162499999805,0.944,1,0,1,1,1,4,ENCFF002DPJ,SRR6214388,released
102459,homo_sapiens,GSM2828799,GEO,Ctcf,upper lobe of left lung,40.0,0.0,0.965,8933.0,0.0894914999999776,0.954,1,0,1,1,1,4,ENCFF550BKX,SRR6214217,released
100429,homo_sapiens,GSM2828902,GEO,Ctcf,adrenal gland,40.0,0.0,0.82,27909.0,0.2289454999999427,0.9666,1,0,1,1,1,4,ENCFF857XTL,SRR6214319,released
101353,homo_sapiens,GSM2828980,GEO,NFIC,K562,40.0,0.0,0.89,9104.0,0.1350144999999662,0.8972,1,0,1,1,1,4,ENCFF534ZOY,SRR6214401,released
102462,homo_sapiens,GSM2828802,GEO,Ctcf,upper lobe of left lung,40.0,0.0,0.953,20725.0,0.1706534999999573,0.961,1,0,1,1,1,4,ENCFF803CMG,SRR6214153,released
101679,homo_sapiens,GSM2828869,GEO,ARNT,HEK293T,40.0,0.0,0.916,386.0,0.0103472499999974,0.8568,1,0,1,1,1,4,ENCFF898GAP,SRR6214204,released
100600,homo_sapiens,GSM2828683,GEO,Lef1,K562,37.0,0.0,0.948,303.0,0.0243509999999939,0.9136,1,0,1,1,1,4,ENCFF087CSK,SRR6214061,released
100588,homo_sapiens,GSM2828670,GEO,PAX8,MCF-7,39.0,0.0,0.964,168.0,0.0109724999999972,0.4018336314847943,1,0,1,1,0,3,ENCFF380LXZ,SRR6214059,released
100788,homo_sapiens,GSM2828560,GEO,Ctcf,sigmoid colon,40.0,0.0,0.91,1990.0,0.0315492499999921,0.9386,1,0,1,1,1,4,ENCFF234XJV,SRR6214028,released
102747,homo_sapiens,GSM2828820,GEO,Ctcf,thyroid gland,40.0,0.0,0.831,14752.0,0.0818382499999795,0.9606,1,0,1,1,1,4,ENCFF196SPG,SRR6214154,released
101156,homo_sapiens,GSM2828639,GEO,Ctcf,prostate gland,40.0,0.0,0.761,23324.0,0.1726697499999568,0.965,1,0,0,1,1,3,ENCFF119QES,SRR6214044,released
100797,homo_sapiens,GSM2828553,GEO,RFX5,MCF-7,37.0,0.0,0.978,1828.0,0.0349442499999912,0.8694,1,0,1,1,1,4,ENCFF002EHG,SRR6214023,released
100063,homo_sapiens,GSM2437719,GEO,Ctcf,A549,36.0,0.0,0.992,20154.0,0.1422222499999644,0.976,1,0,1,1,1,4,ENCFF057RFO,SRR5129541,released
102487,homo_sapiens,GSM2437781,GEO,Ctcf,A549,36.0,0.0,0.99,22233.0,0.1632517499999592,0.9746,1,0,1,1,1,4,ENCFF820SVP,SRR5129567,released
102491,homo_sapiens,GSM2437772,GEO,Ctcf,A549,36.0,0.0,0.994,17559.0,0.1051749999999737,0.974,1,0,1,1,1,4,ENCFF746KFL,SRR5129683,released
102269,homo_sapiens,GSM2437877,GEO,Ctcf,A549,36.0,0.0,0.994,19653.0,0.1188482499999702,0.973,1,0,1,1,1,4,ENCFF629SRK,SRR5129673,released
99907,homo_sapiens,GSM2437817,GEO,JUNB,A549,36.0,0.0,0.996,2081.0,0.0372762499999906,0.9824,1,0,1,1,1,4,ENCFF879INX,SRR5129607,released
102625,homo_sapiens,GSM2437763,GEO,JUNB,A549,36.0,0.0,0.997,92.0,0.0077994132551448,0.9793689320388348,1,0,1,0,1,3,ENCFF684GNS,SRR5129598,released
100057,homo_sapiens,GSM2437730,GEO,Ctcf,A549,36.0,0.0,0.992,20984.0,0.1361252499999659,0.9724,1,0,1,1,1,4,ENCFF562YWN,SRR5129556,released
100053,homo_sapiens,GSM2437736,GEO,JUNB,A549,36.0,0.0,0.994,5122.0,0.0611907499999847,0.9838,1,0,1,1,1,4,ENCFF098XQR,SRR5129553,released
99919,homo_sapiens,GSM2437833,GEO,JUNB,A549,36.0,0.0,0.994,812.0,0.0148920089336015,0.9766,1,0,1,1,1,4,ENCFF227DSK,SRR5129693,released
102495,homo_sapiens,GSM2437796,GEO,JUNB,A549,36.0,0.0,0.995,1932.0,0.0339784999999915,0.9796,1,0,1,1,1,4,ENCFF933IQW,SRR5129697,released
102263,homo_sapiens,GSM2437882,GEO,Ctcf,A549,36.0,0.0,0.99,24588.0,0.1796894999999551,0.9762,1,0,1,1,1,4,ENCFF915BLC,SRR5129669,released
101597,homo_sapiens,GSM2437800,GEO,Ctcf,A549,36.0,0.0,0.993,20018.0,0.131953499999967,0.9748,1,0,1,1,1,4,ENCFF671PHW,SRR5129618,released
102498,homo_sapiens,GSM2437791,GEO,Ctcf,A549,36.0,0.0,0.992,26037.0,0.1725532499999568,0.9718,1,0,1,1,1,4,ENCFF984HWD,SRR5129676,released
102624,homo_sapiens,GSM2437762,GEO,JUNB,A549,36.0,0.0,0.995,1199.0,0.0259377499999935,0.9794,1,0,1,1,1,4,ENCFF217SOO,SRR5129597,released
101868,homo_sapiens,GSM2437769,GEO,JUNB,A549,36.0,0.0,0.993,10692.0,0.1244984999999688,0.9846,1,0,1,1,1,4,ENCFF601RDD,SRR5129569,released
102268,homo_sapiens,GSM2437876,GEO,Ctcf,A549,36.0,0.0,0.993,23056.0,0.1370564999999657,0.9748,1,0,1,1,1,4,ENCFF037TEU,SRR5129672,released
102486,homo_sapiens,GSM2437780,GEO,Ctcf,A549,36.0,0.0,0.994,9343.0,0.0853629999999786,0.9748,1,0,1,1,1,4,ENCFF470TWY,SRR5129566,released
100064,homo_sapiens,GSM2437718,GEO,Ctcf,A549,36.0,0.0,0.993,19365.0,0.1284922499999679,0.975,1,0,1,1,1,4,ENCFF331SPC,SRR5129540,released
102490,homo_sapiens,GSM2437773,GEO,Ctcf,A549,36.0,0.0,0.979,27378.0,0.227794249999943,0.9756,1,0,1,1,1,4,ENCFF209SXY,SRR5129684,released
102054,homo_sapiens,GSM2437845,GEO,JUNB,A549,36.0,0.0,0.993,1204.0,0.0286892499999928,0.9826,1,0,1,1,1,4,ENCFF846QKQ,SRR5129619,released
102629,homo_sapiens,GSM2437757,GEO,Ctcf,A549,36.0,0.0,0.991,26516.0,0.1932569999999517,0.9726,1,0,1,1,1,4,ENCFF566BZO,SRR5129595,released
99918,homo_sapiens,GSM2437832,GEO,JUNB,A549,36.0,0.0,0.995,4945.0,0.0593579665363227,0.984,1,0,1,1,1,4,ENCFF843VHY,SRR5129692,released
100048,homo_sapiens,GSM2437737,GEO,Ctcf,A549,36.0,0.0,0.982,23477.0,0.1950464999999512,0.9766,1,0,1,1,1,4,ENCFF627GKY,SRR5129585,released
102262,homo_sapiens,GSM2437883,GEO,Ctcf,A549,36.0,0.0,0.991,25474.0,0.1553587499999611,0.9738,1,0,1,1,1,4,ENCFF030MGP,SRR5129670,released
102626,homo_sapiens,GSM2437764,GEO,Ctcf,A549,36.0,0.0,0.993,21180.0,0.1438197080934591,0.974,1,0,1,1,1,4,ENCFF466EUK,SRR5129577,released
102494,homo_sapiens,GSM2437797,GEO,JUNB,A549,36.0,0.0,0.996,889.0,0.0240187499999939,0.9805082654823588,1,0,1,1,1,4,ENCFF886IUE,SRR5129698,released
102623,homo_sapiens,GSM2437743,GEO,JUNB,A549,36.0,0.0,0.994,1795.0,0.0379074999999905,0.9804,1,0,1,1,1,4,ENCFF820SNN,SRR5129571,released
100058,homo_sapiens,GSM2437728,GEO,Ctcf,A549,36.0,0.0,0.993,1509.0,0.0786468849012377,0.9758,1,0,1,1,1,4,ENCFF632YGZ,SRR5129554,released
102053,homo_sapiens,GSM2437846,GEO,JUNB,A549,36.0,0.0,0.99,1022.0,0.0273724999999931,0.9814,1,0,1,1,1,4,ENCFF227ZJW,SRR5129620,released
100049,homo_sapiens,GSM2437739,GEO,Ctcf,A549,36.0,0.0,0.993,20059.0,0.1242554999999689,0.9742,1,0,1,1,1,4,ENCFF260ODA,SRR5129587,released
102497,homo_sapiens,GSM2437792,GEO,Ctcf,A549,36.0,0.0,0.994,22355.0,0.1352789999999661,0.9738,1,0,1,1,1,4,ENCFF456HVM,SRR5129677,released
101867,homo_sapiens,GSM2437770,GEO,JUNB,A549,36.0,0.0,0.995,3466.0,0.0463469999999884,0.985,1,0,1,1,1,4,ENCFF108VEZ,SRR5129570,released
99905,homo_sapiens,GSM2437804,GEO,JUNB,A549,36.0,0.0,0.995,2179.0,0.0289199999999927,0.9808,1,0,1,1,1,4,ENCFF221EQZ,SRR5129695,released
101598,homo_sapiens,GSM2437799,GEO,Ctcf,A549,36.0,0.0,0.995,9791.0,0.0675499999999831,0.9756,1,0,1,1,1,4,ENCFF563ZOF,SRR5129617,released
102270,homo_sapiens,GSM2437875,GEO,Ctcf,A549,36.0,0.0,0.994,16762.0,0.087998249999978,0.973,1,0,1,1,1,4,ENCFF023SLM,SRR5129671,released
102042,homo_sapiens,GSM2437873,GEO,JUNB,A549,36.0,0.0,0.995,1389.0,0.0210002499999947,0.978,1,0,1,1,1,4,ENCFF362ZLE,SRR5129680,released
102267,homo_sapiens,GSM2437880,GEO,JUNB,A549,36.0,0.0,0.995,1274.0,0.0184357499999953,0.9766,1,0,1,1,1,4,ENCFF611IMK,SRR5129690,released
99906,homo_sapiens,GSM2437818,GEO,JUNB,A549,36.0,0.0,0.996,2288.0,0.0283379999999929,0.98,1,0,1,1,1,4,ENCFF627BZC,SRR5129608,released
102493,homo_sapiens,GSM2437794,GEO,JUNB,A549,36.0,0.0,0.996,2576.0,0.0401104999999899,0.9824,1,0,1,1,1,4,ENCFF935ABH,SRR5129602,released
102265,homo_sapiens,GSM2437878,GEO,JUNB,A549,36.0,0.0,0.995,1033.0,0.0152974999999961,0.9758,1,0,1,1,1,4,ENCFF665JQS,SRR5129688,released
99900,homo_sapiens,GSM2437820,GEO,Ctcf,A549,36.0,0.0,0.999,,0.0001308797738391,1.0,1,0,1,0,1,3,ENCFF591QVQ,SRR5129600,released
100052,homo_sapiens,GSM2437734,GEO,JUNB,A549,36.0,0.0,0.991,2536.0,0.0361534999999909,0.9818,1,0,1,1,1,4,ENCFF026XXC,SRR5129551,released
99920,homo_sapiens,GSM2437831,GEO,JUNB,A549,36.0,0.0,0.994,4023.0,0.0426558023947931,0.9824,1,0,1,1,1,4,ENCFF973RAG,SRR5129691,released
102622,homo_sapiens,GSM2437745,GEO,JUNB,A549,36.0,0.0,0.992,2106.0,0.0450509999999887,0.983,1,0,1,1,1,4,ENCFF552KQQ,SRR5129573,released
100050,homo_sapiens,GSM2437738,GEO,Ctcf,A549,36.0,0.0,0.993,15600.0,0.0945982499999763,0.9748,1,0,1,1,1,4,ENCFF200PSY,SRR5129586,released
102628,homo_sapiens,GSM2437758,GEO,Ctcf,A549,36.0,0.0,0.988,26698.0,0.2269182499999432,0.9738,1,0,1,1,1,4,ENCFF339MJW,SRR5129596,released
102052,homo_sapiens,GSM2437847,GEO,JUNB,A549,36.0,0.0,0.995,317.0,0.0086179999999978,0.9754775425916364,1,0,1,0,1,3,ENCFF833GBL,SRR5129621,released
100059,homo_sapiens,GSM2437729,GEO,Ctcf,A549,36.0,0.0,0.995,6049.0,0.0528219999999867,0.9722,1,0,1,1,1,4,ENCFF134WLB,SRR5129555,released
101599,homo_sapiens,GSM2437798,GEO,Ctcf,A549,36.0,0.0,0.991,22026.0,0.1419824999999645,0.9734,1,0,1,1,1,4,ENCFF529XZV,SRR5129616,released
102043,homo_sapiens,GSM2437874,GEO,JUNB,A549,36.0,0.0,0.993,2078.0,0.0247332499999938,0.978,1,0,1,1,1,4,ENCFF152CLQ,SRR5129681,released
102489,homo_sapiens,GSM2437771,GEO,Ctcf,A549,36.0,0.0,0.992,24624.0,0.1635497499999591,0.9732,1,0,1,1,1,4,ENCFF813OAX,SRR5129682,released
102488,homo_sapiens,GSM2437782,GEO,Ctcf,A549,36.0,0.0,0.992,19429.0,0.1375632499999656,0.9746,1,0,1,1,1,4,ENCFF812SLL,SRR5129568,released
99904,homo_sapiens,GSM2437805,GEO,JUNB,A549,36.0,0.0,0.994,4213.0,0.055642999999986,0.9846,1,0,1,1,1,4,ENCFF008EQM,SRR5129696,released
102496,homo_sapiens,GSM2437793,GEO,Ctcf,A549,36.0,0.0,0.994,21705.0,0.1251437499999687,0.972,1,0,1,1,1,4,ENCFF016IVG,SRR5129678,released
102492,homo_sapiens,GSM2437795,GEO,JUNB,A549,36.0,0.0,0.987,4276.0,0.0900664999999774,0.9836,1,0,1,1,1,4,ENCFF583ZDI,SRR5129603,released
102266,homo_sapiens,GSM2437879,GEO,JUNB,A549,36.0,0.0,0.995,1226.0,0.0167884999999958,0.9748,1,0,1,1,1,4,ENCFF314BPS,SRR5129689,released
100062,homo_sapiens,GSM2437717,GEO,Ctcf,A549,36.0,0.0,0.993,21067.0,0.1391484999999652,0.9728,1,0,1,1,1,4,ENCFF990FHA,SRR5129539,released
102041,homo_sapiens,GSM2437872,GEO,JUNB,A549,36.0,0.0,0.994,2534.0,0.0373217499999906,0.9828,1,0,1,1,1,4,ENCFF670NLX,SRR5129679,released
99898,homo_sapiens,GSM2437819,GEO,Ctcf,A549,36.0,0.0,0.992,27021.0,0.1873197499999531,0.973,1,0,1,1,1,4,ENCFF480XVK,SRR5129599,released
102264,homo_sapiens,GSM2437881,GEO,Ctcf,A549,36.0,0.0,0.99,30978.0,0.1928667499999518,0.972,1,0,1,1,1,4,ENCFF356FDX,SRR5129668,released
102621,homo_sapiens,GSM2437744,GEO,JUNB,A549,36.0,0.0,0.995,1428.0,0.0232099999999941,0.9822,1,0,1,1,1,4,ENCFF280XMA,SRR5129572,released
100051,homo_sapiens,GSM2437735,GEO,JUNB,A549,36.0,0.0,0.995,221.0,0.0076637826944663,0.969100355482636,1,0,1,0,1,3,ENCFF442URQ,SRR5129552,released
100468,homo_sapiens,GSM2534079,GEO,Tcf7,GM12878,39.0,0.0,0.989,1345.0,0.0137327499999965,0.9434,1,0,1,1,1,4,ENCFF002BFN,SRR5338794,released
100888,homo_sapiens,GSM2534506,GEO,JUND,liver,36.0,0.0,0.985,5098.0,0.0508182814401986,0.9506,1,0,1,1,1,4,ENCFF978CPC,SRR5339368,released
100883,homo_sapiens,GSM2534141,GEO,ZNF7,Hep-G2,35.0,0.0,0.996,1766.0,0.0189622499999952,0.689,1,0,1,1,0,3,ENCFF079AGT,SRR5339096,released
100268,homo_sapiens,GSM2534236,GEO,Rfx3,Hep-G2,35.0,0.0,0.989,81.0,0.0052270939018521,0.902834008097166,1,0,1,0,1,3,ENCFF383FTW,SRR5339145,released
100469,homo_sapiens,GSM2534080,GEO,Tcf7,GM12878,39.0,0.0,0.991,2119.0,0.0331207499999917,0.954,1,0,1,1,1,4,ENCFF932ZZU,SRR5338795,released
100887,homo_sapiens,GSM2534002,GEO,ZHX2,Hep-G2,38.0,0.0,0.994,1751.0,0.0252769999999936,0.95,1,0,1,1,1,4,ENCFF002BFF,SRR5338738,released
100889,homo_sapiens,GSM2534507,GEO,JUND,liver,36.0,0.0,0.99,6562.0,0.0709399197637216,0.9496,1,0,1,1,1,4,ENCFF215GBK,SRR5339369,released
100882,homo_sapiens,GSM2534140,GEO,ZNF7,Hep-G2,35.0,0.0,0.994,1987.0,0.0136119999999965,0.5806,1,0,1,1,0,3,ENCFF753ADO,SRR5339095,released
101038,homo_sapiens,GSM2534513,GEO,CREM,GM12878,39.0,0.0,0.988,12590.0,0.1635907499999591,0.9712,1,0,1,1,1,4,ENCFF964RPP,SRR5339390,released
100886,homo_sapiens,GSM2534001,GEO,ZHX2,Hep-G2,39.0,0.0,0.991,2048.0,0.0341584999999914,0.9588,1,0,1,1,1,4,ENCFF002BFE,SRR5338737,released
101899,homo_sapiens,GSM2534404,GEO,BCL6,Hep-G2,33.0,0.0,0.991,7219.0,0.1193529999999701,0.9202,1,0,1,1,1,4,ENCFF914FOC,SRR5339272,released
100269,homo_sapiens,GSM2534235,GEO,Rfx3,Hep-G2,35.0,0.0,0.992,1742.0,0.0166437499999958,0.9319835495096488,1,0,1,1,1,4,ENCFF068PBQ,SRR5339144,released
100272,homo_sapiens,GSM2534229,GEO,ETV6,GM12878,38.0,0.0,0.987,4178.0,0.0853159999999786,0.9748,1,0,1,1,1,4,ENCFF002BFL,SRR5339029,released
100071,homo_sapiens,GSM2534575,GEO,ZHX2,MCF-7,36.0,0.0,0.991,1484.0,0.0466722499999883,0.9732,1,0,1,1,1,4,ENCFF937RXL,SRR5339492,released
101898,homo_sapiens,GSM2534405,GEO,BCL6,Hep-G2,33.0,0.0,0.988,5781.0,0.107718249999973,0.9242,1,0,1,1,1,4,ENCFF948EZE,SRR5339273,released
100273,homo_sapiens,GSM2534228,GEO,ETV6,GM12878,39.0,0.0,0.993,2268.0,0.032004999999992,0.956,1,0,1,1,1,4,ENCFF002BFK,SRR5339028,released
101037,homo_sapiens,GSM2534514,GEO,CREM,GM12878,38.0,0.0,0.991,5405.0,0.0698294999999825,0.9686,1,0,1,1,1,4,ENCFF002BFH,SRR5339391,released
100072,homo_sapiens,GSM2534574,GEO,ZHX2,MCF-7,38.0,0.0,0.991,327.0,0.0112300605849625,0.9621010638297872,1,0,1,1,1,4,ENCFF604LVZ,SRR5339491,released
100249,homo_sapiens,GSM3498401,GEO,Ctcf,MCF-7,38.0,0.0,0.951,28011.0,0.1669319999999582,0.984,1,0,1,1,1,4,ENCFF007QNS,SRR8275119,released
100462,homo_sapiens,GSM3498330,GEO,Ctcf,HCT 116,38.0,0.0,0.986,31176.0,0.1948444999999513,0.974,1,0,1,1,1,4,ENCFF345KQX,SRR8275099,released
100455,homo_sapiens,GSM3498321,GEO,Ctcf,OCI-LY1,38.0,0.0,0.943,15027.0,0.0691597499999827,0.9694,1,0,1,1,1,4,ENCFF752EVM,SRR8275089,released
100026,homo_sapiens,GSM3498411,GEO,Ctcf,cardiac muscle tissue,39.0,0.0,0.987,29049.0,0.2019797499999495,0.9716,1,0,1,1,1,4,ENCFF388XOP,SRR8275134,released
100454,homo_sapiens,GSM3498320,GEO,Ctcf,OCI-LY1,37.0,0.0,0.987,36548.0,0.3030154999999243,0.9744,1,0,1,1,1,4,ENCFF320OAN,SRR8275088,released
100018,homo_sapiens,GSM3498406,GEO,Ctcf,A-673,38.0,0.0,0.957,37698.0,0.4140599999998965,0.9764,1,0,1,1,1,4,ENCFF796GTV,SRR8275125,released
100241,homo_sapiens,GSM3498391,GEO,Ctcf,Loucy,38.0,0.0,0.976,39201.0,0.2816509999999296,0.9752,1,0,1,1,1,4,ENCFF002ATZ,SRR8275106,released
100458,homo_sapiens,GSM3498325,GEO,Ctcf,neural progenitor cell,37.0,0.0,0.983,42032.0,0.3183659999999204,0.9766,1,0,1,1,1,4,ENCFF997NPD,SRR8275093,released
100248,homo_sapiens,GSM3498385,GEO,Ctcf,PC-3,36.0,0.0,0.993,34491.0,0.20157942277727,0.9818,1,0,1,1,1,4,ENCFF351GCF,SRR8275100,released
100017,homo_sapiens,GSM3498405,GEO,Ctcf,A-673,38.0,0.0,0.965,20055.0,0.1608389999999598,0.9804,1,0,1,1,1,4,ENCFF425JLP,SRR8275124,released
100242,homo_sapiens,GSM3498392,GEO,Ctcf,Loucy,37.0,0.0,0.995,31321.0,0.211902499999947,0.978,1,0,1,1,1,4,ENCFF002AXG,SRR8275107,released
100459,homo_sapiens,GSM3498323,GEO,Ctcf,neural progenitor cell,38.0,0.0,0.986,37758.0,0.2885677499999278,0.9762,1,0,1,1,1,4,ENCFF342XVP,SRR8275091,released
100457,homo_sapiens,GSM3498324,GEO,Ctcf,neural progenitor cell,38.0,0.0,0.984,30395.0,0.1616739999999596,0.9792,1,0,1,1,1,4,ENCFF717KPM,SRR8275092,released
100250,homo_sapiens,GSM3498402,GEO,Ctcf,MCF-7,38.0,0.0,0.972,40185.0,0.2585894999999353,0.9828,1,0,1,1,1,4,ENCFF197EAD,SRR8275120,released
100028,homo_sapiens,GSM3498413,GEO,Ctcf,OCI-Ly3,36.0,0.0,0.983,35610.0,0.2432444999999392,0.981,1,0,1,1,1,4,ENCFF002ATD,SRR8275136,released
100463,homo_sapiens,GSM3498329,GEO,Ctcf,HCT 116,38.0,0.0,0.945,36073.0,0.2188744999999453,0.966,1,0,1,1,1,4,ENCFF992LSY,SRR8275098,released
102183,homo_sapiens,GSM2527371,GEO,NFE2,K562,38.0,0.0,0.992,18160.0,0.1326612499999668,0.9724,1,0,1,1,1,4,ENCFF001RUJ,SRR5331592,released
101871,homo_sapiens,GSM2527580,GEO,JUND,liver,36.0,0.0,0.989,1634.0,0.0227734842424296,0.9438,1,0,1,1,1,4,ENCFF972ZUD,SRR5331411,released
102178,homo_sapiens,GSM2527376,GEO,ETV6,K562,38.0,0.0,0.994,1259.0,0.0298089999999925,0.9462,1,0,1,1,1,4,ENCFF696VXH,SRR5331597,released
102443,homo_sapiens,GSM2527370,GEO,MITF,K562,38.0,0.0,,1882.0,0.0207952499999948,0.959,1,0,0,1,1,3,ENCFF001RUH,SRR5331591,released
101872,homo_sapiens,GSM2527581,GEO,JUND,liver,36.0,0.0,0.992,3319.0,0.0465554628690423,0.9424,1,0,1,1,1,4,ENCFF689WAA,SRR5331412,released
102085,homo_sapiens,GSM2527442,GEO,CREM,K562,38.0,0.0,0.98,16470.0,0.2025934999999493,0.9668,1,0,1,1,1,4,ENCFF183QKB,SRR5331220,released
102179,homo_sapiens,GSM2527375,GEO,ETV6,K562,38.0,0.0,0.982,578.0,0.0144694999999963,0.9504,1,0,1,1,1,4,ENCFF001RUK,SRR5331596,released
102442,homo_sapiens,GSM2527369,GEO,MITF,K562,38.0,0.0,0.992,756.0,0.0104089999999973,0.9598,1,0,1,1,1,4,ENCFF001RUI,SRR5331590,released
102084,homo_sapiens,GSM2527443,GEO,CREM,K562,38.0,0.0,0.986,18297.0,0.1967712499999508,0.9668,1,0,1,1,1,4,ENCFF281EIK,SRR5331221,released
102182,homo_sapiens,GSM2527372,GEO,NFE2,K562,38.0,0.0,0.992,10629.0,0.067919999999983,0.9714,1,0,1,1,1,4,ENCFF001RUN,SRR5331593,released
100605,homo_sapiens,GSM2699184,GEO,Ctcf,hepatocyte,37.0,0.0,0.991,27293.0,0.1281722499999679,0.9754,1,0,1,1,1,4,ENCFF440WEY,SRR5832774,released
100606,homo_sapiens,GSM2699185,GEO,Ctcf,hepatocyte,38.0,0.0,0.987,29001.0,0.1954767499999511,0.9744,1,0,1,1,1,4,ENCFF371AJH,SRR5832775,released
100604,homo_sapiens,GSM2699183,GEO,Ctcf,hepatocyte,38.0,0.0,0.703,19035.0,0.1053552499999736,0.972,1,0,0,1,1,3,ENCFF855FAY,SRR5832773,released
100819,homo_sapiens,GSM2422943,GEO,HSF1,MCF-7,38.0,0.0,0.957,137.0,0.0063909999999984,0.7851291745431632,1,0,1,0,1,3,ENCFF002DPN,SRR5111116,released
100818,homo_sapiens,GSM2422942,GEO,HSF1,MCF-7,38.0,0.0,0.935,174.0,0.0091464999999977,0.8475043892651116,1,0,1,0,1,3,ENCFF002EGT,SRR5111115,released
100448,homo_sapiens,GSM2824383,GEO,ATF7,GM12878,38.0,0.0,0.987,5727.0,0.1256982109204023,0.9546,1,0,1,1,1,4,ENCFF044LTS,SRR6212999,released
101918,homo_sapiens,GSM2824328,GEO,Ctcf,esophagus squamous epithelium,40.0,0.0,0.824,13292.0,0.0855132499999786,0.9578,1,0,1,1,1,4,ENCFF753KXC,SRR6212641,released
101712,homo_sapiens,GSM2824359,GEO,HSF1,GM12878,39.0,0.0,0.975,213.0,0.0025774999999993,0.8547579298831386,1,0,1,0,1,3,ENCFF002EAU,SRR6212848,released
102522,homo_sapiens,GSM2824377,GEO,Atf2,Hep-G2,37.0,0.0,0.993,8941.0,0.0647335625080339,0.513,1,0,1,1,0,3,ENCFF588IKS,SRR6212980,released
100449,homo_sapiens,GSM2824384,GEO,ATF7,GM12878,38.0,0.0,0.991,6435.0,0.1331915048821064,0.955,1,0,1,1,1,4,ENCFF317NXG,SRR6213000,released
101713,homo_sapiens,GSM2824358,GEO,HSF1,GM12878,39.0,0.0,0.968,410.0,0.0057337499999985,0.9028374892519346,1,0,1,0,1,3,ENCFF002EAM,SRR6212847,released
101909,homo_sapiens,GSM2824375,GEO,Ctcf,adrenal gland,40.0,0.0,0.931,18139.0,0.1061277499999734,0.961,1,0,1,1,1,4,ENCFF263EXZ,SRR6212938,released
102521,homo_sapiens,GSM2824378,GEO,Atf2,Hep-G2,37.0,0.0,0.991,35668.0,0.1986847270367082,0.5536,1,0,1,1,0,3,ENCFF843QDR,SRR6212981,released
102099,homo_sapiens,GSM2700611,GEO,Ctcf,neutrophil,38.0,0.0,0.985,6905.0,0.0508877499999872,0.9632,1,0,1,1,1,4,ENCFF414LTY,SRR5833132,released
102100,homo_sapiens,GSM2700610,GEO,Ctcf,neutrophil,39.0,0.0,0.986,10578.0,0.0939572499999765,0.9684,1,0,1,1,1,4,ENCFF842MOT,SRR5833130,released
101879,homo_sapiens,GSM2827409,GEO,Ctcf,C4-2B,37.0,0.0,0.983,17822.0,0.2121537499999469,0.9586,1,0,1,1,1,4,ENCFF813EGO,SRR6213593,released
100664,homo_sapiens,GSM2827161,GEO,Ctcf,vagina,40.0,0.0,0.78,11272.0,0.0732132499999817,0.9582,1,0,0,1,1,3,ENCFF215BBJ,SRR6213090,released
102295,homo_sapiens,GSM2827293,GEO,Ctcf,tibial nerve,40.0,0.0,0.767,16752.0,0.1862514999999534,0.9632,1,0,0,1,1,3,ENCFF745FWK,SRR6213385,released
101006,homo_sapiens,GSM2827480,GEO,ATF7,Hep-G2,37.0,0.0,0.993,6607.0,0.0673155857863089,0.5686,1,0,1,1,0,3,ENCFF960KMN,SRR6213644,released
101003,homo_sapiens,GSM2827473,GEO,Ctcf,tibial nerve,40.0,0.0,0.827,15114.0,0.1508442499999623,0.9642,1,0,1,1,1,4,ENCFF741YBV,SRR6213694,released
101975,homo_sapiens,GSM2827200,GEO,ARNT,K-562,37.0,0.0,0.951,275.0,0.0466492499999883,0.9302,1,0,1,1,1,4,ENCFF841ZHV,SRR6213126,released
100400,homo_sapiens,GSM2827575,GEO,Ctcf,testis,40.0,0.0,0.908,4760.0,0.0506289999999873,0.95,1,0,1,1,1,4,ENCFF966BYU,SRR6213870,released
100878,homo_sapiens,GSM2827132,GEO,Ctcf,RWPE-1,38.0,0.0,0.95,9439.0,0.0871129999999782,0.9632,1,0,1,1,1,4,ENCFF047YUA,SRR6213074,released
101344,homo_sapiens,GSM2827344,GEO,Usf2,IMR-90,39.0,0.0,0.985,2109.0,0.027976999999993,0.9633587786259542,1,0,1,1,1,4,ENCFF002EWA,SRR6213503,released
101578,homo_sapiens,GSM2827238,GEO,Ctcf,gastrocnemius medialis,40.0,0.0,0.846,16562.0,0.1726037499999568,0.966,1,0,1,1,1,4,ENCFF296YDQ,SRR6213222,released
102514,homo_sapiens,GSM2827526,GEO,Ctcf,breast epithelium,40.0,0.0,0.695,15080.0,0.1175032499999706,0.9602,1,0,0,1,1,3,ENCFF221NRW,SRR6213724,released
101571,homo_sapiens,GSM2827222,GEO,Ctcf,small intestine Peyer's patch,40.0,0.0,0.899,26045.0,0.1871364999999532,0.9666,1,0,1,1,1,4,ENCFF541IAK,SRR6213147,released
99926,homo_sapiens,GSM2827540,GEO,Ctcf,body of pancreas,40.0,0.0,0.897,28318.0,0.2723797499999319,0.9682,1,0,1,1,1,4,ENCFF624PVA,SRR6213831,released
100394,homo_sapiens,GSM2827573,GEO,Ctcf,ovary,40.0,0.0,0.934,8188.0,0.0814352499999796,0.9624,1,0,1,1,1,4,ENCFF112TJG,SRR6213868,released
102250,homo_sapiens,GSM2827382,GEO,Ctcf,gastroesophageal sphincter,40.0,0.0,0.818,16984.0,0.111682999999972,0.964,1,0,1,1,1,4,ENCFF531WQP,SRR6213545,released
101910,homo_sapiens,GSM2827591,GEO,Nfib,MCF-7,37.0,0.0,0.986,4888.0,0.0363474999999909,0.7194,1,0,1,1,1,4,ENCFF402HLR,SRR6213891,released
102296,homo_sapiens,GSM2827295,GEO,Elf4,K562,38.0,0.0,0.942,2330.0,0.0547457499999863,0.9432,1,0,1,1,1,4,ENCFF270PKY,SRR6213389,released
102038,homo_sapiens,GSM2827389,GEO,Ctcf,esophagus squamous epithelium,40.0,0.0,0.833,29225.0,0.2258324999999435,0.9658,1,0,1,1,1,4,ENCFF365JJX,SRR6213575,released
101976,homo_sapiens,GSM2827201,GEO,ARNT,K-562,38.0,0.0,0.955,267.0,0.0649224999999837,0.9252,1,0,1,1,1,4,ENCFF546YEQ,SRR6213127,released
101005,homo_sapiens,GSM2827479,GEO,ATF7,Hep-G2,37.0,0.0,0.993,7864.0,0.0785585406075798,0.5418,1,0,1,1,0,3,ENCFF363RMP,SRR6213643,released
101678,homo_sapiens,GSM2827412,GEO,Ctcf,uterus,40.0,0.0,0.868,17837.0,0.1268584999999683,0.9628,1,0,1,1,1,4,ENCFF706PQV,SRR6213599,released
101134,homo_sapiens,GSM2827160,GEO,Ctcf,body of pancreas,40.0,0.0,0.905,25805.0,0.1939354999999515,0.965,1,0,1,1,1,4,ENCFF031QUD,SRR6213083,released
100165,homo_sapiens,GSM2827547,GEO,Usf2,A-549,38.0,0.0,0.989,1497.0,0.0271849999999932,0.921875,1,0,1,1,1,4,ENCFF002EJL,SRR6213846,released
100408,homo_sapiens,GSM2827359,GEO,Ctcf,small intestine Peyer's patch,40.0,0.0,0.889,30476.0,0.2792234999999302,0.968,1,0,1,1,1,4,ENCFF778LRO,SRR6213562,released
101940,homo_sapiens,GSM2827328,GEO,Ctcf,vagina,40.0,0.0,0.657,2614.0,0.0286662499999928,0.94,1,0,0,1,1,3,ENCFF541ASV,SRR6213522,released
101345,homo_sapiens,GSM2827343,GEO,Usf2,IMR-90,39.0,0.0,0.961,12207.0,0.111841749999972,0.973,1,0,1,1,1,4,ENCFF002EWI,SRR6213502,released
100629,homo_sapiens,GSM2827512,GEO,Ctcf,ovary,40.0,0.0,0.928,9893.0,0.0801217499999799,0.9584,1,0,1,1,1,4,ENCFF724TVK,SRR6213712,released
101211,homo_sapiens,GSM2827465,GEO,Sox6,Hep-G2,37.0,0.0,0.99,147.0,0.0127009999999968,0.2763840830449827,1,0,1,1,0,3,ENCFF031GLY,SRR6213636,released
102297,homo_sapiens,GSM2827294,GEO,Elf4,K562,38.0,0.0,0.885,2872.0,0.0588599999999852,0.9308,1,0,1,1,1,4,ENCFF587AYW,SRR6213388,released
100393,homo_sapiens,GSM2827572,GEO,Ctcf,thyroid gland,37.0,0.0,0.957,23468.0,0.2193822499999451,0.9694,1,0,1,1,1,4,ENCFF095HAZ,SRR6213867,released
102037,homo_sapiens,GSM2827383,GEO,Ctcf,adrenal gland,40.0,0.0,0.793,21750.0,0.1771489999999557,0.9668,1,0,0,1,1,3,ENCFF725BGJ,SRR6213550,released
101490,homo_sapiens,GSM2827438,GEO,Ctcf,LNCaP,37.0,0.0,0.976,21628.0,0.1301837499999674,0.9548,1,0,1,1,1,4,ENCFF777VSO,SRR6213653,released
100877,homo_sapiens,GSM2827130,GEO,Ctcf,body of pancreas,40.0,0.0,0.881,33996.0,0.3116482499999221,0.967,1,0,1,1,1,4,ENCFF163EIH,SRR6213075,released
100363,homo_sapiens,GSM2827375,GEO,RELB,GM12878,38.0,0.0,0.917,1438.0,0.0885854999999778,0.9586,1,0,1,1,1,4,ENCFF009PBB,SRR6213570,released
100386,homo_sapiens,GSM2827202,GEO,Ctcf,LNCaP,37.0,0.0,0.94,26058.0,0.1741307499999564,0.9546,1,0,1,1,1,4,ENCFF747RJL,SRR6213130,released
101434,homo_sapiens,GSM2827209,GEO,ELF1,MCF-7,40.0,0.0,0.951,2267.0,0.0225309999999943,0.9394,1,0,1,1,1,4,ENCFF071LVJ,SRR6213136,released
101880,homo_sapiens,GSM2827411,GEO,Ctcf,small intestine Peyer's patch,40.0,0.0,0.892,5719.0,0.0346292499999913,0.9408,1,0,1,1,1,4,ENCFF571EFT,SRR6213598,released
101720,homo_sapiens,GSM2827589,GEO,Ctcf,lower leg skin,38.0,0.0,0.856,773.0,0.0172524999999956,0.9241030358785648,1,0,1,1,1,4,ENCFF572PHT,SRR6213895,released
101212,homo_sapiens,GSM2827466,GEO,Sox6,Hep-G2,37.0,0.0,0.988,149.0,0.0100774999999974,0.3532369578881207,1,0,1,1,0,3,ENCFF020AAA,SRR6213637,released
100879,homo_sapiens,GSM2827131,GEO,Ctcf,RWPE-1,38.0,0.0,0.97,11654.0,0.0928429999999767,0.964,1,0,1,1,1,4,ENCFF291IKU,SRR6213072,released
101489,homo_sapiens,GSM2827439,GEO,Ctcf,LNCaP,37.0,0.0,0.945,2611.0,0.0652734999999836,0.9368,1,0,1,1,1,4,ENCFF616TAT,SRR6213655,released
101878,homo_sapiens,GSM2827410,GEO,Ctcf,C4-2B,37.0,0.0,0.933,26327.0,0.3308572499999173,0.9574,1,0,1,1,1,4,ENCFF643KQW,SRR6213595,released
101433,homo_sapiens,GSM2827208,GEO,ELF1,MCF-7,40.0,0.0,0.888,6678.0,0.0792074999999802,0.9522,1,0,1,1,1,4,ENCFF159PHG,SRR6213135,released
101850,homo_sapiens,GSM2827263,GEO,Ctcf,lower leg skin,40.0,0.0,0.798,142.0,0.0040169999999989,0.7401574803149606,1,0,0,0,1,2,ENCFF644NPE,SRR6213254,released
100362,homo_sapiens,GSM2827374,GEO,RELB,GM12878,38.0,0.0,0.894,3385.0,0.1492252499999627,0.966,1,0,1,1,1,4,ENCFF385BNN,SRR6213569,released
100387,homo_sapiens,GSM2827203,GEO,Ctcf,LNCaP,37.0,0.0,0.952,1975.0,0.0487894999999878,0.9376,1,0,1,1,1,4,ENCFF863ZTU,SRR6213132,released
101770,homo_sapiens,GSM2827319,GEO,Ctcf,esophagus muscularis mucosa,40.0,0.0,0.7,17897.0,0.1261162499999684,0.9618,1,0,0,1,1,3,ENCFF099PGD,SRR6213499,released
101911,homo_sapiens,GSM2827592,GEO,Nfib,MCF-7,37.0,0.0,0.98,4696.0,0.0392647499999901,0.7528,1,0,1,1,1,4,ENCFF091COJ,SRR6213892,released
100164,homo_sapiens,GSM2827548,GEO,Usf2,A-549,38.0,0.0,0.993,672.0,0.020005749999995,0.9168241965973536,1,0,1,1,1,4,ENCFF002EJQ,SRR6213847,released
100168,homo_sapiens,GSM2827552,GEO,E2F1,K562,37.0,0.0,0.99,919.0,0.0293935744930333,0.8968,1,0,1,1,1,4,ENCFF907JIE,SRR6213842,released
153523,homo_sapiens,GSM5330315,GEO,Ctcf,uterus or analog,39.0,0.0,0.996,11634.0,0.0515034655362309,0.9676,1,0,1,1,1,4,ENCFF602LOK,SRR14636372,released
102616,homo_sapiens,GSM2534688,GEO,MIXL1,Hep-G2,35.0,0.0,0.993,1533.0,0.0564324999999859,0.9518,1,0,1,1,1,4,ENCFF790RMU,SRR5339623,released
102092,homo_sapiens,GSM2534381,GEO,GMEB2,Hep-G2,35.0,0.0,0.99,1314.0,0.0153024999999961,0.9260267194458188,1,0,1,1,1,4,ENCFF158NYT,SRR5339245,released
99934,homo_sapiens,GSM2534217,GEO,KLF11,Hep-G2,35.0,0.0,0.996,612.0,0.0407559460964159,0.9446,1,0,1,1,1,4,ENCFF425ZYO,SRR5339015,released
100212,homo_sapiens,GSM2534284,GEO,Nr2f1,Hep-G2,35.0,0.0,0.994,1667.0,0.0194582499999951,0.889,1,0,1,1,1,4,ENCFF325WEY,SRR5339148,released
100472,homo_sapiens,GSM2534071,GEO,TEAD1,Hep-G2,35.0,0.0,0.992,9164.0,0.1136377499999716,0.9586,1,0,1,1,1,4,ENCFF974TAR,SRR5338902,released
100211,homo_sapiens,GSM2534285,GEO,Nr2f1,Hep-G2,35.0,0.0,0.991,4701.0,0.043678749999989,0.913,1,0,1,1,1,4,ENCFF911VFY,SRR5339149,released
99933,homo_sapiens,GSM2534216,GEO,KLF11,Hep-G2,35.0,0.0,0.994,425.0,0.0368011268593975,0.9436,1,0,1,1,1,4,ENCFF937ICR,SRR5339014,released
101421,homo_sapiens,GSM2527515,GEO,CEBPA,Hep-G2,35.0,0.0,0.989,18896.0,0.1475304999999631,0.9474,1,0,1,1,1,4,ENCFF782RSZ,SRR5331304,released
102026,homo_sapiens,GSM2527591,GEO,Nfil3,Hep-G2,35.0,0.0,0.987,16555.0,0.184071249999954,0.9344,1,0,1,1,1,4,ENCFF149FLF,SRR5331427,released
100075,homo_sapiens,GSM2527382,GEO,Klf16,Hep-G2,35.0,0.0,0.991,1824.0,0.0956818022217146,0.96,1,0,1,1,1,4,ENCFF264ZXH,SRR5331636,released
101423,homo_sapiens,GSM2527505,GEO,Pparg,Hep-G2,33.0,0.0,0.988,2862.0,0.0660189999999835,0.946,1,0,1,1,1,4,ENCFF764SMY,SRR5331296,released
100076,homo_sapiens,GSM2527383,GEO,Klf16,Hep-G2,35.0,0.0,0.992,887.0,0.0552797499999861,0.9512,1,0,1,1,1,4,ENCFF380TFO,SRR5331637,released
102027,homo_sapiens,GSM2527590,GEO,Nfil3,Hep-G2,35.0,0.0,0.99,7642.0,0.0966144999999758,0.9322,1,0,1,1,1,4,ENCFF170AOL,SRR5331426,released
101424,homo_sapiens,GSM2527506,GEO,Pparg,Hep-G2,33.0,0.0,0.99,3465.0,0.0704184999999824,0.9394,1,0,1,1,1,4,ENCFF660VHF,SRR5331297,released
102286,homo_sapiens,GSM2527455,GEO,Foxa3,Hep-G2,35.0,0.0,0.993,13248.0,0.1294497499999676,0.9588,1,0,1,1,1,4,ENCFF492CBJ,SRR5331237,released
102285,homo_sapiens,GSM2527454,GEO,Foxa3,Hep-G2,35.0,0.0,0.988,11462.0,0.1484942499999628,0.9668,1,0,1,1,1,4,ENCFF807WOU,SRR5331236,released
101782,homo_sapiens,GSM2825549,GEO,ZNF3,Hep-G2,36.0,0.0,0.992,525.0,0.0114399999999971,0.8568,1,0,1,1,1,4,ENCFF656IHM,SRR6212923,released
102644,homo_sapiens,GSM2534652,GEO,KLF9,Hep-G2,35.0,0.0,0.987,161.0,0.011612249999997,0.9468,1,0,1,1,1,4,ENCFF795MVM,SRR5339609,released
101651,homo_sapiens,GSM2534187,GEO,ZFP1,Hep-G2,35.0,0.0,0.991,1313.0,0.0349202499999912,0.8224,1,0,1,1,1,4,ENCFF868BZO,SRR5339017,released
102274,homo_sapiens,GSM2534172,GEO,Nfyc,Hep-G2,35.0,0.0,0.989,5230.0,0.0780409999999805,0.9456,1,0,1,1,1,4,ENCFF536WLP,SRR5338973,released
101696,homo_sapiens,GSM2534422,GEO,ELF3,Hep-G2,35.0,0.0,0.986,5953.0,0.1028502499999742,0.9634,1,0,1,1,1,4,ENCFF856RPX,SRR5339283,released
102381,homo_sapiens,GSM2534622,GEO,MXD3,Hep-G2,35.0,0.0,0.987,387.0,0.035939749999991,0.9564,1,0,1,1,1,4,ENCFF204UTF,SRR5339549,released
102620,homo_sapiens,GSM2534682,GEO,SOX5,Hep-G2,35.0,0.0,0.986,14217.0,0.1807967499999548,0.964,1,0,1,1,1,4,ENCFF887ZSW,SRR5339611,released
101650,homo_sapiens,GSM2534186,GEO,ZFP1,Hep-G2,35.0,0.0,0.985,201.0,0.0248379999999937,0.9168,1,0,1,1,1,4,ENCFF962UNX,SRR5339016,released
101895,homo_sapiens,GSM2534396,GEO,Klf6,Hep-G2,35.0,0.0,0.984,651.0,0.0495804999999876,0.9566,1,0,1,1,1,4,ENCFF633ZLO,SRR5339286,released
102380,homo_sapiens,GSM2534621,GEO,MXD3,Hep-G2,34.0,0.0,0.981,263.0,0.0402302499999899,0.952,1,0,1,1,1,4,ENCFF380ESC,SRR5339548,released
101245,homo_sapiens,GSM2534025,GEO,MXD4,Hep-G2,35.0,0.0,0.989,2152.0,0.0586574999999853,0.9514,1,0,1,1,1,4,ENCFF393OKM,SRR5338743,released
100439,homo_sapiens,GSM2534719,GEO,Rere,Hep-G2,35.0,0.0,0.992,1146.0,0.0222019999999944,0.9372,1,0,1,1,1,4,ENCFF266MCK,SRR5339678,released
102643,homo_sapiens,GSM2534651,GEO,KLF9,Hep-G2,35.0,0.0,0.99,345.0,0.0218124999999945,0.9442,1,0,1,1,1,4,ENCFF351KCG,SRR5339608,released
101015,homo_sapiens,GSM2534153,GEO,RXRB,Hep-G2,35.0,0.0,0.99,4453.0,0.07974999999998,0.9496,1,0,1,1,1,4,ENCFF174QLC,SRR5338940,released
101400,homo_sapiens,GSM2534017,GEO,THRB,Hep-G2,35.0,0.0,0.987,2933.0,0.0647409999999838,0.9372,1,0,1,1,1,4,ENCFF805RHK,SRR5338735,released
100440,homo_sapiens,GSM2534718,GEO,Rere,Hep-G2,35.0,0.0,0.991,1354.0,0.0314414999999921,0.9526,1,0,1,1,1,4,ENCFF811ZQF,SRR5339677,released
102273,homo_sapiens,GSM2534171,GEO,Nfyc,Hep-G2,35.0,0.0,0.988,5096.0,0.0955654999999761,0.9562,1,0,1,1,1,4,ENCFF117DNV,SRR5338972,released
100927,homo_sapiens,GSM2527614,GEO,Nfia,Hep-G2,35.0,0.0,0.993,3720.0,0.047824499999988,0.9442,1,0,1,1,1,4,ENCFF784EQQ,SRR5331451,released
100928,homo_sapiens,GSM2527615,GEO,Nfia,Hep-G2,35.0,0.0,0.989,8384.0,0.135846999999966,0.962,1,0,1,1,1,4,ENCFF908GXH,SRR5331452,released
102282,homo_sapiens,GSM2825580,GEO,ZFX,22Rv1,36.0,0.0,0.996,57.0,0.0061742499999984,0.4751381215469613,1,0,1,0,0,2,ENCFF170NRX,SRR6212966,released
101082,homo_sapiens,GSM2825161,GEO,ZFX,LNCaP C4-2B,36.0,0.0,0.972,1535.0,0.1875362499999531,0.9502,1,0,1,1,1,4,ENCFF026OWV,SRR6212630,released
102281,homo_sapiens,GSM2825579,GEO,ZFX,22Rv1,35.0,0.0,0.989,60.0,0.0065259999999983,0.5483870967741935,1,0,1,0,0,2,ENCFF328CPO,SRR6212965,released
101083,homo_sapiens,GSM2825160,GEO,ZFX,LNCaP C4-2B,37.0,0.0,0.994,353.0,0.0179927499999955,0.9412311265969804,1,0,1,1,1,4,ENCFF668JXE,SRR6212629,released
100685,homo_sapiens,GSM2825449,GEO,FOS,IMR-90,39.0,0.0,0.986,16869.0,0.0982827499999754,0.9834,1,0,1,1,1,4,ENCFF002EVP,SRR6212692,released
101236,homo_sapiens,GSM2825498,GEO,ZFX,HEK293T,36.0,0.0,0.974,1261.0,0.1227092499999693,0.9626,1,0,1,1,1,4,ENCFF340SRU,SRR6212854,released
100684,homo_sapiens,GSM2825448,GEO,FOS,IMR-90,39.0,0.0,0.991,8352.0,0.063642999999984,0.98,1,0,1,1,1,4,ENCFF002EVM,SRR6212691,released
101235,homo_sapiens,GSM2825499,GEO,ZFX,HEK293T,36.0,0.0,0.976,1597.0,0.3195479999999201,0.9392,1,0,1,1,1,4,ENCFF664IIE,SRR6212855,released
101036,homo_sapiens,GSM2423783,GEO,Maz,A-549,39.0,0.0,0.989,266.0,0.0065877499999983,0.9469259064634789,1,0,1,0,1,3,ENCFF002EAI,SRR5111898,released
100574,homo_sapiens,GSM2423262,GEO,Maz,MCF-7,38.0,0.0,0.971,281.0,0.0288472499999927,0.9358,1,0,1,1,1,4,ENCFF002EGP,SRR5111365,released
102019,homo_sapiens,GSM2423831,GEO,Mnt,MCF-7,38.0,0.0,0.954,4937.0,0.0741057499999814,0.8252,1,0,1,1,1,4,ENCFF002DQA,SRR5111967,released
100575,homo_sapiens,GSM2423263,GEO,Maz,MCF-7,38.0,0.0,0.976,477.0,0.0343429999999914,0.9416,1,0,1,1,1,4,ENCFF002DPX,SRR5111366,released
101035,homo_sapiens,GSM2423784,GEO,Maz,A-549,39.0,0.0,0.992,159.0,0.0030957499999992,0.9220314735336196,1,0,1,0,1,3,ENCFF002EAJ,SRR5111899,released
102020,homo_sapiens,GSM2423830,GEO,Mnt,MCF-7,37.0,0.0,0.944,3275.0,0.0743882499999814,0.9294,1,0,1,1,1,4,ENCFF002EGY,SRR5111966,released
100339,homo_sapiens,GSM2423125,GEO,JUN,MCF-7,38.0,0.0,0.969,259.0,0.0102924999999974,0.906,1,0,1,1,1,4,ENCFF002EGN,SRR5111218,released
100340,homo_sapiens,GSM2423124,GEO,JUN,MCF-7,38.0,0.0,0.896,446.0,0.0110174999999972,0.9075128059191804,1,0,1,1,1,4,ENCFF002DPK,SRR5111217,released
101273,homo_sapiens,GSM2424008,GEO,MYB,GM12878,37.0,0.0,0.99,456.0,0.0071654999999982,0.9513154659454144,1,0,1,0,1,3,ENCFF002ECX,SRR5112145,released
100107,homo_sapiens,GSM2424246,GEO,Sp1,K-562,38.0,0.0,0.937,1252.0,0.0338039999999915,0.9268,1,0,1,1,1,4,ENCFF002EGO,SRR5112369,released
101272,homo_sapiens,GSM2424009,GEO,MYB,GM12878,39.0,0.0,0.967,352.0,0.0056974999999985,0.9476879962634284,1,0,1,0,1,3,ENCFF002EBS,SRR5112146,released
100315,homo_sapiens,GSM2424253,GEO,JUN,A-549,39.0,0.0,0.98,171.0,0.0031279999999992,0.9340720221606648,1,0,1,0,1,3,ENCFF002DZV,SRR5112371,released
100316,homo_sapiens,GSM2424254,GEO,JUN,A-549,39.0,0.0,0.992,20.0,0.0012764999999996,0.7605633802816901,1,0,1,0,1,3,ENCFF002DZU,SRR5112372,released
102741,homo_sapiens,GSM2828490,GEO,Mga,K562,40.0,0.0,0.878,2721.0,0.099910999999975,0.9388,1,0,1,1,1,4,ENCFF434ISC,SRR6213948,released
101668,homo_sapiens,GSM2828867,GEO,Mnt,K562,40.0,0.0,0.705,1243.0,0.0742032499999814,0.949,1,0,0,1,1,3,ENCFF911ICF,SRR6214200,released
100590,homo_sapiens,GSM2828669,GEO,Mnt,Hep-G2,40.0,0.0,0.948,361.0,0.0188512499999952,0.8922,1,0,1,1,1,4,ENCFF594PZU,SRR6214055,released
101669,homo_sapiens,GSM2828866,GEO,Mnt,K562,40.0,0.0,0.801,1798.0,0.0805164999999798,0.9458,1,0,1,1,1,4,ENCFF678PWC,SRR6214199,released
100591,homo_sapiens,GSM2828668,GEO,Mnt,Hep-G2,40.0,0.0,0.956,1076.0,0.0255847499999936,0.868,1,0,1,1,1,4,ENCFF089AER,SRR6214054,released
102225,homo_sapiens,GSM2828434,GEO,Sp1,HEK293T,37.0,0.0,0.966,271.0,0.0087967499999978,0.737987679671458,1,0,1,0,1,3,ENCFF601UZA,SRR6213931,released
102740,homo_sapiens,GSM2828489,GEO,Mga,K562,40.0,0.0,0.821,3544.0,0.11999024999997,0.9518,1,0,1,1,1,4,ENCFF194JCS,SRR6213947,released
102226,homo_sapiens,GSM2828435,GEO,Sp1,HEK293T,37.0,0.0,0.972,233.0,0.0094129999999976,0.5790671217292378,1,0,1,0,0,2,ENCFF955QVT,SRR6213932,released
102261,homo_sapiens,GSM2437884,GEO,JUN,A549,36.0,0.0,0.993,242.0,0.0440972499999889,0.9752,1,0,1,1,1,4,ENCFF377LNU,SRR5129709,released
102045,homo_sapiens,GSM2437866,GEO,JUN,A549,36.0,0.0,0.995,250.0,0.0128602499999967,0.9684,1,0,1,1,1,4,ENCFF441RBV,SRR5129653,released
100061,homo_sapiens,GSM2437721,GEO,JUN,A549,36.0,0.0,0.994,69.0,0.0191094999999952,0.9684,1,0,1,1,1,4,ENCFF119IDQ,SRR5129538,released
102051,homo_sapiens,GSM2437844,GEO,JUN,A549,36.0,0.0,0.993,6098.0,0.1475214999999631,0.9824,1,0,1,1,1,4,ENCFF857NXW,SRR5129659,released
99901,homo_sapiens,GSM2437829,GEO,JUN,A549,36.0,0.0,0.996,636.0,0.0380536625053488,0.9768,1,0,1,1,1,4,ENCFF131ZPV,SRR5129605,released
102050,homo_sapiens,GSM2437842,GEO,JUN,A549,36.0,0.0,0.995,590.0,0.0379562499999905,0.9766,1,0,1,1,1,4,ENCFF190TJI,SRR5129657,released
100055,homo_sapiens,GSM2437727,GEO,JUN,A549,36.0,0.0,0.995,129.0,0.0095569999999976,0.9726027397260274,1,0,1,0,1,3,ENCFF984CIU,SRR5129544,released
102057,homo_sapiens,GSM2437853,GEO,JUN,A549,36.0,0.0,0.991,723.0,0.0503689999999874,0.9744,1,0,1,1,1,4,ENCFF040MIZ,SRR5129646,released
102040,homo_sapiens,GSM2437871,GEO,JUN,A549,36.0,0.0,0.991,1507.0,0.0991744999999752,0.9786,1,0,1,1,1,4,ENCFF743TTU,SRR5129648,released
102048,homo_sapiens,GSM2437867,GEO,JUN,A549,36.0,0.0,0.993,372.0,0.0311079999999922,0.9746,1,0,1,1,1,4,ENCFF975QVZ,SRR5129685,released
99910,homo_sapiens,GSM2437816,GEO,JUN,A549,36.0,0.0,0.992,485.0,0.0219099999999945,0.97,1,0,1,1,1,4,ENCFF325MYR,SRR5129584,released
102260,homo_sapiens,GSM2437885,GEO,JUN,A549,36.0,0.0,0.995,280.0,0.03989624999999,0.9762,1,0,1,1,1,4,ENCFF740BHU,SRR5129710,released
100060,homo_sapiens,GSM2437720,GEO,JUN,A549,36.0,0.0,0.995,915.0,0.0515022499999871,0.9762,1,0,1,1,1,4,ENCFF189BHS,SRR5129537,released
102056,homo_sapiens,GSM2437852,GEO,JUN,A549,36.0,0.0,0.995,408.0,0.0534202499999866,0.9782,1,0,1,1,1,4,ENCFF240BHT,SRR5129645,released
99902,homo_sapiens,GSM2437828,GEO,JUN,A549,36.0,0.0,0.987,2026.0,0.0904803921323345,0.9788,1,0,1,1,1,4,ENCFF412CGA,SRR5129604,released
102049,homo_sapiens,GSM2437843,GEO,JUN,A549,36.0,0.0,0.995,643.0,0.0716272499999821,0.9764,1,0,1,1,1,4,ENCFF488ZQP,SRR5129658,released
102505,homo_sapiens,GSM2437801,GEO,JUN,A549,36.0,0.0,0.995,567.0,0.0228779999999942,0.97,1,0,1,1,1,4,ENCFF493RAI,SRR5129579,released
102039,homo_sapiens,GSM2437870,GEO,JUN,A549,36.0,0.0,0.995,370.0,0.0506744999999873,0.9734,1,0,1,1,1,4,ENCFF456FJC,SRR5129647,released
102258,homo_sapiens,GSM2437888,GEO,JUN,A549,36.0,0.0,0.995,1197.0,0.0566249999999858,0.9764,1,0,1,1,1,4,ENCFF610WGQ,SRR5129675,released
99909,homo_sapiens,GSM2437815,GEO,JUN,A549,36.0,0.0,0.996,438.0,0.0348617499999912,0.9764,1,0,1,1,1,4,ENCFF794HUV,SRR5129583,released
102259,homo_sapiens,GSM2437886,GEO,JUN,A549,36.0,0.0,0.981,2824.0,0.1360799999999659,0.9808,1,0,1,1,1,4,ENCFF952EZK,SRR5129711,released
102504,homo_sapiens,GSM2437802,GEO,JUN,A549,36.0,0.0,0.995,586.0,0.0184334409705787,0.9606,1,0,1,1,1,4,ENCFF358NBO,SRR5129580,released
102046,homo_sapiens,GSM2437869,GEO,JUN,A549,36.0,0.0,0.994,403.0,0.0545717499999863,0.976,1,0,1,1,1,4,ENCFF818FHL,SRR5129687,released
102055,homo_sapiens,GSM2437851,GEO,JUN,A549,36.0,0.0,0.994,1097.0,0.0457489999999885,0.9764,1,0,1,1,1,4,ENCFF051PHR,SRR5129644,released
100056,homo_sapiens,GSM2437725,GEO,JUN,A549,36.0,0.0,0.989,3005.0,0.139744249999965,0.9796,1,0,1,1,1,4,ENCFF857OSU,SRR5129542,released
102257,homo_sapiens,GSM2437887,GEO,JUN,A549,36.0,0.0,0.995,518.0,0.0245849999999938,0.9676,1,0,1,1,1,4,ENCFF427FQF,SRR5129674,released
102044,homo_sapiens,GSM2437865,GEO,JUN,A549,36.0,0.0,0.996,811.0,0.0428384999999892,0.9764,1,0,1,1,1,4,ENCFF850FCZ,SRR5129652,released
99908,homo_sapiens,GSM2437814,GEO,JUN,A549,36.0,0.0,0.996,774.0,0.0310794999999922,0.973,1,0,1,1,1,4,ENCFF038TFL,SRR5129582,released
102503,homo_sapiens,GSM2437803,GEO,JUN,A549,36.0,0.0,0.994,824.0,0.0349567499999912,0.9724,1,0,1,1,1,4,ENCFF579UWF,SRR5129581,released
102047,homo_sapiens,GSM2437868,GEO,JUN,A549,36.0,0.0,0.994,1351.0,0.0785287499999803,0.981,1,0,1,1,1,4,ENCFF735GAQ,SRR5129686,released
99903,homo_sapiens,GSM2437830,GEO,JUN,A549,36.0,0.0,0.993,1664.0,0.0500912499999874,0.9802,1,0,1,1,1,4,ENCFF216FRU,SRR5129606,released
102186,homo_sapiens,GSM2534131,GEO,MYC,NCI-H929,38.0,0.0,0.958,100.0,0.0056439999999985,0.5668874172185431,1,0,1,0,0,2,ENCFF482LPU,SRR5338904,released
102187,homo_sapiens,GSM2534132,GEO,MYC,NCI-H929,38.0,0.0,0.986,50.0,0.0044187499999988,0.68,1,0,1,0,0,2,ENCFF165VDB,SRR5338905,released
101075,homo_sapiens,GSM2827244,GEO,ZFX,HCT 116,37.0,0.0,0.997,35.0,0.0040274717998711,0.8148148148148148,1,0,1,0,1,3,ENCFF223VZW,SRR6213226,released
101943,homo_sapiens,GSM2827333,GEO,Mnt,K-562,38.0,0.0,0.912,2704.0,0.07969424999998,0.9498,1,0,1,1,1,4,ENCFF244ECJ,SRR6213504,released
102035,homo_sapiens,GSM2827385,GEO,Mnt,K562,40.0,0.0,0.771,3188.0,0.1394822499999651,0.9562,1,0,0,1,1,3,ENCFF756SRO,SRR6213557,released
101942,homo_sapiens,GSM2827334,GEO,Mnt,K562,38.0,0.0,0.943,2946.0,0.0934737499999766,0.942,1,0,1,1,1,4,ENCFF642JVD,SRR6213505,released
101076,homo_sapiens,GSM2827245,GEO,ZFX,HCT 116,35.0,0.0,0.971,2440.0,0.1940189999999515,0.963,1,0,1,1,1,4,ENCFF811IJJ,SRR6213227,released
102036,homo_sapiens,GSM2827386,GEO,Mnt,K562,40.0,0.0,0.794,3817.0,0.1123599999999719,0.9532,1,0,0,1,1,3,ENCFF514ZDJ,SRR6213558,released
101107,homo_sapiens,GSM2527497,GEO,MLX,Hep-G2,35.0,0.0,0.988,873.0,0.023631749999994,0.928,1,0,1,1,1,4,ENCFF082XMQ,SRR5331282,released
101106,homo_sapiens,GSM2527496,GEO,MLX,Hep-G2,35.0,0.0,0.993,1883.0,0.0375999999999906,0.9324,1,0,1,1,1,4,ENCFF771RGQ,SRR5331281,released
100085,homo_sapiens,GSM2527397,GEO,SP5,Hep-G2,,0.0,0.992,3178.0,0.0402712499999899,0.929,0,0,1,1,1,3,ENCFF249QKO,SRR5331644,released
100086,homo_sapiens,GSM2527396,GEO,SP5,Hep-G2,35.0,0.0,0.991,5545.0,0.0817714999999795,0.9512,1,0,1,1,1,4,ENCFF731JAM,SRR5331643,released
145284,homo_sapiens,GSM5214724,GEO,Neurog2,neural progenitor cell,35.0,0.0,0.994,111.0,0.0086163493397535,0.5153061224489796,1,0,1,0,0,2,ENCFF366HMM,SRR14105115,released
145566,homo_sapiens,GSM5214725,GEO,Neurog2,neural progenitor cell,35.0,0.0,0.995,119.0,0.0085603838363215,0.5259067357512953,1,0,1,0,0,2,ENCFF253ZVM,SRR14105119,released
145516,homo_sapiens,GSM5214525,GEO,MIXL1,SU-DHL-6,38.0,0.0,0.991,58.0,0.0027201782497689,0.6971428571428572,1,0,1,0,0,2,ENCFF869ZLB,SRR14104171,released
146199,homo_sapiens,GSM5214526,GEO,MIXL1,SU-DHL-6,37.0,0.0,0.985,119.0,0.0069954674648522,0.5263157894736842,1,0,1,0,0,2,ENCFF488YTE,SRR14104173,released
100696,homo_sapiens,GSM2534552,GEO,MIXL1,SU-DHL-6,37.0,0.0,0.997,36.0,0.0385529999999903,0.9558,1,0,1,1,1,4,ENCFF551OAX,SRR5339444,released
101694,homo_sapiens,GSM2534423,GEO,MIXL1,SU-DHL-6,38.0,0.0,0.942,90.0,0.0227969999999943,0.7348,1,0,1,1,1,4,ENCFF521IES,SRR5339298,released
100697,homo_sapiens,GSM2534551,GEO,MIXL1,SU-DHL-6,38.0,0.0,0.89,98.0,0.0461047499999884,0.9642,1,0,1,1,1,4,ENCFF002AXH,SRR5339441,released
146166,homo_sapiens,GSM5214233,GEO,ZNF354B,K562,40.0,0.0,0.991,360.0,0.0142156246383126,0.2843478260869565,1,0,1,1,0,3,ENCFF302WUB,SRR14103680,released
146222,homo_sapiens,GSM5214696,GEO,ZNF280B,K562,40.0,0.0,0.993,344.0,0.0165217728256195,0.3475226796929518,1,0,1,1,0,3,ENCFF806ZJJ,SRR14104486,released
148070,homo_sapiens,GSM5370547,GEO,ZNF780A,K-562,40.0,0.0,0.989,304.0,0.0153817038075716,0.3364413364413364,1,0,1,1,0,3,ENCFF043XDE,SRR14841518,released
153117,homo_sapiens,GSM5215054,GEO,ZKSCAN3,K562,40.0,0.0,0.991,249.0,0.0173272489634669,0.2818791946308724,1,0,1,1,0,3,ENCFF132WBV,SRR14106054,released
153813,homo_sapiens,GSM5378854,GEO,ZNF518B,K-562,40.0,0.0,0.979,332.0,0.0148352070046579,0.2418358340688438,1,0,1,1,0,3,ENCFF837THB,SRR14839327,released
153944,homo_sapiens,GSM5375117,GEO,RHOXF2B,K562,40.0,0.0,0.988,295.0,0.0168461237837751,0.3505237711522965,1,0,1,1,0,3,ENCFF804WKS,SRR14838472,released
163460,homo_sapiens,GSM6372630,GEO,Neurog2,excitatory neuron,36.0,0.0,0.985,394.0,0.0128925532178318,0.4916387959866221,1,0,1,1,0,3,ENCFF882WED,SRR20466093,released
163627,homo_sapiens,GSM6372542,GEO,Tfcp2l1,A549,40.0,0.0,0.987,332.0,0.0136210188317894,0.7952797666401485,1,0,1,1,1,4,ENCFF381AXM,SRR20465602,released
145495,homo_sapiens,GSM5214930,GEO,ZNF169,K562,40.0,0.0,0.992,429.0,0.0197256556798196,0.7676,1,0,1,1,1,4,ENCFF344MAD,SRR14105480,released
145762,homo_sapiens,GSM5214645,GEO,ZNF624,A549,40.0,0.0,0.986,344.0,0.0116922039382893,0.4468641114982578,1,0,1,1,0,3,ENCFF752KUH,SRR14104385,released
145818,homo_sapiens,GSM5214907,GEO,ZNF462,GM23338,40.0,0.0,0.987,233.0,0.0060390845471821,0.3602584814216478,1,0,1,0,0,2,ENCFF899ZTI,SRR14105447,released
145858,homo_sapiens,GSM5214737,GEO,ZNF511,K562,40.0,0.0,0.981,277.0,0.0182421289336551,0.2468085106382978,1,0,1,1,0,3,ENCFF682WTO,SRR14105146,released
145867,homo_sapiens,GSM5214033,GEO,ZNF134,K562,40.0,0.0,0.994,285.0,0.0134044705565302,0.4029438822447102,1,0,1,1,0,3,ENCFF636MYK,SRR14103317,released
145878,homo_sapiens,GSM5214352,GEO,ZNF408,K562,40.0,0.0,0.995,332.0,0.0170695854090158,0.6992057391749936,1,0,1,1,0,3,ENCFF084KLP,SRR14103871,released
145948,homo_sapiens,GSM5214158,GEO,ARID4B,K562,40.0,0.0,0.993,313.0,0.0157707174724377,0.7030378177309361,1,0,1,1,1,4,ENCFF036FBG,SRR14103540,released
146095,homo_sapiens,GSM5214714,GEO,ZNF174,K562,40.0,0.0,0.978,334.0,0.0161345458913462,0.3261562998405103,1,0,1,1,0,3,ENCFF625ODB,SRR14104509,released
146266,homo_sapiens,GSM5214772,GEO,ZNF281,K562,40.0,0.0,0.985,338.0,0.017049714449675,0.2958174904942965,1,0,1,1,0,3,ENCFF636INL,SRR14105223,released
148059,homo_sapiens,GSM5370085,GEO,ZNF398,K-562,40.0,0.0,0.99,317.0,0.0222043451729286,0.827,1,0,1,1,1,4,ENCFF175LBB,SRR14835605,released
149666,homo_sapiens,GSM5369628,GEO,Hmg20b,K562,40.0,0.0,0.987,270.0,0.0190510240819217,0.4603174603174603,1,0,1,1,0,3,ENCFF209YRE,SRR14848374,released
149741,homo_sapiens,GSM5213947,GEO,ZNF507,K562,40.0,0.0,0.973,354.0,0.0161246268802269,0.3513097072419106,1,0,1,1,0,3,ENCFF101GGE,SRR14103179,released
149803,homo_sapiens,GSM5213806,GEO,ZNF133,K562,40.0,0.0,0.992,407.0,0.0154856021250167,0.6436781609195402,1,0,1,1,0,3,ENCFF597ZFQ,SRR14102877,released
146987,homo_sapiens,GSM5331109,GEO,ZNF281,K-562,36.0,0.0,0.981,338.0,0.0214729075660723,0.7934,1,0,1,1,1,4,ENCFF031UUM,SRR14638484,released
150883,homo_sapiens,GSM5374142,GEO,ZNF177,SK-N-SH,37.0,0.0,0.992,209.0,0.0110512719777248,0.5346153846153846,1,0,1,1,0,3,ENCFF377CRJ,SRR14832591,released
150907,homo_sapiens,GSM5374230,GEO,TFAP2B,SK-N-SH,40.0,0.0,0.982,199.0,0.0077926795934165,0.6100196463654224,1,0,1,0,0,2,ENCFF406LEN,SRR14832715,released
150953,homo_sapiens,GSM5379003,GEO,ZNF655,K-562,40.0,0.0,0.994,465.0,0.0175194526465637,0.3172126885075403,1,0,1,1,0,3,ENCFF243IDE,SRR14850303,released
152781,homo_sapiens,GSM5215498,GEO,HIVEP1,K562,40.0,0.0,0.991,435.0,0.0169911934454855,0.6357498223169865,1,0,1,1,0,3,ENCFF203QKZ,SRR14107457,released
152841,homo_sapiens,GSM5215455,GEO,ZNF302,A549,40.0,0.0,0.989,394.0,0.0144078947532866,0.5514824797843666,1,0,1,1,0,3,ENCFF933OGD,SRR14107401,released
152846,homo_sapiens,GSM5215021,GEO,ZNF257,K562,40.0,0.0,0.973,378.0,0.0156011446088464,0.2541946308724832,1,0,1,1,0,3,ENCFF662IBJ,SRR14105644,released
152887,homo_sapiens,GSM5215174,GEO,ARID3B,K562,40.0,0.0,0.994,352.0,0.0206833177179172,0.78,1,0,1,1,1,4,ENCFF518RFF,SRR14106959,released
153004,homo_sapiens,GSM5215534,GEO,ZNF707,K562,40.0,0.0,0.987,351.0,0.0174438866147326,0.2574102964118565,1,0,1,1,0,3,ENCFF095LEA,SRR14107509,released
153036,homo_sapiens,GSM5215653,GEO,ZNF114,GM23338,40.0,0.0,0.988,223.0,0.0090009297943954,0.3825136612021858,1,0,1,0,0,2,ENCFF367YSE,SRR14107698,released
153113,homo_sapiens,GSM5215148,GEO,ZNF239,K562,40.0,0.0,0.99,327.0,0.0152397456006977,0.6436911487758945,1,0,1,1,0,3,ENCFF861ZIE,SRR14106909,released
153803,homo_sapiens,GSM5378799,GEO,GABPB2,K-562,40.0,0.0,0.991,346.0,0.0174359199947168,0.2533333333333333,1,0,1,1,0,3,ENCFF080ABB,SRR14850432,released
153810,homo_sapiens,GSM5378780,GEO,ZNF511,K-562,36.0,0.0,0.97,272.0,0.0179784732425821,0.196078431372549,1,0,1,1,0,3,ENCFF161GBD,SRR14847069,released
153964,homo_sapiens,GSM5375112,GEO,ZNF551,K562,40.0,0.0,0.977,280.0,0.0135006427091845,0.2395833333333333,1,0,1,1,0,3,ENCFF663CBQ,SRR14843038,released
163537,homo_sapiens,GSM6372479,GEO,ZNF397,K-562,40.0,0.0,0.975,288.0,0.0172290559569535,0.4540662650602409,1,0,1,1,0,3,ENCFF193KCW,SRR20465187,released
163690,homo_sapiens,GSM6372541,GEO,ZNF764,K-562,40.0,0.0,0.952,246.0,0.0159319844608166,0.3635334088335221,1,0,1,1,0,3,ENCFF154TUA,SRR20465601,released
163520,homo_sapiens,GSM6372348,GEO,CSRNP3,SK-N-SH,40.0,0.0,0.978,224.0,0.0110401846345983,0.3847980997624703,1,0,1,1,0,3,ENCFF189ZTS,SRR20464738,released
163559,homo_sapiens,GSM6372625,GEO,ZNF700,K-562,40.0,0.0,0.964,280.0,0.0136601060674087,0.2950819672131147,1,0,1,1,0,3,ENCFF329YQD,SRR20466082,released
169878,homo_sapiens,GSM5330712,GEO,ZNF165,K-562,40.0,0.0,0.994,394.0,0.0226380390948127,0.7484,1,0,1,1,1,4,ENCFF086MUV,SRR14637055,released
163579,homo_sapiens,GSM6347350,GEO,ZBTB11,K-562,40.0,0.0,0.995,350.0,0.0218825748552184,0.7948,1,0,1,1,1,4,ENCFF295HQI,SRR20463974,released
174935,homo_sapiens,GSM5667714,GEO,ZNF302,A549,36.0,0.0,0.984,416.0,0.0144900033683709,0.4262101534828807,1,0,1,1,0,3,ENCFF841BAF,SRR16809533,released
145361,homo_sapiens,GSM5214803,GEO,HOXA7,A549,40.0,0.0,0.983,325.0,0.0144350888778787,0.7189805499664654,1,0,1,1,1,4,ENCFF631XXY,SRR14105270,released
145568,homo_sapiens,GSM5214553,GEO,TCFL5,K562,40.0,0.0,0.975,351.0,0.0145914574339779,0.3206429780033841,1,0,1,1,0,3,ENCFF515TVK,SRR14104216,released
145606,homo_sapiens,GSM5214661,GEO,ZNF76,K562,40.0,0.0,0.985,292.0,0.0217964958439519,0.8066,1,0,1,1,1,4,ENCFF956SAR,SRR14104410,released
145796,homo_sapiens,GSM5214310,GEO,Foxf2,A549,40.0,0.0,0.994,390.0,0.0140265818649264,0.723559037493005,1,0,1,1,1,4,ENCFF928AXT,SRR14103806,released
145944,homo_sapiens,GSM5214646,GEO,Nr4a1,K562,40.0,0.0,0.986,341.0,0.0218452221123785,0.8102,1,0,1,1,1,4,ENCFF968BDS,SRR14104386,released
145950,homo_sapiens,GSM5214232,GEO,ZNF79,K562,40.0,0.0,0.97,289.0,0.0164402236788908,0.3603896103896103,1,0,1,1,0,3,ENCFF949MBP,SRR14103679,released
146168,homo_sapiens,GSM5214741,GEO,ZNF77,K562,40.0,0.0,0.994,271.0,0.0175752156685317,0.325432999088423,1,0,1,1,0,3,ENCFF695QQF,SRR14105152,released
146190,homo_sapiens,GSM5214054,GEO,KLF10,K562,40.0,0.0,0.99,316.0,0.0126343078538883,0.4991324465008676,1,0,1,1,0,3,ENCFF014MYU,SRR14103341,released
146229,homo_sapiens,GSM5214192,GEO,Rreb1,K562,40.0,0.0,0.994,355.0,0.0226720643728107,0.7728,1,0,1,1,1,4,ENCFF561EJF,SRR14103617,released
146274,homo_sapiens,GSM5214971,GEO,Creb1,GM23338,40.0,0.0,0.99,287.0,0.0076259185237106,0.4216738197424893,1,0,1,0,0,2,ENCFF300KII,SRR14105556,released
148061,homo_sapiens,GSM5370054,GEO,Mecom,K-562,40.0,0.0,0.987,248.0,0.019905005648355,0.2138307552320291,1,0,1,1,0,3,ENCFF884FER,SRR14835522,released
148078,homo_sapiens,GSM5370544,GEO,Zfpm2,K-562,40.0,0.0,0.993,316.0,0.0180751146139886,0.443103448275862,1,0,1,1,0,3,ENCFF676APD,SRR14841517,released
149764,homo_sapiens,GSM5213981,GEO,Tcf15,K562,40.0,0.0,0.992,338.0,0.0137752918645556,0.2662511130899376,1,0,1,1,0,3,ENCFF601OII,SRR14103239,released
149776,homo_sapiens,GSM5213935,GEO,TSHZ1,K562,40.0,0.0,0.979,369.0,0.014363044803528,0.369431643625192,1,0,1,1,0,3,ENCFF348FMK,SRR14103165,released
149828,homo_sapiens,GSM5213933,GEO,Esrrb,K562,40.0,0.0,0.988,340.0,0.0174335118111924,0.2212096106048053,1,0,1,1,0,3,ENCFF129ACU,SRR14103160,released
149836,homo_sapiens,GSM5213859,GEO,ZNF41,K562,40.0,0.0,0.986,345.0,0.0136550522343153,0.3155080213903743,1,0,1,1,0,3,ENCFF335GWS,SRR14103016,released
146751,homo_sapiens,GSM5331133,GEO,Shox2,K-562,40.0,0.0,0.978,359.0,0.014217328518589,0.588013213780085,1,0,1,1,0,3,ENCFF953RFT,SRR14638544,revoked
146821,homo_sapiens,GSM5331083,GEO,TSHZ2,SK-N-SH,40.0,0.0,0.983,201.0,0.0186185578345481,0.903,1,0,1,1,1,4,ENCFF077JQK,SRR14638430,released
146920,homo_sapiens,GSM5331237,GEO,PATZ1,SK-N-SH,40.0,0.0,0.969,252.0,0.0119716199409592,0.4132882882882883,1,0,1,1,0,3,ENCFF670JGW,SRR14638835,released
150910,homo_sapiens,GSM5374476,GEO,Bach2,SK-N-SH,37.0,0.0,0.992,231.0,0.0114160048185316,0.4029712163416898,1,0,1,1,0,3,ENCFF694MCW,SRR14849800,released
150947,homo_sapiens,GSM5379383,GEO,SATB1,SK-N-SH,40.0,0.0,0.992,323.0,0.0303222049912584,0.8634,1,0,1,1,1,4,ENCFF872XMM,SRR14850385,released
152755,homo_sapiens,GSM5215278,GEO,Nr5a2,A549,40.0,0.0,0.989,254.0,0.0203049836708734,0.8712,1,0,1,1,1,4,ENCFF658SXW,SRR14107088,released
152870,homo_sapiens,GSM5215529,GEO,Creb5,K562,40.0,0.0,0.986,318.0,0.0178388270417815,0.3023426061493411,1,0,1,1,0,3,ENCFF009UZV,SRR14107503,released
152874,homo_sapiens,GSM5215628,GEO,PATZ1,K562,40.0,0.0,0.981,319.0,0.0181562346579484,0.3165104542177361,1,0,1,1,0,3,ENCFF909VIW,SRR14107662,released
152889,homo_sapiens,GSM5215275,GEO,HOXB5,A549,40.0,0.0,0.982,313.0,0.0264900049674474,0.8692,1,0,1,1,1,4,ENCFF945OTH,SRR14107085,released
153011,homo_sapiens,GSM5215131,GEO,TBX18,K562,40.0,0.0,0.986,353.0,0.0250034262574302,0.7992,1,0,1,1,1,4,ENCFF488HFP,SRR14106167,released
153109,homo_sapiens,GSM5215721,GEO,Prdm1,A549,40.0,0.0,0.989,378.0,0.0134421380328243,0.4484760522496371,1,0,1,1,0,3,ENCFF431EEL,SRR14107821,released
153134,homo_sapiens,GSM5215132,GEO,FOXS1,A549,40.0,0.0,0.99,472.0,0.0131389144406609,0.6699522102747909,1,0,1,1,0,3,ENCFF134EKJ,SRR14106168,released
153179,homo_sapiens,GSM5215188,GEO,ZFP30,K562,40.0,0.0,0.993,455.0,0.0187122869670458,0.7236,1,0,1,1,1,4,ENCFF914FBM,SRR14106987,released
153255,homo_sapiens,GSM5215134,GEO,HOMEZ,K562,40.0,0.0,0.983,291.0,0.0185163845606761,0.7809002735637901,1,0,1,1,1,4,ENCFF930VYA,SRR14106171,released
153406,homo_sapiens,GSM5215678,GEO,ATOH8,A549,40.0,0.0,0.982,374.0,0.0137468277947097,0.5041374920432845,1,0,1,1,0,3,ENCFF185EAF,SRR14107745,released
164707,homo_sapiens,GSM5668045,GEO,THAP7,K-562,40.0,0.0,0.994,291.0,0.0165353256728676,0.6098003629764065,1,0,1,1,0,3,ENCFF936KBZ,SRR16810677,released
163457,homo_sapiens,GSM6372347,GEO,Gtf2i,GM25256,40.0,0.0,0.992,352.0,0.0112429573651883,0.274390243902439,1,0,1,1,0,3,ENCFF763XPD,SRR20464737,released
172419,homo_sapiens,GSM5669852,GEO,HMGA2,GM25256,40.0,0.0,0.993,446.0,0.0184588270528255,0.7694,1,0,1,1,1,4,ENCFF728ADN,SRR16814465,released
163685,homo_sapiens,GSM6347198,GEO,Glis3,SK-N-SH,40.0,0.0,0.989,287.0,0.0108840578079599,0.6789727126805778,1,0,1,1,0,3,ENCFF454QNS,SRR20462999,released
145584,homo_sapiens,GSM5214297,GEO,MTF1,K562,40.0,0.0,0.995,361.0,0.0135386454657149,0.283363802559415,1,0,1,1,0,3,ENCFF424GGO,SRR14103790,released
145887,homo_sapiens,GSM5214038,GEO,Nfix,K562,40.0,0.0,0.973,288.0,0.0147685109575122,0.2904820766378245,1,0,1,1,0,3,ENCFF379SKH,SRR14103322,released
146189,homo_sapiens,GSM5214922,GEO,PBX1,A549,40.0,0.0,0.991,380.0,0.0128617299011679,0.6139088729016786,1,0,1,1,0,3,ENCFF716EXR,SRR14105465,released
148064,homo_sapiens,GSM5370358,GEO,E4F1,K-562,40.0,0.0,0.992,336.0,0.0184137523863826,0.6610917537746807,1,0,1,1,0,3,ENCFF368CRT,SRR14837929,released
148067,homo_sapiens,GSM5370479,GEO,TCF4,SK-N-SH,40.0,0.0,0.989,244.0,0.0120083528546385,0.5306273062730628,1,0,1,1,0,3,ENCFF995GXM,SRR14841404,released
149649,homo_sapiens,GSM5369703,GEO,MBD1,K562,40.0,0.0,0.988,386.0,0.0203494257976315,0.1950732356857523,1,0,1,1,0,3,ENCFF722JKF,SRR14829321,released
149653,homo_sapiens,GSM5369727,GEO,RBPJ,K562,40.0,0.0,0.993,448.0,0.0203416544422297,0.5403628117913832,1,0,1,1,0,3,ENCFF377VDK,SRR14838017,released
150956,homo_sapiens,GSM5379056,GEO,ZNF3,K-562,40.0,0.0,0.986,343.0,0.0156710734270335,0.2706595905989385,1,0,1,1,0,3,ENCFF098XVM,SRR14850500,released
150960,homo_sapiens,GSM5379312,GEO,RFX7,K-562,40.0,0.0,0.99,333.0,0.0162312244606131,0.2705882352941176,1,0,1,1,0,3,ENCFF640BNA,SRR14847748,released
153118,homo_sapiens,GSM5215451,GEO,DLX4,K562,40.0,0.0,0.99,364.0,0.0147447003936178,0.2860447185813415,1,0,1,1,0,3,ENCFF060SWA,SRR14107396,released
153149,homo_sapiens,GSM5215703,GEO,BCL6,K562,40.0,0.0,0.994,312.0,0.0157177423892819,0.6582484725050917,1,0,1,1,0,3,ENCFF969MAA,SRR14107792,released
153176,homo_sapiens,GSM5215067,GEO,Klf6,K562,40.0,0.0,0.981,376.0,0.0162704267475899,0.7222385861561119,1,0,1,1,1,4,ENCFF129WCO,SRR14106073,released
153426,homo_sapiens,GSM5215254,GEO,E2F3,K562,40.0,0.0,0.988,357.0,0.024797093325313,0.807,1,0,1,1,1,4,ENCFF830MZV,SRR14107060,released
163684,homo_sapiens,GSM6372573,GEO,Zfp3,SK-N-SH,40.0,0.0,0.992,319.0,0.0185130059075871,0.8376,1,0,1,1,1,4,ENCFF160FTY,SRR20465753,released
163632,homo_sapiens,GSM6372484,GEO,RARB,SK-N-SH,40.0,0.0,0.983,330.0,0.0134605202962165,0.4356035064059339,1,0,1,1,0,3,ENCFF315PEI,SRR20465252,released
153121,homo_sapiens,GSM5215627,GEO,Ehf,A549,40.0,0.0,0.994,389.0,0.0146125985512429,0.7769084874348032,1,0,1,1,1,4,ENCFF970WCF,SRR14107661,released
145424,homo_sapiens,GSM5214365,GEO,NR2E3,nephron,35.0,0.0,0.993,118.0,0.0111567846454207,0.5184135977337111,1,0,1,1,0,3,ENCFF845GLM,SRR14103899,released
145697,homo_sapiens,GSM5214364,GEO,NR2E3,nephron,35.0,0.0,0.995,120.0,0.0099224758149312,0.5068181818181818,1,0,1,0,0,2,ENCFF942RJM,SRR14103895,released
146028,homo_sapiens,GSM5214367,GEO,NR2E3,nephron,35.0,0.0,0.995,110.0,0.0101667590357145,0.4825462012320328,1,0,1,1,0,3,ENCFF935EAU,SRR14103907,released
146215,homo_sapiens,GSM5214366,GEO,NR2E3,nephron,35.0,0.0,0.995,120.0,0.0095380861146895,0.5206812652068127,1,0,1,0,0,2,ENCFF408TYC,SRR14103903,released
152835,homo_sapiens,GSM5215752,GEO,NR2E3,WA09,35.0,0.0,0.993,123.0,0.0118472226074805,0.4842342342342342,1,0,1,1,0,3,ENCFF897HGK,SRR14107886,released
152987,homo_sapiens,GSM5215753,GEO,NR2E3,WA09,35.0,0.0,0.991,140.0,0.0124742687730399,0.4736842105263157,1,0,1,1,0,3,ENCFF494HGS,SRR14107890,released
153122,homo_sapiens,GSM5215750,GEO,NR2E3,WA09,35.0,0.0,0.994,121.0,0.0120164522231568,0.4835390946502058,1,0,1,1,0,3,ENCFF650FUI,SRR14107878,released
153301,homo_sapiens,GSM5215751,GEO,NR2E3,WA09,35.0,0.0,0.992,113.0,0.0107638828104458,0.5065616797900262,1,0,1,1,0,3,ENCFF664CJO,SRR14107882,released
