ID,origin_species,type,ratio,coord_origin,lifted_coord
hsHSR_1,human,HSR,,chr1:0-792500,NA
hsLM_1,human,LM,0.15,chr1:91386300-91388400,chr5:106912067-106912407
hsHSR_2,human,HSR,0.11,chr1:103594400-103760600,chr3:113147636-113324100
hsHSR_3,human,HSR,,chr1:121605200-124938900,NA
hsHSR_4,human,HSR,,chr1:125067600-125086000,NA
hsHSR_5,human,HSR,,chr1:125130200-143562200,NA
hsHSR_6,human,HSR,,chr1:161423100-161472400,NA
hsHSR_7,human,HSR,,chr1:168348600-168349900,NA
hsHSR_8,human,HSR,,chr1:224010800-224017000,NA
hsLM_2,human,LM,,chr1:236713000-236715600,NA
hsHSR_9,human,HSR,,chr1:248932700-248956400,NA
hsLM_3,human,LM,,chr10:0-45700,NA
hsHSR_10,human,HSR,,chr10:38481300-38596500,NA
hsHSR_11,human,HSR,,chr10:38782600-38967900,NA
hsHSR_12,human,HSR,,chr10:39901300-41712900,NA
hsHSR_13,human,HSR,,chr10:41838900-42107300,NA
hsHSR_14,human,HSR,,chr10:42279400-42322500,NA
hsLM_4,human,LM,0.14,chr10:126946300-126953400,chr7:134704662-134706946
hsHSR_15,human,HSR,,chr10:133625800-133797400,NA
hsLM_5,human,LM,,chr11:0-194500,NA
hsLM_6,human,LM,,chr11:518900-520700,NA
hsHSR_16,human,HSR,,chr11:584400-586500,NA
hsLM_7,human,LM,,chr11:964100-966000,NA
hsHSR_17,human,HSR,0.86,chr11:1015700-1019300,chr7:141636296-141641397
hsLM_8,human,LM,,chr11:1091000-1098200,NA
hsHSR_18,human,HSR,,chr11:3652800-3655600,NA
hsHSR_19,human,HSR,,chr11:10506900-10511100,NA
hsHSR_20,human,HSR,0.17,chr11:28206300-28236700,chr2:109175853-109200726
hsHSR_21,human,HSR,,chr11:50813600-54383000,NA
hsHSR_22,human,HSR,0.35,chr11:61084500-61130400,chr19:10714488-10744521
hsHSR_23,human,HSR,0.37,chr11:70370400-70372400,chr7:144485019-144485807
hsHSR_24,human,HSR,,chr11:73509800-73511700,NA
hsHSR_25,human,HSR,,chr11:77885600-77887600,NA
hsHSR_26,human,HSR,,chr11:93417500-93427700,NA
hsHSR_27,human,HSR,,chr11:94232700-94240400,NA
hsHSR_28,human,HSR,0.9,chr11:103408700-103410600,chrM:527-2413
hsHSR_29,human,HSR,0.14,chr11:121175000-121187000,chr9:42333366-42335633
hsHSR_30,human,HSR,,chr11:131679500-131681500,NA
hsHSR_31,human,HSR,,chr11:135075600-135086600,NA
hsHSR_32,human,HSR,0.33,chr12:0-77800,chr6:121463260-121530443
hsHSR_33,human,HSR,,chr12:371800-422400,NA
hsHSR_34,human,HSR,0.52,chr12:2254900-2257000,chr6:118943160-118944535
hsLM_9,human,LM,0.21,chr12:2519800-2540500,chr6:118720687-118726880
hsLM_10,human,LM,,chr12:5928900-5933000,NA
hsLM_11,human,LM,,chr12:20550500-20552400,NA
hsHSR_35,human,HSR,,chr12:20768400-20770300,NA
hsHSR_36,human,HSR,0.23,chr12:29790400-29834600,chr6:148452543-148474774
hsHSR_37,human,HSR,,chr12:34715400-37269100,NA
hsHSR_38,human,HSR,0.74,chr12:41362700-41364600,chr15:92521882-92523339
hsHSR_39,human,HSR,,chr12:61471100-61473000,NA
hsHSR_40,human,HSR,,chr12:66473900-66475800,NA
hsHSR_41,human,HSR,,chr12:101147000-101155000,NA
hsHSR_42,human,HSR,,chr12:113079600-113081500,NA
hsHSR_43,human,HSR,0.17,chr12:124430500-124440300,chr5:125087626-125091746
hsHSR_44,human,HSR,0.12,chr12:124905900-124941800,chr5:125382751-125393556
hsHSR_45,human,HSR,,chr12:130386400-130394100,NA
hsHSR_46,human,HSR,,chr12:131475300-131478600,NA
hsHSR_47,human,HSR,,chr12:131576000-131589700,NA
hsHSR_48,human,HSR,,chr12:132223300-132243400,NA
hsHSR_49,human,HSR,,chr12:132455100-132465200,NA
hsHSR_50,human,HSR,,chr12:133249000-133275300,NA
hsHSR_51,human,HSR,,chr13:16087600-16165300,NA
hsHSR_52,human,HSR,,chr13:16226300-18171400,NA
hsHSR_53,human,HSR,,chr13:18211000-18216100,NA
hsHSR_54,human,HSR,,chr13:57140500-57172500,NA
hsHSR_55,human,HSR,,chr13:109423200-109425200,NA
hsLM_12,human,LM,,chr13:114353300-114364300,NA
hsHSR_56,human,HSR,,chr14:0-18670900,NA
hsHSR_57,human,HSR,,chr14:18695400-19724300,NA
hsHSR_58,human,HSR,0.63,chr14:23033300-23098600,chr14:54616466-54690731
hsHSR_59,human,HSR,,chr14:26629300-26634900,NA
hsHSR_60,human,HSR,,chr14:31793800-31798100,NA
hsHSR_61,human,HSR,0.38,chr14:32483400-32486000,chrM:5017-6032
hsHSR_62,human,HSR,0.1,chr14:34537100-34562600,chr12:54695321-54746537
hsHSR_63,human,HSR,0.29,chr14:35947200-35950000,chr12:55925255-55926415
hsHSR_64,human,HSR,,chr14:37351000-37356700,NA
hsHSR_65,human,HSR,,chr14:44025100-44027200,NA
hsHSR_66,human,HSR,,chr14:44705100-44709900,NA
hsHSR_67,human,HSR,,chr14:45477100-45482500,NA
hsHSR_68,human,HSR,,chr14:46865300-46866500,NA
hsHSR_69,human,HSR,,chr14:54235600-54240000,NA
hsHSR_70,human,HSR,,chr14:57112100-57118100,NA
hsHSR_71,human,HSR,0.21,chr14:74711700-74729000,chr12:84969642-84979557
hsHSR_72,human,HSR,,chr14:86074000-86076000,NA
hsHSR_73,human,HSR,,chr14:86593300-86595200,NA
hsHSR_74,human,HSR,,chr14:88443700-88458100,NA
hsHSR_75,human,HSR,0.53,chr14:100525900-100527800,chr12:109024993-109026030
hsHSR_76,human,HSR,,chr14:101267600-101272200,NA
hsHSR_77,human,HSR,,chr14:101674400-101676400,NA
hsHSR_78,human,HSR,0.39,chr14:104288100-104290200,chr2:36192557-36193521
hsHSR_79,human,HSR,0.13,chr14:105215000-105240900,chr12:112961905-112972968
hsHSR_80,human,HSR,,chr14:105568500-105583900,NA
hsHSR_81,human,HSR,,chr14:105616500-105618600,NA
hsHSR_82,human,HSR,,chr14:106326900-106367700,NA
hsHSR_83,human,HSR,,chr15:0-17035000,NA
hsHSR_84,human,HSR,,chr15:17058500-19790100,NA
hsHSR_85,human,HSR,,chr15:20005600-22606300,NA
hsHSR_86,human,HSR,,chr15:23125400-23357400,NA
hsLM_13,human,LM,,chr15:25757700-25759100,NA
hsHSR_87,human,HSR,,chr15:28304900-28683400,NA
hsHSR_88,human,HSR,,chr15:30066300-30627500,NA
hsHSR_89,human,HSR,,chr15:30844100-30859900,NA
hsHSR_90,human,HSR,,chr15:32153700-32626200,NA
hsHSR_91,human,HSR,,chr15:54925700-54932200,NA
hsHSR_92,human,HSR,,chr15:56311200-56314600,NA
hsHSR_93,human,HSR,0.18,chr15:72635200-72687100,chr2:32288041-32308666
hsHSR_94,human,HSR,0.25,chr15:74068100-74102000,chr2:32288041-32306623
hsHSR_95,human,HSR,,chr15:75254100-75299800,NA
hsHSR_96,human,HSR,0.62,chr15:77698600-77700600,chr9:56692002-56693708
hsHSR_97,human,HSR,,chr15:82321000-82374600,NA
hsHSR_98,human,HSR,,chr15:82421200-82541700,NA
hsHSR_99,human,HSR,,chr15:84405300-84524700,NA
hsLM_14,human,LM,,chr15:101752300-101764800,NA
hsHSR_100,human,HSR,0.11,chr15:101892700-101991100,chr6:121498037-121530440
hsLM_15,human,LM,0.12,chr16:29430800-29566900,chr7:118174609-118214466
hsHSR_101,human,HSR,,chr16:34061400-34121400,NA
hsHSR_102,human,HSR,,chr16:34272000-34633100,NA
hsHSR_103,human,HSR,,chr16:34657200-34672500,NA
hsHSR_104,human,HSR,,chr16:34694600-34772000,NA
hsHSR_105,human,HSR,,chr16:34832600-34922100,NA
hsLM_16,human,LM,0.12,chr16:34945600-35072500,chr1:64690612-64723734
hsHSR_106,human,HSR,,chr16:36166300-36202400,NA
hsHSR_107,human,HSR,,chr16:36225200-46423000,NA
hsHSR_108,human,HSR,,chr16:46449700-46467000,NA
hsLM_17,human,LM,,chr16:90100500-90338300,NA
hsHSR_109,human,HSR,,chr17:0-137600,NA
hsHSR_110,human,HSR,0.3,chr17:294900-317900,chr11:75892095-75905302
hsHSR_111,human,HSR,,chr17:448200-510900,NA
hsHSR_112,human,HSR,,chr17:1061500-1066100,NA
hsLM_18,human,LM,,chr17:1307700-1312000,NA
hsHSR_113,human,HSR,,chr17:19025700-19237400,NA
hsHSR_114,human,HSR,,chr17:21783300-22054000,NA
hsHSR_115,human,HSR,0.74,chr17:22520400-22527300,chrM:0-5320
hsHSR_116,human,HSR,,chr17:22745200-26629800,NA
hsHSR_117,human,HSR,,chr17:26766800-26987200,NA
hsHSR_118,human,HSR,,chr17:43227600-43324300,NA
hsLM_19,human,LM,0.16,chr17:45511500-45641300,chr11:103455349-103987801
hsHSR_119,human,HSR,0.27,chr17:53104900-53107300,chrM:6242-6895
hsHSR_120,human,HSR,,chr18:0-64600,NA
hsHSR_121,human,HSR,,chr18:105200-113200,NA
hsHSR_122,human,HSR,,chr18:971000-976500,NA
hsHSR_123,human,HSR,0.35,chr18:2841300-2861500,chr17:71299874-71317947
hsHSR_124,human,HSR,,chr18:15367200-20940300,NA
hsHSR_125,human,HSR,,chr18:46961600-47031700,NA
hsLM_20,human,LM,0.1,chr18:47852300-47854300,chr1:24614973-24615181
hsHSR_126,human,HSR,,chr18:52791800-52793800,NA
hsHSR_127,human,HSR,0.38,chr18:74615900-74618100,chr18:84575442-84576798
hsHSR_128,human,HSR,0.16,chr18:76966200-76968500,chr18:82597483-82597872
hsLM_21,human,LM,0.15,chr18:78436900-78438700,chr18:81359333-81359609
hsHSR_129,human,HSR,,chr18:79013800-79040300,NA
hsHSR_130,human,HSR,,chr18:79617800-79621500,NA
hsHSR_131,human,HSR,,chr18:80257400-80373200,NA
hsHSR_132,human,HSR,,chr19:0-271200,NA
hsHSR_133,human,HSR,,chr19:7019100-7061300,NA
hsHSR_134,human,HSR,,chr19:7449400-7452000,NA
hsHSR_135,human,HSR,,chr19:8740100-8800500,NA
hsHSR_136,human,HSR,,chr19:24330100-27274500,NA
hsHSR_137,human,HSR,,chr19:27337600-27427400,NA
hsHSR_138,human,HSR,0.38,chr19:34386800-34393500,chr7:34208107-34211217
hsHSR_139,human,HSR,,chr19:34860600-34866200,NA
hsHSR_140,human,HSR,,chr19:36267900-36313700,NA
hsHSR_141,human,HSR,,chr19:37264900-37304300,NA
hsHSR_142,human,HSR,,chr19:44393300-44416700,NA
hsHSR_143,human,HSR,,chr19:47903000-47959700,NA
hsHSR_144,human,HSR,,chr19:50090500-50140400,NA
hsHSR_145,human,HSR,0.25,chr19:58538700-58617600,chr7:13023887-13056013
hsHSR_146,human,HSR,0.32,chr2:1221700-1223900,chr12:30249934-30250675
hsHSR_147,human,HSR,0.11,chr2:1594700-1605200,chr16:75306416-75307771
hsHSR_148,human,HSR,0.15,chr2:3179600-3182100,chr5:100495694-100496104
hsHSR_149,human,HSR,,chr2:4643800-4648800,NA
hsHSR_150,human,HSR,,chr2:10952800-10955000,NA
hsHSR_151,human,HSR,,chr2:13718700-13737700,NA
hsHSR_152,human,HSR,,chr2:21903500-21906400,NA
hsHSR_153,human,HSR,,chr2:32865900-32869900,NA
hsHSR_154,human,HSR,,chr2:32915300-32918400,NA
hsHSR_155,human,HSR,,chr2:33766500-33768400,NA
hsHSR_156,human,HSR,0.64,chr2:36183000-36184500,chrX:150267236-150268260
hsHSR_157,human,HSR,,chr2:49228700-49230700,NA
hsHSR_158,human,HSR,0.3,chr2:64359300-64377000,chr11:20883005-20894353
hsHSR_159,human,HSR,,chr2:86655300-86661100,NA
hsLM_22,human,LM,,chr2:86900700-87078100,NA
hsLM_23,human,LM,0.32,chr2:87119300-87189800,chr2:128616833-128660024
hsHSR_160,human,HSR,0.2,chr2:87217000-87866200,chr2:128232467-128578851
hsHSR_161,human,HSR,0.11,chr2:88771000-88806500,chr6:118517854-118540926
hsHSR_162,human,HSR,,chr2:89235300-89947100,NA
hsHSR_163,human,HSR,,chr2:90246300-91735500,NA
hsLM_24,human,LM,,chr2:91783000-91924800,NA
hsHSR_164,human,HSR,,chr2:91969000-94569500,NA
hsHSR_165,human,HSR,0.11,chr2:95849400-96067900,chr2:127404113-127443902
hsHSR_166,human,HSR,,chr2:97106300-97615800,NA
hsHSR_167,human,HSR,0.13,chr2:109198400-109200700,chr10:58867343-58867674
hsHSR_168,human,HSR,,chr2:109744600-110095200,NA
hsLM_25,human,LM,,chr2:110229200-110633400,NA
hsLM_26,human,LM,0.41,chr2:111253600-111500500,chr2:128232467-128430026
hsLM_27,human,LM,0.16,chr2:112346200-112441300,chr10:58451274-58483069
hsHSR_169,human,HSR,0.2,chr2:113370100-113662700,chr19:24834129-24987663
hsHSR_170,human,HSR,,chr2:130496800-130716400,NA
hsHSR_171,human,HSR,,chr2:132201000-132288900,NA
hsHSR_172,human,HSR,,chr2:132353600-132364500,NA
hsHSR_173,human,HSR,0.79,chr2:148880800-148882800,chr2:49626204-49628408
hsHSR_174,human,HSR,,chr2:161277700-161283400,NA
hsHSR_175,human,HSR,0.6,chr2:181274800-181276800,chr2:79096669-79098091
hsHSR_176,human,HSR,,chr2:226108500-226110400,NA
hsHSR_177,human,HSR,,chr2:234889800-234894400,NA
hsHSR_178,human,HSR,,chr2:239642200-239645600,NA
hsHSR_179,human,HSR,,chr2:240308100-240310300,NA
hsHSR_180,human,HSR,0.31,chr2:241589300-241591800,chr6:145507846-145508652
hsHSR_181,human,HSR,,chr2:242005900-242011100,NA
hsHSR_182,human,HSR,0.1,chr2:242110100-242193500,chr8:65722462-65740586
hsHSR_183,human,HSR,,chr20:0-67900,NA
hsHSR_184,human,HSR,,chr20:26364200-28916900,NA
hsHSR_185,human,HSR,,chr20:28939400-29264700,NA
hsHSR_186,human,HSR,,chr20:30995400-31246000,NA
hsHSR_187,human,HSR,,chr20:47893800-47900200,NA
hsHSR_188,human,HSR,,chr21:0-8679600,NA
hsHSR_189,human,HSR,,chr21:9159900-9735300,NA
hsHSR_190,human,HSR,0.13,chr21:10013900-10069600,chr3:44424266-44456395
hsHSR_191,human,HSR,,chr21:10094700-10505100,NA
hsHSR_192,human,HSR,,chr21:10650900-12965800,NA
hsHSR_193,human,HSR,,chr21:43212400-43280900,NA
hsHSR_194,human,HSR,,chr21:46682700-46709900,NA
hsHSR_195,human,HSR,,chr22:10687700-11428100,NA
hsHSR_196,human,HSR,,chr22:11496900-11873100,NA
hsHSR_197,human,HSR,,chr22:11976900-15154400,NA
hsHSR_198,human,HSR,,chr22:16258000-16385800,NA
hsHSR_199,human,HSR,,chr22:18175900-18947300,NA
hsHSR_200,human,HSR,,chr22:20337400-20343300,NA
hsHSR_201,human,HSR,,chr22:21113500-21554000,NA
hsHSR_202,human,HSR,,chr22:49972700-49975300,NA
hsHSR_203,human,HSR,,chr22:50642800-50644900,NA
hsHSR_204,human,HSR,,chr22:50786600-50818400,NA
hsHSR_205,human,HSR,,chr3:0-11600,NA
hsHSR_206,human,HSR,,chr3:3895200-3896700,NA
hsHSR_207,human,HSR,,chr3:4916700-4922500,NA
hsHSR_208,human,HSR,0.11,chr3:14091000-14092500,chr6:89712911-89713096
hsHSR_209,human,HSR,,chr3:15187200-15207800,NA
hsHSR_210,human,HSR,0.45,chr3:15592100-15603300,chr14:31634499-31641503
hsHSR_211,human,HSR,0.85,chr3:16176800-16179200,chr14:32031112-32033332
hsHSR_212,human,HSR,,chr3:16679700-16682500,NA
hsHSR_213,human,HSR,,chr3:19499700-19504000,NA
hsHSR_214,human,HSR,,chr3:19624000-19627100,NA
hsHSR_215,human,HSR,,chr3:21983200-21988100,NA
hsHSR_216,human,HSR,,chr3:24053500-24054900,NA
hsHSR_217,human,HSR,,chr3:26384800-26404100,NA
hsHSR_218,human,HSR,,chr3:29993900-29999900,NA
hsHSR_219,human,HSR,0.84,chr3:36987500-36995000,chr9:111270211-111277226
hsHSR_220,human,HSR,0.23,chr3:38083400-38085400,chr9:119119632-119120929
hsHSR_221,human,HSR,,chr3:38406100-38430900,NA
hsHSR_222,human,HSR,,chr3:39366700-39386000,NA
hsHSR_223,human,HSR,0.18,chr3:40219400-40240500,chr9:120446002-120456327
hsHSR_224,human,HSR,0.74,chr3:49671000-49696700,chr9:108072027-108096585
hsHSR_225,human,HSR,,chr3:51457800-51462000,NA
hsHSR_226,human,HSR,,chr3:57326800-57328500,NA
hsHSR_227,human,HSR,,chr3:65124100-65126100,NA
hsHSR_228,human,HSR,,chr3:65510000-65513900,NA
hsHSR_229,human,HSR,,chr3:65697400-65699300,NA
hsHSR_230,human,HSR,,chr3:66273800-66275200,NA
hsHSR_231,human,HSR,,chr3:68076400-68077800,NA
hsHSR_232,human,HSR,0.59,chr3:69047300-69053600,chr6:97175727-97180058
hsHSR_233,human,HSR,,chr3:69475300-69479700,NA
hsHSR_234,human,HSR,,chr3:75630100-75707800,NA
hsHSR_235,human,HSR,0.12,chr3:75736400-75754600,chr9:88567146-88570206
hsHSR_236,human,HSR,,chr3:78948800-78950500,NA
hsHSR_237,human,HSR,0.13,chr3:80876000-80894000,chr16:71126968-71133258
hsHSR_238,human,HSR,0.26,chr3:89345600-89370500,chr16:63634342-63646018
hsHSR_239,human,HSR,0.17,chr3:90156400-90175500,chr16:62946381-62952660
hsHSR_240,human,HSR,,chr3:90455400-91297100,NA
hsHSR_241,human,HSR,,chr3:91516200-93749200,NA
hsHSR_242,human,HSR,0.43,chr3:96616300-96619300,chrM:820-2155
hsHSR_243,human,HSR,0.39,chr3:97905100-97923200,chr16:59515158-59525987
hsHSR_244,human,HSR,0.16,chr3:101674800-101698400,chr16:55964248-55975226
hsHSR_245,human,HSR,,chr3:103224300-103236500,NA
hsHSR_246,human,HSR,,chr3:106665700-106669700,NA
hsHSR_247,human,HSR,,chr3:106975900-106979600,NA
hsHSR_248,human,HSR,,chr3:108751100-108755100,NA
hsHSR_249,human,HSR,,chr3:111019500-111024600,NA
hsHSR_250,human,HSR,,chr3:121933800-121936400,NA
hsHSR_251,human,HSR,0.37,chr3:122414300-122417500,chr16:36041464-36042668
hsHSR_252,human,HSR,0.32,chr3:122735500-122796600,chr16:35767898-35825454
hsHSR_253,human,HSR,,chr3:122837000-122838700,NA
hsHSR_254,human,HSR,,chr3:133177100-133179800,NA
hsHSR_255,human,HSR,0.18,chr3:133551500-133579500,chr9:103361995-103374723
hsHSR_256,human,HSR,,chr3:135437200-135439100,NA
hsHSR_257,human,HSR,0.44,chr3:136954600-136969200,chr9:100481080-100490028
hsHSR_258,human,HSR,,chr3:137168400-137169900,NA
hsHSR_259,human,HSR,0.13,chr3:138575800-138595900,chr9:99241228-99246731
hsHSR_260,human,HSR,,chr3:139190800-139194700,NA
hsHSR_261,human,HSR,,chr3:153236200-153241300,NA
hsHSR_262,human,HSR,,chr3:155544100-155546700,NA
hsHSR_263,human,HSR,,chr3:156279000-156283500,NA
hsHSR_264,human,HSR,0.77,chr3:157080800-157093400,chr3:65862326-65874319
hsHSR_265,human,HSR,,chr3:158511300-158513100,NA
hsHSR_266,human,HSR,0.37,chr3:160941200-160948700,chr3:69481697-69484934
hsHSR_267,human,HSR,,chr3:161001900-161014100,NA
hsHSR_268,human,HSR,,chr3:165573100-165591000,NA
hsHSR_269,human,HSR,,chr3:166228200-166232400,NA
hsHSR_270,human,HSR,,chr3:168012100-168016800,NA
hsHSR_271,human,HSR,,chr3:170567000-170569900,NA
hsHSR_272,human,HSR,0.17,chr3:170864300-170881400,chr3:28800755-28807415
hsHSR_273,human,HSR,,chr3:171626600-171637700,NA
hsHSR_274,human,HSR,,chr3:174829200-174831800,NA
hsHSR_275,human,HSR,,chr3:176828700-176833000,NA
hsHSR_276,human,HSR,,chr3:177660600-177664000,NA
hsHSR_277,human,HSR,,chr3:178926800-178941300,NA
hsHSR_278,human,HSR,0.34,chr3:183016900-183019100,chr3:35960682-35961681
hsHSR_279,human,HSR,,chr3:183955400-183958700,NA
hsHSR_280,human,HSR,,chr3:187893900-187896100,NA
hsHSR_281,human,HSR,,chr3:192739300-192742700,NA
hsHSR_282,human,HSR,0.26,chr3:194323600-194334900,chr16:30243846-30252626
hsHSR_283,human,HSR,,chr3:195477900-195507300,NA
hsHSR_284,human,HSR,,chr3:195616000-195750100,NA
hsHSR_285,human,HSR,0.13,chr3:195775500-195791400,chr18:5788403-5790616
hsHSR_286,human,HSR,0.1,chr3:195914100-196028300,chr13:74315893-74351154
hsHSR_287,human,HSR,,chr3:196249400-196251900,NA
hsHSR_288,human,HSR,0.1,chr3:196897800-196899800,chr16:31983738-31983948
hsHSR_289,human,HSR,,chr3:197030600-197035800,NA
hsHSR_290,human,HSR,0.31,chr3:197383400-197428800,chr16:31535781-31575785
hsHSR_291,human,HSR,0.46,chr3:197454700-197460800,chr16:31506433-31510350
hsHSR_292,human,HSR,,chr3:197598400-197680900,NA
hsHSR_293,human,HSR,,chr3:198099800-198295500,NA
hsHSR_294,human,HSR,,chr4:0-69200,NA
hsHSR_295,human,HSR,,chr4:554100-556500,NA
hsHSR_296,human,HSR,0.19,chr4:1427000-1468900,chr5:33449346-33466851
hsHSR_297,human,HSR,0.2,chr4:6002700-6005700,chr5:37165933-37166550
hsHSR_298,human,HSR,,chr4:7863000-7865000,NA
hsHSR_299,human,HSR,,chr4:9212700-9369600,NA
hsHSR_300,human,HSR,0.39,chr4:40291700-40318200,chr5:65920833-65951095
hsHSR_301,human,HSR,,chr4:49077200-51816100,NA
hsHSR_302,human,HSR,,chr4:55327200-55329200,NA
hsHSR_303,human,HSR,0.46,chr4:77994000-78009600,chr5:96306921-96316402
hsHSR_304,human,HSR,0.33,chr4:119274400-119301700,chr3:122924456-122943387
hsHSR_305,human,HSR,0.57,chr4:146285100-146305300,chr8:78687091-78705819
hsHSR_306,human,HSR,,chr4:162420500-162422400,NA
hsLM_28,human,LM,,chr4:166554300-166581300,NA
hsLM_29,human,LM,,chr4:181238800-181242300,NA
hsHSR_307,human,HSR,,chr4:189232500-189236300,NA
hsHSR_308,human,HSR,0.47,chr4:189834900-189849700,chr8:41516383-41532865
hsHSR_309,human,HSR,0.13,chr4:189877500-190023700,chr8:41397191-41475753
hsHSR_310,human,HSR,,chr4:190048600-190214500,NA
hsHSR_311,human,HSR,,chr5:0-44100,NA
hsHSR_312,human,HSR,0.13,chr5:548300-564100,chr13:74094592-74101473
hsHSR_313,human,HSR,,chr5:647600-651700,NA
hsHSR_314,human,HSR,0.11,chr5:1326100-1334600,chr13:73611542-73613769
hsHSR_315,human,HSR,0.26,chr5:2144600-2147800,chr15:79721695-79722586
hsHSR_316,human,HSR,0.16,chr5:2489800-2491700,chr13:72853128-72853461
hsHSR_317,human,HSR,,chr5:3322100-3325100,NA
hsHSR_318,human,HSR,,chr5:6967700-6971700,NA
hsHSR_319,human,HSR,,chr5:17516800-17600200,NA
hsHSR_320,human,HSR,,chr5:21477600-21497600,NA
hsHSR_321,human,HSR,,chr5:25381400-25384300,NA
hsHSR_322,human,HSR,,chr5:34177900-34244800,NA
hsHSR_323,human,HSR,,chr5:45522900-45525200,NA
hsHSR_324,human,HSR,,chr5:45743000-45744800,NA
hsHSR_325,human,HSR,,chr5:46433900-46687700,NA
hsHSR_326,human,HSR,,chr5:46708100-50165300,NA
hsHSR_327,human,HSR,,chr5:60759700-60762500,NA
hsHSR_328,human,HSR,0.17,chr5:63320900-63335500,chr13:106077866-106081929
hsHSR_329,human,HSR,,chr5:69540700-71359500,NA
hsHSR_330,human,HSR,,chr5:71850000-71852800,NA
hsHSR_331,human,HSR,0.17,chr5:74685400-74712400,chr13:97185133-97198181
hsHSR_332,human,HSR,,chr5:78452400-78457600,NA
hsHSR_333,human,HSR,,chr5:78848400-78872800,NA
hsHSR_334,human,HSR,,chr5:80649100-80653100,NA
hsHSR_335,human,HSR,,chr5:85641800-85662700,NA
hsHSR_336,human,HSR,,chr5:93947500-93948900,NA
hsHSR_337,human,HSR,0.88,chr5:94567100-94570400,chrM:12064-15005
hsHSR_338,human,HSR,0.29,chr5:100045500-100076300,chrM:5536-14583
hsHSR_339,human,HSR,,chr5:106425500-106429500,NA
hsHSR_340,human,HSR,,chr5:109259500-109265400,NA
hsHSR_341,human,HSR,,chr5:111302100-111308300,NA
hsHSR_342,human,HSR,,chr5:114156700-114158300,NA
hsHSR_343,human,HSR,,chr5:119904000-119905600,NA
hsHSR_344,human,HSR,0.5,chr5:123760300-123762200,chrM:0-973
hsHSR_345,human,HSR,0.74,chr5:134922500-134929400,chrM:9668-14885
hsHSR_346,human,HSR,,chr5:139005500-139011600,NA
hsHSR_347,human,HSR,,chr5:146610000-146615500,NA
hsHSR_348,human,HSR,,chr5:153071100-153077000,NA
hsHSR_349,human,HSR,,chr5:156658300-156665400,NA
hsHSR_350,human,HSR,,chr5:161606000-161611700,NA
hsHSR_351,human,HSR,,chr5:171083900-171090200,NA
hsHSR_352,human,HSR,,chr5:175904500-176118000,NA
hsHSR_353,human,HSR,0.51,chr5:176590700-176593000,chr13:54734284-54735529
hsHSR_354,human,HSR,,chr5:177636700-177684700,NA
hsHSR_355,human,HSR,0.1,chr5:177960500-177981400,chr5:117091814-117115953
hsHSR_356,human,HSR,0.41,chr5:178584600-178586600,chr11:51294634-51296124
hsHSR_357,human,HSR,,chr5:181172600-181538200,NA
hsHSR_358,human,HSR,0.44,chr6:256500-382800,chr13:30630452-30742058
hsHSR_359,human,HSR,0.15,chr6:861500-864200,chr13:31170674-31171119
hsHSR_360,human,HSR,0.14,chr6:1052800-1054800,chr13:31319231-31321339
hsHSR_361,human,HSR,,chr6:26669200-26832300,NA
hsHSR_362,human,HSR,,chr6:33484600-33486400,NA
hsHSR_363,human,HSR,,chr6:34070600-34074000,NA
hsHSR_364,human,HSR,0.41,chr6:38262000-38301600,chr17:30278991-30300477
hsHSR_365,human,HSR,,chr6:39455800-39460500,NA
hsHSR_366,human,HSR,0.71,chr6:44043600-44080000,chr17:45730858-45767431
hsHSR_367,human,HSR,0.34,chr6:44180600-44182900,chr17:45632116-45633101
hsHSR_368,human,HSR,0.26,chr6:51874900-51901300,chr1:20354855-20370659
hsHSR_369,human,HSR,,chr6:54961900-54967400,NA
hsHSR_370,human,HSR,,chr6:58432200-60242300,NA
hsHSR_371,human,HSR,,chr6:61321800-61493000,NA
hsLM_30,human,LM,0.27,chr6:61573200-61575100,chrM:1845-2375
hsHSR_372,human,HSR,0.42,chr6:61661900-61673400,chr1:32662811-32683051
hsHSR_373,human,HSR,,chr6:103709000-103715100,NA
hsHSR_374,human,HSR,,chr6:115254900-115256800,NA
hsHSR_375,human,HSR,,chr6:143799900-143801800,NA
hsHSR_376,human,HSR,,chr6:156035300-156040100,NA
hsHSR_377,human,HSR,0.45,chr6:157309500-157324800,chr17:5427746-5441527
hsHSR_378,human,HSR,,chr6:160611700-160647400,NA
hsHSR_379,human,HSR,0.21,chr6:170145300-170147200,chr17:66758233-66758647
hsHSR_380,human,HSR,0.1,chr6:170376900-170401000,chr17:15421447-15427908
hsHSR_381,human,HSR,,chr6:170465400-170468400,NA
hsHSR_382,human,HSR,,chr7:0-49600,NA
hsHSR_383,human,HSR,0.16,chr7:224500-241300,chr5:138779674-138788856
hsLM_31,human,LM,0.17,chr7:904700-907100,chr5:139280299-139280834
hsHSR_384,human,HSR,0.51,chr7:1271400-1273500,chr17:5882944-5884473
hsHSR_385,human,HSR,0.4,chr7:45251000-45253000,chr11:6762313-6763740
hsHSR_386,human,HSR,,chr7:56369500-56375600,NA
hsHSR_387,human,HSR,,chr7:57485300-57497800,NA
hsLM_32,human,LM,,chr7:57611600-57637700,NA
hsHSR_388,human,HSR,,chr7:58031800-60997400,NA
hsHSR_389,human,HSR,,chr7:61017800-61075200,NA
hsLM_33,human,LM,,chr7:61102900-61725200,NA
hsHSR_390,human,HSR,,chr7:62265700-62409500,NA
hsHSR_391,human,HSR,,chr7:62430000-62520600,NA
hsHSR_392,human,HSR,,chr7:65488000-65496500,NA
hsHSR_393,human,HSR,,chr7:100951400-100968300,NA
hsHSR_394,human,HSR,0.15,chr7:100991500-101004600,chr5:137178921-137185479
hsHSR_395,human,HSR,,chr7:102474700-102686400,NA
hsHSR_396,human,HSR,0.73,chr7:142665100-142668500,chrM:0-2551
hsLM_34,human,LM,,chr7:144180800-144377300,NA
hsHSR_397,human,HSR,0.22,chr7:145996400-146018600,chr6:44953447-44971742
hsHSR_398,human,HSR,0.12,chr7:152375800-152435100,chr5:25466032-25498025
hsHSR_399,human,HSR,0.26,chr7:158131400-158156200,chr12:116862627-116877238
hsHSR_400,human,HSR,,chr7:158594300-158596200,NA
hsHSR_401,human,HSR,0.19,chr7:158893100-158918100,chr12:116231229-116246945
hsHSR_402,human,HSR,,chr7:159334900-159345900,NA
hsHSR_403,human,HSR,,chr8:7209800-7914700,NA
hsHSR_404,human,HSR,,chr8:7940500-8075700,NA
hsHSR_405,human,HSR,,chr8:8128200-8204600,NA
hsHSR_406,human,HSR,,chr8:12136900-12614300,NA
hsHSR_407,human,HSR,,chr8:43236700-43262600,NA
hsHSR_408,human,HSR,,chr8:43937900-45969600,NA
hsHSR_409,human,HSR,0.61,chr8:46829400-46832000,chrM:76-1754
hsHSR_410,human,HSR,,chr8:57204900-57216100,NA
hsHSR_411,human,HSR,,chr8:59168700-59170400,NA
hsHSR_412,human,HSR,0.47,chr8:67584500-67592700,chrM:7881-12651
hsHSR_413,human,HSR,0.12,chr8:69688400-69691100,chr1:12885233-12885579
hsHSR_414,human,HSR,,chr8:71406700-71412400,NA
hsHSR_415,human,HSR,,chr8:75444100-75448200,NA
hsHSR_416,human,HSR,0.11,chr8:81841500-81851900,chr3:10439522-10440731
hsHSR_417,human,HSR,,chr8:85642100-85829300,NA
hsHSR_418,human,HSR,,chr8:88685900-88691700,NA
hsHSR_419,human,HSR,0.33,chr8:96171200-96173100,chr4:9831037-9831704
hsHSR_420,human,HSR,,chr8:99494900-99496800,NA
hsHSR_421,human,HSR,,chr8:105789200-105793800,NA
hsHSR_422,human,HSR,,chr8:141491400-141493500,NA
hsHSR_423,human,HSR,,chr8:141871100-141875200,NA
hsHSR_424,human,HSR,,chr8:143641400-143670500,NA
hsHSR_425,human,HSR,,chr8:144124800-144137600,NA
hsHSR_426,human,HSR,,chr9:319900-322400,NA
hsHSR_427,human,HSR,0.72,chr9:33656600-33660000,chrM:0-2533
hsHSR_428,human,HSR,0.3,chr9:35912600-35915300,chr4:43732714-43736646
hsHSR_429,human,HSR,0.16,chr9:38824200-39089400,chr13:64580614-64748919
hsHSR_430,human,HSR,,chr9:39846200-40771100,NA
hsHSR_431,human,HSR,0.13,chr9:40792500-41323100,chr19:24794979-24978244
hsHSR_432,human,HSR,0.14,chr9:41492300-41635600,chr3:44327270-44382881
hsLM_35,human,LM,0.13,chr9:41661300-42119600,chr13:64699117-64895232
hsHSR_433,human,HSR,,chr9:42364000-42410600,NA
hsHSR_434,human,HSR,0.17,chr9:42899400-42901300,chr14:7751694-7753037
hsHSR_435,human,HSR,,chr9:43263100-61518900,NA
hsHSR_436,human,HSR,,chr9:61735300-63548000,NA
hsHSR_437,human,HSR,,chr9:63761400-64027300,NA
hsHSR_438,human,HSR,,chr9:64135000-65390600,NA
hsHSR_439,human,HSR,,chr9:65579400-66874600,NA
hsHSR_440,human,HSR,,chr9:66959000-68398100,NA
hsHSR_441,human,HSR,0.33,chr9:70037200-70039600,chr19:23452006-23457057
hsHSR_442,human,HSR,0.68,chr9:76174300-76176200,chr19:17579573-17581597
hsHSR_443,human,HSR,,chr9:83222900-83226900,NA
hsHSR_444,human,HSR,,chr9:85071600-85075100,NA
hsHSR_445,human,HSR,,chr9:85164800-85166100,NA
hsHSR_446,human,HSR,,chr9:108502000-108506600,NA
hsHSR_447,human,HSR,0.13,chr9:134164500-134185500,chr2:27539866-27556863
hsHSR_448,human,HSR,,chr9:137326800-137330600,NA
hsLM_36,human,LM,0.2,chr9:137715200-137722200,chr2:24882738-24884808
hsLM_37,human,LM,0.15,chr9:137841200-137846800,chr12:69955828-69956717
hsHSR_449,human,HSR,,chr9:138222000-138394700,NA
hsHSR_450,human,HSR,,chrX:0-329300,NA
hsHSR_451,human,HSR,,chrX:362400-388500,NA
hsHSR_452,human,HSR,,chrX:456500-531800,NA
hsHSR_453,human,HSR,,chrX:723800-739500,NA
hsHSR_454,human,HSR,,chrX:864500-930400,NA
hsHSR_455,human,HSR,,chrX:1049100-1054300,NA
hsHSR_456,human,HSR,,chrX:1085100-1175500,NA
hsHSR_457,human,HSR,,chrX:1200600-1209400,NA
hsHSR_458,human,HSR,,chrX:1249200-1269000,NA
hsHSR_459,human,HSR,,chrX:1289500-1298900,NA
hsHSR_460,human,HSR,,chrX:1365300-1458700,NA
hsHSR_461,human,HSR,,chrX:1480900-1492800,NA
hsHSR_462,human,HSR,,chrX:1816200-1820600,NA
hsHSR_463,human,HSR,,chrX:2223900-2521900,NA
hsHSR_464,human,HSR,,chrX:2580600-2751300,NA
hsHSR_465,human,HSR,,chrX:3966700-3968700,NA
hsHSR_466,human,HSR,,chrX:5481200-5486100,NA
hsHSR_467,human,HSR,,chrX:6933400-6938700,NA
hsHSR_468,human,HSR,,chrX:7587600-7591800,NA
hsHSR_469,human,HSR,,chrX:9403600-9415100,NA
hsHSR_470,human,HSR,0.39,chrX:10785000-10809700,chrX:169700415-169718583
hsHSR_471,human,HSR,,chrX:10966600-10976800,NA
hsLM_38,human,LM,,chrX:11218800-11221100,NA
hsHSR_472,human,HSR,,chrX:11840900-11848000,NA
hsHSR_473,human,HSR,0.25,chrX:14085100-14109500,chrX:166050519-166080317
hsHSR_474,human,HSR,,chrX:14286500-14289300,NA
hsHSR_475,human,HSR,,chrX:16361200-16366000,NA
hsHSR_476,human,HSR,,chrX:16498100-16503400,NA
hsHSR_477,human,HSR,,chrX:19940200-19946300,NA
hsHSR_478,human,HSR,,chrX:21340600-21345700,NA
hsHSR_479,human,HSR,,chrX:25773300-25776000,NA
hsHSR_480,human,HSR,,chrX:26176400-26181400,NA
hsHSR_481,human,HSR,,chrX:30767800-30772600,NA
hsHSR_482,human,HSR,,chrX:31077600-31082600,NA
hsHSR_483,human,HSR,0.54,chrX:31511400-31535800,chrX:84746624-84769831
hsHSR_484,human,HSR,,chrX:34416800-34425900,NA
hsHSR_485,human,HSR,,chrX:36465200-36471200,NA
hsHSR_486,human,HSR,,chrX:37628400-37633500,NA
hsHSR_487,human,HSR,0.27,chrX:42872300-42910700,chrX:15302221-15348570
hsHSR_488,human,HSR,,chrX:49317500-49623500,NA
hsHSR_489,human,HSR,,chrX:50019400-50033700,NA
hsHSR_490,human,HSR,0.26,chrX:50056700-50066100,chrX:7191304-7194381
hsHSR_491,human,HSR,,chrX:51202300-51268100,NA
hsHSR_492,human,HSR,,chrX:51427500-51432400,NA
hsHSR_493,human,HSR,0.18,chrX:52175000-52228100,chrX:94448622-94461272
hsHSR_494,human,HSR,,chrX:52442800-52538100,NA
hsHSR_495,human,HSR,,chrX:53761700-53789500,NA
hsHSR_496,human,HSR,0.87,chrX:55180400-55184500,chrM:0-3676
hsLM_39,human,LM,,chrX:56754900-56781100,NA
hsHSR_497,human,HSR,,chrX:57712300-57719700,NA
hsHSR_498,human,HSR,,chrX:58467900-62522800,NA
hsLM_40,human,LM,,chrX:63129600-63290600,NA
hsHSR_499,human,HSR,,chrX:67311800-67323800,NA
hsHSR_500,human,HSR,,chrX:67626800-67632300,NA
hsHSR_501,human,HSR,,chrX:68217300-68230200,NA
hsHSR_502,human,HSR,,chrX:70600000-70603800,NA
hsHSR_503,human,HSR,,chrX:70640600-70645000,NA
hsHSR_504,human,HSR,,chrX:70963600-70964900,NA
hsHSR_505,human,HSR,,chrX:71978800-71980500,NA
hsHSR_506,human,HSR,,chrX:72489400-72490800,NA
hsHSR_507,human,HSR,0.19,chrX:72743200-73035800,chrX:102659246-103016880
hsHSR_508,human,HSR,,chrX:73381000-73387000,NA
hsHSR_509,human,HSR,,chrX:73887000-73891300,NA
hsHSR_510,human,HSR,,chrX:74660000-74718100,NA
hsHSR_511,human,HSR,,chrX:74789000-74794000,NA
hsHSR_512,human,HSR,0.13,chrX:74952200-74995200,chrX:104236695-104248141
hsHSR_513,human,HSR,,chrX:78802400-78804500,NA
hsHSR_514,human,HSR,0.13,chrX:79765500-79789600,chrX:107611365-107616642
hsHSR_515,human,HSR,,chrX:80534100-80537000,NA
hsLM_41,human,LM,,chrX:82849700-82859300,NA
hsHSR_516,human,HSR,,chrX:83752100-83756900,NA
hsHSR_517,human,HSR,0.15,chrX:86046600-86076600,chrX:113184519-113214523
hsHSR_518,human,HSR,,chrX:86395500-86398100,NA
hsHSR_519,human,HSR,,chrX:86970000-86975600,NA
hsHSR_520,human,HSR,,chrX:87220500-87222100,NA
hsHSR_521,human,HSR,,chrX:89060200-89062700,NA
hsHSR_522,human,HSR,,chrX:89202500-89208400,NA
hsHSR_523,human,HSR,,chrX:91332900-91336600,NA
hsHSR_524,human,HSR,0.1,chrX:93618000-93633400,chrX:122352368-122357548
hsHSR_525,human,HSR,,chrX:94863600-94868300,NA
hsHSR_526,human,HSR,,chrX:97509600-97515000,NA
hsHSR_527,human,HSR,,chrX:100135800-100141000,NA
hsHSR_528,human,HSR,,chrX:100257100-100261600,NA
hsHSR_529,human,HSR,,chrX:101471700-101474900,NA
hsHSR_530,human,HSR,,chrX:102188700-102489200,NA
hsHSR_531,human,HSR,,chrX:103851800-103897800,NA
hsHSR_532,human,HSR,,chrX:106755500-106769400,NA
hsHSR_533,human,HSR,0.51,chrX:106813900-106830900,chrX:139697628-139715004
hsHSR_534,human,HSR,,chrX:107515800-107517200,NA
hsHSR_535,human,HSR,0.28,chrX:109034800-109069100,chrX:141851708-141870901
hsHSR_536,human,HSR,,chrX:109114900-109119400,NA
hsHSR_537,human,HSR,,chrX:109520800-109525700,NA
hsHSR_538,human,HSR,,chrX:109985900-109987300,NA
hsHSR_539,human,HSR,,chrX:110816700-110833400,NA
hsHSR_540,human,HSR,,chrX:111416100-111418000,NA
hsHSR_541,human,HSR,,chrX:113141700-113143600,NA
hsHSR_542,human,HSR,0.26,chrX:114701600-114724300,chrX:147058871-147070994
hsHSR_543,human,HSR,,chrX:115725600-115889600,NA
hsHSR_544,human,HSR,,chrX:116557600-116595600,NA
hsHSR_545,human,HSR,,chrX:117874100-117880000,NA
hsHSR_546,human,HSR,0.12,chrX:118009000-118037800,chrX:23305639-23315978
hsHSR_547,human,HSR,,chrX:118070900-118072700,NA
hsHSR_548,human,HSR,,chrX:121263700-121268100,NA
hsHSR_549,human,HSR,,chrX:121299200-121300600,NA
hsHSR_550,human,HSR,,chrX:122528400-122550000,NA
hsHSR_551,human,HSR,,chrX:124584300-124588400,NA
hsHSR_552,human,HSR,0.11,chrX:125927600-125937100,chrX:44174465-44175684
hsHSR_553,human,HSR,0.12,chrX:126463700-126474200,chrM:5978-10579
hsHSR_554,human,HSR,,chrX:127116700-127122600,NA
hsHSR_555,human,HSR,,chrX:127362200-127368300,NA
hsHSR_556,human,HSR,,chrX:128785000-128788700,NA
hsHSR_557,human,HSR,,chrX:129337600-129357900,NA
hsHSR_558,human,HSR,0.18,chrX:129388400-129408400,chrX:47761076-47776552
hsHSR_559,human,HSR,,chrX:130567700-130572000,NA
hsHSR_560,human,HSR,,chrX:131152200-131157400,NA
hsHSR_561,human,HSR,,chrX:131378300-131383300,NA
hsHSR_562,human,HSR,,chrX:131664300-131670000,NA
hsHSR_563,human,HSR,,chrX:132284600-132320400,NA
hsHSR_564,human,HSR,,chrX:133108600-133116500,NA
hsHSR_565,human,HSR,,chrX:135718600-135888700,NA
hsHSR_566,human,HSR,,chrX:137074700-137079100,NA
hsHSR_567,human,HSR,,chrX:137436600-137439300,NA
hsHSR_568,human,HSR,,chrX:138300600-138302200,NA
hsHSR_569,human,HSR,,chrX:139437600-139446800,NA
hsHSR_570,human,HSR,,chrX:139621500-139622800,NA
hsHSR_571,human,HSR,0.13,chrX:140722400-140726100,chrX:61126238-61127176
hsHSR_572,human,HSR,0.18,chrX:141000400-141108300,chrX:61823467-61929371
hsHSR_573,human,HSR,,chrX:142478000-142483800,NA
hsHSR_574,human,HSR,0.22,chrX:142892300-142911600,chrX:63358649-63379035
hsHSR_575,human,HSR,,chrX:143352000-143356500,NA
hsLM_42,human,LM,,chrX:144404500-144475900,NA
hsHSR_576,human,HSR,0.23,chrX:147281700-147287100,chrX:68011769-68013262
hsHSR_577,human,HSR,,chrX:147653800-147659900,NA
hsHSR_578,human,HSR,,chrX:148123500-148129000,NA
hsHSR_579,human,HSR,0.14,chrX:148347100-148378700,chrX:69215487-69223394
hsHSR_580,human,HSR,,chrX:149437900-149441900,NA
hsHSR_581,human,HSR,,chrX:150024800-150026200,NA
hsHSR_582,human,HSR,,chrX:152173800-152175100,NA
hsHSR_583,human,HSR,0.11,chrX:153251200-153316400,chrX:73296614-73333908
hsHSR_584,human,HSR,,chrX:154870000-154890200,NA
hsHSR_585,human,HSR,,chrX:154938900-154945100,NA
hsHSR_586,human,HSR,,chrX:155299600-155305100,NA
hsHSR_587,human,HSR,,chrX:155454000-155522000,NA
hsHSR_588,human,HSR,,chrX:155700400-155727500,NA
hsHSR_589,human,HSR,0.13,chrX:155983500-156040800,chr11:32190047-32200695
hsHSR_590,human,HSR,,chrY:4343800-4345800,NA
hsHSR_591,human,HSR,,chrY:10246200-11041200,NA
hsHSR_592,human,HSR,,chrY:11072100-11335300,NA
hsHSR_593,human,HSR,,chrY:11486600-11757800,NA
hsHSR_594,human,HSR,,chrY:26637300-57227400,NA
mmHSR_1,mouse,HSR,,chr1:8628600-8719100,NA
mmHSR_2,mouse,HSR,,chr1:12038300-12041400,NA
mmHSR_3,mouse,HSR,,chr1:14958600-14992600,NA
mmHSR_4,mouse,HSR,,chr1:17466800-17479900,NA
mmHSR_5,mouse,HSR,,chr1:18872500-18901300,NA
mmHSR_6,mouse,HSR,0.23,chr1:19175300-19177200,chr6:50787680-50788162
mmHSR_7,mouse,HSR,,chr1:22555000-22556900,NA
mmHSR_8,mouse,HSR,0.71,chr1:24610600-24617100,chrM:6955-11637
mmHSR_9,mouse,HSR,0.32,chr1:24683100-24685100,chr6:69790827-69791564
mmHSR_10,mouse,HSR,0.27,chr1:26685100-26689200,chr9:87882501-87886408
mmHSR_11,mouse,HSR,0.12,chr1:43776800-43779800,chr2:106128588-106128984
mmHSR_12,mouse,HSR,0.35,chr1:44198000-44202200,chr13:102901654-102903422
mmHSR_13,mouse,HSR,0.25,chr1:46701700-46756600,chr2:195808592-195837082
mmHSR_14,mouse,HSR,,chr1:48880600-48882500,NA
mmHSR_15,mouse,HSR,0.41,chr1:56119600-56143500,chr2:198517202-198532117
mmHSR_16,mouse,HSR,0.18,chr1:56772200-56783300,chr2:199256473-199258701
mmHSR_17,mouse,HSR,0.1,chr1:58613000-58614900,chr2:201104437-201104643
mmHSR_18,mouse,HSR,,chr1:63629100-63631600,NA
mmHSR_19,mouse,HSR,0.6,chr1:69455800-69457800,chr2:212922881-212924288
mmHSR_20,mouse,HSR,0.13,chr1:71078400-71085500,chr2:214789602-214791032
mmHSR_21,mouse,HSR,,chr1:71250600-71256700,NA
mmHSR_22,mouse,HSR,,chr1:73549100-73555300,NA
mmHSR_23,mouse,HSR,0.27,chr1:73832600-73902400,chr2:217719019-217789164
mmHSR_24,mouse,HSR,,chr1:78572900-78575400,NA
mmHSR_25,mouse,HSR,,chr1:84953500-85663200,NA
mmHSR_26,mouse,HSR,0.5,chr1:88209400-88311700,chr2:233759790-233922821
mmHSR_27,mouse,HSR,,chr1:94093800-94109400,NA
mmHSR_28,mouse,HSR,0.45,chr1:95451000-95452900,chr5:100706849-100711521
mmHSR_29,mouse,HSR,,chr1:95783900-95789700,NA
mmHSR_30,mouse,HSR,0.12,chr1:95810200-95851700,chr5:101064564-101084493
mmHSR_31,mouse,HSR,,chr1:100737900-100760500,NA
mmHSR_32,mouse,HSR,,chr1:101040100-101046300,NA
mmHSR_33,mouse,HSR,,chr1:102627300-102644300,NA
mmHSR_34,mouse,HSR,,chr1:105226800-105230700,NA
mmHSR_35,mouse,HSR,,chr1:110170400-110188300,NA
mmHSR_36,mouse,HSR,,chr1:113602700-113604800,NA
mmHSR_37,mouse,HSR,,chr1:114557300-114579100,NA
mmHSR_38,mouse,HSR,,chr1:114643300-114660500,NA
mmHSR_39,mouse,HSR,,chr1:115447500-115482800,NA
mmHSR_40,mouse,HSR,,chr1:122356200-122358200,NA
mmHSR_41,mouse,HSR,0.25,chr1:133593600-133611300,chr1:203860666-203874466
mmHSR_42,mouse,HSR,0.17,chr1:142651800-142672300,chr1:194029014-194041036
mmHSR_43,mouse,HSR,,chr1:145444500-145449100,NA
mmHSR_44,mouse,HSR,,chr1:146120600-146128200,NA
mmHSR_45,mouse,HSR,0.1,chr1:151181600-151212000,chr1:185466377-185472341
mmLM_1,mouse,LM,0.37,chr1:165862800-165864700,chr1:167427804-167429751
mmHSR_46,mouse,HSR,,chr1:171033000-171112400,NA
mmHSR_47,mouse,HSR,,chr1:172716800-172738200,NA
mmHSR_48,mouse,HSR,,chr1:172878700-172885100,NA
mmHSR_49,mouse,HSR,0.66,chr1:178538700-178540700,chr1:245165685-245167133
mmHSR_50,mouse,HSR,0.44,chr1:181742100-181752400,chr1:225305544-225324612
mmHSR_51,mouse,HSR,0.53,chr1:182628900-182630800,chr1:223542681-223543872
mmHSR_52,mouse,HSR,0.55,chr1:183298200-183300500,chr1:222710131-222711617
mmHSR_53,mouse,HSR,,chr1:190299400-190304600,NA
mmHSR_54,mouse,HSR,0.43,chr1:192453100-192471800,chr1:210728323-210744011
mmHSR_55,mouse,HSR,0.33,chr1:193226900-193228800,chr1:209722945-209723645
mmHSR_56,mouse,HSR,,chr1:195239800-195257400,NA
mmHSR_57,mouse,HSR,,chr1:195278100-195280200,NA
mmHSR_58,mouse,HSR,,chr1:195320700-195471900,NA
mmHSR_59,mouse,HSR,,chr10:0-3135400,NA
mmLM_2,mouse,LM,,chr10:3218900-3276600,NA
mmLM_3,mouse,LM,0.18,chr10:3576900-3627700,chr6:150422159-150450854
mmLM_4,mouse,LM,,chr10:4191100-4197600,NA
mmHSR_60,mouse,HSR,0.7,chr10:4613500-4615400,chr6:151691990-151695798
mmHSR_61,mouse,HSR,,chr10:4761300-4763900,NA
mmLM_5,mouse,LM,0.3,chr10:5080800-5096600,chr6:152186162-152205176
mmLM_6,mouse,LM,,chr10:5580100-5586600,NA
mmHSR_62,mouse,HSR,,chr10:6281200-6286700,NA
mmHSR_63,mouse,HSR,,chr10:6740200-6742100,NA
mmHSR_64,mouse,HSR,,chr10:7396300-7429800,NA
mmLM_7,mouse,LM,,chr10:7633600-7636600,NA
mmHSR_65,mouse,HSR,,chr10:7889700-7897500,NA
mmHSR_66,mouse,HSR,,chr10:8144900-8153000,NA
mmHSR_67,mouse,HSR,,chr10:8264000-8269200,NA
mmHSR_68,mouse,HSR,0.37,chr10:8382400-8404400,chr6:148874805-148891768
mmLM_8,mouse,LM,,chr10:8599200-8606400,NA
mmHSR_69,mouse,HSR,,chr10:10012200-10033400,NA
mmHSR_70,mouse,HSR,,chr10:10566900-10593500,NA
mmLM_9,mouse,LM,,chr10:11218400-11224800,NA
mmLM_10,mouse,LM,0.21,chr10:11351800-11406300,chr6:145671704-145706652
mmHSR_71,mouse,HSR,,chr10:11491200-11493100,NA
mmHSR_72,mouse,HSR,,chr10:11612300-11642500,NA
mmLM_11,mouse,LM,,chr10:11692500-11701300,NA
mmHSR_73,mouse,HSR,,chr10:12266500-12273000,NA
mmHSR_74,mouse,HSR,,chr10:12385800-12396000,NA
mmHSR_75,mouse,HSR,0.13,chr10:13401200-13403100,chr6:143601507-143601787
mmHSR_76,mouse,HSR,0.23,chr10:14559900-14577100,chr6:142277930-142288266
mmLM_12,mouse,LM,0.42,chr10:14646300-14664500,chr6:142202313-142225278
mmHSR_77,mouse,HSR,,chr10:14923800-14928300,NA
mmHSR_78,mouse,HSR,,chr10:15047600-15083100,NA
mmHSR_79,mouse,HSR,,chr10:15528600-15534200,NA
mmHSR_80,mouse,HSR,,chr10:15567000-15641800,NA
mmHSR_81,mouse,HSR,,chr10:16967500-16971600,NA
mmHSR_82,mouse,HSR,,chr10:17499600-17501700,NA
mmHSR_83,mouse,HSR,,chr10:18555500-18558100,NA
mmHSR_84,mouse,HSR,0.14,chr10:19427600-19429100,chr6:137399726-137399951
mmLM_13,mouse,LM,,chr10:19538800-19546100,NA
mmHSR_85,mouse,HSR,0.19,chr10:19772200-19801600,chr6:136977134-136990625
mmHSR_86,mouse,HSR,0.3,chr10:20458900-20460800,chr6:136127666-136128300
mmLM_14,mouse,LM,0.13,chr10:21208600-21216600,chr6:135123247-135124429
mmHSR_87,mouse,HSR,0.42,chr10:21278500-21313500,chr6:135032344-135063769
mmLM_15,mouse,LM,,chr10:21642200-21649600,NA
mmLM_16,mouse,LM,,chr10:21727800-21736400,NA
mmHSR_88,mouse,HSR,,chr10:22031300-22063500,NA
mmHSR_89,mouse,HSR,0.21,chr10:22127200-22164500,chr7:92828585-92839033
mmHSR_90,mouse,HSR,,chr10:22186700-22290500,NA
mmHSR_91,mouse,HSR,,chr10:22369100-22472300,NA
mmLM_17,mouse,LM,,chr10:22683100-22690600,NA
mmHSR_92,mouse,HSR,,chr10:22935900-22941800,NA
mmLM_18,mouse,LM,,chr10:24687500-24691700,NA
mmLM_19,mouse,LM,,chr10:25091400-25106900,NA
mmLM_20,mouse,LM,,chr10:25622900-25629400,NA
mmLM_21,mouse,LM,,chr10:25968400-25973400,NA
mmLM_22,mouse,LM,,chr10:26641500-26662800,NA
mmHSR_93,mouse,HSR,,chr10:27403200-27407600,NA
mmHSR_94,mouse,HSR,,chr10:27904000-27909500,NA
mmHSR_95,mouse,HSR,,chr10:28908500-28940600,NA
mmHSR_96,mouse,HSR,,chr10:29243900-29249600,NA
mmLM_23,mouse,LM,,chr10:29924300-29930700,NA
mmHSR_97,mouse,HSR,0.16,chr10:29954000-29971900,chr6:126661494-126664726
mmHSR_98,mouse,HSR,0.32,chr10:30553000-30577100,chr6:126004068-126014767
mmLM_24,mouse,LM,0.16,chr10:31054900-31095900,chr6:125523464-125535623
mmHSR_99,mouse,HSR,,chr10:31406500-31411100,NA
mmLM_25,mouse,LM,,chr10:31750000-31757100,NA
mmHSR_100,mouse,HSR,,chr10:31878400-31885800,NA
mmLM_26,mouse,LM,0.2,chr10:31980100-32000400,chr6:124623316-124630458
mmHSR_101,mouse,HSR,,chr10:32039700-32045000,NA
mmHSR_102,mouse,HSR,,chr10:32176100-32182400,NA
mmHSR_103,mouse,HSR,,chr10:32499200-32529900,NA
mmHSR_104,mouse,HSR,0.22,chr10:32816400-32857200,chr6:123829855-123854552
mmHSR_105,mouse,HSR,,chr10:33315300-33319800,NA
mmHSR_106,mouse,HSR,,chr10:33492300-33508900,NA
mmLM_27,mouse,LM,,chr10:33886600-33901100,NA
mmLM_28,mouse,LM,,chr10:34739400-34749100,NA
mmHSR_107,mouse,HSR,0.15,chr10:35669300-35725500,chr6:114965665-114992458
mmHSR_108,mouse,HSR,,chr10:36130200-36135500,NA
mmHSR_109,mouse,HSR,,chr10:36160700-36166700,NA
mmLM_29,mouse,LM,,chr10:36594500-36597500,NA
mmLM_30,mouse,LM,,chr10:36942200-36948800,NA
mmHSR_110,mouse,HSR,,chr10:37186500-37189300,NA
mmHSR_111,mouse,HSR,0.38,chr10:37799700-37821400,chr6:113166062-113184996
mmHSR_112,mouse,HSR,,chr10:37964600-37970100,NA
mmHSR_113,mouse,HSR,0.12,chr10:38590100-38606100,chr6:112474671-112478634
mmHSR_114,mouse,HSR,,chr10:38637900-38644200,NA
mmHSR_115,mouse,HSR,,chr10:38729400-38782700,NA
mmHSR_116,mouse,HSR,0.14,chr10:38933500-38956500,chr6:112266640-112270521
mmHSR_117,mouse,HSR,,chr10:39126700-39129400,NA
mmHSR_118,mouse,HSR,,chr10:39760700-39764700,NA
mmHSR_119,mouse,HSR,0.26,chr10:41185700-41195800,chr6:109823499-109826912
mmLM_31,mouse,LM,0.17,chr10:41840500-41859100,chr6:109052558-109059156
mmHSR_120,mouse,HSR,,chr10:43769400-43773800,NA
mmHSR_121,mouse,HSR,,chr10:44206300-44254100,NA
mmLM_32,mouse,LM,0.1,chr10:45515000-45588000,chr6:104852805-104896802
mmHSR_122,mouse,HSR,,chr10:45624800-45628400,NA
mmHSR_123,mouse,HSR,,chr10:46136500-46139300,NA
mmHSR_124,mouse,HSR,,chr10:46468300-46472100,NA
mmHSR_125,mouse,HSR,0.32,chr10:46500500-46538800,chr6:104000036-104034715
mmHSR_126,mouse,HSR,,chr10:46789300-46812500,NA
mmHSR_127,mouse,HSR,,chr10:46966700-47009000,NA
mmLM_33,mouse,LM,,chr10:47048600-47074700,NA
mmHSR_128,mouse,HSR,,chr10:47663600-47683500,NA
mmHSR_129,mouse,HSR,,chr10:47743600-47758500,NA
mmHSR_130,mouse,HSR,,chr10:47875400-47881600,NA
mmHSR_131,mouse,HSR,0.13,chr10:48032400-48058800,chr6:102943883-102956728
mmHSR_132,mouse,HSR,,chr10:48677400-48682800,NA
mmHSR_133,mouse,HSR,0.1,chr10:49823500-49842200,chr6:101370831-101374707
mmHSR_134,mouse,HSR,,chr10:50029200-50035300,NA
mmHSR_135,mouse,HSR,,chr10:50109900-50115500,NA
mmHSR_136,mouse,HSR,,chr10:50178500-50184800,NA
mmHSR_137,mouse,HSR,,chr10:50253700-50296500,NA
mmHSR_138,mouse,HSR,,chr10:50333400-50335300,NA
mmHSR_139,mouse,HSR,,chr10:50524000-50553900,NA
mmHSR_140,mouse,HSR,,chr10:51126200-51132900,NA
mmHSR_141,mouse,HSR,,chr10:51436800-51448000,NA
mmHSR_142,mouse,HSR,,chr10:51470300-51474900,NA
mmLM_34,mouse,LM,,chr10:51882900-51888000,NA
mmLM_35,mouse,LM,,chr10:52052600-52059000,NA
mmHSR_143,mouse,HSR,0.35,chr10:52089600-52148500,chr6:117337156-117388321
mmHSR_144,mouse,HSR,0.14,chr10:52522600-52599800,chr6:117792322-117871242
mmHSR_145,mouse,HSR,0.34,chr10:53073900-53081100,chr6:118276012-118278703
mmLM_36,mouse,LM,,chr10:53569600-53576000,NA
mmHSR_146,mouse,HSR,,chr10:54216200-54222900,NA
mmLM_37,mouse,LM,0.2,chr10:54588800-54619900,chr6:119764173-119778723
mmHSR_147,mouse,HSR,,chr10:55080400-55090500,NA
mmHSR_148,mouse,HSR,,chr10:55654500-55659600,NA
mmHSR_149,mouse,HSR,,chr10:55715600-55751000,NA
mmHSR_150,mouse,HSR,,chr10:55841700-55847900,NA
mmHSR_151,mouse,HSR,,chr10:56250200-56293900,NA
mmHSR_152,mouse,HSR,0.2,chr10:56701000-56728000,chr6:121741973-121750433
mmHSR_153,mouse,HSR,,chr10:56894100-56897300,NA
mmHSR_154,mouse,HSR,0.19,chr10:57099200-57153200,chr6:122127833-122148280
mmHSR_155,mouse,HSR,,chr10:57239100-57245400,NA
mmHSR_156,mouse,HSR,,chr10:57326900-57333900,NA
mmHSR_157,mouse,HSR,0.12,chr10:57434000-57456500,chr6:122352866-122372999
mmHSR_158,mouse,HSR,,chr10:57678600-57684900,NA
mmHSR_159,mouse,HSR,,chr10:57862800-58240900,NA
mmHSR_160,mouse,HSR,,chr10:58566200-58570900,NA
mmLM_38,mouse,LM,,chr10:59381400-59396800,NA
mmLM_39,mouse,LM,0.4,chr10:59850500-59922300,chr10:72308958-72380193
mmHSR_161,mouse,HSR,0.57,chr10:60444900-60446800,chr10:71667723-71669111
mmLM_40,mouse,LM,,chr10:60546600-60553100,NA
mmHSR_162,mouse,HSR,0.14,chr10:61373100-61375000,chr10:70490943-70499121
mmLM_41,mouse,LM,,chr10:63103900-63111200,NA
mmHSR_163,mouse,HSR,,chr10:63508800-63519000,NA
mmHSR_164,mouse,HSR,,chr10:63833800-63835000,NA
mmHSR_165,mouse,HSR,,chr10:64418600-64420000,NA
mmHSR_166,mouse,HSR,,chr10:65166300-65172600,NA
mmHSR_167,mouse,HSR,0.2,chr10:65450400-65477700,chr10:65359652-65377753
mmHSR_168,mouse,HSR,0.13,chr10:65638900-65670200,chr10:65096003-65125372
mmLM_42,mouse,LM,0.21,chr10:65938900-65956300,chr6:117831645-117835936
mmHSR_169,mouse,HSR,,chr10:66422900-66431000,NA
mmHSR_170,mouse,HSR,,chr10:66662400-66678300,NA
mmHSR_171,mouse,HSR,0.29,chr10:69030100-69065800,chr10:61079917-61111192
mmHSR_172,mouse,HSR,,chr10:70657500-70668500,NA
mmLM_43,mouse,LM,0.19,chr10:70785400-70798600,chr10:58970848-58973838
mmLM_44,mouse,LM,,chr10:71012700-71019200,NA
mmLM_45,mouse,LM,,chr10:71111600-71114200,NA
mmHSR_173,mouse,HSR,0.19,chr10:71510600-71637800,chr10:57952179-58023125
mmLM_46,mouse,LM,,chr10:71691300-71698600,NA
mmHSR_174,mouse,HSR,,chr10:72292400-72314300,NA
mmHSR_175,mouse,HSR,,chr10:72359200-72360700,NA
mmHSR_176,mouse,HSR,,chr10:72493500-72499200,NA
mmHSR_177,mouse,HSR,,chr10:72590700-72591900,NA
mmHSR_178,mouse,HSR,,chr10:72690900-72709500,NA
mmHSR_179,mouse,HSR,0.16,chr10:73378200-73380100,chr10:55330000-55330330
mmHSR_180,mouse,HSR,0.11,chr10:73576400-73601900,chr10:55039505-55047414
mmHSR_181,mouse,HSR,,chr10:74433300-74439500,NA
mmHSR_182,mouse,HSR,0.15,chr10:74655700-74672200,chr10:53785052-53791488
mmHSR_183,mouse,HSR,0.15,chr10:74715300-74746600,chr10:53716999-53723371
mmHSR_184,mouse,HSR,,chr10:74857500-74888000,NA
mmHSR_185,mouse,HSR,0.2,chr10:76835100-76852400,chr21:45787626-45792749
mmLM_47,mouse,LM,0.16,chr10:77950600-77979500,chr21:44338013-44364703
mmLM_48,mouse,LM,,chr10:78008300-78028800,NA
mmHSR_186,mouse,HSR,,chr10:78637000-78696000,NA
mmHSR_187,mouse,HSR,,chr10:78731500-78735800,NA
mmLM_49,mouse,LM,,chr10:78803500-78823100,NA
mmHSR_188,mouse,HSR,,chr10:79207800-79259400,NA
mmLM_50,mouse,LM,,chr10:79314000-79354000,NA
mmHSR_189,mouse,HSR,0.18,chr10:80102300-80116000,chr19:1173902-1205955
mmLM_51,mouse,LM,0.11,chr10:80928600-80996300,chr19:2474667-2496305
mmHSR_190,mouse,HSR,0.28,chr10:81167600-81199400,chr19:3942128-4007878
mmHSR_191,mouse,HSR,,chr10:81600900-81997900,NA
mmHSR_192,mouse,HSR,,chr10:82517500-82538800,NA
mmHSR_193,mouse,HSR,,chr10:82571100-82575200,NA
mmHSR_194,mouse,HSR,,chr10:82939800-82956300,NA
mmLM_52,mouse,LM,,chr10:83386600-83392400,NA
mmLM_53,mouse,LM,,chr10:83670800-83678100,NA
mmLM_54,mouse,LM,0.11,chr10:83768200-83792700,chr12:105379132-105402255
mmLM_55,mouse,LM,0.33,chr10:84155900-84180800,chr12:105860471-105884274
mmLM_56,mouse,LM,0.5,chr10:84436900-84473700,chr12:106134954-106181472
mmLM_57,mouse,LM,,chr10:84744500-84750100,NA
mmLM_58,mouse,LM,,chr10:85413200-85419700,NA
mmHSR_195,mouse,HSR,0.1,chr10:85696600-85732800,chr4:7043299-7057950
mmHSR_196,mouse,HSR,,chr10:85840200-85872500,NA
mmHSR_197,mouse,HSR,,chr10:86561700-86565700,NA
mmLM_59,mouse,LM,0.16,chr10:88628700-88658500,chr12:101516417-101554504
mmLM_60,mouse,LM,,chr10:88963900-88968200,NA
mmHSR_198,mouse,HSR,,chr10:89398700-89400100,NA
mmHSR_199,mouse,HSR,,chr10:89949700-89964500,NA
mmHSR_200,mouse,HSR,,chr10:90249000-90255300,NA
mmLM_61,mouse,LM,,chr10:90324500-90329800,NA
mmLM_62,mouse,LM,,chr10:90471200-90474200,NA
mmHSR_201,mouse,HSR,,chr10:91252200-91256900,NA
mmHSR_202,mouse,HSR,0.24,chr10:91928900-91944500,chr12:97752483-97757201
mmHSR_203,mouse,HSR,,chr10:92909200-92915800,NA
mmLM_63,mouse,LM,,chr10:94362500-94369300,NA
mmHSR_204,mouse,HSR,0.3,chr10:94591500-94610000,chr12:94545919-94566836
mmHSR_205,mouse,HSR,0.47,chr10:94871200-94873100,chr12:94218880-94219936
mmHSR_206,mouse,HSR,0.22,chr10:96068700-96078800,chr12:92739612-92743516
mmLM_64,mouse,LM,,chr10:96157200-96162600,NA
mmLM_65,mouse,LM,,chr10:96192400-96199800,NA
mmHSR_207,mouse,HSR,,chr10:97320500-97329700,NA
mmLM_66,mouse,LM,,chr10:97525500-97534200,NA
mmHSR_208,mouse,HSR,,chr10:97755000-97761200,NA
mmHSR_209,mouse,HSR,,chr10:97896600-97920300,NA
mmHSR_210,mouse,HSR,,chr10:98337800-98343700,NA
mmHSR_211,mouse,HSR,0.19,chr10:98433100-98444100,chr12:90159727-90166241
mmHSR_212,mouse,HSR,,chr10:100310500-100395900,NA
mmHSR_213,mouse,HSR,,chr10:102667700-102669600,NA
mmHSR_214,mouse,HSR,,chr10:102859800-102861500,NA
mmHSR_215,mouse,HSR,,chr10:103500200-103519100,NA
mmHSR_216,mouse,HSR,,chr10:103547000-103548600,NA
mmHSR_217,mouse,HSR,0.42,chr10:103569600-103575200,chr18:51845833-51848282
mmHSR_218,mouse,HSR,0.12,chr10:103600400-103684400,chr12:84698647-84737322
mmHSR_219,mouse,HSR,,chr10:103936700-103942500,NA
mmHSR_220,mouse,HSR,,chr10:104380700-104382300,NA
mmHSR_221,mouse,HSR,,chr10:104493600-104499800,NA
mmLM_67,mouse,LM,,chr10:104539700-104562500,NA
mmHSR_222,mouse,HSR,0.1,chr10:104748100-104771500,chr12:83538077-83542517
mmLM_68,mouse,LM,0.14,chr10:104819400-104862500,chr12:83472330-83480737
mmLM_69,mouse,LM,0.26,chr10:104966900-105001700,chr12:83346318-83362119
mmLM_70,mouse,LM,,chr10:105177000-105181900,NA
mmLM_71,mouse,LM,,chr10:105672500-105678000,NA
mmHSR_223,mouse,HSR,0.19,chr10:106166900-106235700,chr12:82002753-82053885
mmHSR_224,mouse,HSR,,chr10:106382800-106403000,NA
mmHSR_225,mouse,HSR,0.25,chr10:106427100-106453600,chr12:81774214-81791008
mmLM_72,mouse,LM,,chr10:106529600-106535200,NA
mmLM_73,mouse,LM,,chr10:107125500-107136900,NA
mmHSR_226,mouse,HSR,,chr10:107551800-107560700,NA
mmHSR_227,mouse,HSR,0.38,chr10:107845300-107863900,chr12:80266391-80281922
mmLM_74,mouse,LM,0.32,chr10:107978900-108006700,chr12:80097056-80117448
mmHSR_228,mouse,HSR,,chr10:109212600-109216800,NA
mmLM_75,mouse,LM,,chr10:109315100-109322400,NA
mmHSR_229,mouse,HSR,,chr10:109941600-109948000,NA
mmLM_76,mouse,LM,,chr10:110104900-110111300,NA
mmHSR_230,mouse,HSR,,chr10:110504500-110516000,NA
mmLM_77,mouse,LM,0.2,chr10:110667700-110700900,chr12:77118822-77142480
mmHSR_231,mouse,HSR,,chr10:111217500-111219000,NA
mmHSR_232,mouse,HSR,,chr10:112013700-112021700,NA
mmLM_78,mouse,LM,,chr10:112053500-112058400,NA
mmHSR_233,mouse,HSR,,chr10:112540600-112542100,NA
mmHSR_234,mouse,HSR,0.15,chr10:112587000-112611100,chr12:74913830-74919469
mmLM_79,mouse,LM,0.2,chr10:112682400-112722100,chr12:74776954-74819073
mmLM_80,mouse,LM,,chr10:113722600-113729800,NA
mmHSR_235,mouse,HSR,,chr10:114167300-114174900,NA
mmHSR_236,mouse,HSR,0.54,chr10:114736400-114738300,chr12:72335278-72337100
mmHSR_237,mouse,HSR,,chr10:114860600-114866900,NA
mmHSR_238,mouse,HSR,,chr10:115641300-115643100,NA
mmLM_81,mouse,LM,,chr10:116606200-116613400,NA
mmHSR_239,mouse,HSR,,chr10:116762000-116764200,NA
mmHSR_240,mouse,HSR,0.16,chr10:116878000-116879900,chr12:69838445-69838804
mmHSR_241,mouse,HSR,0.15,chr10:117476200-117491000,chr12:69094945-69105691
mmHSR_242,mouse,HSR,0.13,chr10:118014300-118033200,chr20:20355393-20358157
mmHSR_243,mouse,HSR,0.25,chr10:118054000-118076600,chr12:68388679-68402158
mmLM_82,mouse,LM,0.13,chr10:118199900-118279700,chr12:68229891-68257897
mmHSR_244,mouse,HSR,,chr10:118910200-118917100,NA
mmLM_83,mouse,LM,0.15,chr10:118937400-118953000,chr12:67579192-67583500
mmLM_84,mouse,LM,,chr10:119698800-119701600,NA
mmHSR_245,mouse,HSR,0.34,chr10:120974800-120977500,chr12:65171395-65173160
mmLM_85,mouse,LM,,chr10:121136000-121143400,NA
mmLM_86,mouse,LM,,chr10:121164700-121169300,NA
mmHSR_246,mouse,HSR,0.25,chr10:121566100-121580200,chr12:64460169-64480158
mmHSR_247,mouse,HSR,,chr10:121707800-121713500,NA
mmHSR_248,mouse,HSR,0.54,chr10:121762300-121769400,chr12:64173237-64178192
mmHSR_249,mouse,HSR,0.19,chr10:122141100-122166000,chr12:63493885-63522696
mmLM_87,mouse,LM,0.1,chr10:122346900-122371300,chr12:63227915-63247622
mmHSR_250,mouse,HSR,,chr10:122632400-122638000,NA
mmHSR_251,mouse,HSR,,chr10:122832900-122839300,NA
mmHSR_252,mouse,HSR,,chr10:123792900-123797100,NA
mmHSR_253,mouse,HSR,,chr10:124412900-124433300,NA
mmLM_88,mouse,LM,,chr10:124576300-124583500,NA
mmLM_89,mouse,LM,,chr10:124605700-124611000,NA
mmLM_90,mouse,LM,,chr10:124680500-124686200,NA
mmHSR_254,mouse,HSR,0.17,chr10:124760500-124788800,chr12:60265872-60285564
mmHSR_255,mouse,HSR,,chr10:125819500-125825700,NA
mmHSR_256,mouse,HSR,,chr10:125869000-125871400,NA
mmLM_91,mouse,LM,0.24,chr10:126262200-126291600,chr12:58569062-58583013
mmHSR_257,mouse,HSR,0.11,chr10:127779500-127797900,chr12:56951406-56955486
mmHSR_258,mouse,HSR,,chr10:129189500-129217200,NA
mmLM_92,mouse,LM,,chr10:129388700-129419600,NA
mmHSR_259,mouse,HSR,,chr10:129443000-129454800,NA
mmHSR_260,mouse,HSR,,chr10:129734500-129736400,NA
mmLM_93,mouse,LM,,chr10:129925300-129940600,NA
mmHSR_261,mouse,HSR,,chr10:130039500-130052900,NA
mmHSR_262,mouse,HSR,,chr10:130396900-130408000,NA
mmHSR_263,mouse,HSR,,chr10:130542000-130694900,NA
mmHSR_264,mouse,HSR,,chr11:0-3201000,NA
mmHSR_265,mouse,HSR,,chr11:5167600-5182600,NA
mmLM_94,mouse,LM,,chr11:5361500-5365400,NA
mmLM_95,mouse,LM,,chr11:5552700-5558200,NA
mmLM_96,mouse,LM,,chr11:6141300-6148700,NA
mmHSR_266,mouse,HSR,,chr11:7489400-7492300,NA
mmLM_97,mouse,LM,,chr11:7752300-7774500,NA
mmLM_98,mouse,LM,0.23,chr11:8058600-8083100,chr7:46884594-46900427
mmHSR_267,mouse,HSR,0.27,chr11:8354900-8370700,chr7:47217281-47228158
mmLM_99,mouse,LM,0.2,chr11:8907200-8936100,chr7:47865098-47881040
mmLM_100,mouse,LM,,chr11:9707900-9715100,NA
mmLM_101,mouse,LM,,chr11:9807600-9814200,NA
mmHSR_268,mouse,HSR,,chr11:10252000-10266800,NA
mmLM_102,mouse,LM,0.12,chr11:10760200-10770800,chr7:49467198-49468624
mmHSR_269,mouse,HSR,,chr11:11287200-11295100,NA
mmHSR_270,mouse,HSR,,chr11:12129400-12163100,NA
mmLM_103,mouse,LM,,chr11:12507200-12512700,NA
mmLM_104,mouse,LM,,chr11:12561900-12569100,NA
mmHSR_271,mouse,HSR,0.12,chr11:12750500-12802700,chr7:51613541-51628064
mmHSR_272,mouse,HSR,0.15,chr11:12856200-12863700,chr7:51695780-51697107
mmLM_105,mouse,LM,,chr11:12953900-12960700,NA
mmHSR_273,mouse,HSR,,chr11:14896500-14922100,NA
mmLM_106,mouse,LM,,chr11:15227600-15235000,NA
mmHSR_274,mouse,HSR,,chr11:16022400-16029000,NA
mmHSR_275,mouse,HSR,,chr11:16326500-16331700,NA
mmHSR_276,mouse,HSR,,chr11:16418200-16419600,NA
mmHSR_277,mouse,HSR,,chr11:16567100-16573100,NA
mmHSR_278,mouse,HSR,,chr11:17401400-17407800,NA
mmHSR_279,mouse,HSR,0.2,chr11:18330900-18342700,chr2:67074942-67078583
mmHSR_280,mouse,HSR,,chr11:18773800-18780100,NA
mmLM_107,mouse,LM,,chr11:19566100-19570600,NA
mmLM_108,mouse,LM,0.15,chr11:19788600-19809400,chr2:65587518-65599479
mmHSR_281,mouse,HSR,,chr11:20310000-20312000,NA
mmHSR_282,mouse,HSR,0.16,chr11:20377900-20380400,chr2:64928902-64929355
mmLM_109,mouse,LM,0.29,chr11:22322000-22340700,chr2:62675699-62687113
mmLM_110,mouse,LM,0.2,chr11:22395200-22432900,chr2:62577089-62625565
mmLM_111,mouse,LM,,chr11:22534700-22537000,NA
mmLM_112,mouse,LM,0.11,chr11:23218500-23258100,chr2:61536152-61558005
mmHSR_283,mouse,HSR,,chr11:23522600-23552900,NA
mmLM_113,mouse,LM,,chr11:24527400-24529500,NA
mmHSR_284,mouse,HSR,0.19,chr11:25196800-25217300,chr2:59415333-59420957
mmLM_114,mouse,LM,,chr11:25796400-25802200,NA
mmHSR_285,mouse,HSR,,chr11:26898500-26900500,NA
mmHSR_286,mouse,HSR,0.31,chr11:27525200-27541400,chr2:57189211-57205596
mmLM_115,mouse,LM,,chr11:28097200-28104500,NA
mmLM_116,mouse,LM,,chr11:29064100-29129900,NA
mmHSR_287,mouse,HSR,,chr11:29259900-29291300,NA
mmLM_117,mouse,LM,,chr11:29586000-29592400,NA
mmHSR_288,mouse,HSR,0.33,chr11:30511100-30535400,chr2:54259984-54294549
mmLM_118,mouse,LM,,chr11:31343800-31345700,NA
mmLM_119,mouse,LM,,chr11:33062300-33068800,NA
mmHSR_289,mouse,HSR,,chr11:34541000-34683100,NA
mmHSR_290,mouse,HSR,,chr11:37482400-37484900,NA
mmHSR_291,mouse,HSR,,chr11:40230800-40248400,NA
mmLM_120,mouse,LM,,chr11:40625500-40640300,NA
mmHSR_292,mouse,HSR,,chr11:40796600-40860600,NA
mmHSR_293,mouse,HSR,0.22,chr11:40887700-40915600,chr5:163278099-163301679
mmHSR_294,mouse,HSR,0.47,chr11:41631700-41633600,chr5:162496891-162497936
mmLM_121,mouse,LM,,chr11:43237300-43239300,NA
mmHSR_295,mouse,HSR,0.18,chr11:43286400-43329800,chr5:160527601-160546915
mmLM_122,mouse,LM,,chr11:43454800-43462300,NA
mmLM_123,mouse,LM,0.24,chr11:43659700-43682100,chr5:160119380-160134296
mmLM_124,mouse,LM,0.28,chr11:45584200-45655700,chr5:158097265-158129053
mmLM_125,mouse,LM,,chr11:46412300-46415000,NA
mmLM_126,mouse,LM,,chr11:46492800-46514400,NA
mmHSR_296,mouse,HSR,,chr11:47847500-47860600,NA
mmHSR_297,mouse,HSR,0.29,chr11:48451800-48536100,chr5:155194108-155263290
mmLM_127,mouse,LM,,chr11:48929800-49060400,NA
mmHSR_298,mouse,HSR,0.15,chr11:50445100-50469600,chr5:179484774-179491359
mmHSR_299,mouse,HSR,0.17,chr11:51437600-51456700,chr5:178394140-178415363
mmLM_128,mouse,LM,,chr11:51664900-51690400,NA
mmHSR_300,mouse,HSR,0.1,chr11:54135500-54141600,chr5:132188474-132189153
mmLM_129,mouse,LM,,chr11:54576500-54583300,NA
mmLM_130,mouse,LM,,chr11:55240500-55248100,NA
mmHSR_301,mouse,HSR,,chr11:56588500-56594500,NA
mmHSR_302,mouse,HSR,0.46,chr11:57301700-57303600,chr5:153780604-153784709
mmLM_131,mouse,LM,,chr11:60558900-60699000,NA
mmLM_132,mouse,LM,,chr11:61407400-61427800,NA
mmLM_133,mouse,LM,,chr11:61593700-61596500,NA
mmHSR_303,mouse,HSR,0.39,chr11:62879300-62901500,chr17:15536522-15563747
mmLM_134,mouse,LM,,chr11:63467600-63475000,NA
mmHSR_304,mouse,HSR,,chr11:64568100-64574200,NA
mmLM_135,mouse,LM,0.23,chr11:64681700-64683600,chr17:13341171-13342268
mmLM_136,mouse,LM,0.2,chr11:64791900-64827100,chr17:13205767-13232682
mmLM_137,mouse,LM,,chr11:65451700-65458800,NA
mmHSR_305,mouse,HSR,,chr11:66629900-66634100,NA
mmLM_138,mouse,LM,0.26,chr11:66947700-66958600,chr17:10802405-10805998
mmLM_139,mouse,LM,,chr11:67866400-67872800,NA
mmLM_140,mouse,LM,,chr11:70155800-70162400,NA
mmLM_141,mouse,LM,,chr11:71505700-71512100,NA
mmLM_142,mouse,LM,,chr11:71875200-71881700,NA
mmLM_143,mouse,LM,,chr11:73436900-73439100,NA
mmLM_144,mouse,LM,,chr11:74128800-74136200,NA
mmLM_145,mouse,LM,0.15,chr11:74199900-74226800,chr17:3206810-3217166
mmHSR_306,mouse,HSR,,chr11:74301700-74319600,NA
mmLM_146,mouse,LM,0.12,chr11:74540000-74548400,chr17:2827058-2829657
mmLM_147,mouse,LM,0.32,chr11:74884300-74899000,chr17:2335827-2343895
mmLM_148,mouse,LM,0.36,chr11:76828100-76868600,chr17:30366154-30391937
mmLM_149,mouse,LM,,chr11:77255000-77257100,NA
mmLM_150,mouse,LM,,chr11:79845100-79847300,NA
mmLM_151,mouse,LM,,chr11:79872400-79877100,NA
mmLM_152,mouse,LM,0.36,chr11:79917300-79920800,chr17:31841877-31843504
mmLM_153,mouse,LM,,chr11:81545400-81552800,NA
mmHSR_307,mouse,HSR,0.12,chr11:82123300-82144400,chr20:36047328-36050409
mmLM_154,mouse,LM,,chr11:82333900-82338400,NA
mmHSR_308,mouse,HSR,,chr11:83050300-83093600,NA
mmLM_155,mouse,LM,,chr11:83126000-83172300,NA
mmHSR_309,mouse,HSR,0.22,chr11:85046500-85067800,chr17:60252165-60272945
mmHSR_310,mouse,HSR,,chr11:85285400-85292700,NA
mmLM_156,mouse,LM,,chr11:88910900-88917600,NA
mmHSR_311,mouse,HSR,,chr11:88965900-88971900,NA
mmHSR_312,mouse,HSR,0.28,chr11:89080800-89101300,chr17:56779843-56806543
mmHSR_313,mouse,HSR,0.12,chr11:90504000-90510500,chr17:55120266-55129748
mmLM_157,mouse,LM,,chr11:90829400-90835000,NA
mmLM_158,mouse,LM,,chr11:90901700-90908400,NA
mmLM_159,mouse,LM,0.18,chr11:90958500-91026800,chr17:54559933-54608799
mmLM_160,mouse,LM,,chr11:91047200-91049300,NA
mmHSR_314,mouse,HSR,,chr11:92099000-92108200,NA
mmHSR_315,mouse,HSR,0.5,chr11:93409300-93428900,chr17:51808903-51825055
mmLM_161,mouse,LM,,chr11:94622900-94629900,NA
mmHSR_316,mouse,HSR,0.23,chr11:96065000-96093900,chr17:48878777-48908771
mmLM_162,mouse,LM,0.19,chr11:98586900-98673900,chr17:39927253-39975120
mmHSR_317,mouse,HSR,,chr11:99712600-99717300,NA
mmLM_163,mouse,LM,,chr11:100662800-100669700,NA
mmHSR_318,mouse,HSR,0.48,chr11:101731800-101741400,chr17:43482141-43495266
mmLM_164,mouse,LM,0.33,chr11:102992300-103049900,chr17:45021439-45087675
mmLM_165,mouse,LM,,chr11:104239000-104242600,NA
mmHSR_319,mouse,HSR,0.27,chr11:106028100-106037400,chr17:63545586-63550963
mmHSR_320,mouse,HSR,0.44,chr11:106254800-106297600,chr17:63826272-63866444
mmLM_166,mouse,LM,,chr11:106943500-106950100,NA
mmHSR_321,mouse,HSR,,chr11:107188200-107200400,NA
mmHSR_322,mouse,HSR,0.24,chr11:107281300-107283200,chr17:67595982-67596481
mmLM_167,mouse,LM,0.22,chr11:108377600-108404500,chr17:66223961-66255902
mmLM_168,mouse,LM,,chr11:108649800-108655400,NA
mmHSR_323,mouse,HSR,0.27,chr11:109010700-109024400,chr17:65443267-65449340
mmLM_169,mouse,LM,,chr11:109998500-110024600,NA
mmHSR_324,mouse,HSR,0.29,chr11:110421300-110423200,chr17:69434851-69436304
mmLM_170,mouse,LM,,chr11:111182400-111189800,NA
mmLM_171,mouse,LM,0.36,chr11:111215500-111234900,chr17:70310690-70323454
mmLM_172,mouse,LM,,chr11:111353300-111360000,NA
mmHSR_325,mouse,HSR,,chr11:111855400-111857100,NA
mmHSR_326,mouse,HSR,,chr11:112010600-112016400,NA
mmLM_173,mouse,LM,,chr11:114456300-114462800,NA
mmLM_174,mouse,LM,,chr11:115014300-115046900,NA
mmHSR_327,mouse,HSR,0.23,chr11:115611200-115665700,chr17:75269289-75343875
mmLM_175,mouse,LM,0.19,chr11:115754800-115766900,chr17:75455552-75459726
mmLM_176,mouse,LM,,chr11:116389300-116395200,NA
mmLM_177,mouse,LM,,chr11:116742700-116792800,NA
mmLM_178,mouse,LM,,chr11:117499800-117505100,NA
mmLM_179,mouse,LM,0.25,chr11:119299800-119340300,chr17:80146737-80204459
mmLM_180,mouse,LM,0.21,chr11:120305300-120357300,chr17:81481539-81523147
mmHSR_328,mouse,HSR,0.43,chr11:120515100-120644700,chr17:81800906-81938679
mmHSR_329,mouse,HSR,,chr11:121069800-121075100,NA
mmLM_181,mouse,LM,0.21,chr11:121203000-121207500,chr17:82415507-82419223
mmLM_182,mouse,LM,,chr11:121396100-121422700,NA
mmLM_183,mouse,LM,,chr11:121611900-121614000,NA
mmHSR_330,mouse,HSR,,chr11:121981400-122082500,NA
mmHSR_331,mouse,HSR,,chr12:0-3070900,NA
mmHSR_332,mouse,HSR,0.2,chr12:3102800-3111000,chr7:93043550-93045448
mmHSR_333,mouse,HSR,0.1,chr12:4110500-4112400,chr2:24943531-24943744
mmHSR_334,mouse,HSR,,chr12:4218500-4235300,NA
mmHSR_335,mouse,HSR,0.21,chr12:4751600-4790100,chr2:24114667-24142458
mmHSR_336,mouse,HSR,,chr12:5050300-5065400,NA
mmHSR_337,mouse,HSR,,chr12:6514000-6525100,NA
mmHSR_338,mouse,HSR,,chr12:6606500-6612600,NA
mmHSR_339,mouse,HSR,,chr12:7447300-7449900,NA
mmHSR_340,mouse,HSR,,chr12:7801900-7808600,NA
mmHSR_341,mouse,HSR,0.2,chr12:7925300-7939600,chr2:21075969-21093143
mmHSR_342,mouse,HSR,,chr12:8572000-8640600,NA
mmHSR_343,mouse,HSR,0.21,chr12:10693000-10704200,chr2:18268325-18273953
mmHSR_344,mouse,HSR,0.11,chr12:10961300-11004600,chr2:18042181-18058124
mmHSR_345,mouse,HSR,,chr12:11187600-11194100,NA
mmHSR_346,mouse,HSR,0.13,chr12:11642900-11658000,chr2:17352547-17355288
mmHSR_347,mouse,HSR,,chr12:12092500-12097600,NA
mmHSR_348,mouse,HSR,,chr12:14844600-14848200,NA
mmHSR_349,mouse,HSR,,chr12:15026600-15032400,NA
mmHSR_350,mouse,HSR,,chr12:15252700-15259600,NA
mmHSR_351,mouse,HSR,,chr12:15866100-15871800,NA
mmHSR_352,mouse,HSR,0.57,chr12:16746900-16748800,chr2:11548292-11549499
mmHSR_353,mouse,HSR,,chr12:17116400-17129400,NA
mmHSR_354,mouse,HSR,,chr12:17243500-17248500,NA
mmHSR_355,mouse,HSR,,chr12:18340700-18354800,NA
mmHSR_356,mouse,HSR,,chr12:18856500-18909700,NA
mmHSR_357,mouse,HSR,0.12,chr12:19312600-19413500,chr2:9188479-9213902
mmHSR_358,mouse,HSR,,chr12:19442600-19590100,NA
mmHSR_359,mouse,HSR,,chr12:19627700-19633600,NA
mmHSR_360,mouse,HSR,,chr12:19777500-19781600,NA
mmHSR_361,mouse,HSR,0.25,chr12:19879300-19901200,chr2:9199148-9207994
mmHSR_362,mouse,HSR,,chr12:19931800-19948600,NA
mmHSR_363,mouse,HSR,,chr12:20031900-20205100,NA
mmHSR_364,mouse,HSR,0.11,chr12:20225600-20298300,chr2:10404519-10427690
mmLM_184,mouse,LM,0.3,chr12:21914300-21916000,chr2:9190790-9191493
mmHSR_365,mouse,HSR,,chr12:21972100-21987900,NA
mmLM_185,mouse,LM,,chr12:22021600-22680500,NA
mmHSR_366,mouse,HSR,0.23,chr12:22896100-22902300,chr2:9211849-9213902
mmHSR_367,mouse,HSR,0.11,chr12:23140700-23225200,chr2:9200372-9213902
mmHSR_368,mouse,HSR,,chr12:23283500-24030600,NA
mmLM_186,mouse,LM,0.11,chr12:24295300-24365100,chr2:10404258-10427690
mmHSR_369,mouse,HSR,0.16,chr12:24692300-24727100,chr2:10097372-10144790
mmLM_187,mouse,LM,,chr12:25591800-25595300,NA
mmHSR_370,mouse,HSR,,chr12:25840400-25842100,NA
mmHSR_371,mouse,HSR,0.37,chr12:27556800-27592000,chr2:5378403-5423063
mmHSR_372,mouse,HSR,,chr12:28491400-28494000,NA
mmHSR_373,mouse,HSR,0.33,chr12:28954800-28964000,chr2:3059535-3073222
mmHSR_374,mouse,HSR,,chr12:29379500-29400800,NA
mmHSR_375,mouse,HSR,0.13,chr12:30965100-31016300,chr2:174192-212015
mmLM_188,mouse,LM,0.26,chr12:32020400-32032500,chr7:107080045-107086452
mmHSR_376,mouse,HSR,,chr12:32217700-32219200,NA
mmLM_189,mouse,LM,,chr12:33388100-33410100,NA
mmHSR_377,mouse,HSR,0.3,chr12:33748900-33771800,chr7:19329788-19349932
mmHSR_378,mouse,HSR,0.29,chr12:33869500-33880600,chr7:19200558-19204743
mmHSR_379,mouse,HSR,,chr12:34056800-34074100,NA
mmHSR_380,mouse,HSR,0.45,chr12:34128700-34139700,chr7:18908617-18917534
mmLM_190,mouse,LM,,chr12:34623000-34629000,NA
mmHSR_381,mouse,HSR,0.11,chr12:35783900-35814400,chr7:16999086-17013018
mmHSR_382,mouse,HSR,0.13,chr12:36099400-36107200,chr7:16697968-16699122
mmLM_191,mouse,LM,0.37,chr12:36679100-36700200,chr7:16082357-16098873
mmHSR_383,mouse,HSR,,chr12:36952200-36957900,NA
mmHSR_384,mouse,HSR,,chr12:38746900-38749300,NA
mmHSR_385,mouse,HSR,0.13,chr12:41363500-41385500,chr7:111190851-111196501
mmHSR_386,mouse,HSR,0.46,chr12:41502600-41516100,chr7:111068805-111077312
mmHSR_387,mouse,HSR,0.37,chr12:41860000-41870200,chr7:110766939-110772737
mmHSR_388,mouse,HSR,,chr12:42124500-42126300,NA
mmHSR_389,mouse,HSR,,chr12:42437900-42443400,NA
mmHSR_390,mouse,HSR,0.1,chr12:42666800-42690800,chr7:110087909-110095634
mmHSR_391,mouse,HSR,0.26,chr12:43335600-43349300,chr7:109443979-109460381
mmHSR_392,mouse,HSR,0.18,chr12:43659100-43675300,chr7:109075916-109081330
mmHSR_393,mouse,HSR,0.31,chr12:43953900-43986900,chr7:108795224-108811751
mmHSR_394,mouse,HSR,,chr12:44064500-44070600,NA
mmLM_192,mouse,LM,,chr12:44765600-44795900,NA
mmHSR_395,mouse,HSR,,chr12:45768700-45773700,NA
mmHSR_396,mouse,HSR,,chr12:45949200-45962200,NA
mmHSR_397,mouse,HSR,0.23,chr12:46707000-46709200,chr14:26465592-26466182
mmHSR_398,mouse,HSR,0.24,chr12:47027300-47039300,chr14:26789046-26792663
mmHSR_399,mouse,HSR,,chr12:47280500-47286800,NA
mmHSR_400,mouse,HSR,0.12,chr12:47328600-47331300,chr10:34605503-34605856
mmHSR_401,mouse,HSR,,chr12:47646800-47648300,NA
mmHSR_402,mouse,HSR,,chr12:47833000-47834900,NA
mmHSR_403,mouse,HSR,,chr12:47995600-47997600,NA
mmHSR_404,mouse,HSR,,chr12:48842900-48849500,NA
mmHSR_405,mouse,HSR,,chr12:49124800-49155700,NA
mmHSR_406,mouse,HSR,,chr12:49245200-49272100,NA
mmHSR_407,mouse,HSR,,chr12:49606200-49612000,NA
mmHSR_408,mouse,HSR,,chr12:50784600-50789900,NA
mmHSR_409,mouse,HSR,,chr12:51486000-51492000,NA
mmHSR_410,mouse,HSR,0.11,chr12:52157900-52176400,chr14:31649536-31657847
mmHSR_411,mouse,HSR,0.1,chr12:52200400-52223200,chr14:31716790-31719827
mmHSR_412,mouse,HSR,,chr12:52579600-52581200,NA
mmLM_193,mouse,LM,,chr12:52730000-52735400,NA
mmHSR_413,mouse,HSR,0.64,chr12:52906200-52952300,chr14:32570135-32614889
mmHSR_414,mouse,HSR,0.22,chr12:54358500-54369200,chr14:34102991-34105792
mmHSR_415,mouse,HSR,,chr12:54705400-54743600,NA
mmLM_194,mouse,LM,,chr12:55079600-55267300,NA
mmLM_195,mouse,LM,,chr12:56104100-56110600,NA
mmHSR_416,mouse,HSR,,chr12:56423700-56425000,NA
mmHSR_417,mouse,HSR,,chr12:56747800-56752200,NA
mmHSR_418,mouse,HSR,,chr12:56911000-56914000,NA
mmHSR_419,mouse,HSR,0.29,chr12:58294800-58339800,chr14:38291691-38339248
mmHSR_420,mouse,HSR,0.25,chr12:58659000-58692900,chr14:38743412-38755375
mmHSR_421,mouse,HSR,,chr12:58858800-58867600,NA
mmLM_196,mouse,LM,,chr12:59034800-59039300,NA
mmHSR_422,mouse,HSR,,chr12:59112800-59124700,NA
mmHSR_423,mouse,HSR,,chr12:59270000-59276700,NA
mmHSR_424,mouse,HSR,,chr12:59297800-59323200,NA
mmHSR_425,mouse,HSR,,chr12:59601000-59605800,NA
mmHSR_426,mouse,HSR,0.17,chr12:60069500-60084400,chr14:40199097-40207120
mmHSR_427,mouse,HSR,,chr12:60501200-60506200,NA
mmHSR_428,mouse,HSR,,chr12:61044200-61045300,NA
mmHSR_429,mouse,HSR,,chr12:61289100-61293700,NA
mmHSR_430,mouse,HSR,,chr12:61892600-61896100,NA
mmHSR_431,mouse,HSR,,chr12:61964500-61971300,NA
mmHSR_432,mouse,HSR,,chr12:62035300-62090200,NA
mmHSR_433,mouse,HSR,,chr12:62959800-62999500,NA
mmHSR_434,mouse,HSR,,chr12:63041800-63048200,NA
mmHSR_435,mouse,HSR,,chr12:63289500-63322400,NA
mmHSR_436,mouse,HSR,0.14,chr12:63728400-63745100,chr14:43785259-43797025
mmHSR_437,mouse,HSR,,chr12:63838200-63840100,NA
mmHSR_438,mouse,HSR,,chr12:65260100-65292400,NA
mmHSR_439,mouse,HSR,,chr12:65784500-65808300,NA
mmHSR_440,mouse,HSR,0.14,chr12:66103800-66127200,chr14:46445144-46454617
mmHSR_441,mouse,HSR,0.44,chr12:67058200-67060800,chr14:47503995-47507240
mmHSR_442,mouse,HSR,0.14,chr12:67433500-67459300,chr14:47947296-47959843
mmHSR_443,mouse,HSR,0.11,chr12:67519200-67571500,chr14:48002818-48010758
mmHSR_444,mouse,HSR,,chr12:67828900-67836600,NA
mmHSR_445,mouse,HSR,0.2,chr12:68696500-68711800,chr14:49163765-49167840
mmLM_197,mouse,LM,,chr12:68745100-68750600,NA
mmHSR_446,mouse,HSR,,chr12:69059900-69061300,NA
mmHSR_447,mouse,HSR,,chr12:69653100-69657800,NA
mmLM_198,mouse,LM,0.28,chr12:70641800-70668400,chr14:51472648-51485867
mmLM_199,mouse,LM,,chr12:71077100-71093600,NA
mmHSR_448,mouse,HSR,,chr12:71589600-71596000,NA
mmHSR_449,mouse,HSR,,chr12:72203000-72209300,NA
mmHSR_450,mouse,HSR,,chr12:72634700-72641300,NA
mmHSR_451,mouse,HSR,0.11,chr12:74620800-74642100,chr14:62452795-62455382
mmHSR_452,mouse,HSR,,chr12:74775800-74778200,NA
mmHSR_453,mouse,HSR,,chr12:74803000-74805400,NA
mmHSR_454,mouse,HSR,,chr12:74857200-74862700,NA
mmHSR_455,mouse,HSR,,chr12:75241800-75248400,NA
mmHSR_456,mouse,HSR,,chr12:77160700-77166000,NA
mmHSR_457,mouse,HSR,0.22,chr12:77383500-77411300,chr14:65624297-65663009
mmHSR_458,mouse,HSR,,chr12:77547200-77553900,NA
mmHSR_459,mouse,HSR,,chr12:78260000-78373200,NA
mmHSR_460,mouse,HSR,,chr12:78462400-78468500,NA
mmHSR_461,mouse,HSR,0.18,chr12:80417200-80449700,chr14:69147329-69178964
mmHSR_462,mouse,HSR,,chr12:80894500-80916600,NA
mmHSR_463,mouse,HSR,,chr12:81550400-81555100,NA
mmLM_200,mouse,LM,,chr12:81985400-82064000,NA
mmHSR_464,mouse,HSR,,chr12:83093000-83094900,NA
mmHSR_465,mouse,HSR,,chr12:85401000-85408600,NA
mmLM_201,mouse,LM,,chr12:87585600-87771500,NA
mmHSR_466,mouse,HSR,,chr12:87802800-88006400,NA
mmLM_202,mouse,LM,,chr12:88119800-88169700,NA
mmHSR_467,mouse,HSR,,chr12:88229600-88312400,NA
mmLM_203,mouse,LM,0.12,chr12:88493200-88516700,chr14:77975490-77979447
mmHSR_468,mouse,HSR,0.33,chr12:91221400-91256000,chr14:80752355-80778330
mmHSR_469,mouse,HSR,0.13,chr12:91439200-91475500,chr14:81013426-81030419
mmLM_204,mouse,LM,,chr12:92393800-92395800,NA
mmHSR_470,mouse,HSR,0.24,chr12:92839700-92892700,chr14:82522372-82571714
mmHSR_471,mouse,HSR,0.19,chr12:93233800-93265600,chr14:82946769-82968056
mmHSR_472,mouse,HSR,0.2,chr12:93564200-93590500,chr14:83310889-83328163
mmHSR_473,mouse,HSR,0.23,chr12:93915400-93951600,chr14:83750883-83774007
mmHSR_474,mouse,HSR,,chr12:94268500-94273900,NA
mmHSR_475,mouse,HSR,,chr12:94550200-94556100,NA
mmHSR_476,mouse,HSR,0.15,chr12:94694300-94713700,chr14:84546122-84549560
mmHSR_477,mouse,HSR,0.21,chr12:95976100-96021400,chr14:85782392-85814618
mmHSR_478,mouse,HSR,0.33,chr12:97038100-97062700,chr14:86816935-86830365
mmHSR_479,mouse,HSR,,chr12:97616600-97622400,NA
mmHSR_480,mouse,HSR,,chr12:98173700-98176600,NA
mmHSR_481,mouse,HSR,,chr12:99644200-99649400,NA
mmHSR_482,mouse,HSR,,chr12:100490600-100492300,NA
mmHSR_483,mouse,HSR,0.24,chr12:100766900-100825300,chr14:91101192-91158589
mmHSR_484,mouse,HSR,,chr12:101427900-101453500,NA
mmHSR_485,mouse,HSR,0.33,chr12:101839700-101849500,chr14:91971832-91977301
mmHSR_486,mouse,HSR,,chr12:102892000-102893900,NA
mmHSR_487,mouse,HSR,,chr12:103458100-103472900,NA
mmHSR_488,mouse,HSR,,chr12:103776900-103813700,NA
mmHSR_489,mouse,HSR,,chr12:105300300-105307000,NA
mmHSR_490,mouse,HSR,,chr12:105435200-105437100,NA
mmHSR_491,mouse,HSR,0.24,chr12:105523800-105525700,chr14:96138522-96139027
mmHSR_492,mouse,HSR,,chr12:105628200-105631400,NA
mmHSR_493,mouse,HSR,,chr12:108078800-108084400,NA
mmLM_205,mouse,LM,,chr12:109901900-109909200,NA
mmHSR_494,mouse,HSR,,chr12:110011800-110013700,NA
mmHSR_495,mouse,HSR,0.38,chr12:111388200-111417100,chr14:103070144-103094234
mmHSR_496,mouse,HSR,0.24,chr12:112542200-112548700,chr14:104639056-104645232
mmLM_206,mouse,LM,0.57,chr12:112775700-112830900,chr14:104941016-105021424
mmHSR_497,mouse,HSR,0.17,chr12:113423500-113461500,chr14:105856959-105865965
mmHSR_498,mouse,HSR,,chr12:114584600-114597100,NA
mmHSR_499,mouse,HSR,,chr12:114941500-114943900,NA
mmHSR_500,mouse,HSR,,chr12:115725800-115748700,NA
mmHSR_501,mouse,HSR,0.13,chr12:116796500-116853000,chr7:158186673-158253173
mmHSR_502,mouse,HSR,0.12,chr12:118341100-118358400,chr7:21372504-21376361
mmHSR_503,mouse,HSR,,chr12:118794900-118797400,NA
mmHSR_504,mouse,HSR,,chr12:119013600-119018100,NA
mmHSR_505,mouse,HSR,,chr12:119554500-119598100,NA
mmHSR_506,mouse,HSR,,chr12:119659100-119670900,NA
mmHSR_507,mouse,HSR,,chr12:120023800-120129000,NA
mmHSR_508,mouse,HSR,,chr13:0-3038200,NA
mmHSR_509,mouse,HSR,,chr13:3350900-3378900,NA
mmHSR_510,mouse,HSR,,chr13:3404500-3438200,NA
mmLM_207,mouse,LM,,chr13:3901100-3903100,NA
mmHSR_511,mouse,HSR,,chr13:4762900-4770300,NA
mmHSR_512,mouse,HSR,,chr13:5171400-5178400,NA
mmHSR_513,mouse,HSR,,chr13:7601300-7604100,NA
mmHSR_514,mouse,HSR,,chr13:7806100-7810900,NA
mmHSR_515,mouse,HSR,,chr13:7893500-7899700,NA
mmHSR_516,mouse,HSR,,chr13:9828900-9855900,NA
mmLM_208,mouse,LM,,chr13:10174800-10181100,NA
mmHSR_517,mouse,HSR,,chr13:12684400-13073000,NA
mmHSR_518,mouse,HSR,0.25,chr13:13752100-13774000,chr1:235666915-235697114
mmHSR_519,mouse,HSR,,chr13:13859900-13907900,NA
mmHSR_520,mouse,HSR,0.23,chr13:13981000-13983000,chr1:235477159-235479695
mmLM_209,mouse,LM,,chr13:14690600-14777500,NA
mmLM_210,mouse,LM,0.34,chr13:18932700-18963600,chr7:38619694-38636574
mmLM_211,mouse,LM,,chr13:21753300-21847200,NA
mmLM_212,mouse,LM,0.17,chr13:23620800-23647900,chr6:26144166-26158452
mmHSR_521,mouse,HSR,0.17,chr13:25006900-25051500,chr6:24363921-24408070
mmHSR_522,mouse,HSR,,chr13:26440600-26448200,NA
mmHSR_523,mouse,HSR,,chr13:27164600-27169100,NA
mmHSR_524,mouse,HSR,,chr13:27875800-27888500,NA
mmLM_213,mouse,LM,,chr13:29880700-29886800,NA
mmHSR_525,mouse,HSR,,chr13:32889400-32895200,NA
mmHSR_526,mouse,HSR,,chr13:33280200-33319400,NA
mmHSR_527,mouse,HSR,,chr13:33350500-33491800,NA
mmHSR_528,mouse,HSR,,chr13:35687400-35695700,NA
mmHSR_529,mouse,HSR,,chr13:36794200-36797400,NA
mmHSR_530,mouse,HSR,,chr13:37036700-37043900,NA
mmLM_214,mouse,LM,0.44,chr13:38633900-38659300,chr6:8063661-8102702
mmHSR_531,mouse,HSR,0.49,chr13:42435800-42437700,chr6:12430106-12431773
mmHSR_532,mouse,HSR,0.25,chr13:44868600-44870900,chr6:15444698-15445398
mmHSR_533,mouse,HSR,,chr13:46316600-46324000,NA
mmHSR_534,mouse,HSR,,chr13:50633400-50741800,NA
mmHSR_535,mouse,HSR,,chr13:53269000-53270900,NA
mmHSR_536,mouse,HSR,0.33,chr13:60675600-60682600,chr9:87582272-87587409
mmLM_215,mouse,LM,,chr13:62291600-62346800,NA
mmHSR_537,mouse,HSR,,chr13:62409800-62426300,NA
mmHSR_538,mouse,HSR,0.38,chr13:63142500-63184600,chr9:94911343-94944967
mmHSR_539,mouse,HSR,,chr13:64878100-64885300,NA
mmLM_216,mouse,LM,,chr13:65352900-66254300,NA
mmHSR_540,mouse,HSR,,chr13:71381400-71387500,NA
mmHSR_541,mouse,HSR,,chr13:74521500-74565200,NA
mmHSR_542,mouse,HSR,0.32,chr13:74684000-74712200,chr5:96764152-96776936
mmHSR_543,mouse,HSR,0.12,chr13:76472300-76501300,chr5:95193080-95203333
mmHSR_544,mouse,HSR,,chr13:77304000-77305900,NA
mmHSR_545,mouse,HSR,0.26,chr13:77430600-77440000,chr5:94279568-94282406
mmHSR_546,mouse,HSR,,chr13:79563400-79570800,NA
mmHSR_547,mouse,HSR,,chr13:80276300-80279400,NA
mmHSR_548,mouse,HSR,,chr13:80489100-80491400,NA
mmHSR_549,mouse,HSR,0.29,chr13:83419000-83444300,chr5:88959044-88970323
mmHSR_550,mouse,HSR,,chr13:85125800-85145900,NA
mmHSR_551,mouse,HSR,0.11,chr13:86149500-86190600,chr5:86534455-86554948
mmHSR_552,mouse,HSR,,chr13:86502700-86511700,NA
mmHSR_553,mouse,HSR,,chr13:88324900-88345400,NA
mmLM_217,mouse,LM,0.13,chr13:92599100-92625400,chr5:80254259-80262072
mmHSR_554,mouse,HSR,,chr13:93279200-93294800,NA
mmHSR_555,mouse,HSR,,chr13:93650100-93651500,NA
mmHSR_556,mouse,HSR,0.47,chr13:93940300-93955300,chr5:78759326-78780821
mmHSR_557,mouse,HSR,,chr13:94016300-94020800,NA
mmHSR_558,mouse,HSR,0.28,chr13:97189600-97206100,chr5:74672551-74696398
mmLM_218,mouse,LM,,chr13:98418200-98420500,NA
mmHSR_559,mouse,HSR,0.39,chr13:99774000-99792100,chr5:71833312-71845268
mmHSR_560,mouse,HSR,,chr13:102381900-102387900,NA
mmLM_219,mouse,LM,,chr13:105123500-105128600,NA
mmLM_220,mouse,LM,0.54,chr13:107839000-107860300,chr5:61370781-61400460
mmHSR_561,mouse,HSR,,chr13:110602100-110615800,NA
mmHSR_562,mouse,HSR,0.39,chr13:110729600-110745400,chr5:58021812-58035667
mmHSR_563,mouse,HSR,,chr13:111187700-111189500,NA
mmLM_221,mouse,LM,,chr13:111499700-111515900,NA
mmHSR_564,mouse,HSR,0.29,chr13:112577200-112595200,chr5:55818630-55836454
mmHSR_565,mouse,HSR,0.81,chr13:113171200-113173100,chr5:55031417-55034429
mmHSR_566,mouse,HSR,0.16,chr13:113272600-113310700,chr5:54874263-54891186
mmHSR_567,mouse,HSR,,chr13:115498200-115504200,NA
mmLM_222,mouse,LM,0.35,chr13:115741300-115743200,chr5:51934395-51935116
mmHSR_568,mouse,HSR,0.26,chr13:116191900-116193900,chr5:51473352-51473917
mmHSR_569,mouse,HSR,0.11,chr13:119188100-119230700,chr5:43860740-43871296
mmHSR_570,mouse,HSR,,chr13:119486800-119618500,NA
mmHSR_571,mouse,HSR,,chr13:119660800-119674100,NA
mmLM_223,mouse,LM,,chr13:119899200-120147600,NA
mmHSR_572,mouse,HSR,,chr13:120320500-120421600,NA
mmHSR_573,mouse,HSR,,chr14:0-4323000,NA
mmHSR_574,mouse,HSR,,chr14:4372100-4741400,NA
mmHSR_575,mouse,HSR,,chr14:4762800-5839200,NA
mmHSR_576,mouse,HSR,,chr14:5959700-6479300,NA
mmHSR_577,mouse,HSR,,chr14:6500100-6791800,NA
mmHSR_578,mouse,HSR,,chr14:6993800-7734200,NA
mmHSR_579,mouse,HSR,,chr14:7869900-7872200,NA
mmHSR_580,mouse,HSR,0.33,chr14:8005200-8018900,chr3:58239201-58250760
mmHSR_581,mouse,HSR,,chr14:8285700-8287800,NA
mmLM_224,mouse,LM,,chr14:8652200-8658800,NA
mmHSR_582,mouse,HSR,,chr14:10086500-10118400,NA
mmLM_225,mouse,LM,0.44,chr14:10178800-10198700,chr3:60305191-60317352
mmHSR_583,mouse,HSR,,chr14:11046200-11050200,NA
mmHSR_584,mouse,HSR,0.27,chr14:12536700-12538700,chr3:62574131-62574836
mmHSR_585,mouse,HSR,,chr14:14333600-14340200,NA
mmHSR_586,mouse,HSR,,chr14:15460700-15467200,NA
mmHSR_587,mouse,HSR,,chr14:16907800-16914000,NA
mmHSR_588,mouse,HSR,,chr14:16937900-16941100,NA
mmHSR_589,mouse,HSR,,chr14:18487900-18494100,NA
mmHSR_590,mouse,HSR,,chr14:19251900-19255700,NA
mmHSR_591,mouse,HSR,,chr14:19277200-19279100,NA
mmHSR_592,mouse,HSR,,chr14:19414800-19633500,NA
mmHSR_593,mouse,HSR,,chr14:21360400-21366100,NA
mmHSR_594,mouse,HSR,,chr14:21878600-21884500,NA
mmHSR_595,mouse,HSR,0.68,chr14:22542900-22570000,chr10:76002077-76027974
mmHSR_596,mouse,HSR,0.73,chr14:22902100-22934800,chr10:76394537-76432268
mmHSR_597,mouse,HSR,,chr14:25875200-26292200,NA
mmHSR_598,mouse,HSR,0.53,chr14:26946900-26948800,chr3:57250070-57252453
mmLM_226,mouse,LM,,chr14:29001300-29003200,NA
mmLM_227,mouse,LM,,chr14:29343900-29345700,NA
mmHSR_599,mouse,HSR,,chr14:30748800-30754700,NA
mmHSR_600,mouse,HSR,,chr14:31919300-31923900,NA
mmLM_228,mouse,LM,,chr14:32115300-32120500,NA
mmLM_229,mouse,LM,,chr14:33667700-33670000,NA
mmLM_230,mouse,LM,,chr14:33981000-33987500,NA
mmHSR_601,mouse,HSR,,chr14:35275300-35281500,NA
mmHSR_602,mouse,HSR,,chr14:35709400-35722200,NA
mmHSR_603,mouse,HSR,,chr14:36429100-36440100,NA
mmLM_231,mouse,LM,0.27,chr14:37229100-37260800,chr10:84004842-84028871
mmLM_232,mouse,LM,,chr14:37619400-37635200,NA
mmHSR_604,mouse,HSR,0.2,chr14:38086800-38116800,chr10:83228881-83246843
mmHSR_605,mouse,HSR,,chr14:38280800-38283100,NA
mmLM_233,mouse,LM,,chr14:38455100-38462200,NA
mmHSR_606,mouse,HSR,,chr14:39580800-39607200,NA
mmHSR_607,mouse,HSR,,chr14:39731900-39737200,NA
mmHSR_608,mouse,HSR,,chr14:39905500-39911100,NA
mmLM_234,mouse,LM,,chr14:41053200-41061900,NA
mmHSR_609,mouse,HSR,,chr14:41326900-43109000,NA
mmHSR_610,mouse,HSR,,chr14:43132400-43668900,NA
mmHSR_611,mouse,HSR,,chr14:43803900-43850200,NA
mmHSR_612,mouse,HSR,,chr14:44149300-44152100,NA
mmHSR_613,mouse,HSR,,chr14:44273800-44343500,NA
mmLM_235,mouse,LM,,chr14:44514200-44516000,NA
mmHSR_614,mouse,HSR,0.16,chr14:45726200-45753500,chr14:53235564-53271868
mmHSR_615,mouse,HSR,0.34,chr14:45811900-45813800,chr14:53353539-53354436
mmHSR_616,mouse,HSR,,chr14:46269900-46274300,NA
mmHSR_617,mouse,HSR,,chr14:47609500-47630400,NA
mmHSR_618,mouse,HSR,,chr14:50538900-50606000,NA
mmHSR_619,mouse,HSR,,chr14:50626200-50638500,NA
mmHSR_620,mouse,HSR,,chr14:51472000-51515400,NA
mmHSR_621,mouse,HSR,0.17,chr14:51730700-51768100,chr7:92830059-92839285
mmHSR_622,mouse,HSR,,chr14:51814200-51837200,NA
mmLM_236,mouse,LM,,chr14:52821200-53035800,NA
mmHSR_623,mouse,HSR,,chr14:53146700-53340000,NA
mmHSR_624,mouse,HSR,,chr14:53475200-53479600,NA
mmLM_237,mouse,LM,,chr14:53515600-53530500,NA
mmHSR_625,mouse,HSR,,chr14:56447800-56455700,NA
mmHSR_626,mouse,HSR,0.17,chr14:56693100-56695000,chr13:19668296-19668834
mmLM_238,mouse,LM,,chr14:58052600-58059800,NA
mmLM_239,mouse,LM,,chr14:58462700-58464600,NA
mmHSR_627,mouse,HSR,0.44,chr14:58657800-58659700,chr13:22236648-22238008
mmHSR_628,mouse,HSR,,chr14:58831400-58833300,NA
mmHSR_629,mouse,HSR,,chr14:59250300-59270000,NA
mmHSR_630,mouse,HSR,,chr14:59488900-59490800,NA
mmHSR_631,mouse,HSR,0.13,chr14:59980800-59995700,chr9:93670849-93672935
mmHSR_632,mouse,HSR,0.11,chr14:60328300-60357300,chr13:25197228-25205748
mmLM_240,mouse,LM,,chr14:60960000-60961900,NA
mmHSR_633,mouse,HSR,,chr14:61580500-61586700,NA
mmHSR_634,mouse,HSR,,chr14:61855000-61856300,NA
mmHSR_635,mouse,HSR,0.38,chr14:62107300-62126200,chr13:50607723-50619031
mmHSR_636,mouse,HSR,,chr14:64290100-64292500,NA
mmLM_241,mouse,LM,0.13,chr14:64463300-64478500,chr8:10016163-10024388
mmLM_242,mouse,LM,,chr14:65128900-65135300,NA
mmHSR_637,mouse,HSR,,chr14:66427000-66428400,NA
mmHSR_638,mouse,HSR,0.27,chr14:68232600-68278200,chr8:24755546-24792748
mmHSR_639,mouse,HSR,0.13,chr14:69161000-69163400,chr8:23714494-23714829
mmHSR_640,mouse,HSR,,chr14:70974500-70975600,NA
mmHSR_641,mouse,HSR,,chr14:71121300-71126700,NA
mmHSR_642,mouse,HSR,,chr14:71449700-71453700,NA
mmHSR_643,mouse,HSR,0.22,chr14:71783600-71804000,chr8:20916361-20927374
mmHSR_644,mouse,HSR,0.11,chr14:72900100-72921400,chr10:91278326-91280948
mmHSR_645,mouse,HSR,0.17,chr14:73644600-73679900,chr13:47866372-47881086
mmHSR_646,mouse,HSR,0.19,chr14:73847900-73861200,chr13:47687487-47690398
mmHSR_647,mouse,HSR,0.36,chr14:74039300-74066900,chr13:47461948-47485460
mmHSR_648,mouse,HSR,,chr14:74124400-74138500,NA
mmHSR_649,mouse,HSR,,chr14:74435600-74447800,NA
mmHSR_650,mouse,HSR,0.14,chr14:75425300-75440500,chr13:45866477-45872003
mmHSR_651,mouse,HSR,,chr14:78162300-78168200,NA
mmHSR_652,mouse,HSR,,chr14:78401700-78403200,NA
mmHSR_653,mouse,HSR,0.38,chr14:79145300-79196400,chr13:41576274-41631712
mmHSR_654,mouse,HSR,,chr14:80148100-80150800,NA
mmHSR_655,mouse,HSR,0.35,chr14:80422800-80439400,chr13:53397935-53404243
mmHSR_656,mouse,HSR,,chr14:80622600-80627700,NA
mmHSR_657,mouse,HSR,,chr14:81333200-81337500,NA
mmHSR_658,mouse,HSR,0.14,chr14:81495300-81519300,chr13:54436235-54451626
mmHSR_659,mouse,HSR,,chr14:82077600-82084900,NA
mmHSR_660,mouse,HSR,,chr14:82846900-82867200,NA
mmHSR_661,mouse,HSR,,chr14:82958700-82964100,NA
mmHSR_662,mouse,HSR,0.14,chr14:83292900-83306500,chr13:56412392-56414701
mmHSR_663,mouse,HSR,,chr14:83507000-83512600,NA
mmHSR_664,mouse,HSR,0.19,chr14:84354700-84409800,chr13:57583322-57607251
mmLM_243,mouse,LM,0.15,chr14:84855100-84881600,chr13:58030928-58036196
mmLM_244,mouse,LM,0.14,chr14:85177800-85203300,chr13:58328766-58350412
mmLM_245,mouse,LM,,chr14:85521200-85535200,NA
mmHSR_665,mouse,HSR,0.62,chr14:86198000-86200000,chr13:59228948-59230340
mmHSR_666,mouse,HSR,0.22,chr14:86590500-86614400,chr13:59627411-59634780
mmHSR_667,mouse,HSR,0.17,chr14:87354600-87373000,chr13:60364687-60372531
mmHSR_668,mouse,HSR,,chr14:87671400-87677500,NA
mmHSR_669,mouse,HSR,0.12,chr14:87790500-87852200,chr13:60808204-60826569
mmHSR_670,mouse,HSR,,chr14:88450200-88453600,NA
mmHSR_671,mouse,HSR,0.52,chr14:88478400-88480300,chr13:61422437-61424178
mmHSR_672,mouse,HSR,,chr14:90018300-90019500,NA
mmHSR_673,mouse,HSR,,chr14:90294700-90301800,NA
mmHSR_674,mouse,HSR,0.22,chr14:90910200-90912200,chr13:64414243-64414712
mmHSR_675,mouse,HSR,,chr14:91415900-91418400,NA
mmHSR_676,mouse,HSR,,chr14:91510800-91514900,NA
mmHSR_677,mouse,HSR,0.17,chr14:91672700-91694800,chr13:65094610-65101437
mmHSR_678,mouse,HSR,,chr14:91951700-91976400,NA
mmHSR_679,mouse,HSR,,chr14:92032500-92040900,NA
mmHSR_680,mouse,HSR,,chr14:92383600-92389900,NA
mmHSR_681,mouse,HSR,,chr14:92411600-92432900,NA
mmHSR_682,mouse,HSR,,chr14:92792600-92798500,NA
mmHSR_683,mouse,HSR,0.1,chr14:92921100-92953200,chr13:66251007-66263335
mmHSR_684,mouse,HSR,,chr14:93017600-93020400,NA
mmHSR_685,mouse,HSR,,chr14:93355600-93360200,NA
mmHSR_686,mouse,HSR,,chr14:94319700-94327000,NA
mmHSR_687,mouse,HSR,,chr14:95561600-95567600,NA
mmHSR_688,mouse,HSR,,chr14:96048000-96054300,NA
mmHSR_689,mouse,HSR,,chr14:96093600-96116100,NA
mmHSR_690,mouse,HSR,,chr14:97323800-97326500,NA
mmHSR_691,mouse,HSR,,chr14:98226800-98237000,NA
mmHSR_692,mouse,HSR,0.43,chr14:98731900-98757200,chr13:72418033-72430787
mmHSR_693,mouse,HSR,,chr14:99207100-99208200,NA
mmHSR_694,mouse,HSR,,chr14:99649700-99655500,NA
mmLM_246,mouse,LM,0.22,chr14:101076400-101098900,chr13:74901536-74909141
mmHSR_695,mouse,HSR,,chr14:101404800-101414800,NA
mmHSR_696,mouse,HSR,0.19,chr14:102548900-102565300,chr13:76512115-76518902
mmHSR_697,mouse,HSR,,chr14:102755800-102762600,NA
mmHSR_698,mouse,HSR,,chr14:103300300-103302400,NA
mmHSR_699,mouse,HSR,,chr14:103858600-103872900,NA
mmHSR_700,mouse,HSR,,chr14:103999500-104025500,NA
mmLM_247,mouse,LM,0.31,chr14:104104800-104128100,chr13:78211908-78221493
mmHSR_701,mouse,HSR,0.12,chr14:104704500-104716800,chr13:78842947-78844992
mmLM_248,mouse,LM,,chr14:105758200-105764900,NA
mmHSR_702,mouse,HSR,0.2,chr14:105911400-105978300,chr13:80353750-80427111
mmLM_249,mouse,LM,,chr14:106002700-106005700,NA
mmHSR_703,mouse,HSR,0.24,chr14:106301000-106352700,chr13:80776587-80815745
mmLM_250,mouse,LM,,chr14:106444800-106483100,NA
mmHSR_704,mouse,HSR,,chr14:106722600-106728700,NA
mmLM_251,mouse,LM,,chr14:106895300-106897000,NA
mmLM_252,mouse,LM,,chr14:108115100-108174900,NA
mmHSR_705,mouse,HSR,0.11,chr14:108283900-108303500,chr13:83221688-83226067
mmHSR_706,mouse,HSR,0.32,chr14:109675300-109681200,chr13:84666918-84669431
mmHSR_707,mouse,HSR,,chr14:109911500-109917800,NA
mmLM_253,mouse,LM,,chr14:110057000-110108200,NA
mmHSR_708,mouse,HSR,,chr14:110356200-110373800,NA
mmLM_254,mouse,LM,,chr14:110492000-110495700,NA
mmHSR_709,mouse,HSR,,chr14:110906100-110908200,NA
mmHSR_710,mouse,HSR,,chr14:110992800-110994500,NA
mmHSR_711,mouse,HSR,,chr14:111903200-111909800,NA
mmHSR_712,mouse,HSR,0.13,chr14:112074600-112092300,chr13:88173446-88177582
mmHSR_713,mouse,HSR,,chr14:112210500-112215800,NA
mmHSR_714,mouse,HSR,,chr14:112285400-112291900,NA
mmLM_255,mouse,LM,,chr14:112332800-112340000,NA
mmHSR_715,mouse,HSR,0.12,chr14:112517900-112519900,chr13:88618780-88619059
mmLM_256,mouse,LM,,chr14:112627800-112663100,NA
mmHSR_716,mouse,HSR,,chr14:114505900-114512900,NA
mmLM_257,mouse,LM,,chr14:114822000-114823900,NA
mmHSR_717,mouse,HSR,,chr14:115109700-115117400,NA
mmHSR_718,mouse,HSR,,chr14:115272500-115280200,NA
mmHSR_719,mouse,HSR,,chr14:115379200-115385600,NA
mmHSR_720,mouse,HSR,,chr14:115911100-115912900,NA
mmHSR_721,mouse,HSR,,chr14:115958100-115965000,NA
mmHSR_722,mouse,HSR,,chr14:116402700-116407700,NA
mmHSR_723,mouse,HSR,,chr14:116817000-116822900,NA
mmHSR_724,mouse,HSR,,chr14:117285800-117292800,NA
mmLM_258,mouse,LM,0.32,chr14:118144700-118168500,chr13:94610242-94628682
mmHSR_725,mouse,HSR,0.79,chr14:119286000-119287900,chr13:96226043-96228083
mmHSR_726,mouse,HSR,0.23,chr14:120180000-120202600,chr13:97153600-97166350
mmHSR_727,mouse,HSR,,chr14:120742600-120749700,NA
mmHSR_728,mouse,HSR,,chr14:120777500-120802300,NA
mmLM_259,mouse,LM,,chr14:121007000-121010900,NA
mmHSR_729,mouse,HSR,,chr14:122502500-122534800,NA
mmLM_260,mouse,LM,,chr14:123349400-123351300,NA
mmHSR_730,mouse,HSR,0.3,chr14:123412000-123452600,chr13:101194127-101227226
mmHSR_731,mouse,HSR,0.31,chr14:123674600-123695600,chr13:101468930-101495169
mmHSR_732,mouse,HSR,,chr14:124334000-124340200,NA
mmHSR_733,mouse,HSR,,chr14:124415600-124436400,NA
mmHSR_734,mouse,HSR,,chr14:124491600-124497700,NA
mmHSR_735,mouse,HSR,,chr14:124739500-124902200,NA
mmHSR_736,mouse,HSR,,chr15:0-3125600,NA
mmHSR_737,mouse,HSR,,chr15:3150900-3170400,NA
mmHSR_738,mouse,HSR,0.55,chr15:3313900-3336200,chr5:42698390-42723197
mmHSR_739,mouse,HSR,,chr15:3360500-3363700,NA
mmHSR_740,mouse,HSR,0.32,chr15:3538600-3551000,chr5:42465059-42474902
mmHSR_741,mouse,HSR,0.19,chr15:3712200-3732700,chr5:42168922-42187341
mmHSR_742,mouse,HSR,0.1,chr15:3793500-3823000,chr5:42085557-42092687
mmHSR_743,mouse,HSR,,chr15:4155900-4160900,NA
mmHSR_744,mouse,HSR,,chr15:4278500-4284100,NA
mmLM_261,mouse,LM,,chr15:4852000-4894600,NA
mmLM_262,mouse,LM,,chr15:4980200-4987600,NA
mmHSR_745,mouse,HSR,,chr15:5369000-5385500,NA
mmHSR_746,mouse,HSR,0.1,chr15:5681700-5690400,chr5:40228205-40229252
mmHSR_747,mouse,HSR,,chr15:5910000-5911700,NA
mmHSR_748,mouse,HSR,0.19,chr15:5993500-5995400,chr5:39855189-39855616
mmLM_263,mouse,LM,0.24,chr15:6074100-6087100,chr5:39710675-39714615
mmLM_264,mouse,LM,,chr15:6192800-6200000,NA
mmHSR_749,mouse,HSR,0.66,chr15:6316000-6317900,chr5:39480101-39482003
mmHSR_750,mouse,HSR,0.25,chr15:6510500-6539100,chr5:39261935-39275752
mmHSR_751,mouse,HSR,,chr15:6674800-6701400,NA
mmHSR_752,mouse,HSR,,chr15:6801200-6808300,NA
mmLM_265,mouse,LM,,chr15:7539900-7548600,NA
mmLM_266,mouse,LM,,chr15:7800800-7803000,NA
mmHSR_753,mouse,HSR,,chr15:7849400-7855600,NA
mmLM_267,mouse,LM,0.28,chr15:7904400-7929500,chr5:37671105-37709936
mmHSR_754,mouse,HSR,0.64,chr15:8517500-8520400,chr19:3173032-3174957
mmLM_268,mouse,LM,0.46,chr15:8548000-8576100,chr5:36741079-36758676
mmHSR_755,mouse,HSR,0.33,chr15:8800200-8808700,chr5:36502504-36505921
mmHSR_756,mouse,HSR,0.16,chr15:8985200-9054800,chr5:36259940-36283085
mmLM_269,mouse,LM,,chr15:9219000-9224900,NA
mmHSR_757,mouse,HSR,0.1,chr15:9293200-9333300,chr5:36035697-36050038
mmHSR_758,mouse,HSR,,chr15:9379300-9409100,NA
mmHSR_759,mouse,HSR,,chr15:9437100-9443600,NA
mmHSR_760,mouse,HSR,,chr15:9536500-9554100,NA
mmHSR_761,mouse,HSR,0.23,chr15:9992700-10045700,chr5:35346611-35371770
mmLM_270,mouse,LM,0.41,chr15:10579600-10591500,chr5:34812303-34820134
mmHSR_762,mouse,HSR,0.22,chr15:10753400-10810200,chr5:34574089-34601030
mmLM_271,mouse,LM,0.31,chr15:10835200-10854700,chr5:34538704-34554152
mmHSR_763,mouse,HSR,,chr15:11921000-11933300,NA
mmLM_272,mouse,LM,,chr15:12055800-12063200,NA
mmLM_273,mouse,LM,,chr15:12526800-12531900,NA
mmHSR_764,mouse,HSR,0.23,chr15:12872000-12873900,chr5:31478711-31479185
mmLM_274,mouse,LM,,chr15:12932300-12934200,NA
mmHSR_765,mouse,HSR,0.11,chr15:13919500-13948300,chr5:30522385-30526544
mmLM_275,mouse,LM,0.18,chr15:14414600-14439100,chr5:30028829-30044637
mmHSR_766,mouse,HSR,,chr15:14722200-14732900,NA
mmHSR_767,mouse,HSR,,chr15:14873900-14902400,NA
mmHSR_768,mouse,HSR,0.1,chr15:15043600-15059700,chr5:29200143-29217839
mmHSR_769,mouse,HSR,,chr15:15525500-15551900,NA
mmHSR_770,mouse,HSR,,chr15:16168200-16186400,NA
mmHSR_771,mouse,HSR,,chr15:16303700-16309500,NA
mmHSR_772,mouse,HSR,,chr15:16716400-16717500,NA
mmHSR_773,mouse,HSR,,chr15:16901300-16907100,NA
mmLM_276,mouse,LM,,chr15:16939800-16955100,NA
mmHSR_774,mouse,HSR,0.11,chr15:17139000-17169100,chr5:26622127-26651994
mmHSR_775,mouse,HSR,,chr15:17562100-17581400,NA
mmHSR_776,mouse,HSR,,chr15:18314600-18325000,NA
mmLM_277,mouse,LM,0.17,chr15:19038400-19063800,chr5:24433594-24446461
mmHSR_777,mouse,HSR,,chr15:19402600-19405500,NA
mmHSR_778,mouse,HSR,,chr15:19448100-19453900,NA
mmHSR_779,mouse,HSR,,chr15:19557200-19578000,NA
mmHSR_780,mouse,HSR,,chr15:19626800-19631800,NA
mmHSR_781,mouse,HSR,,chr15:19678400-19685800,NA
mmHSR_782,mouse,HSR,,chr15:20063000-20067500,NA
mmLM_278,mouse,LM,0.13,chr15:20155100-20170700,chr5:23112045-23114498
mmHSR_783,mouse,HSR,0.2,chr15:20474900-20510100,chr5:22808969-22831356
mmHSR_784,mouse,HSR,,chr15:20531400-20537100,NA
mmHSR_785,mouse,HSR,,chr15:20821500-20826700,NA
mmLM_279,mouse,LM,,chr15:20972700-20978300,NA
mmHSR_786,mouse,HSR,,chr15:21114000-21115900,NA
mmLM_280,mouse,LM,,chr15:21262100-21268500,NA
mmHSR_787,mouse,HSR,0.21,chr15:21423200-21487200,chr5:21851750-21909230
mmHSR_788,mouse,HSR,0.29,chr15:21655500-21657500,chr5:21656163-21657769
mmHSR_789,mouse,HSR,,chr15:21815500-21820800,NA
mmHSR_790,mouse,HSR,,chr15:21853700-21892400,NA
mmHSR_791,mouse,HSR,,chr15:22268700-22293500,NA
mmLM_281,mouse,LM,,chr15:22751400-22756700,NA
mmLM_282,mouse,LM,,chr15:22799300-22809700,NA
mmLM_283,mouse,LM,,chr15:23240200-23255600,NA
mmHSR_792,mouse,HSR,,chr15:23465300-23467800,NA
mmLM_284,mouse,LM,,chr15:23886000-23887900,NA
mmHSR_793,mouse,HSR,,chr15:23926900-23939700,NA
mmLM_285,mouse,LM,,chr15:24309300-24325700,NA
mmHSR_794,mouse,HSR,,chr15:24761100-24766700,NA
mmHSR_795,mouse,HSR,0.18,chr15:24801600-24837300,chr5:18044831-18059605
mmLM_286,mouse,LM,0.27,chr15:24880900-24898600,chr5:17972330-17984454
mmLM_287,mouse,LM,0.19,chr15:25051400-25065200,chr5:17778518-17782028
mmHSR_796,mouse,HSR,,chr15:26112700-26118900,NA
mmLM_288,mouse,LM,0.15,chr15:26905000-26919300,chr5:15477352-15484007
mmHSR_797,mouse,HSR,0.28,chr15:27286100-27326800,chr5:15002801-15032520
mmLM_289,mouse,LM,,chr15:27384100-27390300,NA
mmHSR_798,mouse,HSR,,chr15:27638200-27640500,NA
mmHSR_799,mouse,HSR,0.11,chr15:28564400-28578800,chr5:13588155-13590250
mmLM_290,mouse,LM,,chr15:29285200-29291500,NA
mmHSR_800,mouse,HSR,,chr15:29347600-29395600,NA
mmHSR_801,mouse,HSR,,chr15:29463900-29470200,NA
mmHSR_802,mouse,HSR,,chr15:29969800-30001400,NA
mmHSR_803,mouse,HSR,0.21,chr15:30117700-30126200,chr5:11959428-11961444
mmLM_291,mouse,LM,,chr15:30441400-30448200,NA
mmHSR_804,mouse,HSR,,chr15:30747900-30755000,NA
mmHSR_805,mouse,HSR,0.25,chr15:30996700-31016300,chr5:10987195-10993618
mmHSR_806,mouse,HSR,,chr15:31066700-31083700,NA
mmHSR_807,mouse,HSR,0.16,chr15:32783900-32806700,chr8:96434403-96441442
mmHSR_808,mouse,HSR,0.11,chr15:32832800-32880300,chr8:96443705-96462273
mmLM_292,mouse,LM,,chr15:33138700-33140800,NA
mmLM_293,mouse,LM,,chr15:33308700-33310800,NA
mmHSR_809,mouse,HSR,0.11,chr15:33444200-33454100,chr8:97010899-97012383
mmHSR_810,mouse,HSR,,chr15:33710200-33745700,NA
mmHSR_811,mouse,HSR,0.13,chr15:33781400-33849400,chr8:97393543-97426304
mmHSR_812,mouse,HSR,,chr15:33869800-33884700,NA
mmLM_294,mouse,LM,0.47,chr15:34494500-34502100,chr8:98116507-98127466
mmHSR_813,mouse,HSR,,chr15:34763100-34769400,NA
mmHSR_814,mouse,HSR,,chr15:34987600-34992800,NA
mmHSR_815,mouse,HSR,,chr15:35013200-35015400,NA
mmHSR_816,mouse,HSR,0.2,chr15:35366800-35406000,chr8:99011060-99061424
mmHSR_817,mouse,HSR,0.14,chr15:36715200-36737400,chr8:100842745-100864188
mmLM_295,mouse,LM,0.53,chr15:36966700-36997400,chr8:101154693-101192395
mmLM_296,mouse,LM,0.21,chr15:37072900-37150800,chr8:101284734-101375387
mmLM_297,mouse,LM,0.26,chr15:38462300-38484300,chr8:102798909-102811141
mmLM_298,mouse,LM,,chr15:39172900-39178300,NA
mmLM_299,mouse,LM,0.23,chr15:39335600-39348800,chr8:103760053-103766788
mmHSR_818,mouse,HSR,,chr15:39496100-39499100,NA
mmLM_300,mouse,LM,,chr15:39695600-39718600,NA
mmHSR_819,mouse,HSR,,chr15:40049600-40056000,NA
mmHSR_820,mouse,HSR,,chr15:40086800-40101400,NA
mmHSR_821,mouse,HSR,,chr15:41531400-41533200,NA
mmLM_301,mouse,LM,,chr15:41890400-41896900,NA
mmHSR_822,mouse,HSR,,chr15:42354900-42361100,NA
mmHSR_823,mouse,HSR,,chr15:42925300-42942800,NA
mmHSR_824,mouse,HSR,0.1,chr15:43287300-43346300,chr8:108258740-108277833
mmHSR_825,mouse,HSR,,chr15:44469100-44476400,NA
mmLM_302,mouse,LM,,chr15:44649000-44659600,NA
mmLM_303,mouse,LM,,chr15:44723200-44728200,NA
mmHSR_826,mouse,HSR,0.4,chr15:44769700-44796100,chr8:109671695-109693927
mmHSR_827,mouse,HSR,,chr15:45005100-45009300,NA
mmHSR_828,mouse,HSR,,chr15:45194600-45197100,NA
mmHSR_829,mouse,HSR,,chr15:45577500-45590900,NA
mmHSR_830,mouse,HSR,0.11,chr15:45635600-45650500,chr8:110512555-110522893
mmHSR_831,mouse,HSR,,chr15:45774400-45779700,NA
mmHSR_832,mouse,HSR,0.1,chr15:45890700-45932500,chr8:110696523-110709466
mmLM_304,mouse,LM,,chr15:46255700-46257800,NA
mmHSR_833,mouse,HSR,,chr15:46355600-46368400,NA
mmLM_305,mouse,LM,,chr15:46502200-46506800,NA
mmLM_306,mouse,LM,,chr15:46562500-46566200,NA
mmHSR_834,mouse,HSR,,chr15:47232800-47256000,NA
mmLM_307,mouse,LM,,chr15:47356500-47363700,NA
mmHSR_835,mouse,HSR,,chr15:47539000-47555300,NA
mmHSR_836,mouse,HSR,,chr15:48666900-48671000,NA
mmHSR_837,mouse,HSR,,chr15:49283300-49299700,NA
mmLM_308,mouse,LM,,chr15:49322600-49327300,NA
mmHSR_838,mouse,HSR,0.29,chr15:50426100-50442800,chr8:115243150-115250718
mmHSR_839,mouse,HSR,0.27,chr15:50557700-50642600,chr8:115333772-115380765
mmHSR_840,mouse,HSR,,chr15:51113200-51117800,NA
mmLM_309,mouse,LM,,chr15:51531900-51533900,NA
mmHSR_841,mouse,HSR,,chr15:52125800-52131200,NA
mmHSR_842,mouse,HSR,0.51,chr15:52329800-52353100,chr8:117163159-117183419
mmLM_310,mouse,LM,,chr15:53039200-53044200,NA
mmHSR_843,mouse,HSR,,chr15:53831000-53834900,NA
mmHSR_844,mouse,HSR,,chr15:53870700-53872700,NA
mmHSR_845,mouse,HSR,0.2,chr15:53918300-53929500,chr8:118632359-118641173
mmLM_311,mouse,LM,0.34,chr15:54180700-54211500,chr8:118864190-118877888
mmHSR_846,mouse,HSR,,chr15:56032900-56038200,NA
mmLM_312,mouse,LM,,chr15:56175800-56183100,NA
mmHSR_847,mouse,HSR,,chr15:56363800-56367900,NA
mmHSR_848,mouse,HSR,,chr15:56400500-56402200,NA
mmHSR_849,mouse,HSR,0.28,chr15:56941600-56993500,chr8:121903935-121958467
mmHSR_850,mouse,HSR,,chr15:57279500-57285000,NA
mmHSR_851,mouse,HSR,,chr15:57412200-57433600,NA
mmLM_313,mouse,LM,0.28,chr15:57889500-57913700,chr8:123038599-123074491
mmHSR_852,mouse,HSR,,chr15:58437200-58441100,NA
mmLM_314,mouse,LM,0.43,chr15:59421400-59435400,chr8:125155559-125164467
mmLM_315,mouse,LM,0.4,chr15:59850100-59875200,chr8:125678714-125702381
mmHSR_853,mouse,HSR,,chr15:60153100-60203900,NA
mmLM_316,mouse,LM,,chr15:60592000-60594300,NA
mmHSR_854,mouse,HSR,0.24,chr15:60931800-60986500,chr8:126645352-126689383
mmHSR_855,mouse,HSR,,chr15:61148600-61150700,NA
mmHSR_856,mouse,HSR,0.43,chr15:61903100-61915500,chr8:127657095-127669753
mmHSR_857,mouse,HSR,,chr15:62367600-62370100,NA
mmHSR_858,mouse,HSR,,chr15:62553200-62555200,NA
mmHSR_859,mouse,HSR,,chr15:62686500-62693700,NA
mmLM_317,mouse,LM,0.44,chr15:63329400-63346600,chr8:129237909-129246604
mmHSR_860,mouse,HSR,,chr15:63626000-63627900,NA
mmHSR_861,mouse,HSR,,chr15:63791700-63796000,NA
mmHSR_862,mouse,HSR,,chr15:63837600-63922800,NA
mmLM_318,mouse,LM,,chr15:64591700-64598200,NA
mmHSR_863,mouse,HSR,,chr15:64673500-64681900,NA
mmLM_319,mouse,LM,,chr15:65115600-65123500,NA
mmHSR_864,mouse,HSR,,chr15:65598500-65604500,NA
mmHSR_865,mouse,HSR,,chr15:65666600-65673800,NA
mmHSR_866,mouse,HSR,0.1,chr15:65714400-65753500,chr8:131863140-131877685
mmHSR_867,mouse,HSR,,chr15:66045100-66065700,NA
mmHSR_868,mouse,HSR,,chr15:66208300-66210200,NA
mmLM_320,mouse,LM,,chr15:68136300-68137800,NA
mmHSR_869,mouse,HSR,,chr15:68980000-68986500,NA
mmHSR_870,mouse,HSR,0.24,chr15:69122300-69164500,chr8:135691508-135734084
mmHSR_871,mouse,HSR,,chr15:69264900-69268800,NA
mmHSR_872,mouse,HSR,,chr15:69390300-69409400,NA
mmHSR_873,mouse,HSR,,chr15:69642000-69646000,NA
mmHSR_874,mouse,HSR,,chr15:70083000-70088800,NA
mmHSR_875,mouse,HSR,,chr15:70609300-70611100,NA
mmHSR_876,mouse,HSR,0.39,chr15:70896600-70914000,chr8:137473699-137485642
mmHSR_877,mouse,HSR,,chr15:71104600-71112200,NA
mmLM_321,mouse,LM,0.17,chr15:71206600-71237500,chr8:137859063-137884673
mmLM_322,mouse,LM,0.11,chr15:73060200-73087900,chr8:140456669-140467733
mmLM_323,mouse,LM,,chr15:73373200-73378200,NA
mmLM_324,mouse,LM,,chr15:73873000-73880400,NA
mmLM_325,mouse,LM,,chr15:74360700-74368000,NA
mmLM_326,mouse,LM,,chr15:74814300-74826700,NA
mmHSR_878,mouse,HSR,,chr15:74992000-75104600,NA
mmLM_327,mouse,LM,,chr15:75205600-75212800,NA
mmHSR_879,mouse,HSR,,chr15:75298000-75299500,NA
mmHSR_880,mouse,HSR,,chr15:75437000-75440500,NA
mmHSR_881,mouse,HSR,,chr15:75523600-75529700,NA
mmHSR_882,mouse,HSR,0.9,chr15:76102000-76106500,chr8:143857946-143867098
mmLM_328,mouse,LM,,chr15:76559900-76577900,NA
mmLM_329,mouse,LM,,chr15:76964600-76971400,NA
mmHSR_883,mouse,HSR,0.13,chr15:77336200-77439100,chr22:36065633-36146379
mmLM_330,mouse,LM,,chr15:77718300-77735600,NA
mmLM_331,mouse,LM,0.21,chr15:77895000-77934800,chr22:36449964-36484492
mmLM_332,mouse,LM,0.55,chr15:79685000-79775700,chr22:38697657-38796767
mmLM_333,mouse,LM,,chr15:79869700-79892600,NA
mmLM_334,mouse,LM,,chr15:79974400-79978400,NA
mmHSR_884,mouse,HSR,0.42,chr15:80232400-80267100,chr22:39499526-39535675
mmLM_335,mouse,LM,,chr15:81145400-81152000,NA
mmHSR_885,mouse,HSR,,chr15:81492300-81523600,NA
mmLM_336,mouse,LM,0.28,chr15:82338000-82368000,chr22:42070033-42091046
mmLM_337,mouse,LM,,chr15:82590700-82608900,NA
mmHSR_886,mouse,HSR,,chr15:82675500-82677200,NA
mmLM_338,mouse,LM,,chr15:83172100-83202200,NA
mmLM_339,mouse,LM,,chr15:84746600-84753000,NA
mmLM_340,mouse,LM,0.23,chr15:85176800-85196600,chr22:45469153-45479671
mmHSR_887,mouse,HSR,0.16,chr15:85541200-85543100,chr22:45930156-45930487
mmHSR_888,mouse,HSR,,chr15:86193800-86196100,NA
mmLM_341,mouse,LM,0.31,chr15:86312100-86326400,chr22:46913096-46929635
mmLM_342,mouse,LM,,chr15:87293900-87301200,NA
mmHSR_889,mouse,HSR,0.42,chr15:87967000-87969000,chr22:49016158-49018598
mmLM_343,mouse,LM,0.9,chr15:88779400-88783900,chr22:49883325-49887855
mmHSR_890,mouse,HSR,0.12,chr15:88974800-88976800,chr22:50080419-50083216
mmHSR_891,mouse,HSR,,chr15:89597900-89621300,NA
mmHSR_892,mouse,HSR,,chr15:89808500-89809700,NA
mmLM_344,mouse,LM,,chr15:89943000-89982000,NA
mmLM_345,mouse,LM,,chr15:90636400-90643600,NA
mmLM_346,mouse,LM,0.11,chr15:91115900-91134800,chr12:39532501-39536506
mmHSR_893,mouse,HSR,,chr15:91419400-91422200,NA
mmLM_347,mouse,LM,,chr15:91720600-91723200,NA
mmHSR_894,mouse,HSR,0.5,chr15:91905900-91911200,chr11:1185255-1189695
mmLM_348,mouse,LM,,chr15:92470100-92475100,NA
mmLM_349,mouse,LM,,chr15:92613700-92618300,NA
mmLM_350,mouse,LM,,chr15:92722600-92730100,NA
mmLM_351,mouse,LM,0.14,chr15:92796100-92820000,chr12:41604840-41608916
mmHSR_895,mouse,HSR,0.19,chr15:93044100-93062000,chr12:41849951-41867323
mmLM_352,mouse,LM,,chr15:93467800-93469500,NA
mmHSR_896,mouse,HSR,,chr15:93867100-93873600,NA
mmHSR_897,mouse,HSR,0.24,chr15:94088400-94124100,chr12:43168863-43196633
mmHSR_898,mouse,HSR,,chr15:94150500-94156800,NA
mmHSR_899,mouse,HSR,,chr15:94373000-94379600,NA
mmHSR_900,mouse,HSR,,chr15:95087600-95092100,NA
mmHSR_901,mouse,HSR,,chr15:95306000-95312300,NA
mmHSR_902,mouse,HSR,0.21,chr15:95729500-95756400,chr12:45140407-45152571
mmLM_353,mouse,LM,,chr15:96551700-96559500,NA
mmLM_354,mouse,LM,,chr15:96977900-96983600,NA
mmHSR_903,mouse,HSR,,chr15:97082100-97084300,NA
mmLM_355,mouse,LM,,chr15:97472900-97487400,NA
mmHSR_904,mouse,HSR,0.11,chr15:99168800-99171900,chr17:2949394-2949737
mmLM_356,mouse,LM,,chr15:99552100-99553900,NA
mmLM_357,mouse,LM,0.16,chr15:100331500-100339800,chr12:50924904-50931026
mmLM_358,mouse,LM,,chr15:100360000-100379700,NA
mmLM_359,mouse,LM,0.28,chr15:100541700-100617400,chr12:51137407-51240806
mmHSR_905,mouse,HSR,,chr15:101655700-101662100,NA
mmHSR_906,mouse,HSR,,chr15:102596800-102603200,NA
mmHSR_907,mouse,HSR,0.38,chr15:103271900-103277100,chr12:54324573-54328945
mmHSR_908,mouse,HSR,,chr15:103406700-103418500,NA
mmHSR_909,mouse,HSR,,chr15:103606700-103611400,NA
mmHSR_910,mouse,HSR,,chr15:103814500-104043600,NA
mmHSR_911,mouse,HSR,,chr16:0-3427800,NA
mmLM_360,mouse,LM,,chr16:3450300-3519700,NA
mmLM_361,mouse,LM,0.22,chr16:4300400-4366800,chr16:3981942-4046637
mmHSR_912,mouse,HSR,0.36,chr16:4585000-4591300,chr16:4306740-4311501
mmHSR_913,mouse,HSR,0.45,chr16:5708200-5710200,chr16:5800647-5801691
mmHSR_914,mouse,HSR,,chr16:7460800-7463600,NA
mmLM_362,mouse,LM,0.36,chr16:7937100-7958400,chr16:8178587-8193319
mmHSR_915,mouse,HSR,0.11,chr16:8256700-8286200,chr16:8435063-8445641
mmLM_363,mouse,LM,0.9,chr16:9577100-9579600,chr16:9762411-9764922
mmLM_364,mouse,LM,,chr16:10631200-10633200,NA
mmHSR_916,mouse,HSR,0.17,chr16:10974100-11013900,chr16:11574421-11610748
mmHSR_917,mouse,HSR,0.41,chr16:11134600-11145200,chr16:11742818-11761426
mmLM_365,mouse,LM,0.48,chr16:11248000-11249900,chr3:183956308-183957233
mmLM_366,mouse,LM,0.1,chr16:11679900-11687500,chr5:944367-945180
mmLM_367,mouse,LM,,chr16:12327300-12345900,NA
mmHSR_918,mouse,HSR,,chr16:12417900-12423400,NA
mmHSR_919,mouse,HSR,,chr16:12829200-12831000,NA
mmLM_368,mouse,LM,,chr16:12976200-12981700,NA
mmLM_369,mouse,LM,,chr16:13087700-13107000,NA
mmLM_370,mouse,LM,,chr16:13903200-13925900,NA
mmLM_371,mouse,LM,0.13,chr16:14316200-14341200,chr16:15887086-15901489
mmLM_372,mouse,LM,,chr16:15502700-15510100,NA
mmLM_373,mouse,LM,,chr16:15741400-15757700,NA
mmHSR_920,mouse,HSR,0.34,chr16:17199900-17236000,chr22:21514947-21569288
mmHSR_921,mouse,HSR,0.19,chr16:17751400-17761300,chr22:20493079-20496987
mmHSR_922,mouse,HSR,0.32,chr16:17910400-17955500,chr22:19143875-19187464
mmHSR_923,mouse,HSR,,chr16:18532200-18534200,NA
mmHSR_924,mouse,HSR,,chr16:18957500-18979200,NA
mmHSR_925,mouse,HSR,,chr16:19334200-19375100,NA
mmLM_374,mouse,LM,,chr16:19581200-19602400,NA
mmHSR_926,mouse,HSR,,chr16:19711900-19748700,NA
mmLM_375,mouse,LM,,chr16:19928600-19946300,NA
mmHSR_927,mouse,HSR,,chr16:22923300-22929100,NA
mmHSR_928,mouse,HSR,,chr16:26419300-26421200,NA
mmHSR_929,mouse,HSR,,chr16:26808500-26814800,NA
mmHSR_930,mouse,HSR,,chr16:27071900-27087600,NA
mmHSR_931,mouse,HSR,,chr16:27212200-27218300,NA
mmHSR_932,mouse,HSR,0.28,chr16:28170600-28197500,chr3:192157705-192171759
mmHSR_933,mouse,HSR,,chr16:30828600-30830500,NA
mmLM_376,mouse,LM,0.19,chr16:31223800-31234300,chr3:195458961-195462799
mmHSR_934,mouse,HSR,0.14,chr16:31339100-31358900,chr3:197597794-197606332
mmLM_377,mouse,LM,,chr16:31818700-31825200,NA
mmLM_378,mouse,LM,,chr16:32147700-32153500,NA
mmLM_379,mouse,LM,0.35,chr16:32489700-32520100,chr3:196183080-196211579
mmLM_380,mouse,LM,,chr16:32579100-32598800,NA
mmLM_381,mouse,LM,,chr16:33847200-33852600,NA
mmLM_382,mouse,LM,,chr16:34581100-34591200,NA
mmHSR_935,mouse,HSR,,chr16:34742000-34744000,NA
mmHSR_936,mouse,HSR,0.17,chr16:35980600-35983300,chr3:122514961-122515468
mmLM_383,mouse,LM,,chr16:36764900-36770500,NA
mmLM_384,mouse,LM,,chr16:38714200-38721600,NA
mmHSR_937,mouse,HSR,,chr16:39563700-39568200,NA
mmHSR_938,mouse,HSR,,chr16:41270700-41273100,NA
mmHSR_939,mouse,HSR,,chr16:42657300-42661200,NA
mmHSR_940,mouse,HSR,,chr16:42773100-42779900,NA
mmHSR_941,mouse,HSR,0.38,chr16:42931600-42950000,chr3:115060588-115073391
mmLM_385,mouse,LM,,chr16:43764000-43771600,NA
mmLM_386,mouse,LM,0.18,chr16:44040400-44063900,chr3:113838730-113852554
mmLM_387,mouse,LM,0.26,chr16:44709800-44726400,chr3:113018088-113052380
mmLM_388,mouse,LM,,chr16:44920200-44950700,NA
mmHSR_942,mouse,HSR,,chr16:45292600-45293900,NA
mmHSR_943,mouse,HSR,,chr16:45352100-45354000,NA
mmHSR_944,mouse,HSR,,chr16:46364600-46369100,NA
mmHSR_945,mouse,HSR,0.15,chr16:47099100-47147300,chr3:110369922-110389333
mmLM_389,mouse,LM,,chr16:47552300-47564100,NA
mmLM_390,mouse,LM,,chr16:48579900-48581300,NA
mmLM_391,mouse,LM,,chr16:49024900-49031400,NA
mmLM_392,mouse,LM,,chr16:49148400-49150300,NA
mmHSR_946,mouse,HSR,,chr16:49447700-49489300,NA
mmLM_393,mouse,LM,0.32,chr16:50084900-50101400,chr3:107882458-107892463
mmLM_394,mouse,LM,0.35,chr16:50909100-50926800,chr3:106968975-106983012
mmLM_395,mouse,LM,,chr16:51087100-51094300,NA
mmHSR_947,mouse,HSR,,chr16:51945800-51980200,NA
mmHSR_948,mouse,HSR,,chr16:53412000-53428900,NA
mmLM_396,mouse,LM,,chr16:53571500-53595400,NA
mmLM_397,mouse,LM,,chr16:54298300-54307600,NA
mmHSR_949,mouse,HSR,,chr16:54861600-54869000,NA
mmHSR_950,mouse,HSR,,chr16:54959000-54965200,NA
mmLM_398,mouse,LM,,chr16:55647800-55681600,NA
mmLM_399,mouse,LM,,chr16:56038100-56065100,NA
mmHSR_951,mouse,HSR,,chr16:56988400-57008400,NA
mmHSR_952,mouse,HSR,0.1,chr16:57085500-57095800,chr7:66948541-66957884
mmHSR_953,mouse,HSR,0.21,chr16:57390200-57392600,chr3:100075182-100076084
mmLM_400,mouse,LM,0.39,chr16:57792800-57811700,chr3:99584418-99602754
mmHSR_954,mouse,HSR,0.17,chr16:58310800-58343000,chr3:98972419-98984429
mmLM_401,mouse,LM,0.27,chr16:58632300-58670400,chr3:98593531-98629206
mmLM_402,mouse,LM,,chr16:59121800-59129100,NA
mmHSR_955,mouse,HSR,,chr16:59310100-59378100,NA
mmHSR_956,mouse,HSR,,chr16:60921200-60970900,NA
mmLM_403,mouse,LM,0.18,chr16:61312500-61325200,chr3:95749491-95760950
mmHSR_957,mouse,HSR,,chr16:62564300-62599200,NA
mmLM_404,mouse,LM,,chr16:62875900-62880400,NA
mmHSR_958,mouse,HSR,0.21,chr16:63114300-63151200,chr3:89968576-90008245
mmHSR_959,mouse,HSR,,chr16:63301300-63313600,NA
mmHSR_960,mouse,HSR,0.22,chr16:64384600-64425600,chr3:88537345-88575108
mmLM_405,mouse,LM,,chr16:65176900-65181400,NA
mmLM_406,mouse,LM,,chr16:66229300-66247600,NA
mmHSR_961,mouse,HSR,,chr16:67328200-67334700,NA
mmHSR_962,mouse,HSR,,chr16:68272300-68274300,NA
mmLM_407,mouse,LM,0.24,chr16:70542300-70558300,chr3:81502342-81508843
mmLM_408,mouse,LM,,chr16:70633900-70639700,NA
mmHSR_963,mouse,HSR,,chr16:70892400-70898400,NA
mmHSR_964,mouse,HSR,,chr16:70976900-70982900,NA
mmLM_409,mouse,LM,,chr16:71687000-71691500,NA
mmLM_410,mouse,LM,,chr16:72019300-72023900,NA
mmHSR_965,mouse,HSR,,chr16:72056200-72062100,NA
mmLM_411,mouse,LM,,chr16:72724800-72730900,NA
mmHSR_966,mouse,HSR,0.22,chr16:73656700-73688600,chr3:77939034-77950880
mmLM_412,mouse,LM,0.14,chr16:74771800-74781500,chr3:76659441-76661119
mmLM_413,mouse,LM,,chr16:76057000-76065000,NA
mmHSR_967,mouse,HSR,0.34,chr16:76487100-76519600,chr21:15179619-15199109
mmHSR_968,mouse,HSR,,chr16:76988700-76991600,NA
mmLM_414,mouse,LM,,chr16:77116900-77121900,NA
mmHSR_969,mouse,HSR,0.28,chr16:78977100-79013600,chr21:18302507-18333924
mmLM_415,mouse,LM,,chr16:79368600-79376000,NA
mmHSR_970,mouse,HSR,,chr16:79782000-79786700,NA
mmLM_416,mouse,LM,,chr16:79943000-79948600,NA
mmLM_417,mouse,LM,,chr16:80269400-80309700,NA
mmLM_418,mouse,LM,,chr16:81071700-81079200,NA
mmHSR_971,mouse,HSR,,chr16:81779900-81782000,NA
mmHSR_972,mouse,HSR,,chr16:81859300-81865600,NA
mmHSR_973,mouse,HSR,,chr16:82079700-82099600,NA
mmLM_419,mouse,LM,,chr16:82237800-82243200,NA
mmHSR_974,mouse,HSR,0.26,chr16:82828200-82845600,chr21:23223437-23232772
mmHSR_975,mouse,HSR,,chr16:83077300-83081800,NA
mmLM_420,mouse,LM,,chr16:83360600-83368000,NA
mmHSR_976,mouse,HSR,0.23,chr16:84260500-84283300,chr21:25138527-25160662
mmHSR_977,mouse,HSR,0.31,chr16:84380600-84407600,chr21:25243077-25263628
mmHSR_978,mouse,HSR,,chr16:84440100-84446000,NA
mmHSR_979,mouse,HSR,,chr16:85671600-85673000,NA
mmHSR_980,mouse,HSR,,chr16:85713500-85720100,NA
mmHSR_981,mouse,HSR,0.11,chr16:86333000-86354300,chr21:27570414-27581514
mmHSR_982,mouse,HSR,0.13,chr16:86539500-86570300,chr21:27955340-27977885
mmHSR_983,mouse,HSR,,chr16:86819800-86822100,NA
mmHSR_984,mouse,HSR,,chr16:87055400-87060300,NA
mmLM_421,mouse,LM,0.15,chr16:87287400-87302500,chr21:28795268-28800557
mmLM_422,mouse,LM,0.26,chr16:87372300-87391700,chr21:28927903-28939637
mmHSR_985,mouse,HSR,,chr16:88022900-88029900,NA
mmLM_423,mouse,LM,,chr16:88790600-88797900,NA
mmHSR_986,mouse,HSR,0.12,chr16:88957900-88967800,chr21:30541097-30542400
mmLM_424,mouse,LM,,chr16:89145200-89196100,NA
mmLM_425,mouse,LM,0.1,chr16:89431800-89448400,chr21:30768126-30770571
mmHSR_987,mouse,HSR,,chr16:89636000-89642900,NA
mmHSR_988,mouse,HSR,0.15,chr16:89877500-89879700,chr21:31246011-31246730
mmLM_426,mouse,LM,0.19,chr16:90056200-90072300,chr21:31460643-31473656
mmLM_427,mouse,LM,,chr16:90341200-90350100,NA
mmHSR_989,mouse,HSR,0.19,chr16:91533700-91551800,chr21:33384652-33408024
mmLM_428,mouse,LM,,chr16:92254500-92259400,NA
mmHSR_990,mouse,HSR,0.25,chr16:93581500-93622800,chr21:36036031-36077424
mmHSR_991,mouse,HSR,,chr16:93685800-93711200,NA
mmHSR_992,mouse,HSR,,chr16:93785700-93790200,NA
mmHSR_993,mouse,HSR,0.31,chr16:93991400-93997900,chr21:36562042-36564363
mmLM_429,mouse,LM,0.28,chr16:94258100-94282000,chr21:36927031-36947755
mmHSR_994,mouse,HSR,,chr16:95782000-95788900,NA
mmLM_430,mouse,LM,0.46,chr16:95991000-96010400,chr21:39184218-39200474
mmHSR_995,mouse,HSR,,chr16:97996400-98207700,NA
mmHSR_996,mouse,HSR,,chr17:0-3039300,NA
mmHSR_997,mouse,HSR,0.52,chr17:3075400-3085400,chr22:31619124-31626130
mmHSR_998,mouse,HSR,,chr17:3378900-3380800,NA
mmHSR_999,mouse,HSR,0.11,chr17:5863900-5885100,chr6:157849115-157864048
mmHSR_1000,mouse,HSR,,chr17:6219100-6717500,NA
mmHSR_1001,mouse,HSR,0.12,chr17:6877300-7037900,chr6:158929106-159038367
mmHSR_1002,mouse,HSR,0.16,chr17:7302300-7430200,chr6:167280832-167384989
mmHSR_1003,mouse,HSR,0.73,chr17:7615300-7617200,chr6:159449096-159451495
mmHSR_1004,mouse,HSR,0.2,chr17:7950200-8052300,chr6:166707366-166775431
mmHSR_1005,mouse,HSR,,chr17:11097900-11105100,NA
mmHSR_1006,mouse,HSR,,chr17:13018500-13469100,NA
mmHSR_1007,mouse,HSR,,chr17:13492200-13555800,NA
mmHSR_1008,mouse,HSR,,chr17:13584800-13656200,NA
mmLM_431,mouse,LM,,chr17:14961200-15054300,NA
mmHSR_1009,mouse,HSR,,chr17:20859400-20865200,NA
mmHSR_1010,mouse,HSR,,chr17:23426600-23537000,NA
mmHSR_1011,mouse,HSR,0.57,chr17:23730600-23732500,chr16:2976987-2978268
mmHSR_1012,mouse,HSR,,chr17:24095300-24097300,NA
mmHSR_1013,mouse,HSR,,chr17:29101000-29109600,NA
mmHSR_1014,mouse,HSR,0.12,chr17:31569500-31571400,chr21:42986086-42986657
mmLM_432,mouse,LM,,chr17:35367400-35480300,NA
mmHSR_1015,mouse,HSR,0.17,chr17:36230300-36232500,chr6:30462160-30462567
mmHSR_1016,mouse,HSR,,chr17:38498200-38500800,NA
mmHSR_1017,mouse,HSR,,chr17:39842000-39849700,NA
mmHSR_1018,mouse,HSR,,chr17:40422500-40427000,NA
mmHSR_1019,mouse,HSR,0.14,chr17:50569500-50571400,chr3:16938305-16938604
mmHSR_1020,mouse,HSR,0.28,chr17:53034300-53056100,chr3:19569170-19587100
mmHSR_1021,mouse,HSR,,chr17:53151500-53153500,NA
mmHSR_1022,mouse,HSR,,chr17:53807400-53820300,NA
mmHSR_1023,mouse,HSR,,chr17:54112300-54134200,NA
mmHSR_1024,mouse,HSR,,chr17:57368400-57399900,NA
mmHSR_1025,mouse,HSR,0.19,chr17:62736600-62738500,chr5:107520664-107521058
mmHSR_1026,mouse,HSR,0.14,chr17:66798500-66800400,chr18:8262615-8262980
mmHSR_1027,mouse,HSR,0.3,chr17:67740400-67742500,chr18:7045860-7046602
mmHSR_1028,mouse,HSR,,chr17:70962200-70964800,NA
mmHSR_1029,mouse,HSR,,chr17:82975900-82991600,NA
mmLM_433,mouse,LM,,chr17:84458800-84464500,NA
mmHSR_1030,mouse,HSR,,chr17:85264100-85266000,NA
mmHSR_1031,mouse,HSR,,chr17:93017000-93047400,NA
mmHSR_1032,mouse,HSR,0.25,chr17:93623500-93646700,chr18:1423294-1438562
mmHSR_1033,mouse,HSR,,chr17:94886200-94987200,NA
mmHSR_1034,mouse,HSR,,chr18:0-3063700,NA
mmHSR_1035,mouse,HSR,,chr18:3085500-3142600,NA
mmLM_434,mouse,LM,,chr18:3568100-3570100,NA
mmLM_435,mouse,LM,,chr18:3619800-3652100,NA
mmHSR_1036,mouse,HSR,,chr18:3779700-3785600,NA
mmHSR_1037,mouse,HSR,,chr18:3815100-3819300,NA
mmHSR_1038,mouse,HSR,0.13,chr18:3873200-3889000,chr10:28976482-28981102
mmHSR_1039,mouse,HSR,0.54,chr18:4194700-4199900,chr16:64989088-65005048
mmHSR_1040,mouse,HSR,0.13,chr18:4456700-4504600,chr10:30200418-30223442
mmLM_436,mouse,LM,,chr18:4658000-4664400,NA
mmLM_437,mouse,LM,,chr18:4695200-4701800,NA
mmLM_438,mouse,LM,,chr18:5499400-5502000,NA
mmLM_439,mouse,LM,,chr18:5895900-5900400,NA
mmLM_440,mouse,LM,,chr18:6043700-6046600,NA
mmLM_441,mouse,LM,,chr18:6343100-6376400,NA
mmHSR_1041,mouse,HSR,,chr18:6663800-6669200,NA
mmLM_442,mouse,LM,,chr18:6796200-6803600,NA
mmLM_443,mouse,LM,,chr18:6853600-6868500,NA
mmHSR_1042,mouse,HSR,,chr18:7032800-7035500,NA
mmHSR_1043,mouse,HSR,,chr18:7527500-7534800,NA
mmHSR_1044,mouse,HSR,,chr18:7782300-7798400,NA
mmLM_444,mouse,LM,,chr18:7998000-8018800,NA
mmHSR_1045,mouse,HSR,,chr18:8164900-8183000,NA
mmHSR_1046,mouse,HSR,,chr18:8243000-8271800,NA
mmLM_445,mouse,LM,,chr18:8292000-8294000,NA
mmHSR_1047,mouse,HSR,,chr18:8721900-8747000,NA
mmHSR_1048,mouse,HSR,0.28,chr18:9095200-9127300,chr10:35690191-35712485
mmLM_446,mouse,LM,,chr18:9248500-9269200,NA
mmHSR_1049,mouse,HSR,,chr18:9420000-9426100,NA
mmHSR_1050,mouse,HSR,,chr18:9890700-9915900,NA
mmHSR_1051,mouse,HSR,,chr18:11168900-11192100,NA
mmHSR_1052,mouse,HSR,0.34,chr18:11247700-11293200,chr18:22367994-22404228
mmLM_447,mouse,LM,0.22,chr18:11626000-11648000,chr18:22913051-22926142
mmHSR_1053,mouse,HSR,0.11,chr18:12945100-12956300,chr18:24400732-24402857
mmHSR_1054,mouse,HSR,0.37,chr18:13030000-13041900,chr18:24489652-24502251
mmHSR_1055,mouse,HSR,,chr18:13161400-13180500,NA
mmLM_448,mouse,LM,,chr18:13241200-13251100,NA
mmHSR_1056,mouse,HSR,,chr18:13296400-13300000,NA
mmHSR_1057,mouse,HSR,,chr18:13513200-13517200,NA
mmLM_449,mouse,LM,,chr18:14732900-14739600,NA
mmHSR_1058,mouse,HSR,,chr18:15225500-15232800,NA
mmHSR_1059,mouse,HSR,,chr18:15366900-15382100,NA
mmHSR_1060,mouse,HSR,0.21,chr18:15695100-15737600,chr18:27136759-27154712
mmHSR_1061,mouse,HSR,,chr18:16283100-16288900,NA
mmLM_450,mouse,LM,0.13,chr18:16988600-17013600,chr18:28342536-28347944
mmHSR_1062,mouse,HSR,,chr18:17116100-17119600,NA
mmHSR_1063,mouse,HSR,,chr18:17346100-17352400,NA
mmHSR_1064,mouse,HSR,0.17,chr18:17425100-17480600,chr18:28755929-28769356
mmHSR_1065,mouse,HSR,,chr18:17513300-17517900,NA
mmHSR_1066,mouse,HSR,0.1,chr18:17541300-17559000,chr18:28811893-28815590
mmHSR_1067,mouse,HSR,,chr18:17593300-17598500,NA
mmLM_451,mouse,LM,,chr18:17938300-17951600,NA
mmHSR_1068,mouse,HSR,,chr18:18816600-18823800,NA
mmHSR_1069,mouse,HSR,,chr18:18916300-18917900,NA
mmHSR_1070,mouse,HSR,,chr18:18976900-18992400,NA
mmHSR_1071,mouse,HSR,0.11,chr18:19240600-19289100,chr18:30421212-30434935
mmLM_452,mouse,LM,,chr18:19345800-19352600,NA
mmHSR_1072,mouse,HSR,,chr18:19430400-19448100,NA
mmLM_453,mouse,LM,,chr18:19679600-19681600,NA
mmHSR_1073,mouse,HSR,0.14,chr18:19812100-19836500,chr18:30869430-30874784
mmHSR_1074,mouse,HSR,,chr18:20352500-20369800,NA
mmLM_454,mouse,LM,0.1,chr18:20896200-20910000,chr18:31942924-31954688
mmLM_455,mouse,LM,,chr18:21261800-21268900,NA
mmHSR_1075,mouse,HSR,,chr18:21528200-21541600,NA
mmLM_456,mouse,LM,,chr18:21943200-21945200,NA
mmHSR_1076,mouse,HSR,,chr18:22297400-22304000,NA
mmHSR_1077,mouse,HSR,0.21,chr18:23186200-23215300,chr18:34391344-34418398
mmHSR_1078,mouse,HSR,,chr18:25045100-25047300,NA
mmHSR_1079,mouse,HSR,,chr18:25253000-25259500,NA
mmHSR_1080,mouse,HSR,0.58,chr18:25905600-25928600,chr18:37697162-37715933
mmLM_457,mouse,LM,,chr18:26003000-26008100,NA
mmLM_458,mouse,LM,,chr18:26829800-26837100,NA
mmLM_459,mouse,LM,,chr18:26998200-27005600,NA
mmHSR_1081,mouse,HSR,,chr18:27062000-27068200,NA
mmHSR_1082,mouse,HSR,0.54,chr18:28151300-28167300,chr18:39908734-39923345
mmLM_460,mouse,LM,,chr18:28441700-28446600,NA
mmHSR_1083,mouse,HSR,,chr18:28482900-28484900,NA
mmHSR_1084,mouse,HSR,,chr18:28814100-28816900,NA
mmLM_461,mouse,LM,,chr18:28960100-28966000,NA
mmHSR_1085,mouse,HSR,,chr18:29014700-29022000,NA
mmHSR_1086,mouse,HSR,,chr18:29557800-29559800,NA
mmHSR_1087,mouse,HSR,,chr18:29713000-29719200,NA
mmHSR_1088,mouse,HSR,0.14,chr18:31281100-31294300,chr18:43088333-43093955
mmHSR_1089,mouse,HSR,,chr18:32758400-32793400,NA
mmLM_462,mouse,LM,0.3,chr18:33212800-33221500,chr5:111511171-111518209
mmHSR_1090,mouse,HSR,0.19,chr18:33275100-33331000,chr5:111561243-111624801
mmLM_463,mouse,LM,0.21,chr18:33697400-33722600,chr5:112015187-112041189
mmLM_464,mouse,LM,,chr18:34083600-34087300,NA
mmLM_465,mouse,LM,0.16,chr18:34397100-34409800,chr5:112957185-112961184
mmLM_466,mouse,LM,,chr18:35318500-35320400,NA
mmLM_467,mouse,LM,0.14,chr18:36454200-36494600,chr5:140302785-140323860
mmLM_468,mouse,LM,,chr18:36981500-36988700,NA
mmHSR_1091,mouse,HSR,,chr18:37031800-37045800,NA
mmLM_469,mouse,LM,,chr18:37364600-37398900,NA
mmHSR_1092,mouse,HSR,,chr18:37545500-37645000,NA
mmHSR_1093,mouse,HSR,,chr18:39598600-39604900,NA
mmHSR_1094,mouse,HSR,0.28,chr18:40306300-40309300,chr5:144251073-144252128
mmLM_470,mouse,LM,,chr18:40708500-40713600,NA
mmHSR_1095,mouse,HSR,,chr18:41381600-41387500,NA
mmHSR_1096,mouse,HSR,0.15,chr18:41465300-41471500,chr5:145383449-145384565
mmHSR_1097,mouse,HSR,,chr18:41820100-41826100,NA
mmHSR_1098,mouse,HSR,,chr18:41960600-41966100,NA
mmHSR_1099,mouse,HSR,0.13,chr18:42556800-42559800,chr5:146489606-146490024
mmHSR_1100,mouse,HSR,0.41,chr18:42913000-42914900,chr5:146892600-146894917
mmHSR_1101,mouse,HSR,,chr18:43335500-43337900,NA
mmHSR_1102,mouse,HSR,,chr18:43889500-43900400,NA
mmHSR_1103,mouse,HSR,0.18,chr18:44033600-44050200,chr5:148176147-148187391
mmHSR_1104,mouse,HSR,,chr18:44228000-44263100,NA
mmHSR_1105,mouse,HSR,,chr18:44291600-44295600,NA
mmHSR_1106,mouse,HSR,,chr18:44361600-44380500,NA
mmLM_471,mouse,LM,,chr18:44873100-44875100,NA
mmHSR_1107,mouse,HSR,0.21,chr18:44981000-45032700,chr5:113760000-113809487
mmHSR_1108,mouse,HSR,,chr18:45131400-45133400,NA
mmLM_472,mouse,LM,0.21,chr18:45291700-45314300,chr5:114073512-114080668
mmLM_473,mouse,LM,,chr18:45357300-45364700,NA
mmHSR_1109,mouse,HSR,,chr18:45392200-45397700,NA
mmHSR_1110,mouse,HSR,,chr18:45506800-45513400,NA
mmLM_474,mouse,LM,0.1,chr18:45998300-46038000,chr5:114951837-114960794
mmHSR_1111,mouse,HSR,0.15,chr18:46082000-46101400,chr5:115021787-115027092
mmLM_475,mouse,LM,,chr18:46439100-46444100,NA
mmLM_476,mouse,LM,,chr18:46791400-46793400,NA
mmLM_477,mouse,LM,,chr18:47648600-47654100,NA
mmLM_478,mouse,LM,,chr18:47769900-47783100,NA
mmHSR_1112,mouse,HSR,0.76,chr18:48009500-48011400,chr5:117205253-117206936
mmHSR_1113,mouse,HSR,,chr18:48208100-48220300,NA
mmLM_479,mouse,LM,,chr18:48705800-48713100,NA
mmHSR_1114,mouse,HSR,,chr18:48831300-48836100,NA
mmHSR_1115,mouse,HSR,,chr18:49387700-49397800,NA
mmHSR_1116,mouse,HSR,0.11,chr18:49669200-49695600,chr5:118823241-118828974
mmHSR_1117,mouse,HSR,,chr18:50253400-50268700,NA
mmLM_480,mouse,LM,0.19,chr18:50632100-50700200,chr5:120162112-120244369
mmLM_481,mouse,LM,,chr18:51072000-51077600,NA
mmHSR_1118,mouse,HSR,0.21,chr18:51658600-51698300,chr5:121025583-121051913
mmHSR_1119,mouse,HSR,,chr18:52020200-52059300,NA
mmHSR_1120,mouse,HSR,,chr18:52256200-52262200,NA
mmLM_482,mouse,LM,0.2,chr18:52378900-52395000,chr5:121898793-121903828
mmHSR_1121,mouse,HSR,,chr18:52876200-52883200,NA
mmLM_483,mouse,LM,,chr18:53828800-53839900,NA
mmLM_484,mouse,LM,,chr18:53869300-53876600,NA
mmHSR_1122,mouse,HSR,0.24,chr18:54023900-54030000,chr20:57486054-57487632
mmLM_485,mouse,LM,0.2,chr18:54288100-54335900,chr5:124005756-124024291
mmHSR_1123,mouse,HSR,0.24,chr18:54698000-54707800,chr5:124451394-124454420
mmLM_486,mouse,LM,,chr18:55222400-55224400,NA
mmLM_487,mouse,LM,,chr18:55311000-55321100,NA
mmLM_488,mouse,LM,0.42,chr18:55414800-55436200,chr5:125240507-125270320
mmHSR_1124,mouse,HSR,,chr18:55899800-55901700,NA
mmHSR_1125,mouse,HSR,0.27,chr18:55938500-55954100,chr5:125864444-125875409
mmHSR_1126,mouse,HSR,,chr18:56273000-56276900,NA
mmHSR_1127,mouse,HSR,0.25,chr18:56302600-56304500,chr5:126300658-126302441
mmHSR_1128,mouse,HSR,,chr18:56341200-56346000,NA
mmLM_489,mouse,LM,,chr18:56826900-56830200,NA
mmLM_490,mouse,LM,,chr18:57560400-57562500,NA
mmLM_491,mouse,LM,,chr18:58992700-58999300,NA
mmHSR_1129,mouse,HSR,,chr18:59496300-59511000,NA
mmHSR_1130,mouse,HSR,,chr18:59929900-59955000,NA
mmLM_492,mouse,LM,,chr18:60042400-60044400,NA
mmHSR_1131,mouse,HSR,,chr18:60206100-60238100,NA
mmLM_493,mouse,LM,0.23,chr18:60525200-60533800,chr5:150757684-150760535
mmHSR_1132,mouse,HSR,,chr18:62237400-62247700,NA
mmLM_494,mouse,LM,0.16,chr18:62273700-62292800,chr5:148696910-148702776
mmHSR_1133,mouse,HSR,,chr18:62752700-62755100,NA
mmHSR_1134,mouse,HSR,,chr18:64131300-64132600,NA
mmLM_495,mouse,LM,0.24,chr18:64448400-64454900,chr5:43586634-43588827
mmHSR_1135,mouse,HSR,0.36,chr18:65103100-65105000,chr18:58276792-58277675
mmLM_496,mouse,LM,0.33,chr18:65385700-65405100,chr18:58622638-58632826
mmLM_497,mouse,LM,,chr18:65492400-65494700,NA
mmLM_498,mouse,LM,,chr18:65716300-65719400,NA
mmHSR_1136,mouse,HSR,,chr18:66543200-66548900,NA
mmLM_499,mouse,LM,0.12,chr18:66750000-66759900,chr18:60249254-60254244
mmHSR_1137,mouse,HSR,,chr18:66881200-66887200,NA
mmHSR_1138,mouse,HSR,,chr18:68381300-68387800,NA
mmLM_500,mouse,LM,,chr18:68412100-68425800,NA
mmHSR_1139,mouse,HSR,,chr18:68461300-68489000,NA
mmHSR_1140,mouse,HSR,0.11,chr18:68691100-68693200,chr18:56343529-56343775
mmLM_501,mouse,LM,,chr18:69759300-69761300,NA
mmHSR_1141,mouse,HSR,0.21,chr18:70489500-70515400,chr18:54293213-54332468
mmHSR_1142,mouse,HSR,0.14,chr18:70775600-70791900,chr18:54031092-54033748
mmLM_502,mouse,LM,,chr18:70842100-70849200,NA
mmHSR_1143,mouse,HSR,,chr18:71032500-71038800,NA
mmHSR_1144,mouse,HSR,,chr18:71139200-71145200,NA
mmLM_503,mouse,LM,,chr18:71208200-71211300,NA
mmLM_504,mouse,LM,,chr18:71267000-71273300,NA
mmLM_505,mouse,LM,,chr18:71630400-71641100,NA
mmHSR_1145,mouse,HSR,0.12,chr18:72753900-72794900,chr18:52013249-52031625
mmHSR_1146,mouse,HSR,,chr18:72987900-72991000,NA
mmLM_506,mouse,LM,,chr18:73259600-73264100,NA
mmHSR_1147,mouse,HSR,0.3,chr18:74553100-74566400,chr18:50058850-50065267
mmLM_507,mouse,LM,,chr18:74745500-74758500,NA
mmHSR_1148,mouse,HSR,0.14,chr18:74880300-74882000,chr18:49640563-49640854
mmLM_508,mouse,LM,,chr18:76177900-76184300,NA
mmLM_509,mouse,LM,,chr18:76579700-76586300,NA
mmHSR_1149,mouse,HSR,,chr18:77264400-77271000,NA
mmHSR_1150,mouse,HSR,,chr18:78197300-78199300,NA
mmLM_510,mouse,LM,,chr18:78407800-78428500,NA
mmHSR_1151,mouse,HSR,,chr18:78861400-78867900,NA
mmLM_511,mouse,LM,,chr18:80021700-80028900,NA
mmLM_512,mouse,LM,,chr18:80307500-80309600,NA
mmLM_513,mouse,LM,0.15,chr18:80455500-80518400,chr18:79642016-79704945
mmLM_514,mouse,LM,,chr18:81299700-81306200,NA
mmHSR_1152,mouse,HSR,,chr18:82052100-82058200,NA
mmHSR_1153,mouse,HSR,,chr18:82160100-82227800,NA
mmHSR_1154,mouse,HSR,0.14,chr18:82319500-82339900,chr18:77369648-77375477
mmLM_515,mouse,LM,,chr18:82692900-82717900,NA
mmLM_516,mouse,LM,,chr18:83171100-83178400,NA
mmLM_517,mouse,LM,,chr18:83700500-83707900,NA
mmHSR_1155,mouse,HSR,,chr18:84828700-84833000,NA
mmHSR_1156,mouse,HSR,0.12,chr18:85035000-85080600,chr18:73980549-73992928
mmHSR_1157,mouse,HSR,,chr18:85105800-85112200,NA
mmHSR_1158,mouse,HSR,,chr18:85169900-85175900,NA
mmLM_518,mouse,LM,,chr18:85377800-85382800,NA
mmHSR_1159,mouse,HSR,,chr18:85697000-85699200,NA
mmHSR_1160,mouse,HSR,,chr18:85783600-85789900,NA
mmHSR_1161,mouse,HSR,,chr18:86508300-86510200,NA
mmHSR_1162,mouse,HSR,0.14,chr18:86560600-86586100,chr18:72646646-72653926
mmHSR_1163,mouse,HSR,0.15,chr18:86828500-86849500,chr18:72421174-72425692
mmHSR_1164,mouse,HSR,,chr18:87006300-87009800,NA
mmHSR_1165,mouse,HSR,,chr18:87141500-87161200,NA
mmHSR_1166,mouse,HSR,,chr18:87568300-87574300,NA
mmHSR_1167,mouse,HSR,,chr18:88149300-88155400,NA
mmHSR_1168,mouse,HSR,0.22,chr18:89030400-89036400,chr18:70135707-70138255
mmLM_519,mouse,LM,0.17,chr18:89615900-89650500,chr18:69531442-69545729
mmLM_520,mouse,LM,,chr18:89983200-89989700,NA
mmHSR_1169,mouse,HSR,,chr18:90055500-90092500,NA
mmLM_521,mouse,LM,,chr18:90113400-90125400,NA
mmHSR_1170,mouse,HSR,,chr18:90464100-90501300,NA
mmHSR_1171,mouse,HSR,,chr18:90601200-90702600,NA
mmHSR_1172,mouse,HSR,,chr19:0-3140800,NA
mmHSR_1173,mouse,HSR,,chr19:3161400-3248600,NA
mmLM_522,mouse,LM,,chr19:4061100-4066400,NA
mmHSR_1174,mouse,HSR,,chr19:6581000-6594300,NA
mmHSR_1175,mouse,HSR,,chr19:7713600-7774800,NA
mmLM_523,mouse,LM,,chr19:7810700-7843900,NA
mmLM_524,mouse,LM,,chr19:8203200-8285500,NA
mmHSR_1176,mouse,HSR,,chr19:9250500-9357700,NA
mmLM_525,mouse,LM,,chr19:9502000-9565000,NA
mmHSR_1177,mouse,HSR,,chr19:9745800-9803300,NA
mmHSR_1178,mouse,HSR,,chr19:9823500-9837700,NA
mmHSR_1179,mouse,HSR,,chr19:10507900-10510300,NA
mmLM_526,mouse,LM,0.23,chr19:10954500-10960300,chr11:60809165-60835631
mmHSR_1180,mouse,HSR,0.22,chr19:11199700-11239800,chr11:60489740-60513614
mmLM_527,mouse,LM,,chr19:12447200-12454600,NA
mmHSR_1181,mouse,HSR,,chr19:13203500-13216400,NA
mmHSR_1182,mouse,HSR,,chr19:13330600-13357100,NA
mmHSR_1183,mouse,HSR,,chr19:13685000-13693300,NA
mmHSR_1184,mouse,HSR,,chr19:13760500-13777200,NA
mmHSR_1185,mouse,HSR,,chr19:15256700-15263000,NA
mmHSR_1186,mouse,HSR,,chr19:15433400-15438100,NA
mmHSR_1187,mouse,HSR,,chr19:15711800-15719800,NA
mmHSR_1188,mouse,HSR,,chr19:15839200-15846600,NA
mmLM_528,mouse,LM,,chr19:15956500-15958500,NA
mmHSR_1189,mouse,HSR,,chr19:16670500-16673100,NA
mmHSR_1190,mouse,HSR,,chr19:18358000-18364200,NA
mmHSR_1191,mouse,HSR,,chr19:18532700-18535600,NA
mmHSR_1192,mouse,HSR,0.25,chr19:19132200-19161200,chr9:74437423-74467343
mmHSR_1193,mouse,HSR,,chr19:19509000-19514900,NA
mmLM_529,mouse,LM,,chr19:19870300-19876900,NA
mmHSR_1194,mouse,HSR,,chr19:20080700-20081800,NA
mmLM_530,mouse,LM,,chr19:20140700-20144100,NA
mmLM_531,mouse,LM,,chr19:20288200-20297900,NA
mmLM_532,mouse,LM,,chr19:20455400-20462700,NA
mmLM_533,mouse,LM,,chr19:20839700-20843900,NA
mmHSR_1195,mouse,HSR,0.1,chr19:21218200-21243800,chr9:72394040-72399216
mmLM_534,mouse,LM,,chr19:21532400-21534400,NA
mmHSR_1196,mouse,HSR,,chr19:22644100-22651700,NA
mmLM_535,mouse,LM,,chr19:22722400-22728400,NA
mmHSR_1197,mouse,HSR,0.32,chr19:23356500-23358400,chr9:70132379-70134969
mmHSR_1198,mouse,HSR,0.2,chr19:23739200-23754000,chr9:69677983-69684994
mmLM_536,mouse,LM,,chr19:24040300-24042300,NA
mmHSR_1199,mouse,HSR,,chr19:24911900-24919200,NA
mmHSR_1200,mouse,HSR,,chr19:25741800-25770100,NA
mmHSR_1201,mouse,HSR,,chr19:25917500-25920000,NA
mmHSR_1202,mouse,HSR,,chr19:27751400-27758100,NA
mmHSR_1203,mouse,HSR,,chr19:28149600-28156600,NA
mmHSR_1204,mouse,HSR,,chr19:30907400-30908700,NA
mmLM_537,mouse,LM,,chr19:30963600-30968000,NA
mmHSR_1205,mouse,HSR,,chr19:31722800-31735800,NA
mmLM_538,mouse,LM,0.18,chr19:32203200-32211600,chr10:50416990-50418885
mmLM_539,mouse,LM,,chr19:32441800-32449100,NA
mmLM_540,mouse,LM,0.9,chr19:32822000-32824000,chr10:87967438-87969532
mmLM_541,mouse,LM,,chr19:33439100-33446100,NA
mmHSR_1206,mouse,HSR,,chr19:33864200-33877900,NA
mmHSR_1207,mouse,HSR,,chr19:33949100-33958200,NA
mmLM_542,mouse,LM,,chr19:34131200-34161200,NA
mmHSR_1208,mouse,HSR,,chr19:34581900-34613000,NA
mmHSR_1209,mouse,HSR,,chr19:35076400-35079800,NA
mmHSR_1210,mouse,HSR,0.11,chr19:35650200-35673500,chr10:90432546-90439235
mmHSR_1211,mouse,HSR,0.11,chr19:36702500-36723400,chr10:91605446-91621153
mmLM_543,mouse,LM,0.9,chr19:37298800-37301800,chr2:10010868-10015678
mmLM_544,mouse,LM,,chr19:37617300-37624600,NA
mmLM_545,mouse,LM,,chr19:38490200-38495300,NA
mmHSR_1212,mouse,HSR,,chr19:39078100-39079500,NA
mmHSR_1213,mouse,HSR,,chr19:39106700-39156300,NA
mmHSR_1214,mouse,HSR,,chr19:39244700-39270400,NA
mmHSR_1215,mouse,HSR,,chr19:39331700-39424100,NA
mmLM_546,mouse,LM,,chr19:39599900-39607200,NA
mmLM_547,mouse,LM,,chr19:39658700-39695100,NA
mmLM_548,mouse,LM,,chr19:40020400-40026800,NA
mmHSR_1216,mouse,HSR,,chr19:40094100-40153300,NA
mmLM_549,mouse,LM,0.58,chr19:40328500-40330000,chrX:27210467-27211346
mmLM_550,mouse,LM,,chr19:41142700-41150000,NA
mmLM_551,mouse,LM,,chr19:41424200-41473100,NA
mmLM_552,mouse,LM,,chr19:42346000-42350500,NA
mmLM_553,mouse,LM,,chr19:42647600-42649700,NA
mmHSR_1217,mouse,HSR,,chr19:43118800-43124600,NA
mmLM_554,mouse,LM,,chr19:43236000-43238000,NA
mmHSR_1218,mouse,HSR,,chr19:43321500-43323700,NA
mmLM_555,mouse,LM,0.45,chr19:44145700-44171700,chr10:100285850-100305654
mmLM_556,mouse,LM,,chr19:44218500-44225000,NA
mmHSR_1219,mouse,HSR,,chr19:44862100-44864300,NA
mmLM_557,mouse,LM,0.61,chr19:45004900-45096500,chr10:100986319-101076702
mmHSR_1220,mouse,HSR,,chr19:45182300-45190200,NA
mmHSR_1221,mouse,HSR,0.69,chr19:45649000-45661500,chr10:101685844-101696048
mmLM_558,mouse,LM,,chr19:45699400-45706300,NA
mmLM_559,mouse,LM,,chr19:47590300-47602700,NA
mmHSR_1222,mouse,HSR,0.62,chr19:48484600-48496700,chr10:104913526-104927472
mmHSR_1223,mouse,HSR,,chr19:48743800-48746300,NA
mmLM_560,mouse,LM,,chr19:50107900-50114400,NA
mmHSR_1224,mouse,HSR,0.21,chr19:50309700-50311600,chr10:106758933-106759431
mmLM_561,mouse,LM,,chr19:50754100-50755900,NA
mmHSR_1225,mouse,HSR,,chr19:50828900-50835600,NA
mmHSR_1226,mouse,HSR,,chr19:51649700-51655800,NA
mmLM_562,mouse,LM,,chr19:51949000-51955700,NA
mmLM_563,mouse,LM,,chr19:52303100-52309700,NA
mmLM_564,mouse,LM,,chr19:52927900-52932300,NA
mmLM_565,mouse,LM,0.19,chr19:52967800-52991100,chr10:109844661-109862046
mmHSR_1227,mouse,HSR,,chr19:53522200-53527100,NA
mmHSR_1228,mouse,HSR,0.2,chr19:53767900-53777800,chr10:110746267-110748919
mmHSR_1229,mouse,HSR,,chr19:54235200-54236600,NA
mmHSR_1230,mouse,HSR,0.38,chr19:54884700-54936800,chr10:111952271-111988422
mmLM_566,mouse,LM,,chr19:54994900-55001700,NA
mmLM_567,mouse,LM,,chr19:55976700-55984000,NA
mmLM_568,mouse,LM,0.37,chr19:56248700-56259000,chr10:113515937-113523084
mmHSR_1231,mouse,HSR,,chr19:56846600-56849100,NA
mmLM_569,mouse,LM,,chr19:57514200-57520700,NA
mmLM_570,mouse,LM,,chr19:57634000-57635600,NA
mmLM_571,mouse,LM,,chr19:57827000-57832700,NA
mmLM_572,mouse,LM,,chr19:58012500-58014600,NA
mmHSR_1232,mouse,HSR,0.7,chr19:58112400-58114500,chr10:115920854-115922819
mmHSR_1233,mouse,HSR,0.28,chr19:58481300-58483200,chr10:116296351-116296908
mmHSR_1234,mouse,HSR,0.33,chr19:59221800-59240400,chr10:117200932-117221157
mmHSR_1235,mouse,HSR,0.16,chr19:59763100-59779900,chr10:117877787-117881243
mmHSR_1236,mouse,HSR,,chr19:60082500-60089900,NA
mmHSR_1237,mouse,HSR,0.22,chr19:60906900-60934000,chr10:119224194-119243379
mmLM_573,mouse,LM,0.13,chr19:61162600-61174300,chrX:103675493-103678601
mmHSR_1238,mouse,HSR,,chr19:61197700-61268100,NA
mmHSR_1239,mouse,HSR,,chr19:61330300-61431500,NA
mmHSR_1240,mouse,HSR,,chr2:0-3086300,NA
mmHSR_1241,mouse,HSR,0.15,chr2:3474900-3488800,chr10:14871788-14878934
mmLM_574,mouse,LM,,chr2:3932700-3939100,NA
mmHSR_1242,mouse,HSR,0.17,chr2:3963500-3986100,chr10:14344003-14353675
mmHSR_1243,mouse,HSR,0.54,chr2:4515100-4518600,chr10:13759066-13761569
mmHSR_1244,mouse,HSR,0.7,chr2:4600600-4620300,chr10:13634398-13661005
mmHSR_1245,mouse,HSR,0.34,chr2:5378100-5394600,chr10:12726084-12741271
mmHSR_1246,mouse,HSR,0.16,chr2:5545900-5561600,chr10:12557707-12563972
mmHSR_1247,mouse,HSR,0.17,chr2:6078200-6095300,chr10:11875867-11886860
mmLM_575,mouse,LM,,chr2:6773100-6777500,NA
mmHSR_1248,mouse,HSR,0.24,chr2:6832200-6846700,chr10:11039822-11045716
mmHSR_1249,mouse,HSR,,chr2:7137500-7139600,NA
mmHSR_1250,mouse,HSR,0.16,chr2:7404000-7458100,chr10:10427919-10453561
mmHSR_1251,mouse,HSR,0.12,chr2:7571700-7609800,chr10:10315055-10331076
mmLM_576,mouse,LM,,chr2:7656300-7669700,NA
mmHSR_1252,mouse,HSR,,chr2:7752800-7758500,NA
mmHSR_1253,mouse,HSR,,chr2:8034600-8042900,NA
mmHSR_1254,mouse,HSR,,chr2:8266200-8275600,NA
mmHSR_1255,mouse,HSR,,chr2:8528400-8535700,NA
mmHSR_1256,mouse,HSR,,chr2:8938000-8940500,NA
mmHSR_1257,mouse,HSR,,chr2:9212600-9219300,NA
mmLM_577,mouse,LM,,chr2:10177100-10183400,NA
mmLM_578,mouse,LM,,chr2:10483200-10501500,NA
mmLM_579,mouse,LM,,chr2:10677000-10697600,NA
mmHSR_1258,mouse,HSR,0.16,chr2:12605500-12668600,chr10:16032215-16076425
mmHSR_1259,mouse,HSR,0.14,chr2:13824000-13869200,chr10:17478919-17498786
mmHSR_1260,mouse,HSR,,chr2:13946300-13948900,NA
mmHSR_1261,mouse,HSR,0.32,chr2:14014100-14035300,chr10:17574477-17592901
mmHSR_1262,mouse,HSR,,chr2:14359100-14386600,NA
mmHSR_1263,mouse,HSR,,chr2:14919000-14924500,NA
mmHSR_1264,mouse,HSR,0.12,chr2:15301300-15334700,chr10:18854614-18862033
mmLM_580,mouse,LM,,chr2:15430100-15435500,NA
mmHSR_1265,mouse,HSR,0.26,chr2:15575900-15602800,chr10:19097458-19118261
mmHSR_1266,mouse,HSR,,chr2:15716700-15721100,NA
mmHSR_1267,mouse,HSR,,chr2:15768300-15770500,NA
mmHSR_1268,mouse,HSR,,chr2:16192400-16198500,NA
mmLM_581,mouse,LM,,chr2:16320200-16326500,NA
mmHSR_1269,mouse,HSR,0.14,chr2:16762800-16787000,chr10:20289622-20320074
mmHSR_1270,mouse,HSR,,chr2:17383200-17385100,NA
mmLM_582,mouse,LM,0.36,chr2:17612500-17654500,chr10:21049817-21085900
mmHSR_1271,mouse,HSR,,chr2:17747200-17753000,NA
mmHSR_1272,mouse,HSR,,chr2:19209900-19212900,NA
mmHSR_1273,mouse,HSR,,chr2:19498400-19510300,NA
mmHSR_1274,mouse,HSR,,chr2:19707900-19712200,NA
mmLM_583,mouse,LM,0.11,chr2:20038500-20067400,chr10:23806153-23809659
mmLM_584,mouse,LM,,chr2:20426800-20433300,NA
mmHSR_1275,mouse,HSR,0.54,chr2:20898900-20901100,chr10:24643103-24647287
mmLM_585,mouse,LM,0.21,chr2:21062600-21082200,chr10:24875735-24891119
mmHSR_1276,mouse,HSR,,chr2:22049700-22087700,NA
mmHSR_1277,mouse,HSR,0.14,chr2:22137300-22165500,chr10:25888252-25897121
mmHSR_1278,mouse,HSR,0.14,chr2:22389900-22608700,chr10:26111893-26205586
mmHSR_1279,mouse,HSR,,chr2:22737300-22745800,NA
mmLM_586,mouse,LM,,chr2:23009600-23015000,NA
mmHSR_1280,mouse,HSR,,chr2:23274600-23304900,NA
mmHSR_1281,mouse,HSR,,chr2:23693700-23707900,NA
mmHSR_1282,mouse,HSR,,chr2:24193300-24199000,NA
mmLM_587,mouse,LM,0.53,chr2:26333100-26351900,chr9:136347923-136363602
mmHSR_1283,mouse,HSR,,chr2:26759100-26763600,NA
mmLM_588,mouse,LM,,chr2:26998200-27004400,NA
mmHSR_1284,mouse,HSR,0.49,chr2:28183200-28205000,chr9:135062511-135086977
mmLM_589,mouse,LM,,chr2:30204600-30239600,NA
mmLM_590,mouse,LM,0.36,chr2:32381300-32488200,chr9:128042969-128160893
mmHSR_1285,mouse,HSR,,chr2:33933000-33935300,NA
mmHSR_1286,mouse,HSR,,chr2:34049900-34051800,NA
mmLM_591,mouse,LM,0.43,chr2:34903900-34935900,chr9:120866641-120893559
mmHSR_1287,mouse,HSR,,chr2:35090800-35109900,NA
mmLM_592,mouse,LM,0.14,chr2:35505000-35526700,chr9:121507539-121530227
mmLM_593,mouse,LM,0.36,chr2:36008600-36019300,chr9:122123509-122129894
mmHSR_1288,mouse,HSR,,chr2:36401900-36413100,NA
mmHSR_1289,mouse,HSR,,chr2:36508600-36515200,NA
mmHSR_1290,mouse,HSR,,chr2:36542800-36549100,NA
mmHSR_1291,mouse,HSR,,chr2:36761000-36766500,NA
mmHSR_1292,mouse,HSR,,chr2:36951900-36970700,NA
mmHSR_1293,mouse,HSR,,chr2:37156900-37185900,NA
mmLM_594,mouse,LM,0.29,chr2:37339700-37359400,chr9:122818294-122828727
mmLM_595,mouse,LM,,chr2:38564700-38566600,NA
mmHSR_1294,mouse,HSR,,chr2:39225400-39293200,NA
mmLM_596,mouse,LM,,chr2:39360600-39367900,NA
mmHSR_1295,mouse,HSR,,chr2:39517800-39534800,NA
mmLM_597,mouse,LM,,chr2:39778500-39785700,NA
mmHSR_1296,mouse,HSR,0.17,chr2:39887500-39915800,chr2:139582503-139592857
mmHSR_1297,mouse,HSR,0.16,chr2:40131200-40240800,chr2:139786173-139847118
mmHSR_1298,mouse,HSR,,chr2:40262500-40268600,NA
mmHSR_1299,mouse,HSR,0.18,chr2:40766400-40794000,chr2:140408971-140432900
mmLM_598,mouse,LM,,chr2:41059500-41070200,NA
mmHSR_1300,mouse,HSR,,chr2:41168700-41171400,NA
mmHSR_1301,mouse,HSR,,chr2:41692800-41694800,NA
mmLM_599,mouse,LM,,chr2:41744300-41751600,NA
mmHSR_1302,mouse,HSR,,chr2:41775100-41781500,NA
mmHSR_1303,mouse,HSR,0.42,chr2:41895300-41897200,chr2:141389260-141390414
mmHSR_1304,mouse,HSR,,chr2:42044500-42051600,NA
mmHSR_1305,mouse,HSR,0.52,chr2:42200300-42240700,chr2:141688901-141718270
mmHSR_1306,mouse,HSR,,chr2:42950100-42956600,NA
mmHSR_1307,mouse,HSR,,chr2:43347900-43356400,NA
mmHSR_1308,mouse,HSR,,chr2:44936600-44942400,NA
mmHSR_1309,mouse,HSR,,chr2:46224800-46226700,NA
mmLM_600,mouse,LM,,chr2:46343100-46348100,NA
mmLM_601,mouse,LM,,chr2:46574200-46579600,NA
mmHSR_1310,mouse,HSR,,chr2:47008600-47023500,NA
mmHSR_1311,mouse,HSR,,chr2:47196300-47199300,NA
mmHSR_1312,mouse,HSR,,chr2:47533600-47642600,NA
mmHSR_1313,mouse,HSR,,chr2:47942200-47943800,NA
mmLM_602,mouse,LM,,chr2:48483000-48491000,NA
mmHSR_1314,mouse,HSR,,chr2:50543200-50545500,NA
mmLM_603,mouse,LM,,chr2:50679600-50686800,NA
mmHSR_1315,mouse,HSR,0.19,chr2:51552600-51555600,chr2:150885028-150885771
mmHSR_1316,mouse,HSR,0.52,chr2:51750900-51756000,chr2:151100513-151103990
mmLM_604,mouse,LM,,chr2:51881600-51890600,NA
mmHSR_1317,mouse,HSR,0.19,chr2:51945900-51948400,chr2:151269822-151270490
mmHSR_1318,mouse,HSR,0.39,chr2:52695900-52718600,chr2:152123689-152147361
mmHSR_1319,mouse,HSR,0.23,chr2:52786800-52796300,chr2:152233533-152236014
mmLM_605,mouse,LM,,chr2:53317700-53321600,NA
mmHSR_1320,mouse,HSR,0.14,chr2:53347800-53367000,chr2:152868904-152872413
mmHSR_1321,mouse,HSR,,chr2:53633400-53642900,NA
mmHSR_1322,mouse,HSR,,chr2:53745700-53799800,NA
mmHSR_1323,mouse,HSR,,chr2:54252600-54258500,NA
mmHSR_1324,mouse,HSR,,chr2:54698000-54747900,NA
mmHSR_1325,mouse,HSR,0.16,chr2:54862600-54895300,chr2:154250559-154269491
mmHSR_1326,mouse,HSR,0.15,chr2:55197500-55216400,chr2:154532105-154538586
mmHSR_1327,mouse,HSR,0.23,chr2:55308300-55353700,chr2:154625059-154655372
mmHSR_1328,mouse,HSR,,chr2:55823800-55829000,NA
mmLM_606,mouse,LM,0.24,chr2:55860200-55874300,chr2:155168367-155179499
mmHSR_1329,mouse,HSR,,chr2:55942000-55947800,NA
mmHSR_1330,mouse,HSR,,chr2:56192800-56194600,NA
mmHSR_1331,mouse,HSR,,chr2:56298700-56304900,NA
mmHSR_1332,mouse,HSR,,chr2:56465200-56471900,NA
mmHSR_1333,mouse,HSR,0.12,chr2:56834300-56879100,chr2:156096224-156102371
mmLM_607,mouse,LM,,chr2:56988500-56990600,NA
mmLM_608,mouse,LM,,chr2:57166400-57172900,NA
mmLM_609,mouse,LM,,chr2:57214400-57223500,NA
mmHSR_1334,mouse,HSR,0.26,chr2:57417400-57446500,chr2:156625215-156637252
mmHSR_1335,mouse,HSR,,chr2:57628500-57633800,NA
mmHSR_1336,mouse,HSR,,chr2:57726600-57728500,NA
mmHSR_1337,mouse,HSR,0.13,chr2:58212900-58263100,chr2:157501917-157522769
mmHSR_1338,mouse,HSR,0.37,chr2:58648300-58691900,chr2:157994894-158029390
mmHSR_1339,mouse,HSR,,chr2:58881200-58902500,NA
mmLM_610,mouse,LM,0.33,chr2:59971300-59972800,chr2:159440879-159441510
mmHSR_1340,mouse,HSR,,chr2:61038200-61042700,NA
mmHSR_1341,mouse,HSR,,chr2:61959600-61965300,NA
mmHSR_1342,mouse,HSR,0.37,chr2:62022900-62040100,chr2:161610780-161619131
mmHSR_1343,mouse,HSR,,chr2:62861100-62867200,NA
mmLM_611,mouse,LM,,chr2:63297300-63302700,NA
mmHSR_1344,mouse,HSR,0.17,chr2:63368100-63403900,chr2:163052887-163076732
mmHSR_1345,mouse,HSR,0.2,chr2:63462300-63483800,chr2:163143058-163161968
mmHSR_1346,mouse,HSR,,chr2:63641200-63654600,NA
mmHSR_1347,mouse,HSR,,chr2:63718200-63725400,NA
mmLM_612,mouse,LM,,chr2:63838100-63845300,NA
mmHSR_1348,mouse,HSR,,chr2:64309200-64319600,NA
mmLM_613,mouse,LM,0.34,chr2:64608400-64633400,chr2:164199922-164214237
mmHSR_1349,mouse,HSR,,chr2:64698700-64703300,NA
mmHSR_1350,mouse,HSR,,chr2:65592500-65602200,NA
mmLM_614,mouse,LM,0.26,chr2:65737700-65781500,chr2:165377536-165393692
mmHSR_1351,mouse,HSR,0.14,chr2:66721600-66750400,chr2:166462312-166472639
mmHSR_1352,mouse,HSR,,chr2:66845100-66852300,NA
mmHSR_1353,mouse,HSR,,chr2:67408400-67414500,NA
mmHSR_1354,mouse,HSR,,chr2:67939700-67946000,NA
mmHSR_1355,mouse,HSR,,chr2:68770400-68776700,NA
mmLM_615,mouse,LM,,chr2:68917800-68924100,NA
mmHSR_1356,mouse,HSR,,chr2:69353900-69356600,NA
mmLM_616,mouse,LM,,chr2:70263100-70270000,NA
mmHSR_1357,mouse,HSR,0.19,chr2:70880100-70892900,chr2:171225348-171229022
mmLM_617,mouse,LM,0.31,chr2:71054700-71071300,chr2:171432668-171449605
mmLM_618,mouse,LM,,chr2:71942000-71949500,NA
mmLM_619,mouse,LM,,chr2:72270200-72275700,NA
mmHSR_1358,mouse,HSR,,chr2:73867000-73868900,NA
mmLM_620,mouse,LM,0.36,chr2:74364300-74402600,chr2:175772196-175799942
mmLM_621,mouse,LM,,chr2:74437600-74444900,NA
mmHSR_1359,mouse,HSR,,chr2:75499500-75504600,NA
mmLM_622,mouse,LM,,chr2:77224000-77230500,NA
mmHSR_1360,mouse,HSR,0.19,chr2:78318000-78339500,chr2:180439046-180450684
mmHSR_1361,mouse,HSR,,chr2:79437700-79441900,NA
mmHSR_1362,mouse,HSR,,chr2:79936500-79943700,NA
mmHSR_1363,mouse,HSR,,chr2:80119000-80121500,NA
mmLM_623,mouse,LM,0.16,chr2:80220600-80257700,chr2:182621025-182644253
mmHSR_1364,mouse,HSR,0.17,chr2:80795600-80838700,chr2:183307264-183340124
mmHSR_1365,mouse,HSR,,chr2:80879000-80880200,NA
mmHSR_1366,mouse,HSR,0.34,chr2:80956500-81006000,chr2:183485983-183526297
mmHSR_1367,mouse,HSR,,chr2:81069000-81075100,NA
mmHSR_1368,mouse,HSR,,chr2:81639400-81644800,NA
mmHSR_1369,mouse,HSR,,chr2:81750800-81756800,NA
mmHSR_1370,mouse,HSR,,chr2:81790000-81795900,NA
mmHSR_1371,mouse,HSR,,chr2:82329800-82340100,NA
mmHSR_1372,mouse,HSR,,chr2:82673800-82679900,NA
mmHSR_1373,mouse,HSR,,chr2:82714300-82728500,NA
mmHSR_1374,mouse,HSR,,chr2:82783900-82789500,NA
mmHSR_1375,mouse,HSR,,chr2:82868800-82887900,NA
mmHSR_1376,mouse,HSR,,chr2:82916300-82936800,NA
mmHSR_1377,mouse,HSR,0.29,chr2:83120100-83146100,chr2:186057274-186069391
mmHSR_1378,mouse,HSR,,chr2:83185100-83193200,NA
mmHSR_1379,mouse,HSR,,chr2:83325900-83328200,NA
mmHSR_1380,mouse,HSR,0.11,chr2:83413500-83587500,chr2:186332210-186430584
mmHSR_1381,mouse,HSR,0.29,chr2:83865600-83893100,chr2:186752813-186769090
mmLM_624,mouse,LM,,chr2:83931600-83995800,NA
mmHSR_1382,mouse,HSR,,chr2:84080900-84085600,NA
mmLM_625,mouse,LM,,chr2:84505000-84510500,NA
mmLM_626,mouse,LM,,chr2:84532500-84534600,NA
mmLM_627,mouse,LM,0.1,chr2:84564800-84576000,chr11:57865244-57867202
mmLM_628,mouse,LM,0.19,chr2:85685600-85701800,chr11:56159254-56164476
mmHSR_1383,mouse,HSR,0.1,chr2:85874000-85896300,chr11:56576762-56579556
mmLM_629,mouse,LM,,chr2:86018200-86021700,NA
mmHSR_1384,mouse,HSR,0.15,chr2:86303400-86317700,chr11:56159294-56161750
mmLM_630,mouse,LM,,chr2:86339600-86346900,NA
mmHSR_1385,mouse,HSR,,chr2:86612700-86617500,NA
mmHSR_1386,mouse,HSR,,chr2:87381000-87382800,NA
mmHSR_1387,mouse,HSR,,chr2:87875700-87941300,NA
mmHSR_1388,mouse,HSR,,chr2:88167400-88212600,NA
mmHSR_1389,mouse,HSR,,chr2:88776200-88780800,NA
mmLM_631,mouse,LM,,chr2:89206600-89277100,NA
mmHSR_1390,mouse,HSR,,chr2:89345700-89350400,NA
mmHSR_1391,mouse,HSR,,chr2:89761200-89775100,NA
mmHSR_1392,mouse,HSR,,chr2:89856400-89920100,NA
mmHSR_1393,mouse,HSR,,chr2:90127200-90132700,NA
mmHSR_1394,mouse,HSR,,chr2:90157100-90249100,NA
mmHSR_1395,mouse,HSR,,chr2:90273200-90279100,NA
mmHSR_1396,mouse,HSR,,chr2:90309300-90396100,NA
mmHSR_1397,mouse,HSR,0.25,chr2:92092600-92094700,chr11:46196751-46197346
mmHSR_1398,mouse,HSR,0.24,chr2:92167200-92169100,chr11:46133041-46133515
mmHSR_1399,mouse,HSR,0.45,chr2:93824700-93850200,chr11:44066659-44093772
mmLM_632,mouse,LM,,chr2:94602800-94607800,NA
mmHSR_1400,mouse,HSR,0.21,chr2:94633900-94656500,chr11:43081505-43094348
mmLM_633,mouse,LM,,chr2:94801000-94809400,NA
mmHSR_1401,mouse,HSR,0.27,chr2:94852800-94891200,chr11:42840021-42854901
mmLM_634,mouse,LM,0.28,chr2:95064700-95093500,chr11:42630412-42646297
mmHSR_1402,mouse,HSR,0.12,chr2:95148000-95167800,chr6:117833221-117835936
mmHSR_1403,mouse,HSR,0.13,chr2:95215900-95320600,chr11:42476224-42531296
mmHSR_1404,mouse,HSR,,chr2:95414700-95420600,NA
mmLM_635,mouse,LM,,chr2:95536400-95538400,NA
mmHSR_1405,mouse,HSR,,chr2:95647900-95654300,NA
mmHSR_1406,mouse,HSR,,chr2:95794500-95799200,NA
mmHSR_1407,mouse,HSR,,chr2:95929300-95934400,NA
mmHSR_1408,mouse,HSR,,chr2:96191400-96208900,NA
mmLM_636,mouse,LM,0.18,chr2:96547800-96566800,chr11:41224331-41236503
mmHSR_1409,mouse,HSR,0.19,chr2:96954700-96977300,chr11:40779977-40786074
mmHSR_1410,mouse,HSR,,chr2:97021000-97034600,NA
mmHSR_1411,mouse,HSR,0.2,chr2:97308000-97327600,chr11:40419846-40425257
mmHSR_1412,mouse,HSR,,chr2:97671600-97686300,NA
mmHSR_1413,mouse,HSR,,chr2:97760700-97765800,NA
mmHSR_1414,mouse,HSR,,chr2:97872400-97958200,NA
mmHSR_1415,mouse,HSR,,chr2:98361700-98449600,NA
mmHSR_1416,mouse,HSR,,chr2:98659400-98668200,NA
mmHSR_1417,mouse,HSR,,chr2:98796500-98801900,NA
mmHSR_1418,mouse,HSR,0.14,chr2:99020000-99057500,chr11:38950171-38989123
mmHSR_1419,mouse,HSR,0.1,chr2:99300200-99320300,chr11:38701242-38703624
mmHSR_1420,mouse,HSR,0.1,chr2:99944600-99970200,chr11:38048773-38054368
mmHSR_1421,mouse,HSR,,chr2:100112000-100114300,NA
mmHSR_1422,mouse,HSR,0.32,chr2:100223900-100238300,chr11:37798901-37821918
mmLM_637,mouse,LM,0.11,chr2:100418400-100777900,chr11:37387715-37595142
mmLM_638,mouse,LM,0.19,chr2:101127200-101153600,chr11:37013768-37025542
mmHSR_1423,mouse,HSR,0.28,chr2:101313100-101350600,chr11:36855172-36875297
mmHSR_1424,mouse,HSR,0.8,chr2:102828400-102830400,chr11:35212554-35215061
mmHSR_1425,mouse,HSR,0.39,chr2:103231300-103232300,chr16:8509037-8509449
mmHSR_1426,mouse,HSR,0.22,chr2:103852300-103872800,chr11:33970955-33985501
mmHSR_1427,mouse,HSR,0.22,chr2:104684900-104697300,chr11:33058761-33066258
mmHSR_1428,mouse,HSR,0.2,chr2:105249300-105259000,chr11:32297009-32299461
mmLM_639,mouse,LM,0.12,chr2:105539300-105563200,chr11:31924780-31933551
mmHSR_1429,mouse,HSR,0.25,chr2:105825900-105865100,chr11:31555305-31606644
mmHSR_1430,mouse,HSR,0.35,chr2:106555100-106569300,chr11:30723642-30733056
mmHSR_1431,mouse,HSR,,chr2:107134100-107140900,NA
mmLM_640,mouse,LM,,chr2:107593900-107601200,NA
mmHSR_1432,mouse,HSR,,chr2:107710100-107712400,NA
mmHSR_1433,mouse,HSR,,chr2:108608600-108614000,NA
mmHSR_1434,mouse,HSR,,chr2:108945100-108972800,NA
mmHSR_1435,mouse,HSR,,chr2:109629400-109636000,NA
mmHSR_1436,mouse,HSR,0.57,chr2:110016800-110025500,chr11:27355429-27364198
mmHSR_1437,mouse,HSR,,chr2:110091100-110128700,NA
mmHSR_1438,mouse,HSR,,chr2:110157100-110163300,NA
mmHSR_1439,mouse,HSR,0.83,chr2:110292700-110294600,chr11:27088662-27093076
mmHSR_1440,mouse,HSR,0.2,chr2:110545800-110583400,chr11:26752665-26762354
mmHSR_1441,mouse,HSR,0.43,chr2:110752400-110780100,chr11:26527983-26549595
mmHSR_1442,mouse,HSR,,chr2:111007400-111018600,NA
mmHSR_1443,mouse,HSR,,chr2:111042000-111046600,NA
mmHSR_1444,mouse,HSR,,chr2:111172700-111179800,NA
mmLM_641,mouse,LM,,chr2:111281500-111287900,NA
mmLM_642,mouse,LM,,chr2:111545600-111553300,NA
mmHSR_1445,mouse,HSR,,chr2:111716900-111722900,NA
mmHSR_1446,mouse,HSR,,chr2:111844900-111866400,NA
mmHSR_1447,mouse,HSR,,chr2:111890900-111898900,NA
mmHSR_1448,mouse,HSR,,chr2:112053900-112086000,NA
mmLM_643,mouse,LM,,chr2:112319700-112326200,NA
mmHSR_1449,mouse,HSR,0.38,chr2:112522900-112570500,chr15:33941718-33978276
mmHSR_1450,mouse,HSR,0.31,chr2:112602800-112605100,chr7:158070241-158070972
mmHSR_1451,mouse,HSR,,chr2:112701400-112707900,NA
mmLM_644,mouse,LM,,chr2:113095800-113102400,NA
mmLM_645,mouse,LM,0.1,chr2:113330900-113333000,chr15:33192053-33192278
mmLM_646,mouse,LM,,chr2:113518400-113524900,NA
mmHSR_1452,mouse,HSR,,chr2:113564300-113565700,NA
mmHSR_1453,mouse,HSR,0.4,chr2:113659300-113673200,chr15:32820446-32835716
mmLM_647,mouse,LM,,chr2:114180800-114187400,NA
mmHSR_1454,mouse,HSR,,chr2:114242400-114244000,NA
mmHSR_1455,mouse,HSR,0.22,chr2:114469200-114504000,chr15:35322709-35333364
mmHSR_1456,mouse,HSR,0.14,chr2:116454300-116524000,chr15:37528429-37563022
mmHSR_1457,mouse,HSR,,chr2:117829600-117835500,NA
mmHSR_1458,mouse,HSR,,chr2:118017700-118020200,NA
mmHSR_1459,mouse,HSR,0.29,chr2:120608600-120650200,chr15:42548033-42605432
mmHSR_1460,mouse,HSR,,chr2:120810300-120821000,NA
mmHSR_1461,mouse,HSR,0.22,chr2:121435600-121523600,chr15:43770237-43836259
mmHSR_1462,mouse,HSR,0.12,chr2:121938800-121957600,chr15:44425699-44428767
mmHSR_1463,mouse,HSR,0.81,chr2:122680400-122683200,chr15:45477045-45481918
mmLM_648,mouse,LM,,chr2:123288000-123294300,NA
mmHSR_1464,mouse,HSR,,chr2:123496800-123525300,NA
mmHSR_1465,mouse,HSR,,chr2:123785200-123790700,NA
mmHSR_1466,mouse,HSR,,chr2:124002700-124004600,NA
mmHSR_1467,mouse,HSR,0.27,chr2:124798800-124835800,chr15:47896396-47915435
mmLM_649,mouse,LM,0.42,chr2:125625000-125635900,chr15:48810994-48827376
mmHSR_1468,mouse,HSR,0.22,chr2:126217400-126263800,chr15:49723805-49773484
mmLM_650,mouse,LM,,chr2:126445400-126447400,NA
mmLM_651,mouse,LM,,chr2:126964900-126972100,NA
mmLM_652,mouse,LM,0.5,chr2:127720400-127734000,chr2:110100472-110117348
mmHSR_1469,mouse,HSR,,chr2:128050800-128053200,NA
mmLM_653,mouse,LM,,chr2:128480400-128486900,NA
mmLM_654,mouse,LM,,chr2:128772500-128774500,NA
mmHSR_1470,mouse,HSR,0.11,chr2:129499400-129523400,chr20:1815681-1822227
mmLM_655,mouse,LM,0.56,chr2:129602700-129613700,chr20:1908516-1920047
mmHSR_1471,mouse,HSR,,chr2:131791800-131793800,NA
mmLM_656,mouse,LM,0.23,chr2:131908300-131931100,chr20:4684638-4696462
mmHSR_1472,mouse,HSR,0.1,chr2:131963900-131983700,chr20:4738850-4761327
mmHSR_1473,mouse,HSR,,chr2:132885700-132890400,NA
mmLM_657,mouse,LM,,chr2:132952400-132954500,NA
mmHSR_1474,mouse,HSR,0.22,chr2:133053200-133083400,chr20:6226735-6237268
mmHSR_1475,mouse,HSR,,chr2:133239300-133261800,NA
mmHSR_1476,mouse,HSR,,chr2:133934000-133937500,NA
mmHSR_1477,mouse,HSR,,chr2:134560100-134577900,NA
mmHSR_1478,mouse,HSR,,chr2:134661800-134673000,NA
mmHSR_1479,mouse,HSR,,chr2:134746600-134751100,NA
mmHSR_1480,mouse,HSR,,chr2:135146800-135151900,NA
mmHSR_1481,mouse,HSR,,chr2:135987600-135989700,NA
mmLM_658,mouse,LM,0.2,chr2:136234300-136286800,chr20:9694367-9720821
mmHSR_1482,mouse,HSR,,chr2:137028200-137037000,NA
mmHSR_1483,mouse,HSR,0.3,chr2:137345900-137369900,chr20:10904127-10920413
mmHSR_1484,mouse,HSR,,chr2:137394500-137405600,NA
mmHSR_1485,mouse,HSR,,chr2:137640000-137642300,NA
mmHSR_1486,mouse,HSR,,chr2:137890200-137895000,NA
mmLM_659,mouse,LM,0.41,chr2:138035000-138056400,chr20:11678122-11693807
mmHSR_1487,mouse,HSR,,chr2:138573700-138580400,NA
mmHSR_1488,mouse,HSR,,chr2:138621500-138624200,NA
mmHSR_1489,mouse,HSR,0.13,chr2:138833600-138853100,chr20:12419392-12422171
mmHSR_1490,mouse,HSR,0.33,chr2:138904300-138935000,chr20:12481120-12506175
mmHSR_1491,mouse,HSR,,chr2:139433200-139476200,NA
mmLM_660,mouse,LM,,chr2:140345800-140352400,NA
mmLM_661,mouse,LM,,chr2:142197000-142204400,NA
mmLM_662,mouse,LM,0.11,chr2:142464200-142483300,chr20:16131131-16133592
mmLM_663,mouse,LM,,chr2:142789100-142795600,NA
mmHSR_1492,mouse,HSR,,chr2:143275500-143290300,NA
mmHSR_1493,mouse,HSR,0.38,chr2:143725900-143764700,chr20:17396091-17422115
mmLM_664,mouse,LM,0.45,chr2:144627800-144636700,chr20:18623947-18628969
mmHSR_1494,mouse,HSR,,chr2:144975200-144977100,NA
mmHSR_1495,mouse,HSR,0.29,chr2:145001300-145003200,chr20:19008931-19009549
mmLM_665,mouse,LM,,chr2:145118300-145146300,NA
mmLM_666,mouse,LM,,chr2:145236800-145242600,NA
mmLM_667,mouse,LM,,chr2:145625100-145630800,NA
mmHSR_1496,mouse,HSR,,chr2:145732700-145734600,NA
mmHSR_1497,mouse,HSR,0.3,chr2:146135700-146176900,chr20:20285193-20307093
mmLM_668,mouse,LM,0.11,chr2:146995700-147013200,chr20:21297563-21303477
mmHSR_1498,mouse,HSR,,chr2:147675300-147677500,NA
mmHSR_1499,mouse,HSR,,chr2:147864800-147871300,NA
mmLM_669,mouse,LM,,chr2:147918800-147925100,NA
mmLM_670,mouse,LM,,chr2:148410500-148416000,NA
mmHSR_1500,mouse,HSR,0.14,chr2:148459900-148473800,chr20:23101293-23104488
mmLM_671,mouse,LM,,chr2:148612700-148620200,NA
mmHSR_1501,mouse,HSR,,chr2:148939300-148984200,NA
mmHSR_1502,mouse,HSR,,chr2:149049800-149056000,NA
mmHSR_1503,mouse,HSR,,chr2:149269400-149292700,NA
mmHSR_1504,mouse,HSR,,chr2:150413500-150452500,NA
mmLM_672,mouse,LM,0.29,chr2:150728300-150749700,chr20:25149348-25196338
mmHSR_1505,mouse,HSR,,chr2:151029700-151385300,NA
mmHSR_1506,mouse,HSR,,chr2:151408800-151496700,NA
mmLM_673,mouse,LM,,chr2:152157000-152159000,NA
mmHSR_1507,mouse,HSR,0.12,chr2:152206800-152227500,chr20:543120-548609
mmLM_674,mouse,LM,,chr2:152263400-152269900,NA
mmLM_675,mouse,LM,0.26,chr2:153674800-153693100,chr20:32798437-32809383
mmHSR_1508,mouse,HSR,,chr2:154174200-154180000,NA
mmLM_676,mouse,LM,,chr2:154353800-154359700,NA
mmHSR_1509,mouse,HSR,0.11,chr2:155016300-155051500,chr20:34257630-34269610
mmHSR_1510,mouse,HSR,0.21,chr2:155235400-155258100,chr20:34516202-34541682
mmLM_677,mouse,LM,0.21,chr2:156185100-156214400,chr20:35767857-35788585
mmLM_678,mouse,LM,0.18,chr2:157566000-157655300,chr20:37527533-37616350
mmHSR_1511,mouse,HSR,,chr2:157833200-157835600,NA
mmHSR_1512,mouse,HSR,,chr2:158286300-158292800,NA
mmHSR_1513,mouse,HSR,0.14,chr2:159455200-159469500,chr20:39681331-39684224
mmHSR_1514,mouse,HSR,0.27,chr2:160620300-160638500,chr20:41003449-41018503
mmHSR_1515,mouse,HSR,,chr2:161368800-161376200,NA
mmHSR_1516,mouse,HSR,,chr2:161984900-161990900,NA
mmHSR_1517,mouse,HSR,0.16,chr2:162369100-162376700,chr20:42893054-42895016
mmHSR_1518,mouse,HSR,,chr2:162594500-162602700,NA
mmHSR_1519,mouse,HSR,,chr2:162843800-162847600,NA
mmLM_679,mouse,LM,,chr2:163519100-163533100,NA
mmHSR_1520,mouse,HSR,,chr2:163644500-163655100,NA
mmLM_680,mouse,LM,,chr2:163788900-163796100,NA
mmLM_681,mouse,LM,0.12,chr2:163833800-163849200,chr20:44731676-44742264
mmLM_682,mouse,LM,,chr2:163958100-163963000,NA
mmHSR_1521,mouse,HSR,,chr2:164201000-164202700,NA
mmLM_683,mouse,LM,0.27,chr2:165477300-165529900,chr20:46666817-46758386
mmLM_684,mouse,LM,,chr2:165675100-165679500,NA
mmLM_685,mouse,LM,0.22,chr2:165848700-165953000,chr20:47308621-47423629
mmLM_686,mouse,LM,,chr2:166530600-166535100,NA
mmLM_687,mouse,LM,0.26,chr2:166780500-166832200,chr20:48915400-48946318
mmHSR_1522,mouse,HSR,0.12,chr2:167269400-167291100,chr20:49592174-49611501
mmLM_688,mouse,LM,0.16,chr2:167407900-167423000,chr20:49810082-49814612
mmHSR_1523,mouse,HSR,,chr2:170315100-170320000,NA
mmHSR_1524,mouse,HSR,,chr2:170503800-170509800,NA
mmHSR_1525,mouse,HSR,,chr2:171814300-171816700,NA
mmLM_689,mouse,LM,0.15,chr2:171912800-171932200,chr20:55852704-55858566
mmHSR_1526,mouse,HSR,,chr2:172007100-172014300,NA
mmLM_690,mouse,LM,,chr2:172743600-172751100,NA
mmLM_691,mouse,LM,,chr2:173098700-173101000,NA
mmHSR_1527,mouse,HSR,,chr2:173706700-173708800,NA
mmHSR_1528,mouse,HSR,,chr2:174961800-176745500,NA
mmHSR_1529,mouse,HSR,,chr2:176767100-177166600,NA
mmHSR_1530,mouse,HSR,,chr2:177232400-177490200,NA
mmHSR_1531,mouse,HSR,,chr2:177526700-177841000,NA
mmHSR_1532,mouse,HSR,0.15,chr2:178775000-178794400,chr20:60403465-60413532
mmLM_692,mouse,LM,0.39,chr2:180025600-180093500,chr20:62123372-62203182
mmLM_693,mouse,LM,,chr2:181169900-181188000,NA
mmHSR_1533,mouse,HSR,0.12,chr2:181285900-181298800,chrX:48913197-48917834
mmHSR_1534,mouse,HSR,,chr2:181739800-181745800,NA
mmHSR_1535,mouse,HSR,,chr2:181885000-181933400,NA
mmHSR_1536,mouse,HSR,,chr2:182003800-182113200,NA
mmHSR_1537,mouse,HSR,,chr3:0-3052500,NA
mmHSR_1538,mouse,HSR,,chr3:3084100-3098300,NA
mmHSR_1539,mouse,HSR,,chr3:3123200-3150800,NA
mmHSR_1540,mouse,HSR,0.13,chr3:3443300-3493700,chr8:75340378-75384342
mmHSR_1541,mouse,HSR,,chr3:4698100-4725500,NA
mmLM_694,mouse,LM,,chr3:5517700-5525000,NA
mmHSR_1542,mouse,HSR,0.21,chr3:5859400-5863500,chr8:77206090-77207028
mmHSR_1543,mouse,HSR,0.48,chr3:6115100-6117100,chr8:77407582-77408666
mmHSR_1544,mouse,HSR,,chr3:6601900-6627400,NA
mmHSR_1545,mouse,HSR,0.13,chr3:6900700-6916400,chr8:78112172-78116521
mmHSR_1546,mouse,HSR,,chr3:6941100-6946600,NA
mmHSR_1547,mouse,HSR,,chr3:7178300-7223900,NA
mmHSR_1548,mouse,HSR,,chr3:7477600-7482500,NA
mmHSR_1549,mouse,HSR,,chr3:7910300-7916600,NA
mmHSR_1550,mouse,HSR,0.21,chr3:8225200-8247500,chr8:79337828-79343904
mmHSR_1551,mouse,HSR,,chr3:8574000-8589900,NA
mmHSR_1552,mouse,HSR,0.31,chr3:8815300-8838700,chr8:79923414-79943796
mmLM_695,mouse,LM,,chr3:9091900-9096900,NA
mmHSR_1553,mouse,HSR,,chr3:9777500-9778500,NA
mmHSR_1554,mouse,HSR,,chr3:9904100-9910700,NA
mmHSR_1555,mouse,HSR,0.12,chr3:9952100-9967100,chr8:81238728-81241492
mmHSR_1556,mouse,HSR,,chr3:10453800-10464500,NA
mmHSR_1557,mouse,HSR,,chr3:10961700-10971700,NA
mmHSR_1558,mouse,HSR,0.12,chr3:11050200-11070500,chr8:82284915-82287920
mmHSR_1559,mouse,HSR,,chr3:11120700-11143300,NA
mmHSR_1560,mouse,HSR,,chr3:11518700-11524700,NA
mmHSR_1561,mouse,HSR,0.1,chr3:11779200-11806000,chr8:82808844-82812645
mmHSR_1562,mouse,HSR,,chr3:11933500-11938400,NA
mmHSR_1563,mouse,HSR,,chr3:11961500-11973100,NA
mmHSR_1564,mouse,HSR,,chr3:12107500-12131400,NA
mmHSR_1565,mouse,HSR,0.12,chr3:12221200-12262000,chr8:83241510-83258810
mmHSR_1566,mouse,HSR,,chr3:12336000-12339700,NA
mmLM_696,mouse,LM,,chr3:12814500-12857800,NA
mmHSR_1567,mouse,HSR,,chr3:12906200-12907300,NA
mmHSR_1568,mouse,HSR,,chr3:13219400-13222800,NA
mmLM_697,mouse,LM,,chr3:13821100-13826600,NA
mmHSR_1569,mouse,HSR,,chr3:13965800-13972000,NA
mmHSR_1570,mouse,HSR,,chr3:14272100-14336300,NA
mmHSR_1571,mouse,HSR,,chr3:14449600-14478500,NA
mmHSR_1572,mouse,HSR,,chr3:14593200-14597400,NA
mmHSR_1573,mouse,HSR,0.11,chr3:14668900-14744700,chr8:85331012-85347491
mmHSR_1574,mouse,HSR,0.22,chr3:15028800-15045100,chr8:85600585-85613860
mmHSR_1575,mouse,HSR,,chr3:15079500-15087400,NA
mmHSR_1576,mouse,HSR,,chr3:15451600-15872400,NA
mmHSR_1577,mouse,HSR,,chr3:15964200-15967200,NA
mmHSR_1578,mouse,HSR,,chr3:16351400-16357100,NA
mmHSR_1579,mouse,HSR,,chr3:16626000-16633700,NA
mmHSR_1580,mouse,HSR,0.33,chr3:16995700-17021400,chr8:63737858-63753096
mmHSR_1581,mouse,HSR,,chr3:17419700-17447600,NA
mmHSR_1582,mouse,HSR,,chr3:17679600-17682100,NA
mmHSR_1583,mouse,HSR,,chr3:17954200-17997400,NA
mmHSR_1584,mouse,HSR,,chr3:18379800-18395100,NA
mmHSR_1585,mouse,HSR,,chr3:18432100-18437500,NA
mmHSR_1586,mouse,HSR,,chr3:18966900-18983600,NA
mmHSR_1587,mouse,HSR,,chr3:19357600-19359300,NA
mmHSR_1588,mouse,HSR,,chr3:19594900-19601100,NA
mmHSR_1589,mouse,HSR,,chr3:19917700-19940300,NA
mmHSR_1590,mouse,HSR,,chr3:21247500-21250200,NA
mmHSR_1591,mouse,HSR,,chr3:21317800-21324600,NA
mmHSR_1592,mouse,HSR,,chr3:21383700-21389000,NA
mmHSR_1593,mouse,HSR,,chr3:21512900-21519300,NA
mmLM_698,mouse,LM,,chr3:21661800-21663700,NA
mmHSR_1594,mouse,HSR,0.23,chr3:21685300-21709500,chr3:177564580-177575693
mmHSR_1595,mouse,HSR,,chr3:22069200-22070500,NA
mmHSR_1596,mouse,HSR,,chr3:22240800-22250100,NA
mmHSR_1597,mouse,HSR,,chr3:22362000-22377000,NA
mmHSR_1598,mouse,HSR,,chr3:22517600-22521100,NA
mmHSR_1599,mouse,HSR,0.18,chr3:22612100-22759200,chr3:176662030-176739454
mmHSR_1600,mouse,HSR,0.18,chr3:22933800-23015000,chr3:176476137-176527917
mmHSR_1601,mouse,HSR,0.25,chr3:23077300-23099800,chr3:176407049-176424750
mmLM_699,mouse,LM,,chr3:23173700-23180900,NA
mmHSR_1602,mouse,HSR,,chr3:23302200-23321100,NA
mmHSR_1603,mouse,HSR,,chr3:23353500-23360000,NA
mmHSR_1604,mouse,HSR,,chr3:23463300-23468200,NA
mmHSR_1605,mouse,HSR,,chr3:23579500-23584900,NA
mmLM_700,mouse,LM,,chr3:23841700-23843800,NA
mmHSR_1606,mouse,HSR,,chr3:24624400-24627900,NA
mmHSR_1607,mouse,HSR,,chr3:24655200-24661300,NA
mmLM_701,mouse,LM,,chr3:25210800-25228800,NA
mmHSR_1608,mouse,HSR,,chr3:25277500-25310400,NA
mmLM_702,mouse,LM,,chr3:25416900-25421600,NA
mmHSR_1609,mouse,HSR,,chr3:25472900-25478900,NA
mmHSR_1610,mouse,HSR,0.4,chr3:26089400-26113400,chr3:173622032-173634598
mmHSR_1611,mouse,HSR,0.31,chr3:26346800-26369700,chr3:173359802-173372192
mmHSR_1612,mouse,HSR,0.26,chr3:26724600-26737000,chr3:173048164-173053548
mmHSR_1613,mouse,HSR,,chr3:26944500-26950800,NA
mmHSR_1614,mouse,HSR,,chr3:27010100-27023300,NA
mmLM_703,mouse,LM,,chr3:27309300-27319800,NA
mmLM_704,mouse,LM,,chr3:28198300-28201300,NA
mmHSR_1615,mouse,HSR,0.29,chr3:28513900-28535500,chr3:171193536-171203015
mmHSR_1616,mouse,HSR,0.25,chr3:28983500-29014200,chr3:168178499-168188976
mmHSR_1617,mouse,HSR,0.26,chr3:29461500-29492300,chr3:168600980-168617376
mmHSR_1618,mouse,HSR,0.11,chr3:29675900-29680600,chr3:168813460-168814024
mmLM_705,mouse,LM,,chr3:31176300-31188900,NA
mmLM_706,mouse,LM,0.21,chr3:31340700-31364500,chr3:170622908-170632168
mmHSR_1619,mouse,HSR,,chr3:31651800-31680100,NA
mmHSR_1620,mouse,HSR,,chr3:31819800-31826900,NA
mmHSR_1621,mouse,HSR,,chr3:33696500-33708400,NA
mmHSR_1622,mouse,HSR,0.17,chr3:33768300-33798500,chr3:180587224-180599330
mmLM_707,mouse,LM,,chr3:33930000-33948800,NA
mmHSR_1623,mouse,HSR,,chr3:34516200-34518200,NA
mmHSR_1624,mouse,HSR,,chr3:35285400-35292700,NA
mmLM_708,mouse,LM,,chr3:35707000-35713500,NA
mmHSR_1625,mouse,HSR,,chr3:35743300-35744600,NA
mmHSR_1626,mouse,HSR,,chr3:36106500-36109400,NA
mmHSR_1627,mouse,HSR,,chr3:36285400-36291100,NA
mmHSR_1628,mouse,HSR,,chr3:36847300-36853900,NA
mmHSR_1629,mouse,HSR,,chr3:39026800-39030900,NA
mmHSR_1630,mouse,HSR,,chr3:39183300-39189800,NA
mmHSR_1631,mouse,HSR,,chr3:40151300-40157700,NA
mmHSR_1632,mouse,HSR,,chr3:40347600-40352600,NA
mmHSR_1633,mouse,HSR,,chr3:40549300-40651700,NA
mmHSR_1634,mouse,HSR,,chr3:41871900-41887800,NA
mmHSR_1635,mouse,HSR,,chr3:41993500-41999500,NA
mmHSR_1636,mouse,HSR,,chr3:42170000-42187300,NA
mmHSR_1637,mouse,HSR,0.27,chr3:42682100-42722800,chr4:129913249-129941501
mmHSR_1638,mouse,HSR,,chr3:42820200-42827400,NA
mmHSR_1639,mouse,HSR,,chr3:43108100-43197200,NA
mmHSR_1640,mouse,HSR,0.13,chr3:43466400-43492100,chr4:130720757-130726216
mmHSR_1641,mouse,HSR,,chr3:43538900-43557700,NA
mmHSR_1642,mouse,HSR,,chr3:44185900-44191600,NA
mmHSR_1643,mouse,HSR,,chr3:44241200-44260000,NA
mmHSR_1644,mouse,HSR,,chr3:44401500-44407500,NA
mmHSR_1645,mouse,HSR,,chr3:44559600-44565200,NA
mmHSR_1646,mouse,HSR,,chr3:44884400-44890700,NA
mmHSR_1647,mouse,HSR,,chr3:45579200-45591900,NA
mmLM_709,mouse,LM,,chr3:45848500-45863400,NA
mmHSR_1648,mouse,HSR,,chr3:45986000-45990700,NA
mmHSR_1649,mouse,HSR,,chr3:46141000-46148200,NA
mmLM_710,mouse,LM,,chr3:46338200-46340300,NA
mmHSR_1650,mouse,HSR,,chr3:46735000-46741900,NA
mmHSR_1651,mouse,HSR,,chr3:46795400-46805400,NA
mmHSR_1652,mouse,HSR,,chr3:46910900-46936200,NA
mmHSR_1653,mouse,HSR,,chr3:47592800-47598000,NA
mmHSR_1654,mouse,HSR,,chr3:47798300-47799600,NA
mmHSR_1655,mouse,HSR,,chr3:47966600-47968700,NA
mmHSR_1656,mouse,HSR,0.19,chr3:48437800-48462000,chr4:136358292-136371407
mmHSR_1657,mouse,HSR,,chr3:49443600-49482800,NA
mmHSR_1658,mouse,HSR,,chr3:49727200-49734400,NA
mmHSR_1659,mouse,HSR,,chr3:50464900-50474400,NA
mmHSR_1660,mouse,HSR,,chr3:50763700-50814900,NA
mmHSR_1661,mouse,HSR,,chr3:50957300-50963000,NA
mmLM_711,mouse,LM,,chr3:51233600-51245400,NA
mmLM_712,mouse,LM,,chr3:51616000-51623700,NA
mmHSR_1662,mouse,HSR,0.44,chr3:51765300-51784900,chr4:139798465-139811337
mmHSR_1663,mouse,HSR,,chr3:52230000-52233400,NA
mmHSR_1664,mouse,HSR,,chr3:53426900-53431000,NA
mmLM_713,mouse,LM,0.28,chr3:54849100-54874300,chr13:36733113-36754353
mmHSR_1665,mouse,HSR,,chr3:56069700-56075200,NA
mmHSR_1666,mouse,HSR,,chr3:56210900-56215900,NA
mmHSR_1667,mouse,HSR,0.2,chr3:56513600-56576700,chr13:34538427-34573266
mmHSR_1668,mouse,HSR,,chr3:56903800-56943000,NA
mmHSR_1669,mouse,HSR,,chr3:57059400-57070200,NA
mmHSR_1670,mouse,HSR,,chr3:57349800-57379400,NA
mmLM_714,mouse,LM,0.13,chr3:58051100-58081600,chr3:150134602-150142542
mmHSR_1671,mouse,HSR,0.18,chr3:59370700-59412200,chr3:151527066-151561622
mmHSR_1672,mouse,HSR,,chr3:59565300-59632700,NA
mmHSR_1673,mouse,HSR,,chr3:59684600-59689200,NA
mmLM_715,mouse,LM,,chr3:59791800-59804200,NA
mmHSR_1674,mouse,HSR,,chr3:59887400-59889300,NA
mmHSR_1675,mouse,HSR,,chr3:59919200-59921100,NA
mmHSR_1676,mouse,HSR,,chr3:60044300-60046800,NA
mmLM_716,mouse,LM,,chr3:60489700-60495200,NA
mmHSR_1677,mouse,HSR,0.12,chr3:61150800-61177900,chr3:152971791-152987261
mmLM_717,mouse,LM,,chr3:61260700-61275000,NA
mmHSR_1678,mouse,HSR,,chr3:61495400-61499700,NA
mmHSR_1679,mouse,HSR,,chr3:61672300-61678300,NA
mmLM_718,mouse,LM,,chr3:61707600-61726600,NA
mmHSR_1680,mouse,HSR,,chr3:61853900-61858900,NA
mmHSR_1681,mouse,HSR,,chr3:62032400-62038600,NA
mmHSR_1682,mouse,HSR,,chr3:62108300-62160100,NA
mmHSR_1683,mouse,HSR,,chr3:62356900-62367700,NA
mmHSR_1684,mouse,HSR,,chr3:62543000-62549200,NA
mmHSR_1685,mouse,HSR,,chr3:62873000-62879300,NA
mmHSR_1686,mouse,HSR,0.12,chr3:63515500-63530100,chr3:155310531-155315947
mmHSR_1687,mouse,HSR,,chr3:63590100-63591500,NA
mmHSR_1688,mouse,HSR,,chr3:64171000-64172900,NA
mmHSR_1689,mouse,HSR,,chr3:64237900-64245700,NA
mmHSR_1690,mouse,HSR,0.16,chr3:64453100-64512800,chr3:156016367-156040775
mmLM_719,mouse,LM,0.17,chr3:64609600-64665300,chr3:156016367-156040775
mmHSR_1691,mouse,HSR,0.17,chr3:64697900-64730500,chr3:156016598-156028969
mmHSR_1692,mouse,HSR,0.27,chr3:67027900-67054100,chr3:158153605-158172443
mmHSR_1693,mouse,HSR,0.67,chr3:67262400-67264000,chr12:6290022-6291122
mmHSR_1694,mouse,HSR,,chr3:67411100-67419400,NA
mmHSR_1695,mouse,HSR,,chr3:67747300-67752800,NA
mmHSR_1696,mouse,HSR,,chr3:67786800-67793600,NA
mmLM_720,mouse,LM,,chr3:68114300-68119700,NA
mmHSR_1697,mouse,HSR,,chr3:68519400-68525100,NA
mmHSR_1698,mouse,HSR,,chr3:69228600-69230500,NA
mmHSR_1699,mouse,HSR,,chr3:69848400-69854900,NA
mmHSR_1700,mouse,HSR,,chr3:69944400-69949800,NA
mmHSR_1701,mouse,HSR,,chr3:71117300-71122800,NA
mmHSR_1702,mouse,HSR,,chr3:71369600-71447800,NA
mmHSR_1703,mouse,HSR,,chr3:72273600-72293700,NA
mmHSR_1704,mouse,HSR,,chr3:72698100-72704800,NA
mmHSR_1705,mouse,HSR,,chr3:73088300-73098500,NA
mmLM_721,mouse,LM,,chr3:73733100-73738500,NA
mmLM_722,mouse,LM,,chr3:74583300-74598400,NA
mmHSR_1706,mouse,HSR,,chr3:74865000-74881800,NA
mmLM_723,mouse,LM,,chr3:75348300-75378700,NA
mmHSR_1707,mouse,HSR,,chr3:75409000-75424100,NA
mmHSR_1708,mouse,HSR,,chr3:76598800-76604700,NA
mmLM_724,mouse,LM,,chr3:76886600-76892900,NA
mmLM_725,mouse,LM,,chr3:77597400-77604300,NA
mmHSR_1709,mouse,HSR,,chr3:77667400-77711400,NA
mmHSR_1710,mouse,HSR,,chr3:77926800-77931400,NA
mmLM_726,mouse,LM,,chr3:78281900-78283900,NA
mmHSR_1711,mouse,HSR,,chr3:79012700-79014900,NA
mmLM_727,mouse,LM,,chr3:79046300-79052800,NA
mmHSR_1712,mouse,HSR,,chr3:79763800-79780000,NA
mmHSR_1713,mouse,HSR,,chr3:79959500-79965700,NA
mmHSR_1714,mouse,HSR,,chr3:80465400-80472000,NA
mmLM_728,mouse,LM,,chr3:82283300-82288700,NA
mmLM_729,mouse,LM,0.23,chr3:82462100-82508600,chr4:155237320-155269693
mmLM_730,mouse,LM,,chr3:82589000-82616700,NA
mmHSR_1715,mouse,HSR,,chr3:82921400-82924800,NA
mmHSR_1716,mouse,HSR,0.39,chr3:83123200-83125100,chr4:154495127-154496278
mmHSR_1717,mouse,HSR,,chr3:83330900-83343400,NA
mmHSR_1718,mouse,HSR,0.16,chr3:83845100-83867000,chr4:153655809-153677908
mmLM_731,mouse,LM,,chr3:84142200-84149700,NA
mmLM_732,mouse,LM,,chr3:84359000-84366300,NA
mmLM_733,mouse,LM,0.46,chr3:85305200-85326800,chr4:152002687-152018114
mmLM_734,mouse,LM,,chr3:85622200-85629500,NA
mmHSR_1719,mouse,HSR,0.36,chr3:87424200-87426100,chr1:157565822-157566646
mmHSR_1720,mouse,HSR,,chr3:87469300-87474600,NA
mmHSR_1721,mouse,HSR,0.29,chr3:88044000-88066500,chr1:156591733-156600380
mmLM_735,mouse,LM,,chr3:88666500-88673500,NA
mmLM_736,mouse,LM,0.15,chr3:88716700-88873000,chr1:155785136-155911574
mmHSR_1722,mouse,HSR,,chr3:90761500-90810400,NA
mmLM_737,mouse,LM,,chr3:90991100-90996800,NA
mmHSR_1723,mouse,HSR,,chr3:91856700-91898200,NA
mmHSR_1724,mouse,HSR,,chr3:92185400-92291300,NA
mmHSR_1725,mouse,HSR,,chr3:93059200-93107000,NA
mmHSR_1726,mouse,HSR,,chr3:93168500-93172800,NA
mmHSR_1727,mouse,HSR,,chr3:93203900-93229100,NA
mmLM_738,mouse,LM,0.85,chr3:93323700-93331700,chr1:152213806-152221023
mmHSR_1728,mouse,HSR,,chr3:93860300-94093700,NA
mmHSR_1729,mouse,HSR,,chr3:94136200-94152300,NA
mmLM_739,mouse,LM,0.76,chr3:94658300-94665700,chr1:151534390-151540881
mmHSR_1730,mouse,HSR,0.15,chr3:94690000-94730800,chr1:151364064-151374496
mmLM_740,mouse,LM,0.74,chr3:94757600-94765200,chr1:151534442-151540900
mmHSR_1731,mouse,HSR,0.5,chr3:96043600-96058900,chr1:150066647-150080650
mmHSR_1732,mouse,HSR,0.23,chr3:96196200-96288300,chr1:149787718-149900980
mmLM_741,mouse,LM,,chr3:96313200-96388900,NA
mmLM_742,mouse,LM,,chr3:96446800-96463800,NA
mmHSR_1733,mouse,HSR,,chr3:96485600-96514300,NA
mmHSR_1734,mouse,HSR,,chr3:96840000-96863800,NA
mmHSR_1735,mouse,HSR,,chr3:97245200-97251500,NA
mmHSR_1736,mouse,HSR,0.35,chr3:98396100-98411400,chr1:147735248-147742003
mmLM_743,mouse,LM,0.13,chr3:98443100-98597600,chr1:119467207-119611105
mmHSR_1737,mouse,HSR,0.12,chr3:98709300-98778900,chr1:119415387-119446562
mmHSR_1738,mouse,HSR,0.3,chr3:98986000-99034100,chr1:119244631-119281154
mmHSR_1739,mouse,HSR,,chr3:99406000-99434100,NA
mmHSR_1740,mouse,HSR,0.12,chr3:99882900-99908100,chr1:118182304-118185691
mmHSR_1741,mouse,HSR,0.58,chr3:99980200-99982200,chr1:118101983-118103318
mmHSR_1742,mouse,HSR,0.17,chr3:100315500-100330900,chr1:117782397-117785271
mmHSR_1743,mouse,HSR,0.75,chr3:100484400-100486300,chr1:117609395-117611923
mmHSR_1744,mouse,HSR,,chr3:102813400-102839300,NA
mmHSR_1745,mouse,HSR,,chr3:102983600-102989900,NA
mmHSR_1746,mouse,HSR,,chr3:103134600-103136000,NA
mmHSR_1747,mouse,HSR,0.33,chr3:103427600-103447900,chr1:114272696-114291839
mmLM_744,mouse,LM,,chr3:103555000-103557000,NA
mmHSR_1748,mouse,HSR,,chr3:104116800-104123100,NA
mmHSR_1749,mouse,HSR,,chr3:104194200-104198800,NA
mmLM_745,mouse,LM,,chr3:104588100-104595500,NA
mmHSR_1750,mouse,HSR,,chr3:105028200-105030500,NA
mmHSR_1751,mouse,HSR,,chr3:106118500-106311800,NA
mmHSR_1752,mouse,HSR,,chr3:106777900-106779700,NA
mmHSR_1753,mouse,HSR,0.24,chr3:109258500-109277300,chr1:108037647-108045044
mmHSR_1754,mouse,HSR,,chr3:109458000-109462700,NA
mmHSR_1755,mouse,HSR,,chr3:110319800-110325700,NA
mmHSR_1756,mouse,HSR,,chr3:110416300-110421800,NA
mmHSR_1757,mouse,HSR,,chr3:111256100-111268600,NA
mmLM_746,mouse,LM,,chr3:111578400-111605200,NA
mmLM_747,mouse,LM,,chr3:111794100-111799000,NA
mmHSR_1758,mouse,HSR,,chr3:111830400-111836300,NA
mmHSR_1759,mouse,HSR,0.24,chr3:112274500-112287300,chr1:104748480-104766860
mmHSR_1760,mouse,HSR,0.11,chr3:112315500-112337400,chr1:104643032-104650529
mmHSR_1761,mouse,HSR,,chr3:112561900-112586900,NA
mmHSR_1762,mouse,HSR,,chr3:112863500-112869300,NA
mmHSR_1763,mouse,HSR,,chr3:112913800-112918000,NA
mmHSR_1764,mouse,HSR,,chr3:113186300-113189100,NA
mmHSR_1765,mouse,HSR,,chr3:113250900-113527800,NA
mmHSR_1766,mouse,HSR,,chr3:113709900-113719000,NA
mmHSR_1767,mouse,HSR,,chr3:113742300-113748300,NA
mmHSR_1768,mouse,HSR,,chr3:114272600-114279400,NA
mmLM_748,mouse,LM,,chr3:114472100-114499300,NA
mmHSR_1769,mouse,HSR,,chr3:114587900-114595900,NA
mmHSR_1770,mouse,HSR,,chr3:114976700-114982800,NA
mmLM_749,mouse,LM,,chr3:115020700-115027100,NA
mmLM_750,mouse,LM,,chr3:115367700-115372200,NA
mmHSR_1771,mouse,HSR,0.13,chr3:115905900-115922900,chr1:101000608-101003420
mmLM_751,mouse,LM,0.15,chr3:116817400-116843900,chr1:99808533-99835518
mmHSR_1772,mouse,HSR,0.27,chr3:117267200-117292400,chr1:99336164-99362684
mmLM_752,mouse,LM,,chr3:117379100-117386400,NA
mmHSR_1773,mouse,HSR,,chr3:118055100-118060000,NA
mmHSR_1774,mouse,HSR,,chr3:119211800-119212900,NA
mmHSR_1775,mouse,HSR,,chr3:120735000-120742200,NA
mmHSR_1776,mouse,HSR,0.3,chr3:120825200-120851500,chr1:95550641-95569141
mmHSR_1777,mouse,HSR,,chr3:121248900-121250900,NA
mmHSR_1778,mouse,HSR,,chr3:121694400-121696100,NA
mmHSR_1779,mouse,HSR,0.55,chr3:122294000-122329300,chr1:93775022-93846507
mmHSR_1780,mouse,HSR,,chr3:122654100-122657300,NA
mmHSR_1781,mouse,HSR,0.46,chr3:122804300-122806600,chr4:119536481-119539284
mmLM_753,mouse,LM,,chr3:123471600-123476200,NA
mmHSR_1782,mouse,HSR,,chr3:123729200-123743200,NA
mmHSR_1783,mouse,HSR,0.11,chr3:123924800-123957700,chr4:117746356-117750719
mmHSR_1784,mouse,HSR,,chr3:124282300-124288300,NA
mmHSR_1785,mouse,HSR,,chr3:125902800-125908900,NA
mmLM_754,mouse,LM,,chr3:126127300-126136000,NA
mmHSR_1786,mouse,HSR,,chr3:126905300-126910600,NA
mmLM_755,mouse,LM,,chr3:127522400-127523700,NA
mmHSR_1787,mouse,HSR,,chr3:127771600-127780600,NA
mmHSR_1788,mouse,HSR,0.54,chr3:128203600-128211000,chr4:111775721-111781611
mmHSR_1789,mouse,HSR,,chr3:128440100-128446100,NA
mmHSR_1790,mouse,HSR,0.68,chr3:128935800-128937700,chr4:110905937-110907365
mmHSR_1791,mouse,HSR,,chr3:129020900-129032100,NA
mmHSR_1792,mouse,HSR,,chr3:129393000-129394900,NA
mmLM_756,mouse,LM,,chr3:133123600-133130800,NA
mmHSR_1793,mouse,HSR,,chr3:133566400-133568700,NA
mmHSR_1794,mouse,HSR,,chr3:133636000-133642800,NA
mmHSR_1795,mouse,HSR,,chr3:133837100-133859400,NA
mmLM_757,mouse,LM,0.25,chr3:134007400-134026700,chr4:104731928-104738925
mmHSR_1796,mouse,HSR,,chr3:134685700-134690700,NA
mmHSR_1797,mouse,HSR,,chr3:134862500-134888400,NA
mmHSR_1798,mouse,HSR,,chr3:135148300-135163000,NA
mmLM_758,mouse,LM,,chr3:136173700-136181000,NA
mmHSR_1799,mouse,HSR,,chr3:137407500-137413500,NA
mmHSR_1800,mouse,HSR,,chr3:137469200-137470300,NA
mmHSR_1801,mouse,HSR,0.18,chr3:138200900-138207900,chr4:99445256-99447284
mmHSR_1802,mouse,HSR,0.15,chr3:139365700-139417700,chr4:97843222-97882765
mmLM_759,mouse,LM,,chr3:140376900-140384200,NA
mmHSR_1803,mouse,HSR,0.61,chr3:142190700-142192800,chr4:94726575-94729533
mmHSR_1804,mouse,HSR,,chr3:142513000-142517200,NA
mmHSR_1805,mouse,HSR,,chr3:143840800-143847000,NA
mmHSR_1806,mouse,HSR,,chr3:144030200-144036300,NA
mmHSR_1807,mouse,HSR,,chr3:144655600-144660600,NA
mmHSR_1808,mouse,HSR,,chr3:145040500-145061800,NA
mmLM_760,mouse,LM,,chr3:145109000-145114400,NA
mmHSR_1809,mouse,HSR,,chr3:145188100-145190400,NA
mmHSR_1810,mouse,HSR,,chr3:145301600-145303100,NA
mmHSR_1811,mouse,HSR,0.19,chr3:146073300-146102400,chr1:85073320-85094926
mmHSR_1812,mouse,HSR,,chr3:146358800-146362600,NA
mmHSR_1813,mouse,HSR,,chr3:146476200-146479000,NA
mmHSR_1814,mouse,HSR,,chr3:146918900-146924200,NA
mmHSR_1815,mouse,HSR,,chr3:147107400-147113000,NA
mmHSR_1816,mouse,HSR,0.34,chr3:147769500-147781800,chr1:83036070-83044479
mmHSR_1817,mouse,HSR,,chr3:147874500-147877600,NA
mmHSR_1818,mouse,HSR,,chr3:148704800-148716900,NA
mmLM_761,mouse,LM,,chr3:148750100-148757400,NA
mmHSR_1819,mouse,HSR,,chr3:148797800-148799700,NA
mmHSR_1820,mouse,HSR,0.5,chr3:149051500-149053800,chr1:81726191-81728337
mmHSR_1821,mouse,HSR,,chr3:150120900-150123800,NA
mmLM_762,mouse,LM,,chr3:150336900-150341400,NA
mmHSR_1822,mouse,HSR,,chr3:151028900-151031200,NA
mmHSR_1823,mouse,HSR,0.22,chr3:151657500-151679800,chr1:78726447-78737877
mmHSR_1824,mouse,HSR,,chr3:152313800-152332200,NA
mmHSR_1825,mouse,HSR,0.28,chr3:152700700-152702700,chr1:77246063-77246863
mmHSR_1826,mouse,HSR,0.35,chr3:153090100-153109400,chr1:76750738-76762256
mmHSR_1827,mouse,HSR,,chr3:154640300-154646700,NA
mmHSR_1828,mouse,HSR,,chr3:154931700-154932800,NA
mmHSR_1829,mouse,HSR,,chr3:155515800-155517600,NA
mmHSR_1830,mouse,HSR,,chr3:155765900-155771900,NA
mmLM_763,mouse,LM,,chr3:156256900-156262800,NA
mmHSR_1831,mouse,HSR,0.25,chr3:156285600-156322500,chr1:72630807-72657184
mmLM_764,mouse,LM,,chr3:156799400-156804900,NA
mmHSR_1832,mouse,HSR,0.19,chr3:157646900-157678300,chr1:70945153-70968199
mmHSR_1833,mouse,HSR,0.16,chr3:157946200-157969400,chr1:70323057-70355394
mmHSR_1834,mouse,HSR,0.26,chr3:158095300-158119200,chr1:70096973-70109782
mmHSR_1835,mouse,HSR,0.17,chr3:158698600-158756800,chr1:69375877-69422836
mmHSR_1836,mouse,HSR,,chr3:159165900-159179700,NA
mmLM_765,mouse,LM,,chr3:159225800-159239300,NA
mmHSR_1837,mouse,HSR,,chr3:159478300-159479700,NA
mmHSR_1838,mouse,HSR,0.16,chr3:159748800-159826500,chr1:68255247-68313748
mmHSR_1839,mouse,HSR,,chr3:159938500-160039600,NA
mmHSR_1840,mouse,HSR,,chr4:0-3114800,NA
mmHSR_1841,mouse,HSR,,chr4:3139700-3333100,NA
mmHSR_1842,mouse,HSR,,chr4:18476200-18498400,NA
mmHSR_1843,mouse,HSR,0.17,chr4:20168700-20213200,chr8:62863011-62899979
mmHSR_1844,mouse,HSR,,chr4:20804100-20808300,NA
mmHSR_1845,mouse,HSR,,chr4:20982300-20983700,NA
mmHSR_1846,mouse,HSR,,chr4:21281300-21287700,NA
mmHSR_1847,mouse,HSR,,chr4:22535900-22542300,NA
mmHSR_1848,mouse,HSR,,chr4:24193400-24201100,NA
mmHSR_1849,mouse,HSR,,chr4:25471300-25473200,NA
mmHSR_1850,mouse,HSR,0.34,chr4:28175900-28177900,chr6:93896293-93897214
mmHSR_1851,mouse,HSR,0.1,chr4:31353200-31355200,chr6:91144138-91144511
mmHSR_1852,mouse,HSR,,chr4:34934800-34936700,NA
mmHSR_1853,mouse,HSR,,chr4:35042700-35048900,NA
mmHSR_1854,mouse,HSR,,chr4:38305900-38322000,NA
mmHSR_1855,mouse,HSR,,chr4:57979700-57981800,NA
mmHSR_1856,mouse,HSR,0.26,chr4:64454600-64499000,chr9:115494129-115526807
mmHSR_1857,mouse,HSR,0.28,chr4:68427300-68447900,chr9:118909129-118929840
mmHSR_1858,mouse,HSR,0.28,chr4:70367200-70379200,chr9:120542162-120549778
mmHSR_1859,mouse,HSR,,chr4:73196300-73209300,NA
mmHSR_1860,mouse,HSR,,chr4:80001800-80004900,NA
mmHSR_1861,mouse,HSR,,chr4:83536900-83541900,NA
mmHSR_1862,mouse,HSR,,chr4:90725600-90727500,NA
mmHSR_1863,mouse,HSR,,chr4:92230800-92236500,NA
mmHSR_1864,mouse,HSR,0.33,chr4:93843500-93853100,chr9:26183107-26187180
mmHSR_1865,mouse,HSR,0.9,chr4:99380500-99382400,chr1:63005417-63007788
mmHSR_1866,mouse,HSR,,chr4:110469700-110505300,NA
mmHSR_1867,mouse,HSR,0.24,chr4:118546100-118549600,chr1:43267653-43268648
mmHSR_1868,mouse,HSR,,chr4:131222500-131229300,NA
mmHSR_1869,mouse,HSR,,chr4:145404200-147840400,NA
mmHSR_1870,mouse,HSR,0.32,chr4:149809200-149811700,chr11:1873487-1874339
mmHSR_1871,mouse,HSR,,chr4:153152100-153154100,NA
mmHSR_1872,mouse,HSR,,chr4:156256000-156508100,NA
mmHSR_1873,mouse,HSR,,chr5:3175400-3186000,NA
mmHSR_1874,mouse,HSR,,chr5:12489500-12490600,NA
mmHSR_1875,mouse,HSR,,chr5:14899000-15726800,NA
mmHSR_1876,mouse,HSR,,chr5:17466700-17481500,NA
mmHSR_1877,mouse,HSR,,chr5:36629400-36662500,NA
mmHSR_1878,mouse,HSR,,chr5:46434800-46436700,NA
mmHSR_1879,mouse,HSR,0.18,chr5:49722200-49755700,chr4:22159309-22175106
mmLM_766,mouse,LM,0.19,chr5:60041900-60043900,chrX:55178821-55179228
mmHSR_1880,mouse,HSR,,chr5:80499900-80501900,NA
mmHSR_1881,mouse,HSR,,chr5:93288700-93351800,NA
mmHSR_1882,mouse,HSR,0.42,chr5:106126300-106177800,chr1:90302269-90359698
mmHSR_1883,mouse,HSR,,chr5:110063700-110075500,NA
mmHSR_1884,mouse,HSR,0.27,chr5:114921500-114923500,chr12:121038882-121039470
mmHSR_1885,mouse,HSR,0.72,chr5:137148800-137153800,chr7:101032002-101036454
mmHSR_1886,mouse,HSR,,chr5:146260000-146262300,NA
mmHSR_1887,mouse,HSR,,chr5:151733600-151834600,NA
mmHSR_1888,mouse,HSR,,chr6:0-3255700,NA
mmHSR_1889,mouse,HSR,0.32,chr6:3280700-3340300,chr7:92690592-92722707
mmHSR_1890,mouse,HSR,0.33,chr6:4922900-4925100,chr7:94929247-94932350
mmHSR_1891,mouse,HSR,,chr6:5608000-5657900,NA
mmHSR_1892,mouse,HSR,,chr6:5704400-5706800,NA
mmHSR_1893,mouse,HSR,0.14,chr6:6400000-6442800,chr7:96543565-96562344
mmHSR_1894,mouse,HSR,0.35,chr6:6700000-6727600,chr7:96836586-96866990
mmHSR_1895,mouse,HSR,0.31,chr6:8729200-8731100,chr7:8211650-8212752
mmHSR_1896,mouse,HSR,0.45,chr6:8906700-8932300,chr7:8386633-8409758
mmHSR_1897,mouse,HSR,0.19,chr6:9519200-9529100,chr7:8940089-8943889
mmHSR_1898,mouse,HSR,0.12,chr6:9580600-9610100,chr7:8993735-9000047
mmHSR_1899,mouse,HSR,,chr6:9646900-9663400,NA
mmHSR_1900,mouse,HSR,0.1,chr6:9720400-9733100,chr7:9097201-9099226
mmHSR_1901,mouse,HSR,0.14,chr6:9889000-9891100,chr2:143092283-143092588
mmHSR_1902,mouse,HSR,,chr6:10228400-10269900,NA
mmHSR_1903,mouse,HSR,,chr6:10559100-10588400,NA
mmHSR_1904,mouse,HSR,,chr6:10623400-10633900,NA
mmHSR_1905,mouse,HSR,,chr6:11251100-11256800,NA
mmHSR_1906,mouse,HSR,,chr6:11406400-11457900,NA
mmHSR_1907,mouse,HSR,,chr6:11813900-11897100,NA
mmHSR_1908,mouse,HSR,,chr6:12671100-12680300,NA
mmHSR_1909,mouse,HSR,,chr6:13390500-13394900,NA
mmHSR_1910,mouse,HSR,0.18,chr6:13700500-13743100,chr7:112977272-112990997
mmLM_767,mouse,LM,,chr6:14085000-14092300,NA
mmHSR_1911,mouse,HSR,,chr6:14793800-14805500,NA
mmHSR_1912,mouse,HSR,,chr6:14929200-14935100,NA
mmHSR_1913,mouse,HSR,,chr6:16299700-16310100,NA
mmHSR_1914,mouse,HSR,,chr6:16922600-16924800,NA
mmHSR_1915,mouse,HSR,,chr6:17004600-17042000,NA
mmHSR_1916,mouse,HSR,,chr6:17391200-17397900,NA
mmHSR_1917,mouse,HSR,,chr6:17981700-17983400,NA
mmHSR_1918,mouse,HSR,,chr6:18264800-18267200,NA
mmHSR_1919,mouse,HSR,0.19,chr6:18836700-18848600,chr7:118168995-118184089
mmHSR_1920,mouse,HSR,,chr6:19068900-19075400,NA
mmHSR_1921,mouse,HSR,,chr6:20113900-20143500,NA
mmHSR_1922,mouse,HSR,,chr6:21452400-21458100,NA
mmHSR_1923,mouse,HSR,,chr6:21801300-21803200,NA
mmHSR_1924,mouse,HSR,,chr6:21841300-21845300,NA
mmHSR_1925,mouse,HSR,,chr6:21873300-21876800,NA
mmHSR_1926,mouse,HSR,0.37,chr6:22107700-22131800,chr7:121115610-121130013
mmHSR_1927,mouse,HSR,,chr6:22479600-22483900,NA
mmHSR_1928,mouse,HSR,0.15,chr6:22516700-22534300,chr7:121590944-121598556
mmLM_768,mouse,LM,0.12,chr6:25505600-25566400,chr7:124627498-124644394
mmHSR_1929,mouse,HSR,,chr6:26049500-26072100,NA
mmHSR_1930,mouse,HSR,0.12,chr6:26247700-26278000,chr7:125357542-125377326
mmHSR_1931,mouse,HSR,,chr6:26834800-26840700,NA
mmHSR_1932,mouse,HSR,,chr6:26988500-26992000,NA
mmHSR_1933,mouse,HSR,0.19,chr6:27199000-27228400,chr7:126389930-126402630
mmLM_769,mouse,LM,,chr6:28924100-28929500,NA
mmHSR_1934,mouse,HSR,,chr6:29746800-29750000,NA
mmHSR_1935,mouse,HSR,,chr6:29974300-29978200,NA
mmHSR_1936,mouse,HSR,,chr6:30752800-30806400,NA
mmLM_770,mouse,LM,,chr6:30929300-30936100,NA
mmHSR_1937,mouse,HSR,0.3,chr6:31594900-31597200,chr7:131600216-131601018
mmHSR_1938,mouse,HSR,,chr6:32740700-32746800,NA
mmHSR_1939,mouse,HSR,,chr6:32867600-32869000,NA
mmHSR_1940,mouse,HSR,,chr6:33490300-33495000,NA
mmHSR_1941,mouse,HSR,0.29,chr6:33650500-33665400,chr7:133717512-133723483
mmHSR_1942,mouse,HSR,,chr6:33743900-33749000,NA
mmHSR_1943,mouse,HSR,,chr6:36224300-36230500,NA
mmLM_771,mouse,LM,0.19,chr6:40535500-40559800,chr7:141860383-141865689
mmHSR_1944,mouse,HSR,,chr6:40716600-40723700,NA
mmHSR_1945,mouse,HSR,,chr6:42122800-42174200,NA
mmHSR_1946,mouse,HSR,0.21,chr6:42492600-42516600,chr7:143493710-143502342
mmHSR_1947,mouse,HSR,,chr6:42617600-42620900,NA
mmHSR_1948,mouse,HSR,,chr6:44265200-44270800,NA
mmHSR_1949,mouse,HSR,0.2,chr6:44497000-44513300,chr7:145601971-145611462
mmHSR_1950,mouse,HSR,,chr6:44785200-44794100,NA
mmHSR_1951,mouse,HSR,,chr6:44836300-44837500,NA
mmHSR_1952,mouse,HSR,0.27,chr6:46381300-46402000,chr7:147515981-147530066
mmHSR_1953,mouse,HSR,,chr6:46678600-46685300,NA
mmHSR_1954,mouse,HSR,,chr6:47639000-47779200,NA
mmHSR_1955,mouse,HSR,0.19,chr6:48120300-48122300,chr9:76387022-76387512
mmHSR_1956,mouse,HSR,,chr6:48149300-48172900,NA
mmHSR_1957,mouse,HSR,,chr6:48231500-48292600,NA
mmHSR_1958,mouse,HSR,,chr6:48320300-48347000,NA
mmHSR_1959,mouse,HSR,,chr6:49235500-49237500,NA
mmLM_772,mouse,LM,,chr6:50601400-50636700,NA
mmHSR_1960,mouse,HSR,0.83,chr6:51046500-51048400,chr7:25710312-25712035
mmLM_773,mouse,LM,0.43,chr6:53464100-53487500,chr7:28588161-28601762
mmHSR_1961,mouse,HSR,,chr6:54976500-54993700,NA
mmHSR_1962,mouse,HSR,0.29,chr6:56232700-56257500,chr7:31922126-31943779
mmHSR_1963,mouse,HSR,0.18,chr6:56455900-56465300,chr7:32186520-32188926
mmHSR_1964,mouse,HSR,,chr6:57425200-57455700,NA
mmHSR_1965,mouse,HSR,0.18,chr6:57588900-57634500,chr4:88389327-88417674
mmHSR_1966,mouse,HSR,,chr6:57919500-57925700,NA
mmHSR_1967,mouse,HSR,,chr6:58068500-58073500,NA
mmHSR_1968,mouse,HSR,,chr6:58588700-58612800,NA
mmHSR_1969,mouse,HSR,,chr6:59123600-59130100,NA
mmHSR_1970,mouse,HSR,0.17,chr6:59199600-59230600,chr4:89111268-89118210
mmHSR_1971,mouse,HSR,,chr6:59584300-59598000,NA
mmHSR_1972,mouse,HSR,,chr6:59676000-59698200,NA
mmHSR_1973,mouse,HSR,,chr6:60622400-60625600,NA
mmHSR_1974,mouse,HSR,0.22,chr6:60668000-60688200,chr4:89644512-89693455
mmHSR_1975,mouse,HSR,,chr6:61023100-61029400,NA
mmHSR_1976,mouse,HSR,,chr6:61088400-61094600,NA
mmHSR_1977,mouse,HSR,,chr6:62525500-62527300,NA
mmLM_774,mouse,LM,,chr6:64331600-64338900,NA
mmHSR_1978,mouse,HSR,0.13,chr6:64778500-64812500,chr4:93886217-93895268
mmHSR_1979,mouse,HSR,0.19,chr6:64882100-64930500,chr4:93992308-94011939
mmHSR_1980,mouse,HSR,,chr6:65100600-65106700,NA
mmHSR_1981,mouse,HSR,,chr6:65184300-65261600,NA
mmHSR_1982,mouse,HSR,0.28,chr6:66070200-66095900,chr4:120524688-120551655
mmHSR_1983,mouse,HSR,,chr6:66815600-66831600,NA
mmHSR_1984,mouse,HSR,,chr6:67311500-67312900,NA
mmLM_775,mouse,LM,,chr6:67494800-67522100,NA
mmHSR_1985,mouse,HSR,,chr6:67576400-67630800,NA
mmHSR_1986,mouse,HSR,,chr6:67658300-67710900,NA
mmHSR_1987,mouse,HSR,,chr6:68011000-68012900,NA
mmLM_776,mouse,LM,,chr6:68221900-68252400,NA
mmHSR_1988,mouse,HSR,,chr6:68641400-68661300,NA
mmHSR_1989,mouse,HSR,,chr6:68971900-68996400,NA
mmHSR_1990,mouse,HSR,,chr6:69017600-69035700,NA
mmHSR_1991,mouse,HSR,,chr6:70000300-70053000,NA
mmHSR_1992,mouse,HSR,,chr6:70187800-70213700,NA
mmHSR_1993,mouse,HSR,,chr6:70620700-70648600,NA
mmHSR_1994,mouse,HSR,,chr6:73105700-73113400,NA
mmHSR_1995,mouse,HSR,0.17,chr6:73502200-73521000,chr2:84185546-84191386
mmHSR_1996,mouse,HSR,,chr6:73671400-73672600,NA
mmHSR_1997,mouse,HSR,,chr6:74191700-74194400,NA
mmHSR_1998,mouse,HSR,0.12,chr6:74365900-74386400,chr2:83320251-83325638
mmHSR_1999,mouse,HSR,,chr6:74700100-74705300,NA
mmHSR_2000,mouse,HSR,,chr6:75054000-75083000,NA
mmHSR_2001,mouse,HSR,,chr6:76645400-76649100,NA
mmHSR_2002,mouse,HSR,,chr6:76847200-76854100,NA
mmHSR_2003,mouse,HSR,,chr6:78352900-78359500,NA
mmLM_777,mouse,LM,0.35,chr6:78456200-78491700,chr2:79012794-79067071
mmHSR_2004,mouse,HSR,,chr6:78637400-78639700,NA
mmHSR_2005,mouse,HSR,,chr6:78716700-78722400,NA
mmHSR_2006,mouse,HSR,,chr6:79627500-79635200,NA
mmHSR_2007,mouse,HSR,,chr6:79817300-79819200,NA
mmLM_778,mouse,LM,0.21,chr6:79898900-79922800,chr2:77599487-77609215
mmLM_779,mouse,LM,,chr6:79959800-79967500,NA
mmHSR_2008,mouse,HSR,0.14,chr6:81012200-81036700,chr2:76499888-76505878
mmHSR_2009,mouse,HSR,,chr6:81829400-81875000,NA
mmHSR_2010,mouse,HSR,,chr6:81997000-82011600,NA
mmHSR_2011,mouse,HSR,,chr6:82213400-82218800,NA
mmHSR_2012,mouse,HSR,0.26,chr6:84662700-84688200,chr2:72227560-72252400
mmHSR_2013,mouse,HSR,,chr6:84712600-84720200,NA
mmHSR_2014,mouse,HSR,,chr6:89723500-89735600,NA
mmHSR_2015,mouse,HSR,,chr6:91768300-91770200,NA
mmHSR_2016,mouse,HSR,,chr6:92321600-92328300,NA
mmLM_780,mouse,LM,,chr6:94988600-94990700,NA
mmLM_781,mouse,LM,,chr6:95030100-95043800,NA
mmHSR_2017,mouse,HSR,,chr6:95475600-95479900,NA
mmHSR_2018,mouse,HSR,,chr6:95980800-95987100,NA
mmHSR_2019,mouse,HSR,,chr6:96877800-96896100,NA
mmHSR_2020,mouse,HSR,0.21,chr6:97356800-97379400,chr3:69252824-69272943
mmHSR_2021,mouse,HSR,0.29,chr6:101571200-101621400,chr3:73799264-73849277
mmHSR_2022,mouse,HSR,,chr6:102379600-102384100,NA
mmHSR_2023,mouse,HSR,0.33,chr6:102483000-102505700,chr3:74537164-74548271
mmHSR_2024,mouse,HSR,,chr6:102767600-102791400,NA
mmHSR_2025,mouse,HSR,,chr6:103313700-103315600,NA
mmHSR_2026,mouse,HSR,0.35,chr6:103647900-103650200,chr3:328024-328921
mmHSR_2027,mouse,HSR,,chr6:103750700-103752000,NA
mmHSR_2028,mouse,HSR,,chr6:105194700-105199600,NA
mmLM_782,mouse,LM,,chr6:105253400-105257600,NA
mmHSR_2029,mouse,HSR,0.29,chr6:105306000-105337600,chr3:1810603-1828481
mmHSR_2030,mouse,HSR,,chr6:107141500-107146300,NA
mmHSR_2031,mouse,HSR,0.14,chr6:107284300-107299800,chr3:3582092-3584847
mmHSR_2032,mouse,HSR,0.18,chr6:107860500-107920500,chr3:4154748-4195745
mmHSR_2033,mouse,HSR,0.31,chr6:109498200-109506200,chr3:5733084-5737433
mmHSR_2034,mouse,HSR,,chr6:109641800-109648100,NA
mmHSR_2035,mouse,HSR,0.31,chr6:109984000-110013000,chr3:6198313-6220699
mmHSR_2036,mouse,HSR,,chr6:114340600-114343000,NA
mmHSR_2037,mouse,HSR,,chr6:114492200-114643400,NA
mmHSR_2038,mouse,HSR,0.42,chr6:116021200-116043900,chr3:129650590-129671368
mmHSR_2039,mouse,HSR,0.37,chr6:116238700-116252600,chr10:50110069-50120252
mmHSR_2040,mouse,HSR,,chr6:116566200-116593800,NA
mmHSR_2041,mouse,HSR,,chr6:117087400-117094300,NA
mmHSR_2042,mouse,HSR,0.19,chr6:118209000-118234000,chr10:43054475-43065472
mmHSR_2043,mouse,HSR,0.12,chr6:119419600-119431100,chr12:1653095-1658194
mmHSR_2044,mouse,HSR,,chr6:121690100-121703800,NA
mmHSR_2045,mouse,HSR,,chr6:122614200-122616600,NA
mmHSR_2046,mouse,HSR,,chr6:123132100-123179400,NA
mmHSR_2047,mouse,HSR,0.13,chr6:123204800-123242900,chr12:8452552-8466385
mmLM_783,mouse,LM,,chr6:126135200-126137300,NA
mmHSR_2048,mouse,HSR,,chr6:128680200-128693700,NA
mmHSR_2049,mouse,HSR,,chr6:128861200-128865300,NA
mmHSR_2050,mouse,HSR,,chr6:129857800-129863300,NA
mmHSR_2051,mouse,HSR,,chr6:129935700-129948400,NA
mmHSR_2052,mouse,HSR,,chr6:131088300-131114900,NA
mmHSR_2053,mouse,HSR,0.1,chr6:131208300-131252100,chr12:10592171-10598315
mmHSR_2054,mouse,HSR,,chr6:131495900-131505900,NA
mmLM_784,mouse,LM,0.17,chr6:132497200-132523000,chr12:10845539-10851722
mmHSR_2055,mouse,HSR,,chr6:132597000-132598700,NA
mmHSR_2056,mouse,HSR,,chr6:132635400-132642000,NA
mmHSR_2057,mouse,HSR,,chr6:133169000-133170900,NA
mmHSR_2058,mouse,HSR,,chr6:133891500-133899800,NA
mmHSR_2059,mouse,HSR,,chr6:134689500-134692700,NA
mmHSR_2060,mouse,HSR,,chr6:138216100-138221900,NA
mmHSR_2061,mouse,HSR,,chr6:138647300-138649100,NA
mmHSR_2062,mouse,HSR,0.12,chr6:138685400-138700700,chr12:16891225-16893397
mmHSR_2063,mouse,HSR,,chr6:142060700-142079300,NA
mmLM_785,mouse,LM,,chr6:142396700-142400200,NA
mmHSR_2064,mouse,HSR,,chr6:142433400-142439400,NA
mmHSR_2065,mouse,HSR,,chr6:143014400-143016300,NA
mmHSR_2066,mouse,HSR,0.27,chr6:143466500-143481400,chr12:23030770-23042602
mmHSR_2067,mouse,HSR,,chr6:143883500-143886900,NA
mmHSR_2068,mouse,HSR,0.27,chr6:144655200-144670000,chr12:24451753-24458910
mmHSR_2069,mouse,HSR,0.86,chr6:145784700-145787000,chr13:113107245-113109276
mmLM_786,mouse,LM,0.32,chr6:145931800-145933900,chr12:26191805-26195197
mmHSR_2070,mouse,HSR,,chr6:146018900-146080500,NA
mmHSR_2071,mouse,HSR,,chr6:147077200-147079900,NA
mmLM_787,mouse,LM,,chr6:147459800-147465000,NA
mmLM_788,mouse,LM,,chr6:147549600-147555000,NA
mmHSR_2072,mouse,HSR,0.1,chr6:147881900-147908400,chr12:28947791-28952180
mmHSR_2073,mouse,HSR,,chr6:148013100-148038400,NA
mmHSR_2074,mouse,HSR,,chr6:148121800-148124500,NA
mmLM_789,mouse,LM,,chr6:148635700-148640300,NA
mmLM_790,mouse,LM,,chr6:148662900-148665000,NA
mmHSR_2075,mouse,HSR,,chr6:149585500-149736500,NA
mmHSR_2076,mouse,HSR,,chr7:4558200-4594300,NA
mmHSR_2077,mouse,HSR,,chr7:4648600-4651500,NA
mmHSR_2078,mouse,HSR,,chr7:5153200-5244900,NA
mmHSR_2079,mouse,HSR,,chr7:5588700-5591600,NA
mmHSR_2080,mouse,HSR,,chr7:6050500-6056000,NA
mmHSR_2081,mouse,HSR,,chr7:6249400-6251400,NA
mmHSR_2082,mouse,HSR,,chr7:6590800-6597400,NA
mmHSR_2083,mouse,HSR,,chr7:7209500-7231000,NA
mmHSR_2084,mouse,HSR,0.21,chr7:7273500-7327400,chrX:10184982-10236762
mmHSR_2085,mouse,HSR,,chr7:7527500-7533900,NA
mmHSR_2086,mouse,HSR,,chr7:7556800-8278400,NA
mmHSR_2087,mouse,HSR,,chr7:8490800-9968800,NA
mmHSR_2088,mouse,HSR,,chr7:9992100-9998900,NA
mmHSR_2089,mouse,HSR,,chr7:10314900-10320900,NA
mmHSR_2090,mouse,HSR,,chr7:11097700-11123700,NA
mmHSR_2091,mouse,HSR,,chr7:11271100-11438600,NA
mmHSR_2092,mouse,HSR,,chr7:12009500-12084600,NA
mmHSR_2093,mouse,HSR,,chr7:12379600-12385400,NA
mmHSR_2094,mouse,HSR,,chr7:12526600-12548100,NA
mmHSR_2095,mouse,HSR,,chr7:13112300-13118100,NA
mmHSR_2096,mouse,HSR,,chr7:13591200-13620200,NA
mmHSR_2097,mouse,HSR,,chr7:14051300-14055900,NA
mmHSR_2098,mouse,HSR,,chr7:14767700-14823800,NA
mmHSR_2099,mouse,HSR,,chr7:14930100-15023000,NA
mmHSR_2100,mouse,HSR,,chr7:15128800-15623000,NA
mmHSR_2101,mouse,HSR,,chr7:16661400-16667800,NA
mmHSR_2102,mouse,HSR,,chr7:17112200-17123900,NA
mmHSR_2103,mouse,HSR,,chr7:17215800-17323400,NA
mmHSR_2104,mouse,HSR,,chr7:17800000-17806700,NA
mmHSR_2105,mouse,HSR,,chr7:17829700-17862600,NA
mmHSR_2106,mouse,HSR,,chr7:18487100-18493200,NA
mmHSR_2107,mouse,HSR,0.23,chr7:19032600-19034500,chr19:45848782-45849546
mmHSR_2108,mouse,HSR,,chr7:20799700-21103900,NA
mmHSR_2109,mouse,HSR,,chr7:21135700-23286800,NA
mmHSR_2110,mouse,HSR,,chr7:23494700-23503600,NA
mmHSR_2111,mouse,HSR,,chr7:24026200-24031700,NA
mmHSR_2112,mouse,HSR,0.59,chr7:24103800-24108200,chr19:44475240-44478293
mmHSR_2113,mouse,HSR,0.41,chr7:24729400-24731300,chr2:174719824-174720651
mmHSR_2114,mouse,HSR,,chr7:26022700-26066900,NA
mmHSR_2115,mouse,HSR,,chr7:26779000-26780900,NA
mmHSR_2116,mouse,HSR,,chr7:27082300-27098300,NA
mmHSR_2117,mouse,HSR,,chr7:27712800-27732500,NA
mmHSR_2118,mouse,HSR,,chr7:31365500-31387000,NA
mmHSR_2119,mouse,HSR,,chr7:31818200-31876700,NA
mmHSR_2120,mouse,HSR,,chr7:31934500-32043100,NA
mmHSR_2121,mouse,HSR,,chr7:32215700-32235200,NA
mmHSR_2122,mouse,HSR,,chr7:32629300-33098700,NA
mmHSR_2123,mouse,HSR,,chr7:33124200-33198000,NA
mmHSR_2124,mouse,HSR,,chr7:33949500-34004800,NA
mmHSR_2125,mouse,HSR,0.29,chr7:34957200-34959100,chr19:33473030-33473678
mmHSR_2126,mouse,HSR,,chr7:38396600-38787200,NA
mmHSR_2127,mouse,HSR,,chr7:38839800-39181000,NA
mmHSR_2128,mouse,HSR,,chr7:39227600-39404100,NA
mmHSR_2129,mouse,HSR,,chr7:39874600-39875900,NA
mmHSR_2130,mouse,HSR,,chr7:41791900-41851900,NA
mmHSR_2131,mouse,HSR,,chr7:43123800-43220300,NA
mmHSR_2132,mouse,HSR,,chr7:44737800-44739900,NA
mmHSR_2133,mouse,HSR,,chr7:47175100-47188600,NA
mmHSR_2134,mouse,HSR,,chr7:47414400-47519700,NA
mmHSR_2135,mouse,HSR,,chr7:48102600-48135800,NA
mmHSR_2136,mouse,HSR,,chr7:50940400-50986800,NA
mmHSR_2137,mouse,HSR,,chr7:51329800-51335900,NA
mmHSR_2138,mouse,HSR,,chr7:51800300-51812600,NA
mmHSR_2139,mouse,HSR,,chr7:51909200-51911200,NA
mmHSR_2140,mouse,HSR,,chr7:52095700-52104400,NA
mmHSR_2141,mouse,HSR,,chr7:52283300-52288900,NA
mmHSR_2142,mouse,HSR,,chr7:53677100-53683100,NA
mmHSR_2143,mouse,HSR,,chr7:53977800-54027400,NA
mmHSR_2144,mouse,HSR,0.28,chr7:54336000-54351800,chr11:23776990-23784605
mmHSR_2145,mouse,HSR,,chr7:54808900-54810100,NA
mmHSR_2146,mouse,HSR,,chr7:54923000-54971200,NA
mmHSR_2147,mouse,HSR,,chr7:55011500-55016500,NA
mmHSR_2148,mouse,HSR,,chr7:55080000-55086300,NA
mmHSR_2149,mouse,HSR,0.1,chr7:55115400-55141000,chr11:24838126-24859041
mmHSR_2150,mouse,HSR,,chr7:55657400-55667100,NA
mmHSR_2151,mouse,HSR,,chr7:56062300-56081700,NA
mmLM_791,mouse,LM,,chr7:56160100-56163400,NA
mmHSR_2152,mouse,HSR,,chr7:56660300-56693600,NA
mmHSR_2153,mouse,HSR,,chr7:57367200-57374700,NA
mmHSR_2154,mouse,HSR,,chr7:58040300-58077100,NA
mmHSR_2155,mouse,HSR,,chr7:58161700-58177900,NA
mmHSR_2156,mouse,HSR,,chr7:59673100-59910900,NA
mmHSR_2157,mouse,HSR,,chr7:60209400-60215600,NA
mmHSR_2158,mouse,HSR,,chr7:60676300-60682800,NA
mmHSR_2159,mouse,HSR,,chr7:61320100-61395400,NA
mmHSR_2160,mouse,HSR,,chr7:62135200-62137500,NA
mmHSR_2161,mouse,HSR,,chr7:62651400-62693400,NA
mmHSR_2162,mouse,HSR,,chr7:63272500-63287100,NA
mmHSR_2163,mouse,HSR,,chr7:63431300-63432400,NA
mmHSR_2164,mouse,HSR,,chr7:63803700-63810800,NA
mmHSR_2165,mouse,HSR,0.47,chr7:63908200-63910100,chr15:31356904-31358087
mmHSR_2166,mouse,HSR,,chr7:64072600-64134600,NA
mmHSR_2167,mouse,HSR,,chr7:64465300-64496400,NA
mmHSR_2168,mouse,HSR,,chr7:64601000-64617900,NA
mmHSR_2169,mouse,HSR,,chr7:65187500-65198300,NA
mmHSR_2170,mouse,HSR,,chr7:68534700-68537900,NA
mmHSR_2171,mouse,HSR,,chr7:68775900-68778100,NA
mmHSR_2172,mouse,HSR,0.5,chr7:69086500-69102900,chr15:97650340-97661617
mmHSR_2173,mouse,HSR,0.51,chr7:69785300-69792200,chr15:96921474-96925813
mmHSR_2174,mouse,HSR,,chr7:70757900-70765000,NA
mmHSR_2175,mouse,HSR,0.16,chr7:71971100-71984500,chr15:94572629-94575057
mmHSR_2176,mouse,HSR,0.28,chr7:72317400-72337900,chr15:94199428-94222231
mmHSR_2177,mouse,HSR,0.18,chr7:72630000-72679900,chr15:93860311-93882413
mmHSR_2178,mouse,HSR,,chr7:73212000-73218800,NA
mmHSR_2179,mouse,HSR,,chr7:73671700-73680000,NA
mmHSR_2180,mouse,HSR,,chr7:75003200-75007700,NA
mmHSR_2181,mouse,HSR,,chr7:76067800-76079300,NA
mmHSR_2182,mouse,HSR,0.24,chr7:76556000-76573000,chr15:86381772-86387910
mmHSR_2183,mouse,HSR,,chr7:76703900-76708400,NA
mmHSR_2184,mouse,HSR,,chr7:77520600-77526000,NA
mmHSR_2185,mouse,HSR,,chr7:78416900-78422400,NA
mmLM_792,mouse,LM,0.52,chr7:80708100-80730100,chr15:90482249-90503372
mmHSR_2186,mouse,HSR,0.33,chr7:80787500-80813800,chr15:90373175-90402047
mmHSR_2187,mouse,HSR,,chr7:81756100-81760500,NA
mmHSR_2188,mouse,HSR,0.52,chr7:82770300-82772800,chr15:82138361-82140057
mmHSR_2189,mouse,HSR,,chr7:85017700-85023600,NA
mmHSR_2190,mouse,HSR,,chr7:85757200-85768800,NA
mmHSR_2191,mouse,HSR,,chr7:86118700-86125800,NA
mmHSR_2192,mouse,HSR,,chr7:86497400-86503500,NA
mmHSR_2193,mouse,HSR,,chr7:86532600-86534000,NA
mmHSR_2194,mouse,HSR,,chr7:86805600-86807500,NA
mmHSR_2195,mouse,HSR,,chr7:87989300-88000600,NA
mmHSR_2196,mouse,HSR,0.17,chr7:89683300-89704600,chr11:86605259-86609527
mmHSR_2197,mouse,HSR,,chr7:90087300-90089400,NA
mmHSR_2198,mouse,HSR,0.26,chr7:90441000-90442900,chr11:85665011-85665557
mmHSR_2199,mouse,HSR,,chr7:91741500-91747500,NA
mmHSR_2200,mouse,HSR,0.23,chr7:93259400-93278100,chr11:82602334-82611126
mmHSR_2201,mouse,HSR,,chr7:93699600-93717500,NA
mmHSR_2202,mouse,HSR,0.12,chr7:93744000-93766100,chr11:81931528-81936779
mmHSR_2203,mouse,HSR,,chr7:93969600-93973700,NA
mmHSR_2204,mouse,HSR,,chr7:94293000-94299300,NA
mmHSR_2205,mouse,HSR,0.33,chr7:94822500-94848800,chr11:80778775-80796083
mmHSR_2206,mouse,HSR,,chr7:95177200-95193600,NA
mmHSR_2207,mouse,HSR,,chr7:95527400-95533200,NA
mmHSR_2208,mouse,HSR,,chr7:97795000-97797300,NA
mmHSR_2209,mouse,HSR,,chr7:103100800-103115000,NA
mmHSR_2210,mouse,HSR,,chr7:103195500-103202100,NA
mmHSR_2211,mouse,HSR,,chr7:103483000-103487500,NA
mmHSR_2212,mouse,HSR,0.15,chr7:104097400-104126600,chr11:5483559-5492309
mmHSR_2213,mouse,HSR,,chr7:104476800-104477900,NA
mmHSR_2214,mouse,HSR,,chr7:104770000-104801200,NA
mmHSR_2215,mouse,HSR,,chr7:105830300-106325300,NA
mmHSR_2216,mouse,HSR,,chr7:106979000-106984900,NA
mmHSR_2217,mouse,HSR,0.16,chr7:107245200-107271400,chr11:7152174-7162084
mmHSR_2218,mouse,HSR,,chr7:108780600-108789800,NA
mmHSR_2219,mouse,HSR,0.39,chr7:110058500-110061600,chr11:9459224-9460901
mmHSR_2220,mouse,HSR,0.1,chr7:111228400-111230600,chr11:11007484-11010509
mmHSR_2221,mouse,HSR,,chr7:112636600-112639800,NA
mmHSR_2222,mouse,HSR,0.22,chr7:116432200-116453400,chr11:17202809-17211396
mmHSR_2223,mouse,HSR,0.86,chr7:119739900-119742100,chr12:110720033-110731908
mmHSR_2224,mouse,HSR,,chr7:119795700-119797700,NA
mmHSR_2225,mouse,HSR,0.18,chr7:119998800-120015100,chr16:21021917-21031743
mmHSR_2226,mouse,HSR,,chr7:124522300-124528300,NA
mmHSR_2227,mouse,HSR,,chr7:125009800-125016600,NA
mmHSR_2228,mouse,HSR,0.5,chr7:128171000-128189300,chr16:31390771-31410466
mmHSR_2229,mouse,HSR,,chr7:130054200-130055700,NA
mmHSR_2230,mouse,HSR,,chr7:130591400-130596900,NA
mmHSR_2231,mouse,HSR,0.68,chr7:130833500-130835600,chr10:122347218-122349188
mmHSR_2232,mouse,HSR,,chr7:134100500-134107200,NA
mmHSR_2233,mouse,HSR,,chr7:134329200-134335200,NA
mmHSR_2234,mouse,HSR,0.2,chr7:135006900-135008800,chr10:127269454-127269902
mmHSR_2235,mouse,HSR,,chr7:135337800-135340900,NA
mmHSR_2236,mouse,HSR,0.15,chr7:138590500-138594500,chr10:131545496-131546116
mmHSR_2237,mouse,HSR,0.14,chr7:139447400-139448900,chr10:132603431-132603677
mmHSR_2238,mouse,HSR,,chr7:140288200-140307300,NA
mmHSR_2239,mouse,HSR,,chr7:140551100-140558800,NA
mmHSR_2240,mouse,HSR,,chr7:140580500-140585700,NA
mmHSR_2241,mouse,HSR,,chr7:141637000-141640700,NA
mmHSR_2242,mouse,HSR,,chr7:142828900-142845000,NA
mmHSR_2243,mouse,HSR,,chr7:145340000-145441400,NA
mmHSR_2244,mouse,HSR,,chr8:3753500-3779100,NA
mmHSR_2245,mouse,HSR,,chr8:14305800-14308200,NA
mmHSR_2246,mouse,HSR,,chr8:15508900-15521000,NA
mmHSR_2247,mouse,HSR,,chr8:19671800-19937800,NA
mmHSR_2248,mouse,HSR,,chr8:19960800-20868000,NA
mmHSR_2249,mouse,HSR,,chr8:20945500-20963700,NA
mmHSR_2250,mouse,HSR,0.46,chr8:23085600-23096700,chr8:41717099-41727326
mmHSR_2251,mouse,HSR,0.19,chr8:35134000-35135900,chr8:9390625-9391014
mmHSR_2252,mouse,HSR,,chr8:39132400-39157700,NA
mmHSR_2253,mouse,HSR,,chr8:55111200-55397300,NA
mmHSR_2254,mouse,HSR,,chr8:69416700-69597900,NA
mmHSR_2255,mouse,HSR,,chr8:71432100-71434100,NA
mmHSR_2256,mouse,HSR,,chr8:71796100-71863300,NA
mmHSR_2257,mouse,HSR,0.59,chr8:73318700-73320700,chr22:33881220-33883121
mmHSR_2258,mouse,HSR,,chr8:83755800-83757900,NA
mmHSR_2259,mouse,HSR,,chr8:114436000-114437900,NA
mmHSR_2260,mouse,HSR,,chr8:123537300-123638300,NA
mmHSR_2261,mouse,HSR,0.31,chr8:125778100-125780100,chr1:233038401-233039151
mmHSR_2262,mouse,HSR,,chr8:129272900-129401200,NA
mmHSR_2263,mouse,HSR,,chr9:0-3053100,NA
mmHSR_2264,mouse,HSR,,chr9:3240200-3259800,NA
mmHSR_2265,mouse,HSR,,chr9:3302000-3336000,NA
mmLM_793,mouse,LM,,chr9:3461000-3466600,NA
mmLM_794,mouse,LM,,chr9:3627400-3699700,NA
mmHSR_2266,mouse,HSR,,chr9:3802100-3806700,NA
mmHSR_2267,mouse,HSR,,chr9:3881100-3887600,NA
mmLM_795,mouse,LM,,chr9:4238700-4245700,NA
mmHSR_2268,mouse,HSR,0.27,chr9:4375700-4406800,chr11:106007780-106023307
mmHSR_2269,mouse,HSR,,chr9:5248000-5254100,NA
mmLM_796,mouse,LM,,chr9:5276200-5284600,NA
mmHSR_2270,mouse,HSR,,chr9:6431500-6467200,NA
mmLM_797,mouse,LM,,chr9:6742900-6806200,NA
mmHSR_2271,mouse,HSR,,chr9:7294600-7300700,NA
mmLM_798,mouse,LM,0.1,chr9:7370900-7412600,chr11:102792783-102799836
mmHSR_2272,mouse,HSR,,chr9:7520900-7525900,NA
mmLM_799,mouse,LM,0.16,chr9:8029400-8067100,chr11:102024780-102065486
mmLM_800,mouse,LM,,chr9:8275900-8292300,NA
mmHSR_2273,mouse,HSR,,chr9:8447200-8483700,NA
mmLM_801,mouse,LM,,chr9:8628200-8633700,NA
mmHSR_2274,mouse,HSR,,chr9:8859900-8865500,NA
mmHSR_2275,mouse,HSR,0.2,chr9:9598800-9626700,chr11:100424704-100436954
mmLM_802,mouse,LM,0.22,chr9:9846900-9891900,chr11:100147159-100175872
mmLM_803,mouse,LM,,chr9:10193200-10198800,NA
mmHSR_2276,mouse,HSR,,chr9:10701300-10707400,NA
mmHSR_2277,mouse,HSR,,chr9:10964200-10970600,NA
mmHSR_2278,mouse,HSR,,chr9:11341900-11345100,NA
mmHSR_2279,mouse,HSR,0.13,chr9:11722300-11747100,chr11:98092394-98110590
mmLM_804,mouse,LM,,chr9:11792800-11798400,NA
mmHSR_2280,mouse,HSR,,chr9:11821400-11845400,NA
mmHSR_2281,mouse,HSR,,chr9:12282000-12287500,NA
mmHSR_2282,mouse,HSR,0.11,chr9:12364900-12379600,chr11:97296573-97304801
mmLM_805,mouse,LM,,chr9:12469100-12472900,NA
mmHSR_2283,mouse,HSR,,chr9:12768200-12773800,NA
mmHSR_2284,mouse,HSR,,chr9:12840100-12851100,NA
mmHSR_2285,mouse,HSR,,chr9:12917600-12922300,NA
mmLM_806,mouse,LM,0.17,chr9:12998400-13045600,chr11:96642306-96662404
mmHSR_2286,mouse,HSR,,chr9:13324200-13426100,NA
mmHSR_2287,mouse,HSR,0.1,chr9:13533500-13535700,chr11:96189969-96192542
mmHSR_2288,mouse,HSR,0.53,chr9:13994600-13996700,chr12:71563905-71565034
mmLM_807,mouse,LM,,chr9:14410500-14429300,NA
mmHSR_2289,mouse,HSR,,chr9:15123900-15136900,NA
mmLM_808,mouse,LM,0.17,chr9:16607400-16691900,chr11:92048052-92089865
mmHSR_2290,mouse,HSR,0.26,chr9:16833700-16861000,chr11:91893109-91904013
mmLM_809,mouse,LM,0.4,chr9:16939400-16950500,chr6:82945904-82950890
mmHSR_2291,mouse,HSR,0.1,chr9:17059000-17088000,chr11:91687979-91701168
mmHSR_2292,mouse,HSR,,chr9:17197900-17207600,NA
mmLM_810,mouse,LM,,chr9:17261400-17263400,NA
mmHSR_2293,mouse,HSR,0.23,chr9:17387200-17406200,chr11:91303647-91313846
mmHSR_2294,mouse,HSR,0.3,chr9:17525800-17527700,chr8:48062801-48063480
mmHSR_2295,mouse,HSR,,chr9:17632000-17636100,NA
mmHSR_2296,mouse,HSR,,chr9:17916200-17919600,NA
mmHSR_2297,mouse,HSR,,chr9:18010000-18015600,NA
mmLM_811,mouse,LM,,chr9:18117000-18162200,NA
mmHSR_2298,mouse,HSR,,chr9:18235100-18270100,NA
mmHSR_2299,mouse,HSR,,chr9:18893800-18900100,NA
mmHSR_2300,mouse,HSR,,chr9:18980400-18994100,NA
mmHSR_2301,mouse,HSR,,chr9:19268700-19294700,NA
mmHSR_2302,mouse,HSR,,chr9:19595400-19638400,NA
mmLM_812,mouse,LM,,chr9:19720500-19725500,NA
mmHSR_2303,mouse,HSR,,chr9:19901400-19906100,NA
mmLM_813,mouse,LM,,chr9:20183600-20196700,NA
mmHSR_2304,mouse,HSR,,chr9:20322100-20407900,NA
mmHSR_2305,mouse,HSR,0.18,chr9:21879200-21928200,chr19:11306569-11346971
mmHSR_2306,mouse,HSR,,chr9:22116600-22191600,NA
mmHSR_2307,mouse,HSR,0.29,chr9:22699500-22731700,chr7:33416592-33428940
mmLM_814,mouse,LM,,chr9:22892700-22926500,NA
mmHSR_2308,mouse,HSR,0.57,chr9:22947900-22956900,chr7:33642017-33648072
mmHSR_2309,mouse,HSR,0.11,chr9:23508700-23526900,chr7:34177861-34187061
mmHSR_2310,mouse,HSR,,chr9:24523300-24576000,NA
mmHSR_2311,mouse,HSR,,chr9:25596700-25602700,NA
mmHSR_2312,mouse,HSR,,chr9:25842900-25863600,NA
mmLM_815,mouse,LM,,chr9:26096100-26103500,NA
mmHSR_2313,mouse,HSR,,chr9:26700800-26708000,NA
mmHSR_2314,mouse,HSR,,chr9:26904600-26911000,NA
mmHSR_2315,mouse,HSR,0.26,chr9:27212200-27232300,chr11:134008117-134019007
mmHSR_2316,mouse,HSR,,chr9:27974400-27981700,NA
mmLM_816,mouse,LM,,chr9:29739800-29741800,NA
mmLM_817,mouse,LM,,chr9:30604400-30606300,NA
mmLM_818,mouse,LM,0.23,chr9:30641800-30696800,chr11:130676395-130711244
mmHSR_2317,mouse,HSR,,chr9:30929800-30931100,NA
mmLM_819,mouse,LM,0.29,chr9:32059200-32083600,chr11:129245745-129256817
mmHSR_2318,mouse,HSR,0.1,chr9:32353900-32356500,chr11:128880810-128881159
mmLM_820,mouse,LM,,chr9:32839200-32846600,NA
mmLM_821,mouse,LM,,chr9:32888700-32896000,NA
mmLM_822,mouse,LM,,chr9:32953000-32958100,NA
mmLM_823,mouse,LM,,chr9:33127100-33161100,NA
mmHSR_2319,mouse,HSR,,chr9:33392400-33402700,NA
mmLM_824,mouse,LM,0.16,chr9:33949500-33961900,chr11:127429949-127432759
mmHSR_2320,mouse,HSR,,chr9:35071200-35091800,NA
mmHSR_2321,mouse,HSR,,chr9:35304300-35306500,NA
mmHSR_2322,mouse,HSR,,chr9:36235800-36241900,NA
mmHSR_2323,mouse,HSR,,chr9:36555000-36569100,NA
mmLM_825,mouse,LM,0.23,chr9:37331400-37349500,chr11:124953833-124960950
mmHSR_2324,mouse,HSR,,chr9:37441700-37448100,NA
mmHSR_2325,mouse,HSR,,chr9:39330900-39359100,NA
mmHSR_2326,mouse,HSR,,chr9:39444100-39449600,NA
mmLM_826,mouse,LM,,chr9:39835400-39899000,NA
mmLM_827,mouse,LM,0.26,chr9:44214200-44235400,chr11:119204962-119222093
mmLM_828,mouse,LM,0.54,chr9:44305700-44408400,chr11:119017713-119121553
mmHSR_2327,mouse,HSR,0.54,chr9:47957400-47959300,chr11:115069569-115070846
mmHSR_2328,mouse,HSR,,chr9:50082000-50088400,NA
mmHSR_2329,mouse,HSR,0.23,chr9:51667400-51673700,chr11:110833110-110852448
mmHSR_2330,mouse,HSR,0.21,chr9:52601800-52617200,chr11:109579584-109585858
mmHSR_2331,mouse,HSR,,chr9:52749000-52756100,NA
mmHSR_2332,mouse,HSR,0.38,chr9:53089800-53107000,chr11:108928651-108945223
mmHSR_2333,mouse,HSR,,chr9:53804100-53805400,NA
mmHSR_2334,mouse,HSR,0.25,chr9:54916200-54928900,chr15:78506215-78515167
mmLM_829,mouse,LM,,chr9:55070600-55078000,NA
mmHSR_2335,mouse,HSR,0.63,chr9:55150300-55152300,chr15:75844393-75845810
mmHSR_2336,mouse,HSR,0.1,chr9:55936900-55972500,chr8:100257068-100288252
mmHSR_2337,mouse,HSR,0.37,chr9:56222700-56224800,chr15:77128291-77130027
mmHSR_2338,mouse,HSR,0.43,chr9:56259500-56284300,chr15:77180787-77209535
mmLM_830,mouse,LM,,chr9:56991700-56993700,NA
mmHSR_2339,mouse,HSR,0.38,chr9:57408000-57434800,chr15:75028575-75050735
mmHSR_2340,mouse,HSR,0.24,chr9:58766500-58785800,chr15:73410128-73415832
mmLM_831,mouse,LM,,chr9:59046200-59052700,NA
mmHSR_2341,mouse,HSR,0.13,chr9:59103800-59125000,chr15:72979875-72990604
mmHSR_2342,mouse,HSR,0.3,chr9:60538500-60551200,chr15:71092455-71099422
mmHSR_2343,mouse,HSR,,chr9:60726100-60733500,NA
mmHSR_2344,mouse,HSR,0.42,chr9:61721500-61723400,chr15:69696059-69696926
mmLM_832,mouse,LM,0.3,chr9:62811600-62868300,chr15:68200117-68278116
mmLM_833,mouse,LM,0.39,chr9:64236700-64255000,chr15:66386478-66404098
mmLM_834,mouse,LM,,chr9:64410400-64417700,NA
mmHSR_2345,mouse,HSR,0.29,chr9:65292600-65314200,chr15:65161769-65186095
mmHSR_2346,mouse,HSR,0.26,chr9:65867400-65909400,chr15:64355768-64402025
mmLM_835,mouse,LM,,chr9:67198600-67205000,NA
mmHSR_2347,mouse,HSR,,chr9:68451200-68461200,NA
mmHSR_2348,mouse,HSR,,chr9:68527100-68534600,NA
mmLM_836,mouse,LM,0.14,chr9:71080600-71120800,chr15:58183090-58214571
mmHSR_2349,mouse,HSR,,chr9:71421100-71434600,NA
mmLM_837,mouse,LM,,chr9:72895800-72900800,NA
mmLM_838,mouse,LM,0.15,chr9:72957900-72985700,chr15:55408176-55499816
mmHSR_2350,mouse,HSR,,chr9:73285500-73311300,NA
mmLM_839,mouse,LM,,chr9:73396800-73412500,NA
mmLM_840,mouse,LM,,chr9:73861400-73863500,NA
mmHSR_2351,mouse,HSR,,chr9:73935600-73946700,NA
mmLM_841,mouse,LM,0.2,chr9:74615600-74641300,chr15:53075696-53083617
mmHSR_2352,mouse,HSR,0.2,chr9:74664800-74690900,chr15:53007697-53035347
mmHSR_2353,mouse,HSR,,chr9:74768600-74774600,NA
mmLM_842,mouse,LM,,chr9:75709200-75736000,NA
mmHSR_2354,mouse,HSR,,chr9:77079900-77082800,NA
mmHSR_2355,mouse,HSR,,chr9:77152800-77158800,NA
mmHSR_2356,mouse,HSR,,chr9:77972400-77974300,NA
mmLM_843,mouse,LM,0.31,chr9:78175200-78182700,chr6:52982027-52994605
mmHSR_2357,mouse,HSR,0.18,chr9:78230500-78296900,chr6:52839128-52909812
mmLM_844,mouse,LM,0.19,chr9:78554700-78589200,chr6:73614699-73654109
mmHSR_2358,mouse,HSR,,chr9:78755200-78757800,NA
mmLM_845,mouse,LM,0.17,chr9:78819200-78830500,chr9:74981959-74999871
mmHSR_2359,mouse,HSR,,chr9:80234500-80235700,NA
mmHSR_2360,mouse,HSR,,chr9:80660700-80665600,NA
mmHSR_2361,mouse,HSR,0.16,chr9:81251500-81303200,chr6:77039030-77091621
mmHSR_2362,mouse,HSR,,chr9:81614000-81620700,NA
mmHSR_2363,mouse,HSR,0.21,chr9:81906400-81937200,chr6:77726912-77762066
mmHSR_2364,mouse,HSR,,chr9:83278800-83288100,NA
mmHSR_2365,mouse,HSR,0.9,chr9:83558300-83560200,chr6:79642420-79645399
mmHSR_2366,mouse,HSR,,chr9:83935500-83950000,NA
mmHSR_2367,mouse,HSR,,chr9:83992400-83998900,NA
mmHSR_2368,mouse,HSR,,chr9:84211900-84226800,NA
mmHSR_2369,mouse,HSR,0.17,chr9:85898900-85918900,chr6:82419948-82427915
mmLM_846,mouse,LM,,chr9:86062600-86070000,NA
mmHSR_2370,mouse,HSR,0.23,chr9:86120100-86137500,chr6:82670807-82677834
mmHSR_2371,mouse,HSR,,chr9:86458200-86463100,NA
mmHSR_2372,mouse,HSR,,chr9:87098700-87112200,NA
mmHSR_2373,mouse,HSR,,chr9:87481400-87500900,NA
mmHSR_2374,mouse,HSR,,chr9:87576700-87594000,NA
mmHSR_2375,mouse,HSR,,chr9:87945600-87952400,NA
mmHSR_2376,mouse,HSR,,chr9:88011000-88013900,NA
mmHSR_2377,mouse,HSR,0.12,chr9:88592100-88829800,chr15:79836264-79980125
mmLM_847,mouse,LM,,chr9:89031300-89075400,NA
mmHSR_2378,mouse,HSR,0.19,chr9:89321400-89361800,chr15:79695279-79717762
mmHSR_2379,mouse,HSR,0.13,chr9:90147100-90149100,chr15:78825725-78826015
mmHSR_2380,mouse,HSR,0.11,chr9:90285200-90395300,chr3:148309919-148369705
mmHSR_2381,mouse,HSR,,chr9:90455400-90456800,NA
mmLM_848,mouse,LM,,chr9:90808100-90821900,NA
mmLM_849,mouse,LM,,chr9:90857200-90876300,NA
mmHSR_2382,mouse,HSR,0.14,chr9:91222100-91268200,chr3:147503874-147516346
mmHSR_2383,mouse,HSR,0.13,chr9:91598800-91647400,chr3:147156939-147170853
mmHSR_2384,mouse,HSR,,chr9:92032700-92035300,NA
mmHSR_2385,mouse,HSR,,chr9:92075300-92113200,NA
mmHSR_2386,mouse,HSR,,chr9:92239700-92242900,NA
mmHSR_2387,mouse,HSR,0.1,chr9:92624800-92654500,chr3:146022621-146034130
mmHSR_2388,mouse,HSR,,chr9:93013300-93035300,NA
mmHSR_2389,mouse,HSR,,chr9:93286500-93296500,NA
mmLM_850,mouse,LM,0.1,chr9:93360800-93442100,chr3:145144756-145191954
mmLM_851,mouse,LM,0.1,chr9:93618000-93668500,chr3:144849319-144865852
mmLM_852,mouse,LM,,chr9:94821700-94828100,NA
mmHSR_2390,mouse,HSR,0.33,chr9:95245800-95299600,chr3:143222232-143253155
mmHSR_2391,mouse,HSR,,chr9:95425000-95426900,NA
mmHSR_2392,mouse,HSR,,chr9:95829400-95831300,NA
mmLM_853,mouse,LM,,chr9:96104900-96111400,NA
mmHSR_2393,mouse,HSR,0.68,chr9:96852000-96854100,chr3:141263140-141265282
mmLM_854,mouse,LM,,chr9:98343300-98345700,NA
mmLM_855,mouse,LM,,chr9:98451100-98458500,NA
mmLM_856,mouse,LM,0.29,chr9:98747700-98771800,chr3:139182035-139199216
mmLM_857,mouse,LM,,chr9:99266600-99273100,NA
mmHSR_2394,mouse,HSR,0.25,chr9:99735800-99763300,chr3:137950766-137963391
mmHSR_2395,mouse,HSR,0.16,chr9:99922800-99937600,chr3:137707598-137716280
mmHSR_2396,mouse,HSR,,chr9:100073800-100080700,NA
mmHSR_2397,mouse,HSR,,chr9:100516900-100519200,NA
mmHSR_2398,mouse,HSR,,chr9:100920400-100922300,NA
mmHSR_2399,mouse,HSR,0.37,chr9:101085500-101110600,chr3:136141662-136178941
mmLM_858,mouse,LM,0.3,chr9:101292500-101326600,chr3:135887138-135905092
mmLM_859,mouse,LM,,chr9:102277400-102283800,NA
mmLM_860,mouse,LM,,chr9:102764700-102766800,NA
mmHSR_2400,mouse,HSR,,chr9:102812800-102815000,NA
mmLM_861,mouse,LM,0.29,chr9:102956300-102970000,chr3:134083008-134087574
mmHSR_2401,mouse,HSR,,chr9:103296200-103305600,NA
mmLM_862,mouse,LM,0.46,chr9:103352800-103367100,chr3:133572547-133590290
mmHSR_2402,mouse,HSR,,chr9:103988500-103990400,NA
mmHSR_2403,mouse,HSR,,chr9:104524500-104525700,NA
mmHSR_2404,mouse,HSR,,chr9:104848800-104850600,NA
mmHSR_2405,mouse,HSR,0.1,chr9:105086200-105119300,chr3:131402847-131444406
mmHSR_2406,mouse,HSR,0.65,chr9:105818400-105820400,chr3:130521810-130523263
mmHSR_2407,mouse,HSR,,chr9:107207900-107219900,NA
mmHSR_2408,mouse,HSR,0.44,chr9:109036600-109083500,chr3:48439780-48504896
mmHSR_2409,mouse,HSR,,chr9:109245000-109252200,NA
mmHSR_2410,mouse,HSR,,chr9:109272900-109374100,NA
mmHSR_2411,mouse,HSR,0.12,chr9:110280300-110306700,chr3:47511698-47540725
mmHSR_2412,mouse,HSR,0.16,chr9:110443100-110455100,chr3:47322480-47330179
mmHSR_2413,mouse,HSR,,chr9:110970300-110976000,NA
mmHSR_2414,mouse,HSR,0.17,chr9:111661900-111668700,chr3:36401972-36403393
mmHSR_2415,mouse,HSR,,chr9:112330100-112336900,NA
mmHSR_2416,mouse,HSR,,chr9:112956300-112990600,NA
mmHSR_2417,mouse,HSR,0.53,chr9:113260500-113262400,chr3:34299032-34300121
mmHSR_2418,mouse,HSR,,chr9:113535400-113541300,NA
mmLM_863,mouse,LM,,chr9:114101400-114149500,NA
mmHSR_2419,mouse,HSR,,chr9:114172400-114322200,NA
mmLM_864,mouse,LM,,chr9:114970100-114974700,NA
mmLM_865,mouse,LM,,chr9:115077900-115085200,NA
mmHSR_2420,mouse,HSR,0.18,chr9:115349900-115351800,chr3:31496078-31496456
mmLM_866,mouse,LM,,chr9:115496100-115498100,NA
mmHSR_2421,mouse,HSR,,chr9:116981500-116988600,NA
mmHSR_2422,mouse,HSR,0.26,chr9:118088300-118151400,chr3:28240153-28294781
mmHSR_2423,mouse,HSR,0.17,chr9:118674000-118675900,chr3:37519688-37520045
mmLM_867,mouse,LM,,chr9:119861200-119895000,NA
mmHSR_2424,mouse,HSR,0.16,chr9:120265300-120288700,chr3:39751955-39781083
mmLM_868,mouse,LM,,chr9:120633900-120641200,NA
mmLM_869,mouse,LM,0.25,chr9:121024600-121042700,chr3:41361644-41391766
mmHSR_2425,mouse,HSR,,chr9:121178300-121184500,NA
mmHSR_2426,mouse,HSR,,chr9:121220100-121247600,NA
mmLM_870,mouse,LM,0.24,chr9:121313700-121385800,chr3:42025364-42117801
mmLM_871,mouse,LM,0.25,chr9:121406300-121418400,chr3:42152243-42162318
mmHSR_2427,mouse,HSR,,chr9:122161300-122163200,NA
mmLM_872,mouse,LM,0.14,chr9:122277700-122334500,chr3:43613716-43641737
mmLM_873,mouse,LM,0.39,chr9:122401500-122441900,chr3:43759637-43797557
mmLM_874,mouse,LM,,chr9:122660600-122667200,NA
mmLM_875,mouse,LM,0.31,chr9:122703400-122730400,chr3:44142151-44198855
mmHSR_2428,mouse,HSR,0.69,chr9:122903900-122906600,chr17:286887-288844
mmLM_876,mouse,LM,,chr9:123190700-123197500,NA
mmHSR_2429,mouse,HSR,0.37,chr9:123460900-123463100,chr3:45547295-45549674
mmLM_877,mouse,LM,,chr9:123742600-123753500,NA
mmHSR_2430,mouse,HSR,,chr9:123851700-123929500,NA
mmHSR_2431,mouse,HSR,,chr9:123966100-124009300,NA
mmHSR_2432,mouse,HSR,,chr9:124161300-124282600,NA
mmHSR_2433,mouse,HSR,,chr9:124494100-124595100,NA
mmHSR_2434,mouse,HSR,,chrX:3286700-4493800,NA
mmHSR_2435,mouse,HSR,,chrX:4524500-5370300,NA
mmHSR_2436,mouse,HSR,,chrX:8346400-8348200,NA
mmHSR_2437,mouse,HSR,,chrX:8550300-8557800,NA
mmHSR_2438,mouse,HSR,,chrX:8818900-8824300,NA
mmHSR_2439,mouse,HSR,,chrX:9345800-9395300,NA
mmHSR_2440,mouse,HSR,0.13,chrX:9500200-9595700,chrX:37693854-37759668
mmHSR_2441,mouse,HSR,0.17,chrX:14739100-14741000,chrX:42570264-42570628
mmHSR_2442,mouse,HSR,,chrX:21466500-21472700,NA
mmHSR_2443,mouse,HSR,,chrX:21846900-21896100,NA
mmHSR_2444,mouse,HSR,,chrX:26459300-26505100,NA
mmHSR_2445,mouse,HSR,,chrX:26907100-29639200,NA
mmHSR_2446,mouse,HSR,,chrX:29660500-35508900,NA
mmHSR_2447,mouse,HSR,,chrX:37612500-37669100,NA
mmHSR_2448,mouse,HSR,,chrX:39073800-39075700,NA
mmHSR_2449,mouse,HSR,,chrX:41482500-41489500,NA
mmHSR_2450,mouse,HSR,0.19,chrX:42676200-42688100,chrX:124520014-124522435
mmHSR_2451,mouse,HSR,0.1,chrX:44239900-44293300,chrX:126044348-126050977
mmHSR_2452,mouse,HSR,,chrX:44732600-44738600,NA
mmHSR_2453,mouse,HSR,,chrX:48699000-48771100,NA
mmHSR_2454,mouse,HSR,,chrX:54269300-55286000,NA
mmHSR_2455,mouse,HSR,,chrX:55716700-55807400,NA
mmHSR_2456,mouse,HSR,,chrX:58475000-58478700,NA
mmHSR_2457,mouse,HSR,0.1,chrX:59773000-59796900,chrX:139370351-139389500
mmHSR_2458,mouse,HSR,,chrX:61868200-61874000,NA
mmHSR_2459,mouse,HSR,,chrX:62065700-62084900,NA
mmHSR_2460,mouse,HSR,,chrX:63509200-63515900,NA
mmHSR_2461,mouse,HSR,,chrX:63634600-63640900,NA
mmHSR_2462,mouse,HSR,,chrX:64125800-64132200,NA
mmHSR_2463,mouse,HSR,,chrX:65962800-65999900,NA
mmHSR_2464,mouse,HSR,0.14,chrX:66067900-66084000,chrX:145369756-145373418
mmHSR_2465,mouse,HSR,,chrX:66143100-66145700,NA
mmHSR_2466,mouse,HSR,0.16,chrX:66316400-66356900,chrX:145548884-145578963
mmHSR_2467,mouse,HSR,,chrX:67662500-67708500,NA
mmHSR_2468,mouse,HSR,,chrX:70055300-70072000,NA
mmHSR_2469,mouse,HSR,0.29,chrX:72800000-72818700,chrX:152617217-152628901
mmHSR_2470,mouse,HSR,,chrX:75582400-75709000,NA
mmHSR_2471,mouse,HSR,,chrX:76589100-76607100,NA
mmHSR_2472,mouse,HSR,0.19,chrX:79135300-79150400,chrX:36478911-36482203
mmHSR_2473,mouse,HSR,,chrX:81153100-81154600,NA
mmHSR_2474,mouse,HSR,,chrX:82475800-82481000,NA
mmHSR_2475,mouse,HSR,,chrX:84290800-84296100,NA
mmHSR_2476,mouse,HSR,0.14,chrX:87222400-87262500,chrX:29442029-29453396
mmHSR_2477,mouse,HSR,,chrX:87838600-87845200,NA
mmHSR_2478,mouse,HSR,0.22,chrX:88230200-88246900,chrX:28489931-28496187
mmHSR_2479,mouse,HSR,,chrX:89182800-89232600,NA
mmHSR_2480,mouse,HSR,,chrX:89914800-89916600,NA
mmHSR_2481,mouse,HSR,,chrX:90308600-90336600,NA
mmHSR_2482,mouse,HSR,,chrX:92765200-92767900,NA
mmHSR_2483,mouse,HSR,,chrX:94795400-94980600,NA
mmHSR_2484,mouse,HSR,,chrX:95265900-95291700,NA
mmHSR_2485,mouse,HSR,,chrX:97728000-97734800,NA
mmHSR_2486,mouse,HSR,0.12,chrX:98008600-98033000,chrX:67344567-67348286
mmHSR_2487,mouse,HSR,0.11,chrX:98585800-98612400,chrX:68072416-68080720
mmHSR_2488,mouse,HSR,,chrX:101111300-101113600,NA
mmHSR_2489,mouse,HSR,0.15,chrX:102560800-102585100,chrX:72626952-72637622
mmHSR_2490,mouse,HSR,,chrX:103455000-103457100,NA
mmHSR_2491,mouse,HSR,,chrX:104959400-104966000,NA
mmHSR_2492,mouse,HSR,,chrX:105523800-105529900,NA
mmHSR_2493,mouse,HSR,,chrX:108202600-108222500,NA
mmHSR_2494,mouse,HSR,,chrX:108567500-108585200,NA
mmHSR_2495,mouse,HSR,,chrX:109871000-109876200,NA
mmHSR_2496,mouse,HSR,,chrX:110976700-110997000,NA
mmHSR_2497,mouse,HSR,0.17,chrX:112369800-112402300,chrX:85085603-85104356
mmHSR_2498,mouse,HSR,,chrX:114412500-114421300,NA
mmHSR_2499,mouse,HSR,,chrX:118100900-118102900,NA
mmLM_878,mouse,LM,,chrX:118901200-118905100,NA
mmHSR_2500,mouse,HSR,,chrX:119137300-119142400,NA
mmHSR_2501,mouse,HSR,,chrX:119247400-119264800,NA
mmHSR_2502,mouse,HSR,,chrX:119335000-119339300,NA
mmHSR_2503,mouse,HSR,,chrX:120351000-120355400,NA
mmHSR_2504,mouse,HSR,,chrX:121511200-121514500,NA
mmHSR_2505,mouse,HSR,,chrX:122901700-122908000,NA
mmHSR_2506,mouse,HSR,,chrX:123686000-124042000,NA
mmHSR_2507,mouse,HSR,,chrX:126695300-126778800,NA
mmHSR_2508,mouse,HSR,,chrX:127935800-127964600,NA
mmHSR_2509,mouse,HSR,,chrX:128512700-128514400,NA
mmHSR_2510,mouse,HSR,,chrX:128959800-128965900,NA
mmHSR_2511,mouse,HSR,,chrX:129055600-129072400,NA
mmHSR_2512,mouse,HSR,,chrX:129429300-129448000,NA
mmHSR_2513,mouse,HSR,,chrX:130696000-130702200,NA
mmHSR_2514,mouse,HSR,,chrX:131802300-131832800,NA
mmHSR_2515,mouse,HSR,,chrX:132024200-132026400,NA
mmHSR_2516,mouse,HSR,,chrX:132158700-132160800,NA
mmHSR_2517,mouse,HSR,0.67,chrX:134149100-134151200,chrX:100913501-100914987
mmHSR_2518,mouse,HSR,,chrX:135040100-135056700,NA
mmHSR_2519,mouse,HSR,,chrX:136459400-136503800,NA
mmHSR_2520,mouse,HSR,,chrX:136897900-136925800,NA
mmHSR_2521,mouse,HSR,0.2,chrX:138302200-138324600,chrX:105326894-105334853
mmHSR_2522,mouse,HSR,0.19,chrX:143471300-143484000,chrX:110864372-110867761
mmHSR_2523,mouse,HSR,0.16,chrX:144699500-144723900,chrX:112091732-112097948
mmHSR_2524,mouse,HSR,0.17,chrX:145709800-145739800,chrX:113103986-113124504
mmHSR_2525,mouse,HSR,,chrX:146582500-146588700,NA
mmHSR_2526,mouse,HSR,,chrX:146758100-146761900,NA
mmHSR_2527,mouse,HSR,,chrX:147619400-147620700,NA
mmHSR_2528,mouse,HSR,,chrX:153994800-154073200,NA
mmHSR_2529,mouse,HSR,,chrX:154242800-154244800,NA
mmHSR_2530,mouse,HSR,0.2,chrX:158443900-158460500,chrX:20940093-20944230
mmHSR_2531,mouse,HSR,0.24,chrX:159120000-159154900,chrX:20364632-20384100
mmHSR_2532,mouse,HSR,,chrX:161179200-161185600,NA
mmHSR_2533,mouse,HSR,,chrX:162381600-162384600,NA
mmHSR_2534,mouse,HSR,,chrX:164615100-164622200,NA
mmHSR_2535,mouse,HSR,0.15,chrX:166063200-166084500,chrX:14090017-14096455
mmHSR_2536,mouse,HSR,,chrX:167213400-167220200,NA
mmHSR_2537,mouse,HSR,,chrX:167246000-167252200,NA
mmHSR_2538,mouse,HSR,,chrX:169968900-171031200,NA
mmHSR_2539,mouse,HSR,,chrY:0-806800,NA
mmHSR_2540,mouse,HSR,,chrY:924800-1005300,NA
mmHSR_2541,mouse,HSR,,chrY:1276400-1813700,NA
mmHSR_2542,mouse,HSR,,chrY:1834500-1940700,NA
mmHSR_2543,mouse,HSR,,chrY:1973200-1996400,NA
mmLM_879,mouse,LM,,chrY:2017200-2068000,NA
mmHSR_2544,mouse,HSR,,chrY:2104700-2210800,NA
mmLM_880,mouse,LM,,chrY:2280300-2288900,NA
mmHSR_2545,mouse,HSR,,chrY:2471300-3819300,NA
mmHSR_2546,mouse,HSR,,chrY:3880300-4177100,NA
mmHSR_2547,mouse,HSR,,chrY:4249500-4289100,NA
mmHSR_2548,mouse,HSR,,chrY:4432000-4956300,NA
mmHSR_2549,mouse,HSR,,chrY:5062400-5227700,NA
mmHSR_2550,mouse,HSR,,chrY:6376700-6382700,NA
mmHSR_2551,mouse,HSR,,chrY:6530200-6663200,NA
mmHSR_2552,mouse,HSR,,chrY:6760200-6835800,NA
mmHSR_2553,mouse,HSR,,chrY:6984100-8985400,NA
mmHSR_2554,mouse,HSR,,chrY:10638500-41003800,NA
mmHSR_2555,mouse,HSR,,chrY:41159200-91744600,NA
