accession,RAW_Per_base_sequence_quality,RAW_Per_tile_sequence_quality,RAW_Per_sequence_quality_scores,RAW_Per_base_sequence_content,RAW_Per_sequence_GC_content,RAW_Per_base_N_content,RAW_Sequence_Length_Distribution,RAW_Sequence_Duplication_Levels,RAW_Overrepresented_sequences,RAW_Adapter_Content,RAW_Kmer_Content,MAP_0times,MAP_1time,MAP_multi,MAP_overall,LOC_Promoter,LOC_5_UTR,LOC_3_UTR,LOC_1st_Exon,LOC_Other_Exon,LOC_1st_Intron,LOC_Other_Intron,LOC_Downstream,LOC_Distal_Intergenic,TSS_m4500,TSS_m3500,TSS_m2500,TSS_m1500,TSS_m500,TSS_p500,TSS_p1500,TSS_p2500,TSS_p3500,TSS_p4500
ENCFF001NAO,0,1,0,1,1,2,2,2,0,2,,60.08897111947253,24.168102242661266,15.742926637866194,39.91102888052746,1.72073136416137,0.0909176793744864,1.11092261635685,2.24663172854317,6.15832678963071,12.4405860584088,23.990991530942,0.878092089958726,51.3628001426239,1.0071,1.1884,1.2722,1.4478,2.3206,7.5113,2.2816,1.8306,1.5317,1.0761
ENCFF001NFW,0,1,0,2,0,1,2,2,0,2,,56.301902812146295,31.29144533105447,12.406651856799229,43.6980971878537,4.70259651884132,0.202322192259832,1.60488656266258,2.07747875109908,4.12889394159126,14.6531974512475,26.2096990926433,1.16403715426484,45.2568883353904,1.1786,1.3212,1.4315,1.6804,3.5934,6.1388,2.2455,1.7992,1.5916,1.3382
ENCFF001NFY,0,2,0,2,0,0,2,2,0,2,,64.2352636006231,25.160957563629083,10.603778835747821,35.76473639937691,3.90376464165429,0.173117298639517,1.52020530534502,2.03397604568024,4.37501712400008,14.4105437161769,26.1014410543716,1.12049309002201,46.3614417241103,1.1678,1.3167,1.4224,1.649,3.2761,6.0787,2.2369,1.8207,1.5836,1.2876
